Date,close,high,low,open,volume,return_1d,return_5d,return_20d,volatility_5d,volatility_20d,sma_20,sma_50,sma_ratio,rsi_14,macd,macd_signal,macd_hist,volume_ratio,fed_rate,inflation,vix,unemployment,target
2021-12-15,30.329137802124023,30.3699633634261,27.719312137195885,28.2789163257731,698297000,0.07488414943652955,-0.04295258929148582,0.008599147817226704,0.054230618730979036,0.045692573853249714,31.067268943786623,27.434823417663573,1.1324027303118833,43.38600848304806,0.40289734324946025,0.975683815040426,-0.5727864717909658,1.2700953021186474,0.08,281.61183870967744,19.29,3.945161290322581,0
2021-12-16,28.26597213745117,31.02715026159255,27.973226872595863,31.019184946678816,707366000,-0.06802585942711392,-0.06897361941876157,-0.02975045823219158,0.0593692909418513,0.04777069382446572,31.02393341064453,27.587958450317384,1.1245461843983464,41.166544625122945,0.21692762096461848,0.8239325762252646,-0.6070049552606461,1.2547694707044963,0.08,281.6666129032258,20.57,3.9483870967741934,0
2021-12-17,27.682472229003903,28.798693182569515,27.64164666608465,27.86568776813946,713758000,-0.02064319265616743,-0.07937621115195437,-0.12219730521317362,0.05942605555613695,0.04374358674841487,30.831252098083496,27.7219563293457,1.1121600413693162,32.941539711863,0.022205736210448634,0.6635872082223016,-0.6413814720118529,1.2737850479923811,0.08,281.7213870967742,21.57,3.9516129032258074,0
2021-12-20,27.600828170776367,28.024015550297097,27.02927584120232,27.188593576966635,461847000,-0.0029493051614802868,-0.01569524036516734,-0.1595450823618676,0.05168914622892604,0.042340006260847725,30.569276332855225,27.85917980194092,1.0972784033909533,34.23716980922738,-0.1371201181559627,0.5034457429466487,-0.6405658611026114,0.829551293087306,0.08,281.88570967741936,22.87,3.961290322580645,1
2021-12-21,28.9510440826416,28.995852308207283,27.284179231128302,28.25303247287371,524385000,0.048919398487282884,0.026043621717803944,-0.09004360915174103,0.05669198232588392,0.04377654285823553,30.426035594940185,28.02611572265625,1.0856315550835982,42.545800885203676,-0.15267591287366145,0.37222141178258666,-0.524897324656248,0.9617408226915704,0.08,281.94048387096774,21.01,3.964516129032258,1
2021-12-22,29.274658203125,29.42899807324993,28.32771240155545,28.767829354035246,395184000,0.011177977538897377,-0.0347678725942937,-0.07378557686452947,0.04295840323380829,0.04389725062039924,30.309429359436034,28.20000186920166,1.07480238831254,41.185983032859106,-0.13730823345012055,0.2703154827360452,-0.4076237161861658,0.734001527126745,0.08,281.9952580645161,18.63,3.967741935483871,1
2021-12-23,29.513633728027344,29.93084800774143,29.30552513261703,29.62814321498684,343022000,0.00816322169311734,0.04414005591278003,-0.09274543166821647,0.025595335965948356,0.043334330108270654,30.15857563018799,28.37333110809326,1.0629198071701036,46.31068739145439,-0.10463968794430656,0.1953244485999749,-0.29996413654428145,0.6426163712038655,0.08,282.0500322580645,17.96,3.970967741935484,1
2021-12-27,30.81307029724121,30.95446509890773,29.51363366651382,29.53354885530447,403686000,0.04402834910768272,0.11308954064287913,-0.017592386283420414,0.023134689304182273,0.04391908129754491,30.130986499786378,28.55657974243164,1.055132889567141,53.04290565987836,0.025806559075249424,0.1614208706950298,-0.13561431161978038,0.747815176728637,0.08,282.2691290322581,17.68,3.983870967741936,0
2021-12-28,30.192724227905277,31.19642609485194,29.88404452938225,31.17850318637374,420591000,-0.0201325626869282,0.09390645965736621,-0.09139190527051455,0.028416318799969333,0.04180541935557545,29.97914047241211,28.725111656188965,1.0436561859613505,41.99801559821939,0.07822764668969029,0.14478222589396192,-0.06655457920427163,0.7816196151695431,0.08,282.3239032258065,17.54,3.987096774193549,0
2021-12-29,29.87309837341309,30.41776726936443,29.240805294787176,30.143940036691397,343139000,-0.010586187986202922,0.0318487405200123,-0.0817517374308665,0.02466907696990695,0.0416471099894523,29.846160221099854,28.880082511901854,1.033451348651787,42.9115084134392,0.09290959706413915,0.13440770012799735,-0.041498103063858205,0.6546510859228716,0.08,282.37867741935486,16.95,3.990322580645161,0
2021-12-30,29.459867477416992,30.3271544621384,29.41406405862047,29.699839255631407,308864000,-0.013832877019675727,0.006326607573243104,-0.05881963310829341,0.02599132504550359,0.04094242374243547,29.754104614257812,29.025434837341308,1.0251045257719642,46.21820712879595,0.07038946281008407,0.12160405266441471,-0.05121458985433064,0.5992933180320127,0.08,282.43345161290324,17.33,3.9935483870967743,0
2021-12-31,29.285608291625977,29.901970626455444,29.20594944000827,29.54748750226571,266530000,-0.005915138142579823,-0.00772610511137517,-0.08451097834858323,0.025855027003784333,0.040547231800101245,29.618933391571044,29.171025581359864,1.01535454449354,46.67510130713188,0.03804230619113014,0.10489170336975781,-0.06684939717862767,0.5277170234526489,0.08,282.4882258064516,17.22,3.996774193548387,1
2022-01-03,29.992584228515625,30.580069009930835,29.658016270092958,29.687889053615017,391547000,0.02414072912024179,-0.02662785826958136,-0.018636220464774977,0.01723287238783089,0.03979785434205789,29.59045524597168,29.3190274810791,1.0092577342501468,59.326251315915414,0.068662502595501,0.09764586321490645,-0.028983360619405457,0.7871502640255501,0.08,282.66925806451616,16.6,3.9935483870967743,0
2022-01-04,29.16512489318848,30.33810206507223,28.228136800951276,30.147916396398475,527154000,-0.02758879758485211,-0.03403466765569463,-0.0248693027656961,0.019066153922156832,0.03999573024031043,29.55326452255249,29.449803276062013,1.0035131387982674,54.26855133133873,0.02586205419566312,0.08328910141105779,-0.05742704721539467,1.073995956883612,0.08,282.7323870967742,16.91,3.990322580645161,0
2022-01-05,27.48631477355957,29.290589869699456,27.41561832175516,28.825579893631648,498064000,-0.05756224688826883,-0.07989742376297149,-0.14873400074808296,0.02991356121322642,0.03720301761849994,29.313142776489258,29.538241386413574,0.992379417346496,36.69247236099067,-0.14188795969706192,0.03825368918943385,-0.18014164888649575,1.0246442596024397,0.08,282.79551612903225,19.73,3.987096774193549,1
2022-01-06,28.057865142822266,28.316756884231587,26.94961135088401,27.522158750832368,454186000,0.02079399781204927,-0.04759024580370086,-0.11462345681761632,0.03427493904086513,0.037618410954753864,29.131520080566407,29.607226486206056,0.9839327602718452,48.867709141929694,-0.22610531480348328,-0.014618111609149578,-0.2114872031943337,0.9364340247770927,0.08,282.8586451612903,19.61,3.983870967741936,0
2022-01-07,27.130834579467773,28.30082621095549,26.941644095796043,28.02102409273095,409939000,-0.033039953632810315,-0.07357790525301622,-0.10636285220127173,0.035735351716729445,0.03721180465123004,28.970061206817626,29.662967643737794,0.9766406906671575,47.106747344856466,-0.36346203038461766,-0.08438689536424321,-0.27907513502037445,0.8521078725385358,0.08,282.9217741935484,18.76,3.9806451612903215,1
2022-01-10,27.283184051513672,27.351890124020876,25.53466996334042,26.467675485447423,594681000,0.005615362535186907,-0.0903356695228007,-0.09265516224282355,0.031405976304429865,0.03726734985505927,28.83075761795044,29.711998863220217,0.9703405600772069,48.346271914972974,-0.45478243906264737,-0.15846600410392403,-0.29631643495872334,1.2226650735395783,0.08,283.11116129032257,19.4,3.970967741935484,1
2022-01-11,27.69840431213379,27.94534808174242,26.72457518291045,27.206510950592097,404089000,0.015218907728516307,-0.050290221160590454,-0.012215465781207469,0.03398859876822878,0.03435144589535653,28.813630962371825,29.756869392395018,0.9683018257873506,42.775080792221424,-0.48802407818756066,-0.22437761892065136,-0.2636464592669093,0.8477364338548281,0.08,283.17429032258065,18.41,3.967741935483871,1
2022-01-12,27.8796329498291,28.473090803821652,27.490299148101247,27.94734193759673,383413000,0.006542927009550503,0.014309600232326636,-0.011927877891042216,0.021119868194368663,0.03435433795553851,28.79680299758911,29.800187187194823,0.9663296011094565,41.819471937375695,-0.49404958414520195,-0.2783120119655615,-0.21573757217964046,0.8290242041345586,0.08,283.2374193548387,17.62,3.964516129032258,0
2022-01-13,26.46170234680176,28.35857945767936,26.38502905946852,28.2580102227296,540171000,-0.050859012583809204,-0.05688824819335314,-0.12751550936114697,0.02891925382363735,0.03129038764857526,28.603431224822998,29.803716773986817,0.959726984447408,34.27723514396223,-0.6062515006310605,-0.3438999096986613,-0.2623515909323992,1.1882837990517858,0.08,283.3005483870968,20.31,3.961290322580645,1
2022-01-14,26.82713508605957,27.081048984239747,26.09825554075693,26.1878719872656,395832000,0.013809872640411447,-0.011193886886105564,-0.050903504906707364,0.027679413790055774,0.027972281304735,28.531489372253418,29.810632362365723,0.957091048101108,27.27892656421308,-0.6580988064198614,-0.40673968904290136,-0.25135911737696004,0.9016590050070148,0.08,283.3636774193548,19.19,3.958064516129032,0
2022-01-18,25.79256629943848,26.524433344257982,25.660133902473454,26.14804463261415,424270000,-0.038564266489964916,-0.05463503633816125,-0.06827085073656469,0.03146021727811237,0.028865769513109468,28.436994075775146,29.733077430725096,0.9564093774695981,26.048798800981217,-0.7737499172222257,-0.4801417346787663,-0.29360818254345944,0.999388264236872,0.08,283.6161935483871,22.79,3.945161290322581,0
2022-01-19,24.96012687683105,26.42983381864652,24.94519143672525,25.967813271965568,488315000,-0.032274393053534634,-0.09886047602038883,-0.09567471228060032,0.02870036628071972,0.029591719866558362,28.30495901107788,29.63984931945801,0.9549629860127596,24.67145217117681,-0.9219475230192913,-0.5685028923468713,-0.35344463067241993,1.1466747570934672,0.08,283.6793225806452,23.85,3.941935483870968,0
2022-01-20,24.04704093933105,25.469949535319014,23.975347395495497,25.19612232250101,435181000,-0.03658178269708878,-0.13746924205906896,-0.16938950903849725,0.02485017922592032,0.0275596830876604,28.059758853912353,29.50741180419922,0.9509393450061638,23.462221248027788,-1.1003889980965447,-0.6748801134968061,-0.42550888459973857,1.0327202950025973,0.08,283.7424516129032,25.59,3.938709677419354,0
2022-01-21,23.27434730529785,24.71716901328173,23.163820484440176,23.40677969271977,718958000,-0.03213258695665089,-0.12045162475683058,-0.2049660445629602,0.021954574494147214,0.027602845127533967,27.759743309020998,29.362447624206542,0.9454165287683897,22.16177733181169,-1.2892929052383906,-0.7977626718451231,-0.4915302333932675,1.6430261235847212,0.08,283.8055806451613,28.85,3.935483870967742,0
2022-01-24,23.27235412597656,23.280319440924885,20.798945308150216,22.23479683489689,913982000,-8.563846260212227e-05,-0.1325069169212263,-0.21147106654386016,0.01580968769054267,0.02736141365402217,27.447679328918458,29.241298484802247,0.938661439511108,16.704479261599744,-1.4227607453069098,-0.9227622865374805,-0.4999984587694293,1.9607894456820592,0.08,283.9949677419355,29.9,3.925806451612903,0
2022-01-25,22.22882652282715,22.84518895116685,21.906208409712576,22.44988020196596,664616000,-0.0448397956433908,-0.1381692591283139,-0.27859099049868574,0.01706451330798033,0.024990944651806464,27.018467140197753,29.08074043273926,0.9290845672478206,16.354328266739273,-1.5943601354089019,-1.0570818563117648,-0.5372782790971371,1.3869973898948633,0.08,284.0580967741936,31.16,3.92258064516129,1
2022-01-26,22.674915313720703,23.95443681109553,22.204927473512956,23.140920495841154,755959000,0.02006803150114367,-0.09155448505478425,-0.2489940575563011,0.027536045253082963,0.026218585739075293,26.642576694488525,28.92910415649414,0.9209610000490691,23.491321014538272,-1.6750493251279686,-1.1806753500750056,-0.494373975052963,1.5242814468151173,0.08,284.1212258064516,31.96,3.9193548387096775,0
2022-01-27,21.850446701049805,23.89270329457415,21.58259252212445,23.467523671999476,573353000,-0.036360383325092616,-0.09134571874448483,-0.2685577361973074,0.027500284962521042,0.026677396052477976,26.24144411087036,28.76824638366699,0.9121669691263765,16.727167218508825,-1.7849480460026577,-1.301529889260536,-0.48341815674212163,1.129859345219046,0.08,284.1843548387097,30.49,3.916129032258064,1
2022-01-28,22.74262237548828,22.76054528347654,21.205204558448763,21.918151515078176,543774000,0.04083100389868055,-0.02284596525241911,-0.22801341883421367,0.03646733015392657,0.0294753781727509,25.905581855773924,28.62168769836426,0.9051032255255318,26.390206708720584,-1.7795390350973932,-1.3971317184279077,-0.38240731666948546,1.0473290964361182,0.08,284.24748387096776,27.66,3.9129032258064513,1
2022-01-31,24.381607055664062,24.404509712140047,22.953720720505,23.083165646073763,564680000,0.07206665322563066,0.04766397604999306,-0.16745430680926576,0.05015039986313117,0.03502012337419217,25.66038179397583,28.52666618347168,0.8995226301222479,36.54164912044785,-1.6242763422647428,-1.4425606431952749,-0.18171569906946794,1.0572389639402653,0.08,284.4368709677419,24.83,3.903225806451613,1
2022-02-01,24.532957077026367,25.037795466622228,23.78814505970964,24.996969904301384,518925000,0.006207549035499138,0.10365506932329827,-0.18203256878073504,0.0403423283044207,0.034362731893799764,25.387400436401368,28.386603355407715,0.8943444243238424,34.94933068475399,-1.4720480046687818,-1.4484581154899765,-0.023589889178805334,0.9601239349456249,0.08,284.5,21.96,3.9,1
2022-02-02,25.13438606262207,25.706933518845947,24.448322405650178,25.6840327601272,543419000,0.024515144411959344,0.10846659027710359,-0.13820406548328512,0.040377706466194756,0.0348852558587977,25.185863494873047,28.23248420715332,0.8920881106343329,37.44877218941619,-1.2880280717507127,-1.4163721067421238,0.12834403499141112,1.0039325474765992,0.0842857142857142,284.6133571428571,22.09,3.892857142857143,0
2022-02-03,23.845897674560547,24.97008389523489,23.678614671732475,24.35372351785289,410178000,-0.05126396900450514,0.0913231203376208,-0.13244471399639646,0.0458866909679156,0.034428639425610405,25.003842639923096,28.073084983825684,0.8906695738757984,37.89733096804583,-1.231959926526354,-1.37948967069897,0.147529744172616,0.7639802900393847,0.0885714285714285,284.7267142857143,24.35,3.8857142857142857,1
2022-02-04,24.215320587158203,24.529973363145128,23.531249213857308,23.86979983731816,354829000,0.01549209501941995,0.06475498679770442,-0.13695071011655557,0.044166898450080185,0.034227106263411425,24.811715412139893,27.92525573730469,0.888504500927256,37.92025270605895,-1.1445228291031668,-1.3324963023798095,0.1879734732766427,0.6670618327811911,0.0928571428571428,284.84007142857143,23.22,3.878571428571429,1
2022-02-07,24.62257575988769,25.074638756833306,24.098817325743227,24.268092626990843,376868000,0.01681807892089049,0.009883216626102254,-0.0924504851567779,0.030670310894703748,0.03402906261125779,24.68630247116089,27.767093086242674,0.8890488606238665,44.25540490830176,-1.030487393364666,-1.2720945205767809,0.24160712721211475,0.7107034062442925,0.1057142857142857,285.18014285714287,22.86,3.857142857142857,1
2022-02-08,25.00095558166504,25.122435194530546,23.877764383475125,24.255148284706152,410359000,0.015367190884787885,0.019076318568906903,-0.0836496380165721,0.031226548827682346,0.03424760903941679,24.572191047668458,27.63981513977051,0.8890143050310024,50.20982250854642,-0.8992157996002419,-1.197518776381473,0.2983029767812311,0.7875487313277941,0.11,285.2935,21.44,3.85,1
2022-02-09,26.591142654418945,26.61105783985489,25.24490764594495,25.51275986295692,524282000,0.06360505171730724,0.05795870995883412,-0.039975647883433774,0.040963879380052005,0.03724022648811626,24.516827964782713,27.507045097351075,0.8912926807664877,62.22368361726066,-0.6592676813075755,-1.0898685573666935,0.430600876059118,0.994713777078564,0.1142857142857143,285.4068571428571,19.96,3.842857142857143,0
2022-02-10,25.713903427124023,26.81020934447509,25.49085938324337,25.88417582758448,513200000,-0.032989903393607745,0.0783365666521465,-0.07768142165294734,0.034157708314593915,0.037841758305363696,24.40854148864746,27.37066909790039,0.8917773037020804,61.60478741145092,-0.5337403169444528,-0.9786429092822454,0.4449025923377926,0.9618456340838959,0.1185714285714285,285.5202142857143,23.91,3.835714285714286,0
2022-02-11,23.846893310546875,26.040501880764477,23.671644989793617,25.80550800141122,605472000,-0.07260702840657607,-0.015214635514952057,-0.09881484577166366,0.05221465626901916,0.0395523528053039,24.277801036834717,27.22158737182617,0.8918583881688612,52.32118154447069,-0.5782454360228648,-0.8985634146303694,0.32031797860750455,1.1278809796755949,0.1228571428571428,285.63357142857143,27.36,3.8285714285714287,1
2022-02-14,24.163536071777344,24.768943621881085,23.65371798797429,23.831955659258128,440424000,0.01327815565352597,-0.018643040946924927,-0.09928749401445913,0.05191953121329148,0.03953961262023747,24.144621086120605,27.065077438354493,0.892095030620705,58.30410012615646,-0.5812651758747691,-0.8351037668792494,0.25383859100448025,0.8170340460534249,0.1357142857142857,285.97364285714286,28.33,3.8071428571428574,1
2022-02-15,26.382041931152344,26.431828001236315,24.67833617578049,24.842631726431065,699869000,0.09181213597153026,0.0552413424749314,0.022854477715414268,0.06748187298322976,0.044106826637049,24.174094867706298,26.98147533416748,0.8959515581823612,63.810363076601256,-0.4000321379638727,-0.748089441096174,0.3480573031323013,1.2659701502526581,0.14,286.087,25.7,3.8,1
2022-02-16,26.397974014282227,26.468672364813905,25.44306293139375,26.147049472381745,732676000,0.0006038987873440149,-0.00726439787289912,0.057605762364366875,0.06116832274769509,0.043366828029977676,24.245987224578858,26.91125602722168,0.9009608172897315,68.02713990315215,-0.25221073538555316,-0.6489136999540498,0.39670296456849663,1.2966564740619506,0.1442857142857143,286.2003571428571,24.29,3.792857142857143,0
2022-02-17,24.402515411376957,25.675066590866575,24.06197445592718,25.52072674309447,810595000,-0.07559135416322693,-0.05099918102530332,0.014782462130901841,0.06933731778600981,0.04606665549161479,24.26376094818115,26.753531341552733,0.9069367568121913,56.05081095392702,-0.2927039326242067,-0.5776717464880812,0.2849678138638745,1.3884309383237223,0.1485714285714285,286.3137142857143,28.11,3.7857142857142856,0
2022-02-18,23.54120635986328,24.879476296810186,23.001517271399223,24.562831248228797,761255000,-0.035295912613669156,-0.012818732683657186,0.01146580185751045,0.06237107319502379,0.046194327953423715,24.277103900909424,26.590549087524415,0.9129974646630972,46.75235326358233,-0.38980212907012657,-0.5400978230044903,0.1502956939343637,1.299212413647742,0.1528571428571428,286.4270714285714,27.75,3.778571428571429,0
2022-02-22,23.29027557373047,23.96140174606812,22.901938955709063,22.936789580443467,633422000,-0.010659215262673993,-0.03613959875131145,0.0007700745552812194,0.06191443602893358,0.04627484798295987,24.27799997329712,26.449154357910157,0.9179121436083377,45.23445576772877,-0.4814512957882613,-0.5283685175612445,0.046917221772983186,1.1075597419339045,0.17,286.8805,28.81,3.75,0
2022-02-23,22.29155540466309,24.052019342712317,22.205923511795177,23.70052366890476,566511000,-0.0428814234466961,-0.15504813983557286,0.0028219610140698403,0.02976992306784111,0.04617459040109355,24.281136417388915,26.29360034942627,0.9234618346178192,39.42043667418034,-0.6274395590310533,-0.5481827258552063,-0.07925683317584697,0.9991331607885326,0.1742857142857143,286.9938571428571,31.02,3.742857142857143,1
2022-02-24,23.646753311157227,23.698531662871755,20.800938144655944,20.9254052267072,735801000,0.06079422821301406,-0.10422090352981228,0.042859608690509976,0.05113765733115318,0.04791786268341671,24.32972831726074,26.20571666717529,0.9284130110334142,49.26254799911344,-0.6265605640846381,-0.5638582935010927,-0.06270227058354538,1.3000141697464958,0.1785714285714285,287.1072142857143,30.32,3.7357142857142858,1
2022-02-25,24.054004669189453,24.11374832355633,23.28131412183276,23.619864661939257,528866000,0.017222294861090948,-0.014281754823726955,0.10084727320626263,0.04233015419325654,0.047080970469651665,24.439906215667726,26.122472915649414,0.93558930253599,49.40429955753521,-0.5862443136814868,-0.5683354975371715,-0.017908816144315276,0.9380878114799424,0.1828571428571428,287.2205714285714,27.59,3.7285714285714286,1
2022-02-28,24.28103828430176,24.559845228253224,23.605929341272788,23.88971413278726,477319000,0.009438495511856049,0.03142710331531107,0.06764461386262854,0.03809208952057454,0.04637188874407096,24.516827011108397,26.00151092529297,0.9429000907504823,48.72177159955014,-0.5298657172748307,-0.5606415414847034,0.030775824209872682,0.8516747777445702,0.1957142857142857,287.56064285714285,30.15,3.707142857142857,0
2022-03-01,23.37691116333008,24.273075765282154,23.03338266539321,24.18744196343962,412056000,-0.03723593325727825,0.003719818141496356,-0.04120712346976252,0.042708880129904446,0.044361855055718546,24.466592216491698,25.903729705810548,0.9445200553881443,44.152032444943536,-0.551780197349693,-0.5588692726577014,0.007089075308008397,0.7453759956064971,0.2,287.674,33.32,3.7,1
2022-03-02,24.1208438873291,24.309071210031263,23.319141111357823,23.65874467986897,389642000,0.03182339697495973,0.08206194899631591,-0.01679834959981996,0.03582834200002624,0.04495188138229856,24.445986557006837,25.83249713897705,0.9463268852983557,40.52748077042348,-0.5033165077748087,-0.5477587196811229,0.044442211906314144,0.7131700680595839,0.2041935483870967,287.70261290322577,30.74,3.7,0
2022-03-03,23.616924285888672,24.22641849620561,23.37292639017765,24.16267940977901,365095000,-0.020891458184228107,-0.0012614427391383076,-0.0603739344558748,0.02837852851530374,0.04480092199520124,24.370113468170167,25.752819061279297,0.9463085734490287,41.72199661567591,-0.4998092946014161,-0.5381688346651815,0.03835954006376541,0.6793274621840985,0.2083870967741935,287.7312258064516,30.48,3.7,0
2022-03-04,22.84210968017578,23.58306351436936,22.38996771003813,23.288275695324916,431415000,-0.03280760002164418,-0.050382254667389215,-0.04209478745921291,0.029612652743188483,0.04391756734084723,24.319924068450927,25.63064037322998,0.9488613516598658,45.65922301809231,-0.5531742181309696,-0.5411699113583391,-0.012004306772630424,0.8011453342984873,0.2125806451612903,287.7598387096774,31.98,3.7,0
2022-03-07,21.264589309692383,22.93870935454276,21.242680010670902,22.723592102393823,450821000,-0.06906193834856234,-0.12423064200510658,-0.12185390099814097,0.03672837931797317,0.046231391529875654,24.172387504577635,25.470438995361327,0.9490369407837811,38.706564294689215,-0.7145224445458958,-0.5758404179958505,-0.13868202655004525,0.8297867797637168,0.2251612903225806,287.84567741935484,36.45,3.7,1
2022-03-08,21.42593002319336,22.281412867963464,20.565466582728256,21.221769289134286,557467000,0.007587295063697264,-0.08345761022513132,-0.12982580571046287,0.03861082737244526,0.046042939980529766,24.01255521774292,25.30868492126465,0.9487871571536021,27.007111572977138,-0.8199216824601194,-0.6246566708887044,-0.19526501157141507,1.0093054417819434,0.2293548387096774,287.87429032258063,35.13,3.7,1
2022-03-09,22.91978645324707,23.124942518382856,22.15592615939423,22.295352427006858,492742000,0.06972189437922305,-0.04979334221025977,-0.08324358329504156,0.05193235797885275,0.04888246443983917,23.90849676132202,25.150819244384767,0.9506050888048065,35.80958656674187,-0.7739875618192862,-0.6545228490748207,-0.11946471274446546,0.8855154987945831,0.2335483870967742,287.9029032258064,32.45,3.7,0
2022-03-10,22.56525039672852,22.69471740580175,21.79242598093224,22.43876946594897,428066000,-0.015468558454580394,-0.04453051872586722,-0.15139974652504817,0.051680298870259815,0.04632511834505441,23.7072021484375,24.99826976776123,0.9483537208247611,41.34548656346304,-0.7574609981697513,-0.6751104788938069,-0.08235051927594439,0.7759940119901595,0.237741935483871,287.9315161290322,30.23,3.7,0
2022-03-11,22.00952911376953,23.05025124979121,21.95574932378768,22.927753683517206,367209000,-0.024627304071022205,-0.03644937258701764,-0.14406114279199533,0.050821192742598637,0.04611698424784799,23.521983432769776,24.84099838256836,0.9469016933423992,42.57109469041972,-0.7802118441143406,-0.6961307519379137,-0.0840810921764269,0.674599693590073,0.2419354838709677,287.96012903225807,30.75,3.7,0
2022-03-14,21.2426815032959,22.170865393438028,21.072381995476352,21.779474563363426,385354000,-0.034841618214988546,-0.0010302482722531758,-0.10920549579928718,0.04176512710409779,0.044002898320004875,23.391772842407228,24.676654663085937,0.9479312800611999,40.54213302044659,-0.8503183066544153,-0.7269682628812142,-0.12335004377320113,0.7225429272012979,0.254516129032258,288.04596774193544,31.77,3.7,1
2022-03-15,22.878955841064453,22.943690284803075,21.23471540661193,21.42991219755593,491996000,0.07702767362560503,0.0678162309079795,-0.053161930724752726,0.054366185839314136,0.047551347772474835,23.327543830871583,24.54852161407471,0.9502626755941552,52.56229839498067,-0.7650257782053664,-0.7345797659460447,-0.030446012259321753,0.9180591065066382,0.2587096774193548,288.0745806451613,29.83,3.7,1
2022-03-16,24.39571952819824,24.49630589121448,23.077140259936503,23.403796625061247,671422000,0.06629514465915487,0.06439558579491345,-0.07529069994421556,0.053508682934766294,0.04519516403189843,23.22822771072388,24.43658432006836,0.9505513293708513,53.221653967351735,-0.5684875113220187,-0.7013613150212396,0.13287380369922086,1.2562001098250377,0.2629032258064516,288.1031935483871,26.67,3.7,1
2022-03-17,24.664613723754883,24.74030090825493,23.80813378286248,24.02125840895199,471941000,0.011022187529490024,0.09303523294076665,-0.06566262583596516,0.05116137592950459,0.04529811231805764,23.14155969619751,24.34657409667969,0.9505057920799413,52.65815452742748,-0.3865757993169048,-0.6384042118803727,0.2518284125634679,0.905055568633411,0.2670967741935484,288.1318064516129,25.67,3.7,1
2022-03-18,26.344709396362305,26.46023565574153,24.523198138240517,24.69748098703601,730719000,0.06811765598377462,0.19696833404221326,0.0795899091648502,0.048123329958066154,0.044471035733221885,23.238669395446777,24.32374198913574,0.955390392063293,57.97483510172215,-0.10562222999587334,-0.5318478155034728,0.4262255855075995,1.412137593547818,0.2712903225806451,288.16041935483867,23.87,3.7,1
2022-03-21,26.624557495117188,27.040847486368627,25.860697187971265,26.398487485905324,591727000,0.010622554021929131,0.2533520069481938,0.1309767684850205,0.03292760039614196,0.04346801082338725,23.39283695220947,24.295075836181642,0.9628633024216164,63.1864137116857,0.13802582484288806,-0.39787308743420063,0.5358989122770887,1.1625751958010886,0.2838709677419355,288.2462580645161,23.53,3.7,0
2022-03-22,26.41541862487793,27.12649641555455,25.96526931574627,26.61758672052766,547007000,-0.007855111593032538,0.15457273524109127,0.13418231318277596,0.035136516705905806,0.04341233681874271,23.549094104766844,24.280767517089842,0.9698661332757288,59.73963582241129,0.31066178898701224,-0.2561661121499581,0.5668279011369703,1.0839145180862793,0.2880645161290323,288.2748709677419,22.94,3.7,0
2022-03-23,25.529062271118164,26.50305734840452,25.470303785598432,26.019046837158616,502120000,-0.03355450717426822,0.04645662291739061,0.14523467778196553,0.037397699847515904,0.0428930238079604,23.7109694480896,24.245685081481934,0.9779459466047122,57.86111117645628,0.3716710912047141,-0.13059867147902365,0.5022697626837378,1.001357592170936,0.292258064516129,288.30348387096774,23.57,3.7,1
2022-03-24,28.03475952148437,28.20406365370885,25.800941854899072,26.05888233912861,877379000,0.09815077513446235,0.13663890444323679,0.18556484911849425,0.05455042615132295,0.04602716349732281,23.930369758605956,24.252412185668945,0.9867212207759982,68.68815449356907,0.6151195150089919,0.01854496581857945,0.5965745491904124,1.7253641782500782,0.2964516129032258,288.3320967741936,21.67,3.7,0
2022-03-25,27.578636169433597,28.241910117249173,27.159360096245305,27.771842231076484,579016000,-0.0162699220480641,0.04683774470640678,0.14652992500491235,0.05166385672144058,0.04634093324007709,24.106601333618165,24.246392250061035,0.9942345683843947,74.719296361781,0.7624596421563403,0.16732790108613163,0.5951317410702087,1.1330468441261217,0.3006451612903226,288.3607096774193,20.81,3.7,1
2022-03-28,28.10348129272461,28.134354526494057,27.094627668908103,27.64237730383856,425494000,0.019030858526380534,0.05554735690456636,0.1574250229198042,0.051816904863291526,0.04640772516027499,24.297723484039306,24.279227828979494,1.0007617892624137,75.41892699972499,0.911076051982679,0.31607753126544114,0.5949985207172379,0.8368709906332066,0.3132258064516129,288.44654838709675,19.63,3.7,1
2022-03-29,28.5386905670166,28.82750240116972,27.865457327415218,28.57753047133925,488984000,0.015485955983846722,0.08038002245169729,0.22080673394453765,0.05062998256439991,0.04516336299256707,24.555812454223634,24.313458938598632,1.0099678748399001,73.26408050179693,1.0518483259840643,0.4632316902091658,0.5886166357748985,0.9545233785845575,0.3174193548387097,288.47516129032255,18.9,3.7,0
2022-03-30,27.576644897460938,28.379345100642087,27.390410153130244,28.188131660804466,463487000,-0.033710224626337326,0.08020594742562359,0.14327031949106894,0.05066855541481277,0.04594177491681586,24.728602504730226,24.34914051055908,1.0155842048718964,69.7550043639124,1.073408734243003,0.5852670990159333,0.48814163522706966,0.8982775360069678,0.3216129032258065,288.50377419354834,19.33,3.7,0
2022-03-31,27.174297332763672,28.13235904221387,27.15836398762896,27.668267123207887,523440000,-0.014590156496315121,-0.030692690196300276,0.1506281259918576,0.022557195344538556,0.04575662033351925,24.906471157073973,24.393423919677733,1.0210321945408563,70.60880871604658,1.045972111800591,0.6774081015728649,0.368564010227726,0.9991404689111442,0.3258064516129032,288.5323870967742,20.56,3.7,0
2022-04-01,26.602649688720703,27.383440643848896,26.15947167732759,27.26293568960486,517235000,-0.021036335808166107,-0.035389222103543116,0.16463190402279793,0.02319096064875207,0.045277096832484404,25.09449815750122,24.444536094665526,1.0265892574241788,71.72615904489751,0.9669547509684833,0.7353174314519886,0.2316373195164947,0.9792754874131288,0.33,288.561,19.63,3.7,1
2022-04-04,27.247997283935547,27.44518668797612,26.5040555277616,26.61858452561167,397120000,0.024258771316620686,-0.030440499519556963,0.28137895762303433,0.024723192470068434,0.0415034842664906,25.393668556213377,24.52400909423828,1.0354615535589333,69.25644684880507,0.9455078547670972,0.7773555161150103,0.1681523386520869,0.7557047267225979,0.374,288.8347,18.57,3.69,0
2022-04-05,25.824846267700195,27.207164711525586,25.714300606563835,27.142430269538742,436615000,-0.05222956393475531,-0.0950935114890279,0.2053080654956425,0.028348035147351434,0.0440137804965837,25.61361436843872,24.575058937072754,1.0422605469238266,56.351252290361586,0.8044019962798004,0.7827648121479683,0.02163718413183202,0.8405273502265312,0.3886666666666666,288.9259333333333,21.03,3.686666666666667,0
2022-04-06,24.30708312988281,25.19642705051053,23.904737678545857,24.83192614257521,703833000,-0.058771429734150726,-0.1185627105739454,0.06052834215823144,0.0332831635856407,0.044257404211846374,25.68297920227051,24.616624069213866,1.0433184960723454,48.56983376107573,0.5636068768267748,0.7389332250837297,-0.17532634825695492,1.3279662465599589,0.4033333333333333,289.01716666666664,22.1,3.6833333333333336,0
2022-04-07,24.10890007019043,24.620795851372534,23.38188892172956,24.340946042246006,557992000,-0.008153304887855373,-0.11280502399145154,0.06840826697343916,0.03388015908485745,0.0441193322713285,25.760161685943604,24.64530376434326,1.0452361201249756,39.853560577863554,0.3527173867177247,0.6616900574105288,-0.3089726706928041,1.0400509222196646,0.418,289.1084,21.55,3.68,0
2022-04-08,23.024354934692383,23.82506437095828,22.96758907146771,23.819088417079787,524781000,-0.04498525989740354,-0.13450896041928806,0.04610847490998604,0.03516859164862337,0.04504501003385194,25.810902976989745,24.668781929016113,1.046298234394388,34.77380971011121,0.0969545858037506,0.5487429630891731,-0.45178837728542254,0.9639920857205155,0.4326666666666667,289.19963333333334,21.16,3.6766666666666663,0
2022-04-11,21.82727813720703,22.228628253478472,21.571330249174363,22.123063188914134,575207000,-0.05199176267395156,-0.19894009421104797,0.027519907683049905,0.020203663540739842,0.04596124768261052,25.840132808685304,24.650475044250488,1.048261048206951,32.09204105768242,-0.20002757637330504,0.39898885519667754,-0.5990164315699826,1.0385126989220959,0.4766666666666667,289.4733333333333,24.37,3.666666666666667,0
2022-04-12,21.41596984863281,22.631972169880864,21.194878517496804,22.44474204972869,662258000,-0.018843773648217765,-0.1707222716203226,-0.06394461367007809,0.021927587215441427,0.04264161544890564,25.76698350906372,24.591162300109865,1.0478147878739592,33.32794721709163,-0.4632373096305038,0.22654362223124128,-0.689780931861745,1.177580245412049,0.4913333333333333,289.5645666666667,24.26,3.6633333333333336,1
2022-04-13,22.11210060119629,22.40788557213503,21.36716369958093,21.63904675874988,516943000,0.03250521725066413,-0.09030217722784006,-0.0936073610930962,0.03365879894467966,0.04038414172961665,25.652802562713624,24.54274517059326,1.0452295529454634,21.865789521847475,-0.6086449060277417,0.05950591657944468,-0.6681508226071864,0.9319915502134712,0.506,289.6558,21.82,3.66,0
2022-04-14,21.170974731445312,22.68375734575969,21.07636432042871,22.41286958131203,569097000,-0.0425615768815768,-0.12186061289364791,-0.1416458020157353,0.03457227972467421,0.041096470501996024,25.478120613098145,24.463476943969727,1.041475856905064,20.902641217629167,-0.7907076802105237,-0.11053680277854902,-0.6801708774319747,1.0171115488254543,0.5206666666666666,289.7470333333333,22.7,3.6566666666666663,1
2022-04-18,21.69382667541504,21.9975764845038,20.992708207900467,21.113213152266766,525701000,0.024696640121776303,-0.05778786259381996,-0.1765395340283944,0.03842086296572595,0.037956302328702965,25.245576477050783,24.420435523986818,1.0337889532008335,20.888320295397577,-0.8826295541372211,-0.26495535305028345,-0.6176742010869376,0.9570871834308624,0.5793333333333334,290.11196666666666,22.17,3.6433333333333335,1
2022-04-19,22.107128143310547,22.281410987109854,21.22674619346301,21.631084290617952,512781000,0.019051570480365765,0.012821113303471465,-0.16967152797319218,0.03221784471181833,0.03823133438265501,25.01970500946045,24.378271675109865,1.0263116820953917,20.730571062665405,-0.9116197422062164,-0.3942882308814701,-0.5173315113247463,0.9403226886010073,0.5940000000000001,290.2032,21.37,3.64,0
2022-04-20,21.39406013488769,22.577196581632325,21.11321496007185,22.424823034682213,468974000,-0.03225511716403673,-0.001023054939840451,-0.1900919520261225,0.03493187329893472,0.038594951181885995,24.768637084960936,24.313701362609862,1.0187110845677607,21.211249217324124,-0.9808269415964972,-0.5115959730244756,-0.4692309685720216,0.8661880450741967,0.6086666666666667,290.2944333333333,20.32,3.6366666666666663,0
2022-04-21,20.10037612915039,22.30033264038632,19.918124725646763,21.620128118741523,656209000,-0.06046930772283221,-0.09097844245232234,-0.2126472991571421,0.03809681914262134,0.03991393850990986,24.497202777862547,24.21568977355957,1.0116252316962844,19.585480959455438,-1.1270714550625556,-0.6346910694320916,-0.49238038563046393,1.1950034172404105,0.6233333333333333,290.3856666666667,22.68,3.633333333333333,0
2022-04-22,19.43511199951172,20.402137743310213,19.420174011970897,20.21988631724153,624713000,-0.033097098550005644,-0.08199257492643042,-0.3067494663324054,0.036803628650285296,0.030734121587717902,24.067220401763915,24.072569160461427,0.9997778069028753,19.429074323915387,-1.281875873902436,-0.7641280303261605,-0.5177478435762756,1.1644361353528652,0.638,290.4769,28.21,3.63,1
2022-04-25,19.820528030395508,19.863351272784342,19.01782777863427,19.12339284572606,641566000,0.01983091380659263,-0.08635169226010664,-0.2813086220571227,0.03548554588379549,0.03186176352422649,23.67931499481201,23.954701652526854,0.9885038577516245,17.602051300823916,-1.357807676810161,-0.8828639596229606,-0.4749437171872004,1.1889185290059792,0.6819999999999999,290.7506,27.02,3.62,0
2022-04-26,18.711090087890625,19.706996516542763,18.593573098917023,19.637283370463635,653143000,-0.05597418700468115,-0.15361733253658905,-0.3342073925647594,0.03190690903084955,0.03194896667940679,23.209695434570314,23.85198558807373,0.9730718370958362,18.09733483035889,-1.490326985877168,-1.0043565648738022,-0.48597042100336574,1.185368997808455,0.6966666666666667,290.84183333333334,33.52,3.6166666666666663,0
2022-04-27,18.33961677551269,19.08853727407493,18.215128478854176,18.521866304544144,499460000,-0.019853109072375363,-0.14277062605774682,-0.3573770761329681,0.03239857349721143,0.030862702459504312,22.699741744995116,23.735507202148437,0.9563621940609061,20.171219378905022,-1.6068020707674862,-1.124845666052539,-0.48195640471494716,0.9055935988714983,0.7113333333333334,290.93306666666666,31.6,3.613333333333333,1
2022-04-28,19.701017379760746,19.95497454179809,18.41430666409017,18.88935323961421,570327000,0.07423277274069395,-0.019868222705070604,-0.2855904895966994,0.051191491102899604,0.037353965422658175,22.305960369110107,23.601886711120606,0.9450922564847372,30.2621824440526,-1.5711445868439036,-1.214105450210812,-0.3570391366330916,1.0241658843921762,0.726,291.0243,29.99,3.61,0
2022-04-29,18.47107315063477,20.045600227897243,18.44119528083608,19.3225724947239,500435000,-0.06243049307644,-0.04960294794808329,-0.32027412063514693,0.056872594381179004,0.03876331320498575,21.870799160003664,23.443348693847657,0.9329212923298503,29.873188909825984,-1.623418239234688,-1.2959680080155873,-0.3274502312191008,0.9005172573573539,0.7406666666666667,291.11553333333336,33.4,3.606666666666667,1
2022-05-02,19.453039169311523,19.493869793767686,18.315713949725147,18.46509951842047,572049000,0.05316236965056942,-0.018540820936779667,-0.26875557897680225,0.06272552250308713,0.04192023238670925,21.513318634033205,23.34435916900635,0.9215638980827469,39.30173376225465,-1.5675394156665376,-1.3502822895457776,-0.2172571261207601,1.0243326203013214,0.7841935483870968,291.4160322580645,32.34,3.6,1
2022-05-03,19.521759033203125,19.743847662826795,19.05467900868322,19.320586249014987,475751000,0.0035326029672531067,0.04332558613659532,-0.28355251838224227,0.05515361105867281,0.04115581972703287,21.12700672149658,23.263970222473144,0.9081427855804147,41.192817413020066,-1.5004140870828486,-1.3803086490531917,-0.1201054380296569,0.8459423524616071,0.7983870967741936,291.53406451612904,29.25,3.6,1
2022-05-04,20.250757217407227,20.316487014368857,18.67423744950525,19.84144044981811,648855000,0.037342853324037195,0.10420830845529538,-0.21584209998820503,0.05338738368885683,0.04184282121347844,20.848302268981932,23.20317985534668,0.8985105661790526,41.37200564708014,-1.3725705803405148,-1.3787610353106565,0.006190454970141701,1.1323747881231143,0.8125806451612904,291.6520967741935,25.42,3.6,0
2022-05-05,18.76685333251953,19.84342714166625,18.424261790585792,19.78566592846384,626331000,-0.07327646413202538,-0.04741704599483787,-0.22792655818715624,0.05734315322321683,0.04282402336167945,20.57129077911377,23.13268581390381,0.8892737723844188,39.389927480065275,-1.3751405578372449,-1.3780369398159742,0.0028963819787293232,1.1005086459801312,0.8267741935483871,291.77012903225807,31.2,3.6,0
2022-05-06,18.59854888916016,19.43212233331832,17.916353624000763,18.65929999241693,633297000,-0.008968175984395366,0.006901371538394319,-0.22856087025901162,0.049130586335716084,0.04282058163626132,20.295773220062255,23.031721725463868,0.8812095535881389,35.89835521347851,-1.3749089509834356,-1.3774113420494665,0.0025023910660308957,1.105435055251941,0.8409677419354838,291.88816129032256,30.19,3.6,0
2022-05-09,16.880611419677734,18.180267458938104,16.75811385880719,17.960173412210224,644455000,-0.09236943590172753,-0.1322378332374906,-0.26683672712834383,0.05434092693771017,0.04593802052221661,19.988586044311525,22.888253860473633,0.8733119689322555,28.718559354731696,-1.4961024594073002,-1.4011495655210333,-0.09495289388626693,1.113283706261911,0.8835483870967742,292.24225806451614,34.75,3.6,1
2022-05-10,17.522972106933594,18.12350429350738,16.955305773137006,17.616587170071877,761474000,0.038053164739463075,-0.1023876446210581,-0.19719847812523483,0.06094191599628563,0.04646795225476847,19.77337074279785,22.75309253692627,0.8690410198397166,34.146334604658435,-1.5227625897086412,-1.4254721703585551,-0.09729041935008609,1.2946033936768324,0.8977419354838709,292.3602903225806,32.99,3.6,0
2022-05-11,16.561920166015625,17.680323983243905,16.50017560428246,17.275985907406866,670167000,-0.05484525884382896,-0.18215798114555126,-0.2266556087314937,0.052703800710015195,0.04751871363793272,19.530668258666992,22.61679271697998,0.863547210387792,35.10271679061462,-1.6029618484543278,-1.4609701059777098,-0.14199174247661794,1.1386042898714615,0.9119354838709678,292.4783225806452,32.56,3.6,0
2022-05-12,16.10878562927246,16.719277132650767,15.503275671521449,16.15260613492584,708728000,-0.027360024212227385,-0.14163630184294795,-0.27149455767214814,0.048948200272399184,0.046462390379169695,19.2305025100708,22.456551551818848,0.8563426341616214,35.74111645161392,-1.6836761384544836,-1.5055113124730648,-0.1781648259814188,1.1848158647046232,0.9261290322580644,292.59635483870966,31.77,3.6,1
2022-05-13,17.633512496948242,17.85460376912535,16.525070059013913,16.71927144143108,670437000,0.09465188144940528,-0.05188772511033768,-0.16709019208467846,0.07474137766389745,0.051936417058855884,19.053629398345947,22.33688331604004,0.8530119949484448,41.459212519411125,-1.6060960042701637,-1.5256282508324848,-0.08046775343767898,1.1113885929650364,0.9403225806451612,292.7143870967742,28.87,3.6,0
2022-05-16,17.193326950073242,17.71518203809066,17.035974706114335,17.437324838562272,521446000,-0.024963009891034504,0.018525130554867042,-0.20745531863412914,0.060531648872170295,0.05148528781243587,18.828604412078857,22.223907661437988,0.8472229411189229,43.7458806649159,-1.562125276050029,-1.5329276558759937,-0.029197620174035377,0.8647100251579565,0.9829032258064516,293.0684838709677,27.47,3.6,1
2022-05-17,18.10259056091309,18.295796644400493,17.561814118646062,18.00001156413309,585830000,0.05288468098583876,0.03307763377367645,-0.18114236984731102,0.06286806405869505,0.05303302329364281,18.628377532958986,22.160667686462403,0.8406054274411038,49.06475645285689,-1.437339428562126,-1.5138100104132204,0.07647058185109445,0.9656288830555232,0.9970967741935484,293.18651612903227,26.1,3.6,0
2022-05-18,16.868661880493164,18.04383170512765,16.79496540151223,17.632522266505582,545161000,-0.06816309943418875,0.018520902854426202,-0.2115259200854015,0.06638402276972215,0.05446420683531597,18.402107620239256,22.0695223236084,0.8338244639103038,38.71070104237684,-1.4216258595545384,-1.495373180241484,0.07374732068694567,0.8929867514988328,1.011290322580645,293.3045483870968,30.96,3.6,1
2022-05-19,17.05389976501465,17.614594729725628,16.665495022322716,16.867665016255632,621310000,0.010981184271390942,0.05867072524850969,-0.15156315208040394,0.06381712405831808,0.053339117603159264,18.24978380203247,21.95220458984375,0.8313417327786653,43.838226354727375,-1.3783369829679089,-1.4719659407867691,0.09362895781886027,1.0206378925226294,1.025483870967742,293.4225806451613,29.35,3.6,0
2022-05-20,16.62565803527832,17.338726466049714,15.690502001783669,17.26104666528793,739105000,-0.025111073457511957,-0.05715562692596532,-0.14455558395053147,0.04534879781914806,0.05316173857814669,18.1093111038208,21.833412742614748,0.8294310796623564,37.08486049653816,-1.3628753859292289,-1.450147829815261,0.08727244388603217,1.202840481012508,1.0396774193548386,293.5406129032258,29.43,3.6,1
2022-05-23,16.828821182250977,16.845751782688478,16.112764867573357,16.207375258686408,639889000,0.012219855992560369,-0.021200420888914273,-0.1509398157080699,0.045509302159419854,0.05299080940830028,17.959725761413573,21.729798583984376,0.8265021735935703,37.84823442108151,-1.3190235088791198,-1.423922965628033,0.10489945674891321,1.041515668170887,1.082258064516129,293.89470967741937,28.48,3.6,0
2022-05-24,16.087865829467773,16.52905300438988,15.71539736561761,16.442409283517915,588550000,-0.04402895156819864,-0.11129482958066161,-0.14019622833843015,0.034933425525446864,0.05247232536776911,17.82856454849243,21.626702270507813,0.8243773981576988,31.235382014956315,-1.3287425677213776,-1.404886886046702,0.07614431832532453,0.9630160441860003,1.0964516129032258,294.01274193548386,29.45,3.6,1
2022-05-25,16.90550422668457,17.040947119530152,15.93449552568044,15.954414100977116,781132000,0.050823297874547535,0.002184070464653187,-0.07819751995815793,0.036801026408215656,0.053866902234226924,17.756858921051027,21.507233238220216,0.8256226509644927,41.0736339696266,-1.2559901340708493,-1.3751075356515314,0.11911740158068218,1.2493385502396732,1.1106451612903223,294.1307741935484,28.37,3.6,1
2022-05-26,17.777917861938477,18.01793043323801,15.956405314485966,15.970347937718802,996575000,0.05160530106382999,0.04245469405239022,-0.09761422370998507,0.043446377101859675,0.052383639607588614,17.660703945159913,21.374877204895018,0.8262365100799489,46.31350687376176,-1.1150828361298615,-1.3231025957471976,0.2080197596173361,1.541376185264269,1.1248387096774193,294.2488064516129,27.5,3.6,1
2022-05-27,18.733991622924805,18.80370475029721,18.02590190146745,18.11155027204223,738379000,0.05377872529342875,0.12681203854745293,0.014234065890264658,0.04222308490930892,0.05198300403700207,17.673849868774415,21.256264762878416,0.8314654557577646,58.93765929637795,-0.9157098914406596,-1.24162405488589,0.3259141634452303,1.121396354340648,1.1390322580645162,294.36683870967744,25.72,3.6,0
2022-05-31,18.59556007385254,19.12139838703036,18.27487779966752,18.902297823512807,664100000,-0.0073893248090741714,0.10498292616388993,-0.04407944116062412,0.04454006001959483,0.05059091204147325,17.630975914001464,21.101281776428223,0.8355405183819989,55.43663525213895,-0.7601135496136813,-1.145321953831448,0.3852084042177668,1.0015857057838595,1.1958064516129032,294.8389677419355,26.19,3.6,0
2022-06-01,18.2450008392334,18.97499986864279,18.047811461986903,18.64734816521392,544514000,-0.0188517707036997,0.13408459721328914,-0.06540180071878676,0.035951402118793996,0.05073206686271393,17.56713800430298,20.93369064331055,0.8391801667288245,59.09384618333598,-0.6575101603500428,-1.047759595135167,0.3902494347851242,0.8169914855771702,1.21,294.957,25.69,3.6,1
2022-06-02,19.511795043945312,19.53868493920684,18.123502575652576,18.21711762991746,648656000,0.06943240046269805,0.1541681799201724,-0.0364905946739964,0.03990984274360813,0.052522642299202296,17.53018989562988,20.795618171691896,0.8429751763519543,66.90077484749435,-0.46857508792601266,-0.9319226936933361,0.4633476057673235,0.9732611847854269,1.225666666666667,294.95553333333334,24.72,3.5966666666666667,0
2022-06-03,18.64336395263672,19.25285997901017,18.446174564570704,19.00388342136499,598779000,-0.04450800602162308,0.048680959008766456,-0.006580185697344754,0.04887103106884994,0.0507913268152333,17.524015426635742,20.657904205322264,0.8482958993546348,55.3650905985338,-0.38448570128307225,-0.8224352952112833,0.4379495939282111,0.9002852506814021,1.2413333333333334,294.9540666666667,24.79,3.5933333333333333,1
2022-06-06,18.709095001220703,19.25783996366541,18.488003681659272,19.06065056239769,422406000,0.003525707525260602,-0.0013289544591039704,0.005943803074065279,0.04249490229863899,0.05074045763033174,17.52954273223877,20.47139091491699,0.8562946604407534,58.38658280143666,-0.3089785973164254,-0.7197439556323119,0.41076535831588645,0.6453334339615493,1.288333333333333,294.94966666666664,25.07,3.583333333333333,1
2022-06-07,18.84851837158203,18.92221482614315,18.11353884530264,18.39637655675563,388914000,0.00745217074114124,0.013603155630960595,0.11657794276398703,0.0423291614353829,0.045675843286065124,17.627938079833985,20.29678855895996,0.8685087312520768,54.51146563194386,-0.23517739403947502,-0.6228306433137446,0.3876532492742696,0.6059949739598266,1.304,294.9482,24.02,3.58,0
2022-06-08,18.57558822631836,19.10552199419941,18.463026152906487,18.726000947489727,363252000,-0.014480190956291272,0.018119340744237045,0.060070638300466106,0.041796175390703766,0.04527514475501948,17.680568885803222,20.106230697631837,0.8793577051657765,61.68163570912222,-0.19644805953823052,-0.5375541265586418,0.34110606702041124,0.5841318032085665,1.3196666666666663,294.9467333333333,23.96,3.5766666666666667,0
2022-06-09,17.977916717529297,18.859480331996103,17.970943930182248,18.40923586335072,395574000,-0.032175105386017644,-0.0786128761070598,0.08549712456767167,0.02240480390185046,0.04399307970798767,17.751368713378906,19.89501522064209,0.892252080056765,55.98576121995851,-0.21154333879777454,-0.47235196900646836,0.2608086302086938,0.6504687226238633,1.3353333333333333,294.94526666666667,26.09,3.5733333333333333,0
2022-06-10,16.90808868408203,17.628280755740548,16.803494968741788,17.531657297722646,465248000,-0.05950789795372313,-0.09307736913591003,0.04961907577670521,0.02757725439732635,0.04578893069059554,17.791333866119384,19.681644096374512,0.9039556745869958,51.68916953432879,-0.3063017814693012,-0.43914193149903497,0.13284015002973376,0.7806661103120773,1.351,294.9438,27.75,3.5700000000000003,0
2022-06-13,15.58624267578125,16.248660428552956,15.545401514869624,15.937871657637327,604153000,-0.07817832239933908,-0.1669162685440262,-0.1161010786433675,0.0342619324291181,0.043933894938868956,17.688970375061036,19.449883003234863,0.9094641017696119,43.445435965150395,-0.4824985132106505,-0.44781324784135806,-0.03468526536929245,1.0194117543337018,1.398,294.9394,34.02,3.56,1
2022-06-14,15.774505615234377,16.003612016416973,15.35215136745031,15.669912860368118,469680000,0.012078789184109207,-0.16309041887251752,-0.0825216282432657,0.035738498286190065,0.04383903033497764,17.61802930831909,19.233320121765136,0.9160160178679644,48.24468413588322,-0.600027700878293,-0.4782561384487451,-0.12177156242954795,0.7959863766477446,1.4136666666666666,294.9379333333333,32.69,3.556666666666666,1
2022-06-15,16.462820053100586,16.802495430465633,15.864153172658016,16.032496557191926,563936000,0.043634612371082016,-0.11373896468184785,-0.09058209112639815,0.05032942540025085,0.04325914660680332,17.536040782928467,19.017616577148438,0.9220945596305569,47.48380857803864,-0.6303627765046009,-0.5086774660599163,-0.12168531044468467,0.9575023602819621,1.4293333333333331,294.93646666666666,29.62,3.553333333333333,0
2022-06-16,15.540420532226562,15.880096970510952,15.34119733013796,15.798414650179138,545749000,-0.056029253669713786,-0.13558279435826193,-0.07874017261574096,0.05251970921161385,0.042385878959519986,17.469628715515135,18.811928062438966,0.9286463704055967,37.354052214460864,-0.7205276804239418,-0.5510475089327214,-0.1694801714912204,0.9265765476297296,1.4449999999999998,294.935,32.95,3.55,1
2022-06-17,15.818337440490724,15.932890662909912,15.268480832913216,15.587237956156583,630334000,0.01788348698079556,-0.06445147431816134,-0.07245042726582851,0.052168218109388625,0.04253557006889364,17.407850599288942,18.642153148651122,0.9337897001746556,32.15314987679993,-0.7607885477308542,-0.592995716692348,-0.16779283103850628,1.0693663756449379,1.4606666666666666,294.93353333333334,31.13,3.546666666666667,1
2022-06-21,16.501672744750977,16.94195585735891,16.343289760595702,16.41102650097026,483089000,0.04319893331590552,0.058733210306815664,-0.0074574666617259755,0.0407326821981144,0.04339142229456909,17.401651334762573,18.490008602142336,0.9411380875586147,37.984731480966666,-0.7291509289251294,-0.6202267591389043,-0.1089241697862251,0.8377574122886082,1.5233333333333332,294.92766666666665,30.19,3.533333333333333,0
2022-06-22,16.296470642089844,16.59729794626429,16.117169323053933,16.16299022237989,437135000,-0.012435230405742126,0.03308915281321867,-0.03163326381544729,0.04219303588609187,0.04339188680946104,17.375033807754516,18.355450916290284,0.9465871411709282,38.62914042178068,-0.7124236069514431,-0.6386661287014122,-0.07375747825003098,0.7716311030166842,1.539,294.9262,28.95,3.53,0
2022-06-23,16.16199493408203,16.5205956784527,15.79143880496092,16.454851986991518,463680000,-0.008251830163795937,-0.018273000497378233,0.004607764970197437,0.03707791843315951,0.042233999407126736,17.37874026298523,18.242145252227782,0.9526697667788215,27.475090317159186,-0.7019267746256581,-0.6513182578862613,-0.050608516739396814,0.8276094717805036,1.5546666666666666,294.92473333333334,29.05,3.526666666666667,1
2022-06-24,17.059494018554688,17.07343959152511,16.24666280838682,16.43592551294382,472153000,0.05553145438624241,0.09774983136254156,0.009108855305661523,0.030216081378887136,0.04253788232440865,17.386439752578735,18.155015735626222,0.9576659147951448,39.391127223074484,-0.6141082266104831,-0.6438762516311056,0.02976802502062248,0.8666294797521289,1.5703333333333331,294.9232666666667,27.23,3.523333333333333,0
2022-06-27,16.803495407104492,17.26270573709096,16.561438970901577,17.244775982546706,427968000,-0.015006225341253399,0.06227948862008881,-0.054810831189639364,0.0339229622848636,0.04097204954957927,17.337718629837035,18.048843631744386,0.9605999688170259,37.55340441547097,-0.5587276782058943,-0.6268465369460634,0.0681188587401691,0.8287770586652458,1.6173333333333333,294.9188666666667,26.95,3.513333333333333,0
2022-06-28,15.919940948486328,17.13520290564429,15.883083968904495,16.83437555051828,461149000,-0.0525815871764751,-0.035252898615971584,-0.15021094975802807,0.03899376199435932,0.040245245162217606,17.197016096115114,17.943822956085206,0.9583808388102252,32.56640335287938,-0.5794540694230541,-0.6173680434414616,0.03791397401840746,0.9176666282936647,1.633,294.9174,28.36,3.51,0
2022-06-29,15.481645584106444,15.758565905380278,15.111090429737091,15.752589638361185,482352000,-0.027531217973616795,-0.050000093632476705,-0.16745472991290067,0.04013132019063115,0.04049795388516801,17.04132037162781,17.819579334259032,0.9563256265463583,31.937611531658007,-0.624052962612982,-0.6187050272757657,-0.005347935337216336,0.9775370080884849,1.6486666666666667,294.9159333333333,28.16,3.506666666666667,0
2022-06-30,15.100133895874023,15.50654951386169,14.804287295645784,15.301349140819209,686070000,-0.02464283826675906,-0.06570111193196704,-0.17236869272139277,0.040662884643484415,0.040597647085567824,16.884077024459838,17.6794394493103,0.9550120111482668,32.764547849925066,-0.6823173815511154,-0.6314274981308357,-0.05088988342027978,1.3707312994435619,1.6643333333333332,294.91446666666667,28.71,3.5033333333333334,0
2022-07-01,14.466604232788086,15.004507273555731,14.336113363533372,14.84114455708728,577610000,-0.04195523479821883,-0.1519910135052338,-0.2585713308178068,0.014874516465977488,0.03678657677183176,16.631817483901976,17.54089033126831,0.9481740761045734,34.57127973037247,-0.7707284249932478,-0.6592876835033181,-0.11144074148992966,1.1622830780369227,1.68,294.913,26.7,3.5,1
2022-07-05,14.905890464782717,14.912863251478608,14.000420913948414,14.119954807294125,651397000,0.030365538790299018,-0.11292917909921707,-0.200472055222921,0.032035608402118367,0.03734535530212913,16.444943809509276,17.437000617980956,0.9431062239311573,45.16079185993966,-0.7961703302660794,-0.6866642128558704,-0.10950611741020899,1.3038567736562072,1.7638709677419355,294.9367419354839,27.54,3.5129032258064514,1
2022-07-06,15.071246147155762,15.259512337175808,14.731569789510388,14.951712254279894,529066000,0.011093311249248838,-0.053310172699557734,-0.19444280195421448,0.030065643172137422,0.037532333431360525,16.26305136680603,17.34972330093384,0.9373666129840055,44.98150341273909,-0.7938395140909211,-0.7080992731028806,-0.08574024098804056,1.0478101272177902,1.7848387096774192,294.9426774193548,26.73,3.5161290322580645,1
2022-07-07,15.796420097351074,15.883082152996206,15.329241452564782,15.395981666093258,492903000,0.048116389521789316,0.020332109499249906,-0.1619277554904589,0.03749078423388027,0.039577606076713914,16.110446453094482,17.26924114227295,0.9328983433822183,45.269420653288435,-0.7251181377091509,-0.7115030460241346,-0.01361509168501629,0.9662398365576744,1.805806451612903,294.9486129032258,26.08,3.5193548387096776,0
2022-07-08,15.776498794555664,15.974726402731946,15.329241976596508,15.37008313178978,467972000,-0.0012611276904918034,0.044791980213265026,-0.15068644920739982,0.03425024640221164,0.03957483700254865,15.970491981506347,17.21054931640625,0.9279478352432483,51.92213081913059,-0.6646023127018807,-0.7021228993596839,0.03752058665780311,0.9080471568564864,1.826774193548387,294.9545483870968,24.64,3.52258064516129,0
2022-07-11,15.093161582946776,15.466705368190304,14.9796039530425,15.465708848641963,437321000,-0.043313616063197946,0.04331060282541066,-0.16046103560874503,0.034759765879697216,0.040017990370817526,15.826254224777221,17.14562021255493,0.9230493868742292,44.46132684815943,-0.6641270443179543,-0.6945237283513379,0.03039668403338358,0.8451492492244393,1.889677419354839,294.9723548387097,26.17,3.532258064516129,0
2022-07-12,15.023433685302734,15.371078433295626,14.819229812840817,15.208711284952944,458483000,-0.004619833774444193,0.007885689271481588,-0.1114646979911803,0.0328526657974528,0.03813304085532476,15.732021474838257,17.05206853866577,0.9225872766794074,37.54195423805317,-0.6617486230962513,-0.6879687073003207,0.026220084204069405,0.8866256695867417,1.9106451612903224,294.9782903225806,27.29,3.535483870967742,1
2022-07-13,15.105114936828612,15.315296025509973,14.408829876158077,14.533344477991491,521918000,0.005436922958949486,0.002247245472746906,-0.03086874424842878,0.0325574492298692,0.034078374109523024,15.707965087890624,16.984749374389647,0.9248276051441645,39.74621865100515,-0.6458280095034343,-0.6795405677409434,0.03371255823750907,1.0173874862146215,1.9316129032258065,294.9842258064516,26.82,3.5387096774193547,1
2022-07-14,15.312304496765137,15.412912108666736,14.670805337248709,15.049329768637854,456235000,0.013716516610632556,-0.030647171802370532,-0.029300513736726264,0.02200120229014603,0.03411344104740145,15.684855031967164,16.90193468093872,0.9279916961018595,42.77727399559227,-0.609466788836027,-0.6655258119599602,0.05605902312393318,0.8905169755194935,1.9525806451612904,294.9901612903226,26.4,3.541935483870968,1
2022-07-15,15.700791358947754,15.72071319877249,15.385021980477374,15.59819165141874,385935000,0.02537089451589014,-0.004798747592465569,-0.046287859048141144,0.02625106204641546,0.03308662610716213,15.646753597259522,16.825515327453612,0.9299420132308968,37.35631786080744,-0.5430427575539891,-0.641029201078766,0.09798644352477692,0.766617215501108,1.9735483870967745,294.9960967741935,24.23,3.545161290322581,1
2022-07-18,16.03847885131836,16.83138747265714,15.939864245998464,16.238698571143832,670517000,0.021507673380944503,0.06263215716445147,0.032049217590924384,0.012155421738652515,0.03087214701443669,15.671656513214112,16.741269760131836,0.9361091922988463,42.98759656961509,-0.4578745825706463,-0.6043982773771421,0.14652369480649585,1.3156050643918884,2.036451612903226,295.0139032258065,25.3,3.554838709677419,1
2022-07-19,16.926013946533203,17.043555736438872,16.10919863361357,16.42197842711906,702366000,0.05533785987078743,0.12664083997599973,0.0700248373262744,0.018974423954220113,0.032950416747914844,15.727040338516236,16.70445297241211,0.9414878993337825,59.21528431229016,-0.3151289155714494,-0.5465444050160037,0.23141548944455426,1.3684250825522324,2.05741935483871,295.0198387096774,24.5,3.5580645161290323,1
2022-07-20,17.737850189208984,17.863362252554914,16.73575812116985,16.881191075573774,760538000,0.047963817425665134,0.17429428795416557,0.07491225062933227,0.017921927504364984,0.03326521130629751,15.788849210739135,16.687238998413086,0.9461630658157778,69.34245518977144,-0.1349380640558202,-0.464223136823967,0.3292850727681468,1.442767212557461,2.0783870967741938,295.0257741935484,23.88,3.5612903225806454,1
2022-07-21,17.979909896850586,18.07354475184099,17.476871681207573,17.815551590727683,557049000,0.013646507612791847,0.17421318918057072,0.10330084910611426,0.017940561605956067,0.03309191772544539,15.873021173477174,16.709224967956544,0.949955560710747,75.29310600732879,0.02708446653388563,-0.3659616161523965,0.3930460826862821,1.0448571944657077,2.0993548387096777,295.03170967741937,23.11,3.564516129032258,0
2022-07-22,17.25174331665039,17.897225675841188,17.07044898926769,17.823513641598552,536671000,-0.04049890040482029,0.09878176980033304,0.06742660092476105,0.037857170773108496,0.0345480183641395,15.92750859260559,16.703800392150878,0.9535260371100898,74.06190513227486,0.09562917821601857,-0.2736434572787135,0.36927263549473205,0.9997901389135082,2.120322580645161,295.0376451612903,23.03,3.567741935483871,0
2022-07-25,16.9578914642334,17.05750351772412,16.58434768859962,16.95290981659082,480748000,-0.017033168591917502,0.05732542477614477,-0.005955777715961674,0.04114993465183751,0.03258773564967125,15.922428464889526,16.711719818115235,0.9527701899136599,68.18501517137116,0.1248013352873727,-0.19395449876549625,0.31875583405286895,0.89489204848576,2.183225806451613,295.0554516129032,23.36,3.57741935483871,0
2022-07-26,16.46880340576172,16.853304250961923,16.414016666430314,16.823420056796863,397865000,-0.02884132496680003,-0.027012298478291785,-0.01991799879930134,0.03579882968642854,0.033070899165962744,15.905693864822387,16.71892017364502,0.9513589214867735,61.71318680176836,0.10721920484938607,-0.1337197580425198,0.24093896289190586,0.7426897009706309,2.2041935483870967,295.0613870967742,24.69,3.5806451612903225,1
2022-07-27,17.72092056274414,17.86635353894504,16.84732523587989,16.965862630194085,569776000,0.0760296377418872,-0.0009544350800269052,0.11312727981123882,0.04670830532132122,0.03486341565735414,15.995742845535279,16.720668334960937,0.9566449453512618,64.82052562581934,0.19210614987976982,-0.06855457645806187,0.26066072633783166,1.0529186923300382,2.2251612903225806,295.0673225806452,23.24,3.583870967741936,1
2022-07-28,17.91416358947754,18.069557945364984,17.372277332995978,17.90519966314176,474646000,0.010904796172929387,-0.0036566538848208374,0.15712270327828293,0.0465335073728898,0.03396888683873935,16.117368745803834,16.735085067749022,0.9630885460429706,66.03407013861309,0.27183916991501533,-0.00047582718344642977,0.27231499709846174,0.8777479901685479,2.2461290322580645,295.0732580645161,22.33,3.5870967741935487,1
2022-07-29,18.092472076416016,18.173156925325,17.623300329186787,17.743830767643395,435460000,0.009953492165451161,0.04873297407307242,0.19816633423095809,0.04062009724144729,0.03309594880760553,16.266985654830933,16.73488269805908,0.9720406141070582,74.34118312667226,0.3454342168218787,0.0687061816176186,0.2767280352042601,0.8243854214823338,2.2670967741935484,295.0791935483871,21.33,3.5903225806451613,1
2022-08-01,18.369394302368164,18.772822387172518,17.920145304952133,18.11139921407141,476469000,0.01530593634648314,0.08323575139703099,0.26977927969678817,0.037666487140773065,0.030798688737505495,16.462125158309938,16.764897346496582,0.9819401108203079,76.27095952176214,0.4212482434850173,0.13921459399109834,0.28203364949391896,0.9107402181044572,2.33,295.097,22.84,3.6,1
2022-08-02,18.454057693481445,18.864458441615547,18.021743015572017,18.051627201581734,489527000,0.004608937546861203,0.12054635900415045,0.2380379244756814,0.02968765558882079,0.030548010497716275,16.639533519744873,16.79290050506592,0.9908671533381157,76.28206634662752,0.48259992242973127,0.20789165967882495,0.2747082627509063,0.950402685443284,2.3374193548387097,295.13738709677415,23.93,3.596774193548387,1
2022-08-03,18.81963348388672,18.8943430004141,18.06656870107235,18.11338707008379,418146000,0.019810049176036015,0.062000894211583724,0.24871117491756656,0.0057418099514825035,0.030608961454727517,16.82695288658142,16.836780014038087,0.9994163297585124,76.85738910640583,0.5543305040577238,0.2771794285546047,0.27715107550311907,0.8206548324942385,2.3448387096774197,295.1777741935484,21.95,3.5935483870967744,1
2022-08-04,19.1403865814209,19.19915749432203,18.687153463279184,18.77580856746541,409652000,0.01704353582702911,0.06844991594604055,0.21169141257711788,0.0060651135641694425,0.0294239525837514,16.994151210784914,16.883011322021485,1.0065829422632953,76.61480435149329,0.6297996626401279,0.34770347537170937,0.2820961872684185,0.8106066767227708,2.3522580645161293,295.21816129032254,21.44,3.5903225806451613,0
2022-08-05,18.915264129638672,19.154331957599457,18.5935184165994,18.736958353398983,386068000,-0.011761646026561823,0.04547703872348019,0.19895195860352555,0.01295808464734948,0.02972857566964208,17.151089477539063,16.939559288024903,1.0124873490459518,72.65455270797685,0.6637922304740229,0.4109212263921721,0.2528710040818508,0.7701805116808423,2.359677419354839,295.2585483870968,21.15,3.5870967741935487,0
2022-08-08,17.723907470703125,18.16817666184887,17.175048359813875,17.434038984708703,981859000,-0.06298387644869252,-0.03513925505871596,0.17430051837043448,0.03386707789324128,0.03182053441998612,17.28262677192688,16.955927352905274,1.0192675642105549,55.99643590447811,0.5878230019333692,0.44630158150041155,0.14152142043295768,1.8578347931982129,2.381935483870968,295.3797096774193,21.29,3.57741935483871,0
2022-08-09,17.019651412963867,17.379249624350564,16.65905763199982,17.18500716001782,668263000,-0.03973480785223937,-0.077728503093618,0.13287360063458808,0.035923174305468,0.033509109603853046,17.382437658309936,16.94076202392578,1.0260717690125372,44.51378449109615,0.46542414303561586,0.45012609380745244,0.015298049228163413,1.2398536212669211,2.3893548387096777,295.42009677419355,21.77,3.574193548387097,1
2022-08-10,18.026723861694336,18.04764222098849,17.24975215946494,17.629273135163704,597422000,0.059171155994615754,-0.04213204379730717,0.19341851664712517,0.047914027074508696,0.03549056697210975,17.52851810455322,16.926616668701172,1.0355594651685485,50.320183176503065,0.4445598860425335,0.4490128522544687,-0.004452966211935194,1.1007099631034383,2.3967741935483877,295.4604838709677,19.74,3.570967741935484,0
2022-08-11,17.872325897216797,18.634356491462075,17.80658220790549,18.06059303930121,509327000,-0.008564948665221728,-0.06625052627907613,0.16718720562228162,0.045942255316958634,0.03569954349280998,17.656519174575806,16.912151985168457,1.0440137476330713,54.60596389679913,0.4108303896817347,0.4413763597399219,-0.03054597005818721,0.9338335271917614,2.404193548387097,295.50087096774195,20.2,3.567741935483871,1
2022-08-12,18.636348724365234,18.645314550682865,17.883283911712684,18.089480817540075,478094000,0.04274893103126631,-0.01474551998649598,0.1869687519759653,0.052274141792899,0.0363410432329318,17.80329704284668,16.919978942871094,1.052205626434763,61.644794178416724,0.4406700082065491,0.4412350894332474,-0.0005650812266982941,0.8692252317016111,2.4116129032258065,295.5412580645161,19.53,3.564516129032258,1
2022-08-15,18.95809555053711,19.08958294483549,18.54072386556916,18.628381495120703,457666000,0.017264477657644495,0.06963408502747193,0.18203825476745616,0.03960442238497714,0.03627792874684236,17.949277877807617,16.90890495300293,1.0615281076862355,67.68074074796601,0.4846931597572919,0.4499267034980563,0.03476645625923558,0.8485028938749373,2.433870967741936,295.6624193548387,19.95,3.554838709677419,0
2022-08-16,18.80569076538086,19.067669997846224,18.429158316805072,18.846531923284925,451240000,-0.008039034551228008,0.10493983155592512,0.1110525387007999,0.030249744950062926,0.034755023827246816,18.04326171875,16.912151489257813,1.0668815100320406,59.131298989464355,0.5015030174582868,0.46024196629010244,0.041261051168184404,0.8565284479094833,2.4412903225806453,295.7028064516129,19.69,3.5516129032258066,0
2022-08-17,18.263803482055664,18.61543340601533,18.07454262831436,18.451075096193428,446799000,-0.028815069336498356,0.013151564431799434,0.02965146775039562,0.027618955854283946,0.03409245640773083,18.069559383392335,16.90324565887451,1.0689993950307104,52.77999866544535,0.4657305241957097,0.46133967787122393,0.004390846324485775,0.8741270814977619,2.448709677419355,295.74319354838707,19.9,3.548387096774193,1
2022-08-18,18.700098037719727,18.791739824467463,18.11238907941897,18.229930871079127,415447000,0.023888482817542744,0.046315859797064096,0.0400551585075124,0.028055428787718533,0.03435236593158945,18.10556879043579,16.900277252197267,1.0713178559293646,54.64086271381451,0.4672002957472827,0.46251180144643567,0.004688494300847057,0.8242059805706594,2.4561290322580644,295.7835806451613,19.56,3.545161290322581,0
2022-08-19,17.779687881469727,18.448081715081848,17.700994191090388,18.33452409224492,441588000,-0.04921953641063548,-0.04596720396069354,0.030602389284901665,0.030751607140200945,0.034976846947588076,18.131966018676756,16.884359245300292,1.0738912715164912,45.89910049097892,0.3896045738632168,0.4479303559297919,-0.05832578206657513,0.884408688830492,2.4635483870967745,295.82396774193546,20.6,3.541935483870968,0
2022-08-22,16.967853546142578,17.489818903609883,16.900116815044345,17.42208217251165,409593000,-0.045660775416269006,-0.10498111474800242,0.000587459940417201,0.03019484242511985,0.03635895419088822,18.132464122772216,16.86415798187256,1.0752072022963122,40.614003029252494,0.25960855334261623,0.4102659954123568,-0.15065744206974058,0.8262165242699705,2.4858064516129037,295.945129032258,23.8,3.532258064516129,1
2022-08-23,17.11428451538086,17.397182115122416,16.904103405013966,16.92303062961487,369986000,0.00862990529945784,-0.08994119232853104,0.039194171775304154,0.03286435554504664,0.03571880471606391,18.164738178253174,16.868281898498534,1.0768576365723435,38.92341457951558,0.16648242024329107,0.3615092803785437,-0.1950268601352526,0.7484271309841541,2.493225806451613,295.98551612903225,24.11,3.5290322580645164,1
2022-08-24,17.15512466430664,17.338410181530257,16.829394785860185,16.945939135983163,522661000,0.002386319386538105,-0.06070361076970132,-0.03192813242597625,0.03331247495428124,0.031260648089355365,18.1364483833313,16.89965953826904,1.0731842462424503,36.61875718173027,0.09488101821090922,0.3081836279450168,-0.21330260973410758,1.0623284982296084,2.5006451612903224,296.0259032258064,22.82,3.5258064516129037,1
2022-08-25,17.843441009521484,17.877309377171127,16.767634901441976,16.7785918674599,770691000,0.0401230745146941,-0.04581029609953324,-0.003947858330243026,0.03812756494054982,0.03251152304891873,18.132912254333498,16.941038246154786,1.0703542481199013,43.20018896162104,0.09261021488973142,0.26506894533395975,-0.17245873044422833,1.5207067748307561,2.5080645161290325,296.06629032258064,21.78,3.52258064516129,0
2022-08-26,16.196855545043945,17.854393065362842,16.17394414971314,17.78765381801354,769127000,-0.09227959246195283,-0.0890247538077108,-0.10477377128817311,0.05192199771303734,0.038415851232745206,18.038131427764892,16.935718955993654,1.0650939280839382,40.84116898630365,-0.04157583860956393,0.20373998854525502,-0.24531582715481895,1.469254151891782,2.515483870967742,296.1066774193548,25.56,3.5193548387096776,0
2022-08-29,15.73964023590088,16.27455462835807,15.705772821557588,15.957790614919103,496132000,-0.028228646472244878,-0.07238471895703724,-0.14315954152762989,0.05009990169863799,0.03844977792738455,17.90664372444153,16.939703350067138,1.0570813050495693,42.088401024566956,-0.18270657938983348,0.12645067495823734,-0.30915725434807084,0.9459784114994269,2.537741935483871,296.2278387096774,26.21,3.509677419354839,0
2022-08-30,15.40793514251709,15.976716986717124,15.123045485635457,15.898024237946384,530181000,-0.021074502873782208,-0.09970322576618662,-0.16506519062419223,0.048499908024686275,0.03847121894761595,17.75433759689331,16.931495304107667,1.048598323893225,32.33911383480749,-0.31765777600454115,0.03762898476568163,-0.3552867607702228,1.0069969996036066,2.545161290322581,296.2682258064516,26.21,3.5064516129032257,0
2022-08-31,15.035386085510254,15.479654254742409,14.900910096286848,15.324259904969264,573710000,-0.024179038499377747,-0.12356299474796384,-0.2010797607517978,0.04688812341785267,0.03803666560557028,17.565125226974487,16.90216957092285,1.039223109984184,31.414770510060805,-0.4494877519624225,-0.0597943625799392,-0.3896933893824833,1.0738097007291934,2.5525806451612905,296.3086129032258,25.87,3.503225806451613,0
2022-09-01,13.882882118225098,14.324161764698152,13.218472299157948,14.15382528853648,1178865000,-0.07665276839121782,-0.22196160982531243,-0.27468120567110854,0.033405929333807705,0.04018002707587728,17.3022500038147,16.853897800445555,1.0266022856361032,20.367597548683833,-0.6395886165337963,-0.17575321337071062,-0.4638354031630857,2.05830452933852,2.56,296.349,25.56,3.5,0
2022-09-02,13.59400749206543,14.11597195898287,13.538224239518152,14.04524851105726,743157000,-0.02080797227114972,-0.1607008252768518,-0.2813207683013672,0.023926652014533797,0.040190803624725706,17.036187171936035,16.802538051605225,1.0139055849546783,16.42346407000109,-0.804283410902638,-0.30145925287709613,-0.5028241580255419,1.2583289535353097,2.5773333333333333,296.4042666666667,25.47,3.5033333333333334,0
2022-09-06,13.412713050842283,13.72549385959556,13.299155414870102,13.67767991813969,535751000,-0.013336349956329263,-0.14783865134039464,-0.24324175845462215,0.025714186101022968,0.038612448131779824,16.820627450942993,16.729602432250978,1.0054409552803563,16.364279398341424,-0.9386144056663674,-0.4288902834349504,-0.509724122231417,0.9427505564989398,2.6466666666666665,296.62533333333334,26.91,3.5166666666666666,1
2022-09-07,13.66480827331543,13.788364038467984,13.298128241675064,13.514349880438502,512657000,0.01879524459500126,-0.11313176315180784,-0.1971158549753289,0.03436846075495629,0.038706952570558374,16.652885293960573,16.666828689575194,0.999163404395982,20.240551626490003,-1.0130528663732399,-0.5457228000226083,-0.46733006635063157,0.914634614125448,2.664,296.6806,24.64,3.52,1
2022-09-08,13.939815521240234,13.957751553071784,13.321043803751946,13.410720161896329,624873000,0.020125218182668325,-0.0728661411179744,-0.22671387057403847,0.03940657477680192,0.035907740591966435,16.448539876937865,16.627226181030274,0.9892533906649884,18.540213170721643,-1.0378909355669794,-0.6441564271314826,-0.39373450843549684,1.11211656994477,2.6813333333333333,296.73586666666665,23.61,3.523333333333333,1
2022-09-09,14.335392951965332,14.42208077071564,14.075329495714405,14.106217483223215,486612000,0.028377522652459186,0.03259487690572471,-0.1978999804274082,0.022105238528573014,0.037034094527232636,16.271693229675293,16.60430112838745,0.9799685698217363,25.54056058335236,-1.013967109999193,-0.7181185637050247,-0.29584854629416824,0.8678009385786499,2.6986666666666665,296.79113333333333,22.79,3.526666666666667,1
2022-09-12,14.452969551086426,14.49481871137175,14.147070624316918,14.317457712947265,484159000,0.008201839985486625,0.06318681665596815,-0.22447418403420638,0.016092220878785805,0.035189390933207436,16.062524271011352,16.5913578414917,0.9681259619898114,30.187067712738795,-0.9742888614335872,-0.7693526232507372,-0.20493623818285,0.8629596836972452,2.7506666666666666,296.9569333333333,23.87,3.536666666666666,0
2022-09-13,13.08389663696289,13.872059562410795,13.052011836426038,13.752490135017588,714956000,-0.09472606368430514,-0.024515279841817228,-0.30985174106308344,0.05130774086542507,0.03898856536830427,15.768814325332642,16.563703689575195,0.9520101675845096,23.37644338542424,-1.0413127013030525,-0.8237446388612003,-0.21756806244185223,1.24576490098391,2.768,297.0122,27.27,3.54,0
2022-09-14,13.080907821655272,13.242326402784114,12.866678912295647,13.206455290226598,588507000,-0.00022843464684485504,-0.042730233749447954,-0.30441758375950023,0.04989500592127613,0.03912849909677024,15.482575178146362,16.527204036712646,0.9367933707210365,22.95166163830602,-1.0821958693586193,-0.8754348849606841,-0.20676098439793522,1.0133174326750263,2.785333333333333,297.0674666666667,26.16,3.543333333333333,0
2022-09-15,12.882619857788086,13.185529223484204,12.744118551602249,12.96831179195864,523625000,-0.015158578179025328,-0.0758400038968442,-0.29463652680859354,0.04741828331928075,0.0390348104914018,15.213515996932983,16.483431510925293,0.92295806166631,14.773570998841464,-1.117711968293456,-0.9238903016272385,-0.19382166666621747,0.8956766166524607,2.802666666666666,297.1227333333333,26.27,3.546666666666667,1
2022-09-16,13.15065574645996,13.16460546448062,12.571739597842733,12.6962911946005,670751000,0.020806007755467038,-0.08264420860140775,-0.29676006404169963,0.04579140292414905,0.038872483782669984,14.936043882369995,16.43051622390747,0.909042885739468,23.103340260632606,-1.1114187331113872,-0.9613959879240683,-0.15002274518731884,1.1228230113842281,2.8200000000000003,297.178,26.3,3.55,1
2022-09-19,13.333995819091797,13.414705581325622,12.96333052263512,12.965323203760738,569685000,0.013941515629833923,-0.07742171794103836,-0.2500433130218951,0.04662114411169665,0.0386570091996323,14.713759279251098,16.381666164398194,0.8981845394474031,27.679672591675242,-1.0791969762988352,-0.9849561855990218,-0.09424079069981339,0.9435245835865627,2.872,297.3438,25.76,3.56,0
2022-09-20,13.128732681274414,13.434631523585498,13.010160093203796,13.167593283848127,524818000,-0.015393970464838813,0.003426811259335194,-0.22625848663933912,0.016514524896155004,0.037919064768817956,14.52180323600769,16.342377586364748,0.8885979508957098,28.34473551298575,-1.0580277364989499,-0.9995704957790075,-0.058457240719942405,0.8609993155552698,2.889333333333333,297.39906666666667,27.16,3.563333333333333,1
2022-09-21,13.213430404663086,13.98066875064519,13.06297204241683,13.165603203916463,807679000,0.006451325154138932,0.010130992803758287,-0.22792972193561578,0.01668055373639117,0.037859662674150946,14.326760530471802,16.30617752075195,0.8786093805393044,31.687474347056508,-1.022628340072032,-1.0041820646376123,-0.01844627543441968,1.2791270479214754,2.9066666666666667,297.4543333333333,27.99,3.566666666666667,0
2022-09-22,12.515942573547363,13.101833667672771,12.383420232786191,13.023116575574866,759162000,-0.052786279547026305,-0.028462943740364288,-0.2704254373861631,0.029776844372044312,0.03874499168104363,14.094801425933838,16.254394073486328,0.8671379174278079,34.877648790583294,-1.0388799409083571,-1.0111216398917613,-0.02775830101659582,1.1801884447362936,2.924,297.5096,27.35,3.5700000000000003,0
2022-09-23,12.471102714538574,12.565762199000392,12.213031967666868,12.375447364597502,663309000,-0.003582619426806821,-0.051674459815763574,-0.3010819657551569,0.026193559716802928,0.03665429904949711,13.826184511184692,16.197570037841796,0.8535962171414032,36.86834677037109,-1.04335055777047,-1.0175674234675032,-0.02578313430296686,1.0398554098554944,2.9413333333333336,297.56486666666666,29.92,3.5733333333333333,0
2022-09-26,12.18413543701172,12.613590061867972,12.170185718593244,12.446192490592988,547343000,-0.02301057766065162,-0.08623524393443194,-0.24774686030092252,0.02262270779873493,0.032174230788948904,13.625548505783081,16.127236919403074,0.8448780515768234,35.97910432621599,-1.057855119527595,-1.0256249626795215,-0.0322301568480734,0.8732386231833421,2.993333333333333,297.73066666666665,32.26,3.583333333333333,1
2022-09-27,12.368473052978516,12.690314364148412,12.21402932430884,12.462135725855696,553854000,0.015129314420359474,-0.057908074355132566,-0.21418324258981458,0.027069760770221902,0.03259629245420057,13.456990146636963,16.05383680343628,0.8382413694249422,34.97344247594302,-1.0424587684108673,-1.0289917238257908,-0.013467044585076415,0.8795763326513496,3.010666666666667,297.78593333333333,32.6,3.586666666666667,1
2022-09-28,12.690313339233398,12.77700114543241,12.309683684312091,12.365482557221195,542414000,0.026021020127248384,-0.039589799878544496,-0.17637806611637463,0.03139430416892555,0.033551930183450734,13.321109056472778,15.969122791290284,0.8341791362352253,35.6718765036788,-0.9928423591633475,-1.0217618508933022,0.02891949172995467,0.8605725245672915,3.028,297.8412,30.18,3.59,0
2022-09-29,12.176165580749512,12.455160919270222,11.903148286154517,12.403347404233896,532763000,-0.04051497742725918,-0.027147535297579184,-0.19016608476161445,0.02718001561030956,0.03413214747373117,13.178148031234741,15.857889099121094,0.8310152725160076,25.895474241182143,-0.9836692972198353,-1.0141433401586089,0.030474042938773538,0.8480151914772375,3.045333333333333,297.8964666666667,31.84,3.5933333333333333,0
2022-09-30,12.09545612335205,12.587684528904116,12.03168556856468,12.043642606978148,565638000,-0.006628478962626971,-0.030121361341094666,-0.12875035454825046,0.027169070373715885,0.030302957098968537,13.08877673149109,15.740200023651123,0.8315508514392433,23.463477974113033,-0.9717108800796197,-1.0056568481428112,0.0339459680631915,0.9465387932257074,3.062666666666667,297.9517333333333,31.62,3.5966666666666667,1
2022-10-03,12.467116355895996,12.632521236553906,12.061575828714862,12.302708290891008,547478000,0.030727260613711005,0.023225358938859575,-0.08289616853802528,0.029211294019831153,0.0311928139354051,13.032432174682617,15.644507484436035,0.8330356316840242,41.047152366505536,-0.9216200118599378,-0.9888494808862366,0.06722946902629878,0.9313991436227558,3.1251612903225805,298.05725806451613,30.1,3.6,1
2022-10-04,13.119766235351562,13.172576558568696,12.832799262641858,12.832799262641858,584182000,0.05234970628528002,0.06074259766383405,-0.021840981342124866,0.036330005289897126,0.03351209163338605,13.017784833908081,15.567744979858398,0.8362023434190716,50.47454688261389,-0.8198089992314213,-0.9550413845552735,0.1352323853238523,0.9897644662422228,3.147741935483871,298.0823870967742,29.07,3.6,1
2022-10-05,13.161614418029783,13.273213099308617,12.575724429638688,12.864684062084224,507131000,0.003189704902322177,0.03713864789605381,-0.036824069918952373,0.03561637770326114,0.03321822057349506,12.9926251411438,15.50160120010376,0.8381472967487277,53.54249548752525,-0.7273616670811158,-0.909505441060442,0.18214377397932613,0.8596213608698205,3.1703225806451614,298.10751612903226,28.55,3.6,0
2022-10-06,13.082901000976562,13.60701418955063,13.055997427970787,13.172578310658013,644157000,-0.005980529025785275,0.07446805927644395,-0.061472443373298824,0.02592992327145071,0.03284131940170465,12.949779415130616,15.408840808868408,0.8404123045828014,49.09624254882857,-0.652921532231634,-0.8581886592946804,0.2052671270630464,1.0901080475465728,3.192903225806452,298.1326451612903,30.52,3.6,0
2022-10-07,12.032681465148926,12.624550545260242,11.978875271525473,12.460142467451544,672478000,-0.08027420950057207,-0.005189937242790599,-0.1606312079851786,0.05043447709709919,0.03624990063460587,12.834643840789795,15.291211166381835,0.8393477600392523,35.90242043781079,-0.6709369846266178,-0.8207383243610679,0.1498013397344501,1.1204148852945026,3.215483870967742,298.1577741935484,31.36,3.6,0
2022-10-10,11.628138542175291,12.080509516858074,11.36707828047822,11.993821701559334,698699000,-0.03362034673196823,-0.06729525816320248,-0.19544986924149388,0.04881826842136015,0.036467262169980565,12.693402290344238,15.161924495697022,0.8371893880586627,34.4164123521676,-0.709676880106322,-0.7985260355101187,0.08884915540379668,1.1436618625543014,3.283225806451613,298.2331612903226,32.45,3.6,0
2022-10-11,11.544440269470217,11.803506900585395,11.242526713057345,11.519529376884742,667482000,-0.0071979081089806884,-0.12007271605469527,-0.11766038896574638,0.03392128173830296,0.030558347809093046,12.616429471969605,15.025425415039063,0.839672030805978,32.6640305054531,-0.7386179495428902,-0.786544418316673,0.047926468773782815,1.0968260612899927,3.305806451612903,298.25829032258065,33.63,3.6,0
2022-10-12,11.458747863769531,11.692904543242312,11.304304136894013,11.537464950855002,492590000,-0.007422828972254547,-0.12938128258244186,-0.12400973846786656,0.03201220930553489,0.030531790998646127,12.535321474075317,14.885519218444824,0.8421151650889445,37.41994113904814,-0.7597111394474609,-0.7811777625428307,0.02146662309536973,0.8158679770949442,3.3283870967741933,298.2834193548387,33.57,3.6,1
2022-10-13,11.917097091674805,12.034673832144149,10.774211301684586,10.931644516028966,850103000,0.03999994007674168,-0.08910897584677413,-0.0749477029340101,0.043915220456078,0.0321246819484808,12.487045335769654,14.747468490600586,0.8467246662522704,43.99826183012426,-0.7310159949591952,-0.7711454090261036,0.0401294140669084,1.3709441499869857,3.350967741935484,298.3085483870968,31.94,3.6,0
2022-10-14,11.186726570129396,12.067555297007958,11.163809311742796,12.013749105457425,713432000,-0.06128762029266677,-0.0703047693458625,-0.14934077921241573,0.03750517893328806,0.03405695946122698,12.388848876953125,14.588395290374756,0.84922629462386,40.14180372757922,-0.7584665530479757,-0.7686096378304781,0.010143084782502365,1.1465915142372909,3.373548387096774,298.33367741935484,32.02,3.6,1
2022-10-17,11.845355987548828,11.905141179135784,11.475687466268546,11.476683331813856,580774000,0.058875973529029624,0.01868032829035271,-0.11164244025121961,0.04696795292940677,0.03690830565035449,12.314416885375977,14.44699712753296,0.8523859163720099,45.27281489374243,-0.7187896686447814,-0.7586456439933388,0.03985597534855734,0.9325593557730305,3.4412903225806453,298.40906451612904,31.37,3.6,1
2022-10-18,11.924073219299316,12.4471896133386,11.57632513891476,12.29972073933894,659362000,0.0066454087013705365,0.03288448300374136,-0.09175748270762729,0.0465048374854851,0.03691844115048631,12.254183912277222,14.331000442504882,0.855082236682657,42.7575842635354,-0.673233018005261,-0.7415631187957232,0.0683301007904622,1.0474351530536463,3.4638709677419355,298.4341935483871,30.5,3.6,1
2022-10-19,12.007769584655762,12.305697731615243,11.791548012253855,11.836386661619713,523131000,0.0070191086399051805,0.04791288955943762,-0.09124510313247958,0.04580012851833582,0.036927236195796236,12.193900871276856,14.23076280593872,0.8568690967281213,48.267351603908665,-0.6231916811737239,-0.7178888312713234,0.09469715009759949,0.8502405675779299,3.4864516129032257,298.4593225806452,30.76,3.6,1
2022-10-20,12.15025806427002,12.72319524071747,12.061576624677793,12.069548299667495,652398000,0.01186635691247262,0.019565249053655753,-0.02921749657514594,0.042865757585345506,0.035233524132793785,12.175616645812989,14.113233489990234,0.8627092192904273,50.556785881218495,-0.5655170037305126,-0.6874144657631613,0.12189746203264873,1.0696173155244675,3.509032258064516,298.48445161290323,29.98,3.6,1
2022-10-21,12.42128086090088,12.453166608425771,11.844358361540095,12.054600941010673,609494000,0.022305929240124645,0.11035885100365017,-0.00399498382605834,0.021912617093524715,0.03560281247059475,12.173125553131104,14.004212589263917,0.8692474122010556,49.52459105255476,-0.49226560026193944,-0.648384692662917,0.15611909240097754,1.0037033642837658,3.531612903225806,298.5095806451613,29.69,3.6,1
2022-10-24,12.55380630493164,12.664408199415522,12.020725546952368,12.463133124887891,517457000,0.010669225300904195,0.059808275760348195,0.030340344608856817,0.006344988888900268,0.03523132783751151,12.191609096527099,13.882561740875245,0.8781959211915928,43.419857471566154,-0.418693204855197,-0.6024463951013731,0.1837531902461761,0.8542406502607467,3.599354838709677,298.5849677419355,29.85,3.6,1
2022-10-25,13.213430404663086,13.252291014913888,12.618571815177775,12.64846488467942,505482000,0.05254375316212401,0.10813059947308301,0.06831541355713999,0.018589355325333786,0.036913111826039666,12.233856964111329,13.767668437957763,0.8885932298007931,50.52676829931587,-0.3036599958843844,-0.5426891152579754,0.23902911937359095,0.8378169739807544,3.621935483870968,298.61009677419355,28.46,3.6,0
2022-10-26,12.849738121032717,13.33997279819463,12.662412806623726,12.822835502603272,532953000,-0.027524440852393695,0.07011864530219425,0.012562714374154904,0.028699003359806578,0.03717006956835045,12.241828203201294,13.648549385070801,0.8969325499596154,47.759457758884096,-0.23908623944888419,-0.4819685400961572,0.242882300647273,0.8840422440264659,3.644516129032258,298.6352258064516,27.28,3.6,1
2022-10-27,13.128732681274414,13.788358507447876,13.074926497155785,13.58110449439647,583113000,0.021712081414720252,0.08053117981763469,0.0782321079824102,0.02885574206490814,0.03607508927676309,12.289456558227538,13.545847969055176,0.9072489656094028,62.36507589833746,-0.1635136592086397,-0.4182775639186537,0.25476390471001403,0.963223394623546,3.667096774193548,298.6603548387097,27.39,3.6,1
2022-10-28,13.78437328338623,13.800316631997058,13.014146482029869,13.056992449696669,521040000,0.04993936719017511,0.10973847526272662,0.1396323663043577,0.032761461947252664,0.037359716796997636,12.373902416229248,13.447533473968505,0.9201614883638272,73.02124167367533,-0.05013915475840314,-0.34464988208660363,0.2945107273282005,0.863869293511961,3.6896774193548394,298.68548387096774,25.75,3.6,0
2022-10-31,13.44858169555664,13.788358974689332,13.249299349428489,13.728573795724296,486341000,-0.02436030865721739,0.07127522672334807,0.07872432659188955,0.03883123759312349,0.03756605532561416,12.42297568321228,13.360911350250245,0.9298000231832692,69.29129430533787,0.012471616989801149,-0.27322558227132265,0.2856971992611238,0.8104468338454927,3.7574193548387096,298.76087096774194,25.88,3.6,1
2022-11-01,13.494420051574709,13.875049746891053,13.470505974860512,13.76145835762532,432817000,0.0034084156274420963,0.02126545781877054,0.028556439916866072,0.032482974253574305,0.03583742283120999,12.441708374023438,13.291442680358887,0.9360690688911352,70.79176471344564,0.0650401347427998,-0.2055724388684982,0.270612573611298,0.7304660740695236,3.78,298.786,25.81,3.6,0
2022-11-02,13.171581268310549,14.159026573083835,13.163610543300283,13.800318290781895,672628000,-0.023923872388016187,0.02504666976450154,0.0007572665452888483,0.03162025078051139,0.03630089598845634,12.442206716537475,13.21258861541748,0.9416933410019999,63.17771322714138,0.07973157608669368,-0.1485116358774598,0.22824321196415348,1.119560356996058,3.790666666666666,298.78753333333333,25.86,3.5966666666666667,1
2022-11-03,13.37285614013672,13.731565367636188,12.909524971705448,12.996212781616933,500065000,0.01528099532820848,0.018594594374710782,0.02216290860402559,0.030911414931790004,0.0364070617781575,12.456704473495483,13.136943244934082,0.9482194024320753,75.83604224161232,0.10638945778571873,-0.0975314171448241,0.20392087493054284,0.8424389852321953,3.801333333333333,298.78906666666666,25.3,3.5933333333333333,1
2022-11-04,14.105217933654783,14.177956013160443,13.64786393146218,13.935827703250586,612576000,0.05476480011775364,0.023275969365633475,0.1722422782077866,0.03272376687071956,0.03273456949573138,12.560331296920776,13.062178783416748,0.9615801088917035,76.24994931986708,0.18448487047687223,-0.041128159620484835,0.22561303009735706,1.0372151493865909,3.812,298.7906,24.55,3.59,1
2022-11-07,14.249699592590332,14.360301478064772,13.903945167549931,14.1769615012651,410061000,0.010243135527230551,0.059568950478873006,0.2254497605877872,0.028315231320022848,0.031198469525981033,12.691409349441528,13.023235664367675,0.9745204399676155,76.60734322852589,0.25509394585680134,0.018116261474972396,0.23697768438182895,0.7117076455275525,3.844,298.7952,24.35,3.58,1
2022-11-08,14.549619674682615,14.837582527688992,14.165003709961418,14.747905225291545,595292000,0.021047467011040544,0.07819525545188366,0.2603139983460028,0.02808211926372983,0.030985259855519733,12.841668319702148,12.99943525314331,0.9878635548107357,77.71015632456275,0.3314326417104674,0.0807795375220714,0.250653104188396,1.0397106516058838,3.854666666666666,298.7967333333333,25.54,3.5766666666666667,0
2022-11-09,13.726582527160645,14.160022506058544,13.70964331218987,14.111197542274558,454414000,-0.0565676056092459,0.04213626652293989,0.1979129561408357,0.04055753596247107,0.03437717287612151,12.955060052871705,12.965808200836182,0.9991710391054693,64.96403336220709,0.3218097661044865,0.12898558323855444,0.1928241828659321,0.7963141464161754,3.865333333333333,298.7982666666667,26.09,3.5733333333333333,1
2022-11-10,15.69350242614746,15.716419686091069,14.49481769622729,14.746910406367014,700819000,0.14329276024056914,0.1735340799072571,0.3168897010254974,0.07298833121014392,0.045226529202138,13.143880319595336,12.978970527648926,1.0127059223684272,73.49740925191063,0.4675084194251955,0.19669015047588267,0.2708182689493128,1.2443906943478087,3.876,298.7998,23.53,3.5700000000000003,1
2022-11-11,16.268430709838867,16.330208574296904,15.426462616385566,15.750296571579392,655487000,0.036634797515531003,0.15336259151464082,0.4542619422985228,0.07217924980708625,0.04172075897461266,13.39796552658081,13.026681499481201,1.0285018120013447,75.08070118141947,0.6221952796213586,0.28179117630497785,0.3404041033163807,1.169916678148914,3.8866666666666654,298.80133333333333,22.52,3.566666666666667,0
2022-11-14,16.236541748046875,16.480663646536875,15.86487974146261,16.159818320109054,527852000,-0.001960174423751071,0.13943045904558415,0.3707094801636872,0.07325198320798376,0.04092380388625688,13.617524814605712,13.07953218460083,1.0411324061450982,72.3021968419711,0.7337542953059266,0.3721838001051676,0.361570495200759,0.9465835519783315,3.9186666666666654,298.8059333333333,23.73,3.556666666666666,1
2022-11-15,16.606212615966797,16.937020425655504,16.323231044656243,16.662011477829804,545876000,0.022767832809248878,0.14135028868574495,0.3926627512727243,0.07321231802095912,0.04087508325679792,13.851631784439087,13.14340217590332,1.0538848008344606,77.68796392350067,0.8422856241771246,0.46620416491955907,0.37608145925756553,0.9889688617824904,3.929333333333333,298.80746666666664,24.54,3.553333333333333,0
2022-11-16,15.852928161621094,16.303306431643236,15.816061182952083,16.1040250035794,649547000,-0.045361604826221646,0.15490713950490376,0.3202225483972396,0.07004752564284587,0.04319162904114613,14.043889713287353,13.187164573669433,1.0649665919335327,68.76716393121237,0.8576275279412009,0.5444888375238874,0.31313869041731346,1.1634672289595147,3.94,298.809,24.11,3.55,0
2022-11-17,15.620760917663574,16.207648658807763,15.479270125902907,15.658624704205335,710894000,-0.014645070083619038,-0.004635135389706724,0.2856320281459026,0.03215261696170615,0.04369159118844513,14.217414855957031,13.2207834815979,1.0753836847677256,63.43487769019614,0.841353541025379,0.6038617782241857,0.23749176280119322,1.2667156560177788,3.9506666666666654,298.8105333333333,23.93,3.546666666666667,0
2022-11-18,15.353724479675291,15.94459765168975,15.065760685221573,15.908725591523805,492072000,-0.017094969918291514,-0.056225842951796,0.23608222466050321,0.024762901583580833,0.04416004852709443,14.364037036895752,13.2411501121521,1.0848028241680547,64.07952754162956,0.7977131398013757,0.6426320505396238,0.1550810892617519,0.8860745133650725,3.961333333333333,298.8120666666667,23.12,3.543333333333333,0
2022-11-21,15.262055397033691,15.421481294578124,15.025905097362354,15.092665143329404,404739000,-0.005970478548247282,-0.06001809782741496,0.2157313109919612,0.024449389560046848,0.044333789685810074,14.499449491500854,13.257331829071045,1.0936928846954,62.97541398816132,0.7471185608561619,0.6635293526029314,0.08358920825323046,0.7362861499492271,3.993333333333333,298.81666666666666,22.36,3.533333333333333,1
2022-11-22,15.98046875,16.000397462317586,15.067754251325974,15.273015617031902,472866000,0.04707186117971629,-0.03768131123198715,0.209411050771525,0.033751274864972015,0.044078191841157306,14.6378014087677,13.315263271331787,1.0993249709364277,69.48707077700253,0.7562740891458972,0.6820782999115247,0.07419578923437253,0.862779857996915,4.004,298.8182,21.29,3.53,1
2022-11-23,16.45974349975586,16.46771612556409,15.99043426388969,16.040254147784076,427241000,0.029991282311782053,0.03827780785658419,0.2809399961867092,0.028930407878343244,0.043341157514953745,14.818301677703857,13.3828399848938,1.1072613656316872,70.62034123584087,0.7930614592776859,0.704274931784757,0.08878652749292892,0.7871245995206223,4.014666666666666,298.8197333333333,20.35,3.526666666666667,0
2022-11-25,16.211633682250977,16.427854276789194,16.113985671814362,16.259461822201303,167934000,-0.015073735353686613,0.03782611920775625,0.23482091347428535,0.029014325386111747,0.04374465653019397,14.972446727752686,13.449420261383057,1.113241049559783,65.04410306512591,0.7930534993318012,0.7220306452941658,0.07102285403763542,0.3216953571747725,4.036,298.8228,20.5,3.52,0
2022-11-28,15.770227432250977,16.298326980170884,15.66859402589587,15.96851301643198,303741000,-0.02722774636113734,0.027127160782846937,0.14406561024128806,0.03143908780007546,0.04357621564283963,15.071739435195923,13.501811695098876,1.116275339602531,60.417818565355084,0.7487977216040385,0.7273840605561405,0.02141366104789799,0.594215427522057,4.068,298.8274,22.21,3.51,0
2022-11-29,15.58289909362793,15.874848252781751,15.464326492119582,15.770224418844656,298384000,-0.01187860729515866,0.02102231241124941,0.15870204356021111,0.032094311309945174,0.043181753791172145,15.178455305099487,13.546789760589599,1.1204466573517469,57.19039680601422,0.6906475129345306,0.7200367510318185,-0.029389238097287884,0.5946685227803241,4.078666666666666,298.82893333333334,21.89,3.506666666666667,1
2022-11-30,16.866605758666992,16.873582401297774,15.545024337202593,15.644690524714274,565298000,0.0823791938410221,0.05545125255897099,0.24989482276407804,0.045050675195071783,0.046220338481928705,15.347064590454101,13.621547222137451,1.1266755780512492,70.53428955994275,0.7396215561973261,0.7239537120649201,0.01566784413240596,1.1119392166593594,4.089333333333333,298.83046666666667,20.58,3.5033333333333334,1
2022-12-01,17.07790184020996,17.20746780911725,16.57956797350174,16.942355347832123,470977000,0.012527480903168353,0.03755576995858223,0.29657187640011085,0.04393520052092284,0.045433380701492596,15.542380619049073,13.698836650848389,1.1345766808662918,61.751756957480396,0.7864183253018346,0.7364466347123031,0.04997169058953155,0.9451547666171489,4.1,298.832,19.84,3.5,0
2022-12-02,16.81976318359375,16.876574351409886,16.390199657775565,16.60348724039677,371389000,-0.015115361303249975,0.03751191972765655,0.2577539911695923,0.043940703782618024,0.045894724828312,15.714725971221924,13.784913063049316,1.1399945650252596,54.94611339526677,0.7935281709351081,0.7478629419568642,0.04566522897824388,0.755050669080298,4.10741935483871,298.8832258064516,19.06,3.5,0
2022-12-05,16.554651260375977,16.93836855658918,16.41711062983356,16.623421575647185,352255000,-0.01576192960174183,0.04974080630700417,0.17365441202272325,0.04188479002041587,0.045179571262488706,15.837197637557983,13.866584033966065,1.1421124048118065,52.73919978662028,0.7689069772465356,0.7520717490147986,0.016835228231737,0.7356164231944867,4.129677419354838,299.03690322580644,20.75,3.5,0
2022-12-06,15.933727264404297,16.51777403742583,15.766286867339783,16.474918055552177,352694000,-0.03750752499739329,0.022513665054779475,0.11817987185425571,0.04660019999935395,0.04635488288090064,15.921399021148682,13.941575870513915,1.1420085626634249,44.44948736912666,0.6913219970170488,0.7399217986152486,-0.04859980159819988,0.7409716053043713,4.137096774193548,299.08812903225805,22.17,3.5,1
2022-12-07,16.066286087036133,16.132066147916248,15.6147945458631,15.719445161170468,372388000,0.008319385692509673,-0.04744995425173859,0.1042409661740249,0.020358693688144077,0.04623297949950153,15.997232341766358,14.015532131195068,1.1413931481174746,51.962041346678696,0.6332322234629579,0.7185838835847905,-0.0853516601218326,0.8011042859922596,4.144516129032258,299.13935483870966,22.68,3.5,1
2022-12-08,17.111791610717773,17.121758517727503,15.905822476444316,16.218777273371813,515456000,0.06507449935957865,0.001984422373714434,0.24661703500189147,0.03931479204440541,0.04557347275606673,16.166492795944215,14.103961696624756,1.1462377127564838,61.92733010146468,0.6639061210181154,0.7076483310714556,-0.043742210053340225,1.1016478146987752,4.151935483870967,299.1905806451613,22.29,3.5,0
2022-12-09,16.94434928894043,17.5244106979877,16.918436852955416,17.102819869864998,465338000,-0.009785201081601969,0.0074071260092534175,0.07970476116974967,0.03883788655684546,0.033665631764361256,16.229035139083862,14.199325370788575,1.1429440987718253,62.93004712953577,0.6670152729663457,0.6995217194504337,-0.03250644648408807,1.020206462577726,4.159354838709677,299.2418064516129,22.83,3.5,1
2022-12-12,17.47657012939453,17.479560391399467,16.74103030994318,16.98023035941477,457328000,0.031409930908440575,0.055689416498020394,0.07426281250501954,0.039152094147818735,0.03342146160981015,16.289442110061646,14.306947650909423,1.1385686526242518,66.79842057357584,0.704306267913962,0.7004786291431394,0.0038276387708225945,1.0249085947543715,4.181612903225807,299.3954838709677,25.0,3.5,1
2022-12-13,18.01177978515625,18.72738762856205,17.651982672461422,18.469249909930564,656589000,0.030624410384822998,0.13041848189496075,0.10933596973154214,0.028137417778704956,0.0339008619666638,16.378204011917113,14.41784091949463,1.1359678680995737,65.84922732576136,0.7681913644959195,0.7140211762136954,0.054170188282224085,1.4505436094928028,4.189032258064516,299.44670967741934,22.55,3.5,0
2022-12-14,17.615108489990234,18.19118356291585,17.361955128916474,17.927065273167447,496888000,-0.022022881686179496,0.0964020181492875,0.060754122409187206,0.03508361200499572,0.03419477345344688,16.428648805618288,14.507747764587402,1.1324051859875657,59.13241017810601,0.7778461788475042,0.7267861767404572,0.051060002107046976,1.1037028135661213,4.196451612903226,299.49793548387095,21.14,3.5,0
2022-12-15,16.895509719848633,17.262283446585172,16.64435056625301,17.088863487866476,478542000,-0.040851225557339776,-0.012639348105061954,0.06576586657041439,0.032215836143552716,0.03386890122537567,16.48077788352966,14.58242567062378,1.13018082558995,55.03063153263173,0.719142257671809,0.7252573929267276,-0.006115135254918691,1.0835306140724574,4.203870967741936,299.54916129032256,22.83,3.5,0
2022-12-16,16.515783309936523,16.984218450652993,16.355320473806252,16.807808182556165,478232000,-0.022474989876512086,-0.02529256046932593,0.057296977848299235,0.03344651633761033,0.03413659313061387,16.525529003143312,14.651083316802978,1.127939050362957,55.534574987752414,0.6346622382087226,0.7071383619831266,-0.07247612377440404,1.112122051762771,4.211290322580645,299.60038709677417,22.62,3.5,0
2022-12-19,16.199832916259766,16.553649415100338,16.09119690622741,16.516773965424804,354039000,-0.019130209433461776,-0.07305422080430823,0.05510769961415707,0.026794894121915235,0.03420365794430509,16.567834424972535,14.734426345825195,1.124430231358604,54.49394163798769,0.5360375506641866,0.6729181997193386,-0.13688064905515207,0.836742367753138,4.233548387096774,299.75406451612906,22.42,3.5,0
2022-12-20,16.031396865844727,16.255647448102433,15.799174471467346,16.01046693823351,403260000,-0.010397394299417773,-0.10994931888649806,0.050408771872271,0.011109619240384368,0.03428056875713046,16.606301498413085,14.822491512298583,1.120344814138327,42.73578626831523,0.43922231223391606,0.6261790222222542,-0.18695670998833813,0.9532387981853809,4.240967741935484,299.8052903225807,21.48,3.5,1
2022-12-21,16.446012496948242,16.571593975514052,16.04834193364069,16.060302979691098,325025000,0.02586272640950349,-0.06636893515054587,0.029132045763566428,0.024593382424155163,0.033155326327279404,16.6295786857605,14.920522956848144,1.114543956257776,44.691888150431645,0.3914392861759026,0.5792310750129839,-0.18779178883708125,0.7819681900561025,4.248387096774193,299.8565161290323,20.07,3.5,0
2022-12-22,15.287885665893556,16.084223899243984,14.832408745526728,16.040369896727526,565045000,-0.07041991675912873,-0.09515096499672093,-0.0711953885478036,0.03443211730778419,0.03615232974796585,16.570985794067383,14.997105712890624,1.1049455882560022,38.82183665680996,0.25715540987907204,0.5148159419862015,-0.25766053210712947,1.3372576945951402,4.255806451612903,299.9077419354839,21.97,3.5,0
2022-12-23,15.155329704284668,15.287885933378956,14.833406075775102,15.145362798947778,349326000,-0.008670653647326332,-0.08237293866851325,-0.06515715804279398,0.0346677206625993,0.03606871154704511,16.518170595169067,15.061870365142822,1.0966878743955009,39.587672409302876,0.1384424339639878,0.4395412403817588,-0.301098806417771,0.8093562308724758,4.263225806451613,299.9589677419355,20.87,3.5,0
2022-12-27,14.073946952819824,15.049684866029647,14.009163010503425,15.023771479202397,464902000,-0.07135329765601328,-0.13122888207730776,-0.1075622077562538,0.04259866015910246,0.03888429748561148,16.43335657119751,15.11961477279663,1.0868898988593663,37.04888589474758,-0.04240815051897151,0.34315136220161274,-0.38555951272058425,1.0573939071037164,4.292903225806452,300.163870967742,21.65,3.5,0
2022-12-28,13.989229202270508,14.214475953122395,13.837735273982746,13.880592209011148,351066000,-0.006019473487665961,-0.12738550986315522,-0.10227043644331213,0.04306752994078444,0.038851475249860094,16.35367307662964,15.162492237091065,1.078561018921722,35.43879532726126,-0.1903750312771475,0.2364460835058607,-0.4268211147830082,0.7937249188534934,4.300322580645162,300.2150967741936,22.14,3.5,1
2022-12-29,14.554338455200195,14.634071797044276,14.179591938632296,14.354008980352376,354923000,0.04039602502459316,-0.11502326427753051,-0.13709144190310052,0.047694828082273204,0.03482658409239933,16.238059711456298,15.215097541809081,1.0672333625753139,30.776128048081105,-0.2590540426770289,0.13734605826928278,-0.39640010094631173,0.8219937278693863,4.307741935483871,300.2663225806452,21.44,3.5,1
2022-12-30,14.565301895141602,14.580251302126824,14.185570989377842,14.28623425846336,310490000,0.0007532764182414109,-0.047265121321779624,-0.14712579850719343,0.040099928874743396,0.03458195945676254,16.112429714202882,15.2662481880188,1.0554282568816207,31.686351089446177,-0.3090356257137792,0.0480697214726704,-0.3571053471864496,0.7327046344175784,4.315161290322581,300.3175483870968,21.67,3.5,0
2023-01-03,14.267297744750977,14.9460291574028,14.049027654749226,14.801511884285,401277000,-0.02045986774156927,-0.05859535733377219,-0.15175394629411232,0.04042257862224581,0.034665642613752434,15.984806442260743,15.308588981628418,1.0441724225167872,24.37120784938051,-0.3684456229878226,-0.0352333474194282,-0.3332122755683944,0.943619112521565,4.345483870967742,300.48645161290324,22.9,3.5064516129032257,1
2023-01-04,14.69985294342041,14.803506485615852,14.193546280154266,14.518460195074866,431324000,0.0303179485287306,0.044472669443675894,-0.11204091755137591,0.02550314749501605,0.035614399725962816,15.892066526412965,15.354160423278808,1.0350332475567094,23.110553281306494,-0.3762872788159317,-0.1034441336987289,-0.2728431451172028,1.0049332885375015,4.353225806451613,300.5196774193549,22.01,3.509677419354839,0
2023-01-05,14.217464447021484,14.51546786308668,14.1008537534333,14.442711169863427,389168000,-0.03281587225774529,0.01631506936164384,-0.10771257653047173,0.03154713029407612,0.035406049715692174,15.806253385543823,15.387433586120606,1.0272183010298086,22.793299860739594,-0.41662398575791393,-0.16608010411056592,-0.250543881647348,0.9028785215331729,4.360967741935484,300.55290322580646,22.46,3.5129032258064514,1
2023-01-06,14.80948543548584,14.959982279736408,13.987234779976571,14.42576814608272,405044000,0.0416404057608446,0.01753064772205315,-0.07822595992264847,0.03191240241188923,0.03682537710628431,15.743413352966309,15.41935468673706,1.0210163572220041,32.94771434331446,-0.39625222162404583,-0.21211452761326194,-0.1841376940107839,0.936164882098797,4.368709677419355,300.5861290322581,21.13,3.5161290322580645,1
2023-01-09,15.575922966003418,16.002496236779955,15.090545335630782,15.233069416455065,504231000,0.05175315063149144,0.06938552171025836,-0.0897549876514615,0.038192729213886646,0.03562219222411517,15.666619920730591,15.473878383636475,1.0124559294260669,42.773934118346126,-0.3146354271003915,-0.23261870751068786,-0.08201671958970363,1.166926269813471,4.391935483870967,300.6858064516129,21.97,3.5258064516129037,1
2023-01-10,15.855986595153809,15.908809480593666,15.42044254309106,15.45532575998462,384101000,0.017980547911136124,0.11135176953795045,-0.06423160165241604,0.03301843057721447,0.035927970564371116,15.61220178604126,15.528423461914063,1.0053951596781654,47.34168670022739,-0.22476379798752077,-0.23104772560605447,0.006283927618533691,0.8973483786562003,4.399677419354839,300.71903225806454,20.58,3.5290322580645164,1
2023-01-11,15.947680473327637,15.974590928995806,15.511140262906103,15.787217661590548,353285000,0.005782918497285738,0.08488707572178456,-0.0874822487906477,0.03325375835449795,0.035094992841685484,15.535757303237915,15.57168960571289,0.9976924596248186,49.34500729510688,-0.14447553078849928,-0.21373328664254343,0.06925775585404415,0.8355094039003368,4.4074193548387095,300.7522580645161,21.09,3.532258064516129,1
2023-01-12,16.455978393554688,16.581557963434708,15.440374057820266,16.046348710283624,551409000,0.03187284326878603,0.15744818317461418,-0.08637688280442557,0.018323156002991763,0.03516082090932366,15.457967233657836,15.631837539672851,0.9888771677946536,50.07684614592679,-0.03937719070518675,-0.1788620674550721,0.13948487674988536,1.320490728876714,4.4151612903225805,300.78548387096777,18.83,3.535483870967742,1
2023-01-13,16.84268569946289,16.865609768709138,16.111132436686006,16.223754839739726,447287000,0.023499502530926142,0.13729040572234785,-0.04385001607945094,0.017152634552801103,0.03539939624678839,15.41934609413147,15.698802852630616,0.9821988491019035,63.60780434320999,0.07426200260296412,-0.12823725344346484,0.20249925604642896,1.0775434667602026,4.422903225806452,300.8187096774193,18.35,3.5387096774193547,1
2023-01-17,17.643014907836914,17.66892924665794,16.842691082523842,16.842691082523842,511102000,0.04751790911823206,0.1327107193804955,0.04424283140212815,0.015609017174166634,0.03576028765992015,15.456721353530884,15.788231525421143,0.9790027039218114,69.49391379183301,0.22629319344000898,-0.05733116406677008,0.28362435750677906,1.226467796167657,4.453870967741936,300.9516129032258,19.36,3.5516129032258066,0
2023-01-18,17.319093704223633,17.813439222153065,17.224409065517293,17.608126319924487,439624000,-0.018359742102207144,0.09227474432382565,0.0486389521594055,0.02532427464659923,0.0356188729353752,15.49688687324524,15.86715627670288,0.9766644131436902,78.85493142128462,0.31698724188802707,0.01753251712418935,0.2994547247638377,1.0598549071303416,4.461612903225807,300.98483870967743,20.34,3.554838709677419,0
2023-01-19,16.70913314819336,17.139694698743703,16.675247952454153,16.979229999863364,452932000,-0.03521896505944311,0.04774692320549345,0.03143861017371408,0.03506132600779578,0.036319472740999115,15.52235188484192,15.919234580993653,0.9750689837421216,72.11860489644988,0.3357736201980135,0.08118073773895418,0.2545928824590593,1.0790748248235429,4.469354838709678,301.018064516129,20.52,3.5580645161290323,1
2023-01-20,17.779556274414062,17.796499823469546,16.768935260471654,16.954314377855656,564967000,0.06406215790652436,0.080431430402083,0.1090459816570215,0.04231759651000297,0.03870027546414803,15.609759855270386,15.989831714630126,0.976230402787042,74.23603048883615,0.432055691675604,0.15135572852628415,0.28069996314931983,1.3205519808969246,4.477096774193549,301.05129032258066,19.85,3.5612903225806454,1
2023-01-23,19.12904357910156,19.180870344101777,17.75862551866824,18.00380415598392,655163000,0.07590106771278071,0.13574782077133807,0.16314173923017417,0.05028510577279283,0.041569443339417464,15.743911409378052,16.081420192718507,0.9790125014273755,78.55089968121324,0.6102180603960754,0.2431281949002424,0.367089865495833,1.4744854819569004,4.500322580645162,301.15096774193546,19.81,3.570967741935484,1
2023-01-24,19.200803756713867,19.430038785893963,18.757286908397305,18.76426355229002,496204000,0.003751373000723701,0.08829493468176985,0.2559489373700523,0.04957712375453435,0.03725101816849666,15.939557313919067,16.19090461730957,0.9844760185220417,81.7633045120584,0.7485743684578701,0.34421742961176793,0.40435693884610213,1.1254566744066705,4.508064516129033,301.1841935483871,19.2,3.574193548387097,1
2023-01-25,19.25860595703125,19.305450211348862,18.51808197795457,18.849972436229177,449537000,0.003010405243956127,0.11198693684154071,0.2707480690167048,0.04648043582139227,0.03699866293465194,16.144721126556398,16.262206687927247,0.9927755461712298,80.8386684804382,0.8530534250164123,0.44598462869269684,0.4070687963237155,1.0081524676509492,4.515806451612903,301.2174193548387,19.08,3.57741935483871,1
2023-01-26,19.736013412475582,20.0988007667648,19.213759381728455,19.635350144248758,489535000,0.02478930492214748,0.18115124449825193,0.40230835590305536,0.03398214792192451,0.03131169798420442,16.427824449539184,16.33155834197998,1.0058944838908455,87.35659015817721,0.9632726147770256,0.5494422259095626,0.41383038886746304,1.094829742664075,4.523548387096774,301.2506451612903,18.73,3.5806451612903225,1
2023-01-27,20.297142028808597,20.55926617927685,19.34034173496809,19.39715101578,542142000,0.02843171032597258,0.14160003295568768,0.450912107831809,0.029639899048492232,0.0308941187839221,16.74322009086609,16.412770347595213,1.0201336968880024,87.30348851124708,1.0834116118778354,0.6562361031032172,0.4271755087746182,1.1871187557787086,4.531290322580645,301.2838709677419,18.51,3.583870967741936,0
2023-01-30,19.098148345947266,20.07288815679004,19.086187298640237,19.8835226503624,488611000,-0.05907204478145489,-0.0016150955496826436,0.3121962502612814,0.03512601497368365,0.035036116975194424,16.970410585403442,16.462609062194826,1.0308457499835033,72.61322620995958,1.0695448159664238,0.7388978456758586,0.3306469702905652,1.054468912804657,4.554516129032258,301.3835483870968,19.94,3.5935483870967744,1
2023-01-31,19.47189712524414,19.621396897100432,18.88685330332513,19.10611950864817,498017000,0.01956989612431137,0.014118855229457772,0.33686876286025913,0.03622308632650315,0.03490682117345182,17.215740346908568,16.534988441467284,1.04117038895135,72.93875833820252,1.076306689700921,0.8063796144808711,0.2699270752200499,1.053451310211783,4.562258064516129,301.41677419354835,19.4,3.596774193548387,1
2023-02-01,20.873218536376957,21.1213875127482,19.54565604174428,19.625389405022936,660477000,0.0719663524370251,0.08383849708271418,0.46301135013856,0.04745029934225009,0.03603749405261406,17.546036386489867,16.64003759384155,1.0544469198184758,76.79459916277268,1.1811251741165982,0.8813287264080166,0.2997964477085816,1.3598231859471122,4.57,301.45,17.87,3.6,1
2023-02-02,21.63665771484375,21.875857723454107,20.63102117831457,20.930020713829347,564276000,0.03657505799291583,0.09630335481869534,0.4718962018275308,0.048212089072498174,0.03616038688833624,17.892876625061035,16.76569625854492,1.0672313484112912,77.42136028186928,1.3106889334183514,0.9672007678100836,0.3434881656082678,1.146074097664371,4.572857142857143,301.46325,18.73,3.5964285714285715,0
2023-02-03,21.02968978881836,21.672540940249053,20.71972529905481,20.93002263417135,429366000,-0.028052758148916057,0.036091177712114675,0.47914488319497894,0.052058516601881065,0.03580727532613639,18.23348789215088,16.881048946380616,1.0801158121196155,71.65686357690113,1.3488432814115043,1.0435292705303678,0.3053140108811365,0.8685193444930926,4.575714285714286,301.4765,18.33,3.592857142857143,0
2023-02-06,21.01872444152832,21.49812056995292,20.716732749173072,20.736666558099405,452197000,-0.0005214222083232967,0.10056347143143918,0.4192744598110192,0.037767621076659354,0.0357301312786831,18.543949842453003,16.981814060211182,1.0919887461200004,69.0130967738054,1.3624901271332988,1.107321441850954,0.2551686852823447,0.9103602278250973,4.5842857142857145,301.51625,19.43,3.5821428571428573,1
2023-02-07,22.0991153717041,22.184829243176587,21.07952350178786,21.31075078020512,664150000,0.05140135564274151,0.13492358908644464,0.4187997346891381,0.04029478306956318,0.035712858402755676,18.870109462738036,17.094601497650146,1.1038636651069025,74.80860776054249,1.4438401787284043,1.174625189226444,0.2692149895019602,1.315880457070081,4.587142857142857,301.5295,18.66,3.5785714285714287,1
2023-02-08,22.131004333496094,22.801761973525316,21.93466031131526,22.31239704876448,559651000,0.0014429972085137077,0.06025835426037052,0.3957506964757507,0.03173608819750739,0.035910194244846226,19.183860349655152,17.212988910675048,1.1144990825944134,79.93615158826977,1.493665803810785,1.2384333121433124,0.25523249166747264,1.0898825815010265,4.59,301.54275,19.63,3.575,1
2023-02-09,22.262563705444336,22.94328822764602,22.046287782724328,22.530668289121,523876000,0.005944573050809199,0.028928034951127612,0.3959750286368158,0.02865380647848112,0.03590745577473523,19.499604511260987,17.342835636138915,1.1243607977594972,77.61539985332172,1.5261759066511367,1.2959818310448774,0.23019407560625926,1.0035435964271138,4.592857142857143,301.556,20.71,3.571428571428572,0
2023-02-10,21.194135665893555,22.00442614178306,20.741650010159365,21.617720531696698,550737000,-0.047992138447626176,0.007819700562707865,0.2879292351401397,0.035220449171323116,0.03855917920862929,19.73651237487793,17.455060367584228,1.1307043321105084,63.177285912599075,1.4490237401185695,1.326590212859616,0.1224335272589534,1.0550667820833841,4.595714285714286,301.56925,20.53,3.567857142857143,1
2023-02-13,21.715394973754883,21.974528792175903,20.892147277807663,21.46622806000305,474919000,0.02459450652192241,0.033145233630357485,0.2893071426516842,0.036527886325315034,0.038575000081657256,19.98014783859253,17.552036151885986,1.1383378922932335,65.17501388158614,1.4136457340307835,1.3440013170938496,0.0696444169369339,0.9074177622261245,4.604285714285715,301.609,20.34,3.5571428571428574,1
2023-02-14,22.89445304870605,22.972192242637163,21.2948000402762,21.506093473695493,675474000,0.05429595346417471,0.0359895707870872,0.2976497026331073,0.03741805698445117,0.03891796481790034,20.242719745635988,17.66836717605591,1.1457040451971605,69.32613101447862,1.4638739149093283,1.3679758366569454,0.09589807825238283,1.2706606702217065,4.607142857142858,301.62225,18.91,3.553571428571429,0
2023-02-15,22.688142776489254,22.778839139042542,22.032336407803555,22.47385907538401,420575000,-0.009011364970278546,0.025174566621448458,0.3100075075496742,0.038137283285566266,0.038565600773864395,20.511172199249266,17.78573476791382,1.1532372694690267,66.15753008803216,1.470086354966,1.3883979403187565,0.08168841464724341,0.7925802092302451,4.61,301.6355,18.23,3.55,0
2023-02-16,21.928686141967773,22.47485853992091,21.85393529520588,22.05924824222853,412026000,-0.033473724226932844,-0.014997264820624023,0.31237724587398885,0.04192561848592582,0.03844947283510736,20.77214984893799,17.893215465545655,1.1608953063207603,58.73998920629483,1.3976170952199034,1.390241771298986,0.007375323920917332,0.7794738883266017,4.612857142857143,301.64875,20.17,3.5464285714285717,0
2023-02-17,21.316730499267575,21.66755683538447,20.905106608670906,21.5589207949287,465888000,-0.027906625993840084,0.005784375230328598,0.19894614748871642,0.03714488278225829,0.03768702713209384,20.949008560180665,18.00087553024292,1.1637772021135664,62.682323058753326,1.2760949504715775,1.3674124071335045,-0.09131745666192703,0.8897087040826918,4.615714285714286,301.66200000000003,20.02,3.5428571428571427,0
2023-02-21,20.58617401123047,21.422377090666945,20.54929664883601,20.93002371650124,410015000,-0.03427150744633223,-0.052000940525796735,0.07617372118493271,0.03740216942585992,0.035502452217089406,21.02186508178711,18.091273288726807,1.1619892500814986,56.1200078945946,1.1080648898655525,1.3155429036799142,-0.2074780138143617,0.8017757313907083,4.627142857142857,301.71500000000003,22.87,3.5285714285714285,1
2023-02-22,20.68484115600586,21.03367523119019,20.352950629424083,20.63799879303989,513184000,0.004792884035739853,-0.09651298015285303,0.07729037899119584,0.017198588169898194,0.03550240975006001,21.09606695175171,18.16273427963257,1.1615028126799463,48.79259252014707,0.9716607697162409,1.2467664768871796,-0.27510570717093863,1.0018572615392634,4.630000000000001,301.72825,22.29,3.525,1
2023-02-23,23.585145950317383,23.808400461151948,22.94827529850247,23.361893340475756,1117995000,0.14021402303442,0.03953620984603701,0.2246548895044258,0.0746149549741641,0.046719022186958475,21.312393951416016,18.295550212860107,1.1648949445879655,59.80344908395044,1.0850817330233582,1.2144295281144153,-0.1293477950910571,2.04890246236843,4.632857142857144,301.74150000000003,21.14,3.521428571428572,0
2023-02-24,23.208404541015625,23.395779705379205,22.87053537498813,23.14760888799269,589716000,-0.01597367300992636,0.05835818848255969,0.1759418711351841,0.07245256607520077,0.04698273952384473,21.48601350784302,18.41018690109253,1.1670719924395747,61.221762718418226,1.131525261561574,1.197848674803847,-0.06632341324227298,1.0709168521092514,4.635714285714286,301.75475,21.67,3.517857142857143,1
2023-02-27,23.422687530517575,23.800424307289973,23.37584516662916,23.59112499865335,452994000,0.009232990967701138,0.09879362275196746,0.15398943837870172,0.0689835239571435,0.04676361790196881,21.642290782928466,18.518405055999757,1.1686908628190205,62.127923681883395,1.1721115664271515,1.192701253128508,-0.020589686701356413,0.8293446150105674,4.644285714285715,301.7945,20.95,3.507142857142857,0
2023-02-28,23.138641357421875,23.745613258723317,23.12867445039469,23.29412168525829,455963000,-0.01212696761315768,0.12398939913744766,0.2115646469115433,0.06516937784683638,0.04432446004981634,21.844315433502196,18.62887571334839,1.1726051410525975,55.702585112765576,1.1678936026825504,1.1877397230393165,-0.01984612035676614,0.8372825918496413,4.647142857142858,301.80775,20.7,3.503571428571429,0
2023-03-01,22.62236595153809,23.1785071533375,22.432998534976814,23.11471933360439,460026000,-0.022312261031617875,0.09366882640864116,0.16179567948772466,0.0683442167657219,0.04486125193649148,22.001838874816894,18.743412837982177,1.17384379595117,52.55946790012061,1.110095238565055,1.1722108261444644,-0.06211558757940927,0.8477003511768779,4.65,301.821,20.58,3.5,1
2023-03-02,23.236310958862305,23.302091014748385,22.35725003920354,22.41306509052485,389415000,0.027138850491562838,-0.014790452948220345,0.11321169365266082,0.02050849591749933,0.04258228115934207,22.119993495941163,18.877823390960693,1.1717449113615994,54.829478698128355,1.1011366320650744,1.1579959873285866,-0.05685935526351216,0.7359642759238108,4.655806451612904,301.85403225806454,19.59,3.496774193548387,1
2023-03-03,23.810392379760746,23.82035928556431,23.052924647625705,23.24229205590769,412393000,0.02470622044587012,0.02593835511963971,0.10046536269905082,0.021995098915849255,0.04221782132323086,22.228680229187013,19.030034580230712,1.1680840691839416,63.644898711144066,1.1273648841146517,1.1518697666857998,-0.024504882571148023,0.7907399027473118,4.661612903225807,301.88706451612904,18.49,3.4935483870967743,0
2023-03-06,23.47551155090332,24.16719726800564,23.408733477576387,23.811388454961868,437429000,-0.014064481740421853,0.0022552501849721907,0.1163032734503493,0.023384779126151757,0.04174406600881758,22.35097131729126,19.178916873931886,1.1653927833469497,59.36176221979379,1.1083524811778034,1.1431663095842004,-0.03481382840639702,0.838097132160056,4.679032258064517,301.9861612903226,18.61,3.4838709677419355,0
2023-03-07,23.214336395263672,24.04868872239175,23.167484181656345,23.52534976258205,515154000,-0.011125429794078268,0.0032713691643575515,0.10445980962561707,0.023251689231877832,0.04190238172439821,22.460751914978026,19.314283351898194,1.1629088952332576,51.88550888649399,1.059991441034633,1.126531335874287,-0.06653989483965406,0.9810980823837937,4.68483870967742,302.01919354838714,19.59,3.4806451612903224,1
2023-03-08,24.10451316833496,24.123454073591056,23.34990765503741,23.41270810681504,513573000,0.03834599266222871,0.06551689686091833,0.09074561415243743,0.023947257508663698,0.04125082038545442,22.56102180480957,19.49061590194702,1.157532523256786,57.72575849318862,1.081033315229746,1.1174317317453788,-0.0363984165156328,0.9923154306882145,4.690645161290323,302.05222580645164,19.11,3.47741935483871,0
2023-03-09,23.36187171936035,24.37665139060361,23.309037961330453,24.09853264786072,501257000,-0.03080922828801147,0.005403644353027426,0.055617330660465925,0.02890353220563918,0.04202537839677762,22.622565174102782,19.654746742248534,1.150997541244061,57.83184569658215,1.0259575932110785,1.0991369040385188,-0.07317931082744034,0.9740134887082565,4.696451612903226,302.0852580645161,22.61,3.4741935483870967,0
2023-03-10,22.89236068725586,23.55226740158579,22.65411633700963,23.334956536006658,474866000,-0.020097320871572122,-0.03855592456700674,0.028289508348829928,0.026739910595279838,0.04234816961985518,22.654055023193358,19.831115016937257,1.1423490309972535,58.74642026151046,0.9336614028210413,1.0660418037950234,-0.13238040097398218,0.9271467967459484,4.702258064516129,302.11829032258066,24.8,3.470967741935484,1
2023-03-13,22.893356323242188,23.22430691098968,22.22647370103853,22.68003442386319,421890000,4.3492062698602396e-05,-0.024798404345686476,0.08017409552035115,0.02662475154889133,0.04068056428337701,22.73901605606079,20.00919755935669,1.1364281845189532,63.936089026689956,0.8507889807101385,1.0229912391780465,-0.17220225846790793,0.8342073043412236,4.719677419354839,302.21738709677425,26.52,3.4612903225806453,1
2023-03-14,23.986888885498047,24.14239559716936,23.385795524923413,23.421682859195705,474910000,0.04776637146671514,0.033279111540401196,0.10460292868209309,0.03484483969175743,0.04159929200099392,22.85259075164795,20.197848567962648,1.1314368792672398,67.80542169219922,0.8633982107381328,0.9910726334900638,-0.12767442275193097,0.9390451146410739,4.725483870967742,302.25041935483875,23.73,3.458064516129032,1
2023-03-15,24.151369094848636,24.20918430620047,23.286114490388712,23.68584522635948,524486000,0.0068570880590534955,0.0019438652913856824,0.05490046184849229,0.030327093991749574,0.04000871105587934,22.91543655395508,20.389569911956787,1.1238803296442796,54.33106478039469,0.876558869645713,0.9681698807211936,-0.09161101107548064,1.052787829487979,4.731290322580645,302.28345161290326,26.14,3.454838709677419,1
2023-03-16,25.46021842956543,25.507068757276237,23.818426354192635,23.951007020626705,583253000,0.05419358751781744,0.08981928911398596,0.12218169113201971,0.031991066109520995,0.04144744132840697,23.054040336608885,20.613428325653075,1.1183991314981074,65.07465446120005,0.9812902858652883,0.9707939617500125,0.01049632411527579,1.1519416560599374,4.737096774193549,302.3164838709678,22.99,3.4516129032258065,1
2023-03-17,25.643630981445312,26.3154988744337,25.58681016478867,25.89981804779798,848547000,0.007203887601643588,0.1201828999540917,0.16941027909409345,0.025609073033427954,0.04036359952956137,23.239787578582764,20.832303886413573,1.1155649276861455,64.92970149161877,1.0667932196816956,0.9899938133363493,0.07679940634534632,1.6066471557104196,4.742903225806452,302.3495161290323,25.51,3.4483870967741934,1
2023-03-20,25.818078994750977,25.941687335476704,25.050514016475315,25.53398059002693,432747000,0.0068027813000384185,0.12775421088167405,0.21116505158415655,0.024221021954438936,0.039447572850483704,23.464855003356934,21.064316177368163,1.1139623430343277,68.28117781632635,1.1355415908878044,1.0191033688466404,0.11643822204116394,0.8219462206973666,4.760322580645162,302.4486129032258,24.15,3.438709677419354,1
2023-03-21,26.11613273620605,26.30852307379936,25.30072115664496,26.097193730071265,547408000,0.011544381032983608,0.08876698686820106,0.2686248897905361,0.020708931501974115,0.038026108373841766,23.74135293960571,21.29044912338257,1.1151175253288292,74.56875183755277,1.200239996810513,1.055330694439415,0.14490930237109811,1.0263381057795264,4.766129032258065,302.4816451612904,21.38,3.435483870967742,1
2023-03-22,26.38428497314453,27.501739659700768,26.15401470388089,26.34141980630957,797295000,0.010267685481883282,0.09245504341913957,0.2755372291309006,0.020330846026580272,0.03798650798425352,24.026325130462645,21.506616363525392,1.1171597021282533,73.26871731450456,1.2586427440349617,1.0959931043585245,0.1626496396764372,1.45607144784504,4.771935483870968,302.5146774193549,22.26,3.432258064516129,1
2023-03-23,27.104995727539062,27.412022096248386,26.605580921982124,27.02923590014394,564889000,0.0273159100247784,0.06460185337858881,0.14924011005216253,0.00845331559307086,0.023815090343481393,24.20231761932373,21.731596546173094,1.1136925705343874,73.8358680397917,1.3475489709114008,1.1463042776691,0.20124469324230088,1.0865119009414215,4.777741935483872,302.5477096774194,22.61,3.429032258064516,0
2023-03-24,26.694299697875977,27.081072974576987,26.27164098570789,26.94550345009309,454920000,-0.015152041852041775,0.04097191685494472,0.1501996895434934,0.015232682866565242,0.023773601209924333,24.376612377166747,21.946528930664062,1.11072746192257,73.0346639498525,1.3690860867997436,1.1908606394952288,0.17822544730451484,0.8864885615557785,4.783548387096775,302.5807419354839,21.74,3.425806451612903,0
2023-03-27,26.447080612182617,26.91459699343309,26.281605317466703,26.752112468073136,361026000,-0.009261118983879157,0.024362835730711074,0.12912237665829518,0.01716133235749163,0.024051954976736678,24.52783203125,22.146350975036622,1.1075337900540718,73.18084127756546,1.3506365942717693,1.222815830450537,0.1278207638212323,0.7098812981083222,4.800967741935484,302.6798387096774,20.6,3.4161290322580644,0
2023-03-28,26.326465606689453,26.42914045882786,25.768237406573,26.36334923056696,356104000,-0.004560617001999168,0.008053752544755932,0.137770589034393,0.01712389002342478,0.023804063507966846,24.68722324371338,22.33602657318115,1.1052647686834018,67.9093878994258,1.3111682837985832,1.2404863211201462,0.07068196267843696,0.7071456854668797,4.806774193548387,302.71287096774194,19.97,3.412903225806452,1
2023-03-29,26.898653030395508,26.99235558601917,26.51287791862298,26.740157428680025,393694000,0.021734304644398073,0.019495243391076666,0.18902917086648374,0.019196863026598402,0.022998637422383176,24.90103759765625,22.521139335632324,1.1056739726421618,79.31262444838029,1.310948310432341,1.2545787189825852,0.05636959144975573,0.7869743662730868,4.81258064516129,302.7459032258065,19.12,3.4096774193548387,1
2023-03-30,27.29638671875,27.412020935167096,27.01627538766958,27.14287449155548,364516000,0.014786379373906033,0.007061096527548383,0.17472979110477893,0.01593563443468748,0.022647439855796318,25.104041385650635,22.72068519592285,1.104898077200395,86.93979444064395,1.3275644282570696,1.2691758608374821,0.05838856741958742,0.7304668560453298,4.8183870967741935,302.778935483871,19.02,3.4064516129032256,1
2023-03-31,27.689144134521484,27.74596305741618,27.01926873122524,27.054157877093186,433933000,0.014388622927213213,0.037268047781926494,0.16290163105660316,0.013504808879074712,0.02237047205797532,25.297978973388673,22.940285415649413,1.1027752495237435,87.74517957367802,1.3567848907367654,1.2866976668173389,0.07008722391942657,0.8677013970449806,4.824193548387097,302.8119677419355,18.7,3.403225806451613,1
2023-04-03,27.87654685974121,27.911436002639256,27.249536675681902,27.421989811329777,398716000,0.006768093817175247,0.05405005824726539,0.18747345715107722,0.010004714651691199,0.021775476721054392,25.518030738830568,23.142225227355958,1.1026610660009573,85.70643661038174,1.3791659845405313,1.3051913303619773,0.07397465417855398,0.8003786741266647,4.8453333333333335,302.87760000000003,18.55,3.413333333333333,0
2023-04-04,27.36616516113281,27.911435879998983,27.220627051021687,27.87754302667104,368592000,-0.01830864135275967,0.0394925612110717,0.17884761791925352,0.015565049644256942,0.022177821579386362,25.725622177124023,23.306967658996584,1.1037738822790972,77.74906890053701,1.3402698286910706,1.3122070300277962,0.028062798663274435,0.7509548600323003,4.853,302.89390000000003,19.0,3.42,0
2023-04-05,26.795978546142575,26.912607163282487,26.31151565571502,26.74414297141955,515015000,-0.020835459101885778,-0.003817086459195984,0.1116581512769681,0.017597940199542916,0.021931610095478667,25.860195446014405,23.458871154785157,1.1023631646802163,63.21499292946557,1.2490369301352473,1.2995730100492866,-0.0505360799140393,1.049117219036258,4.860666666666667,302.91020000000003,19.08,3.4266666666666667,1
2023-04-06,26.95148277282715,26.994346033960124,26.34341159102696,26.49991459021249,397654000,0.0058032673229975185,-0.012635516542046088,0.1536525453348856,0.01601678526596756,0.020198032745533463,26.039675998687745,23.612728691101076,1.1027813150837291,63.010735468181984,1.1757290199465764,1.2748042120287446,-0.0990751920821682,0.8186846393227581,4.868333333333333,302.92650000000003,18.4,3.433333333333333,1
2023-04-10,27.49176788330078,27.5336348544528,26.58464637237565,26.738158599933065,395279000,0.020046582038831584,-0.007128290071437227,0.2009144997704586,0.01762210980127605,0.019300224664147807,26.26964635848999,23.767843780517577,1.1052599723001852,65.52044093514417,1.1479950931989684,1.2494423882627896,-0.10144729506382122,0.8205172169350632,4.899,302.99170000000004,18.97,3.46,0
2023-04-11,27.083065032958984,27.702101097960742,27.04019987081764,27.63630987127737,314378000,-0.01486637207460395,-0.028464136206488244,0.18300980645040887,0.0177993746130109,0.019956247329107234,26.47913179397583,23.903562240600586,1.1077483568118813,58.78624416056916,1.080580591666326,1.215670028943497,-0.13508943727717093,0.6599476329334395,4.906666666666666,303.00800000000004,19.1,3.466666666666667,0
2023-04-12,26.41119956970215,27.38112163361033,26.364347344202034,27.283432024560906,446259000,-0.02480758593752974,-0.034895849886449004,0.10106815835003036,0.01914306617553001,0.019041627112530383,26.600347328186036,24.049823265075684,1.1060516759311962,50.227848510047394,0.9618525481924429,1.1649065327932862,-0.20305398460084323,0.9396201231935575,4.914333333333333,303.02430000000004,19.09,3.473333333333333,0
2023-04-13,26.379295349121094,26.801953999694348,26.24572032443633,26.649438069211914,353615000,-0.001207980746836479,-0.015550213861529771,0.0922484454410355,0.01752309316963092,0.019085488773871173,26.71174364089966,24.187971229553224,1.1043399790497044,43.04543836060134,0.8553256526814508,1.1029903567709192,-0.2476647040894684,0.7581926791197104,4.922,303.04060000000004,17.8,3.48,1
2023-04-14,26.673364639282227,26.79796926788527,26.13706621130104,26.420168322960837,395660000,0.011147731062153943,-0.010319214563783596,0.04764869606570388,0.01833883786727695,0.015236628350548847,26.7724009513855,24.303974151611328,1.1015647393457468,49.79478711406666,0.785575627747729,1.0395074109662812,-0.25393178321855214,0.8657534090708927,4.929666666666667,303.05690000000004,17.07,3.486666666666667,1
2023-04-17,26.91659164428711,26.920578703015185,26.34939118660513,26.480973631209377,321471000,0.009118722301973081,-0.02092176252379352,0.049640421973115245,0.015494417646646412,0.015274105236778988,26.836048984527586,24.409572830200194,1.0994067438708017,54.60591878685862,0.7413784675550588,0.9798816222840367,-0.23850315472897798,0.7464637588177455,4.9526666666666666,303.1058,16.95,3.506666666666667,1
2023-04-18,27.57948875427246,28.0210883307405,27.270469820475103,27.445913723508724,604812000,0.024627825051023677,0.018329672830949884,0.0682238891545568,0.018436018802932216,0.016037154145497542,26.924119472503662,24.540568809509278,1.0971269525778382,61.11012458925456,0.7511829865191189,0.9341418951310532,-0.1829589086119343,1.3768827610322592,4.960333333333333,303.1221,16.83,3.513333333333333,1
2023-04-19,27.84265518188477,27.91143718116391,27.14586668260837,27.27445837205017,358660000,0.009542106815578322,0.054198810940216724,0.06610942221491922,0.009216984080800234,0.0159899970209677,27.010445594787598,24.677047424316406,1.0945574294342806,58.855415586121175,0.7712974330780504,0.9015730027204526,-0.13027556964240217,0.8344337827261551,4.968,303.1384,16.46,3.52,0
2023-04-20,27.01827049255371,27.94134215983428,26.91459935193496,27.583476516154896,427713000,-0.029608695145836084,0.02422260090635464,0.024028906603096756,0.02036170770544005,0.017494405521789706,27.042144870758058,24.7754305267334,1.091490411905408,47.58442733998921,0.7125040193177199,0.8637592060399062,-0.1512551867221863,1.0397906576299765,4.975666666666666,303.1547,17.17,3.526666666666667,1
2023-04-21,27.033222198486328,27.09702084669948,26.637478546679382,26.86675060131897,345103000,0.0005533924140976865,0.01349126981431259,-0.0026479815667268536,0.02010718825707845,0.016391179193025195,27.03855619430542,24.873474884033204,1.0870437813922826,43.90285762105567,0.6595138281631634,0.8229101304645577,-0.16339630230139435,0.8619903286075393,4.983333333333333,303.171,16.77,3.533333333333333,0
2023-04-24,26.95646476745605,27.27943934781981,26.58663796797448,26.927557165010345,339282000,-0.002839374102972303,0.0014813585499933168,0.009821013195597583,0.01988460037837933,0.01601932151926095,27.051664447784425,24.967352905273437,1.0834814788103049,41.26772475125792,0.6043583696189962,0.7791997782954455,-0.17484140867644926,0.8598689067528761,5.006333333333333,303.2199,16.89,3.553333333333333,0
2023-04-25,26.15799903869629,27.160817581589445,26.142050802636824,26.9923515043304,378527000,-0.029620565443126412,-0.05154155424131868,-0.010930566504688821,0.01811926774454786,0.01727718368998418,27.037210369110106,25.066630172729493,1.0786136861158324,39.128094559232935,0.4905628568457914,0.7214723940055148,-0.2309095371597234,0.957207772478459,5.013999999999999,303.2362,18.76,3.56,1
2023-04-26,26.87073516845703,27.24355272101591,26.62052965119637,26.91659109618502,406337000,0.02724734903103143,-0.034907590783945674,0.020673856107341626,0.023822160594571175,0.01830794776400393,27.064423847198487,25.169736976623536,1.0752763873668862,50.65588441815153,0.45267281181241614,0.6677124775668951,-0.21503966575447897,1.021047801693031,5.0216666666666665,303.2525,18.84,3.566666666666667,1
2023-04-27,27.139881134033203,27.4080312626638,26.54078232749637,27.27644882295416,377161000,0.01001632310723366,0.0045010520385828645,0.008968036554287906,0.020753018971778236,0.017796000977539788,27.076485252380373,25.254645538330077,1.0721387956637605,51.6206145783941,0.4392985480081606,0.6220296916551482,-0.18273114364698761,0.9497067930320271,5.029333333333333,303.2688,17.03,3.5733333333333333,1
2023-04-28,27.661231994628903,27.670202402547503,26.98537507177856,27.138889210344782,292216000,0.01920976949091835,0.023231037407658306,0.013366064880238948,0.022259100878684823,0.01800784706490135,27.094727516174316,25.354107322692872,1.068652395106158,51.46250503699058,0.4654031273770407,0.5907043787995268,-0.12530125142248605,0.7425712319209878,5.037,303.2851,15.78,3.58,1
2023-05-01,28.818559646606445,28.966092248398787,27.69213458998084,27.751944282030347,570329000,0.04183933861667,0.06907785925246634,0.04078910877844222,0.026906988310900184,0.020029239686469524,27.151198291778563,25.491904792785643,1.0650909970235927,63.26374487867864,0.572874127583038,0.587138328556229,-0.014264200973191032,1.4246153165960993,5.06,303.334,16.08,3.6,0
2023-05-02,28.12077140808105,28.74479273603856,27.994174201759638,28.58928602409841,402730000,-0.02421315454631201,0.07503526422189921,0.008760932606489469,0.024750839404468195,0.02083834289958259,27.163409519195557,25.627985610961915,1.0599120013387588,63.014060228585386,0.5948825545562713,0.5886871737562375,0.0061953808000337895,1.005468497313562,5.0606451612903225,303.3559354838709,17.78,3.6,0
2023-05-03,27.714061737060547,28.27727516258976,27.385105610028088,27.75194164873796,383387000,-0.014462962808467927,0.031384573712500474,0.012712653522308104,0.02648354604363314,0.02067134557780348,27.180804347991945,25.770543365478517,1.0547237581494915,59.612347944573244,0.5729022594304638,0.5855301908910827,-0.012627931460618913,0.9554116159463955,5.0612903225806445,303.377870967742,18.34,3.6,0
2023-05-04,27.47482109069824,27.77088065437449,27.15383908149293,27.56353838020328,321850000,-0.008632464220947655,0.01234124626452493,0.025333747128760464,0.027165044959969666,0.020172122957692103,27.214746475219727,25.906342964172364,1.0505051412643167,55.817647244511335,0.5300677058821321,0.5744376938892927,-0.04436998800716052,0.8218401891726226,5.061935483870967,303.3998064516129,20.09,3.6,1
2023-05-05,28.58928680419922,28.664048441913906,27.643289040070503,27.73798787503542,361494000,0.04056316544599037,0.03355074024723548,0.06076860576381082,0.03169999034930471,0.02198351493721933,27.29663667678833,26.00642578125,1.0496112347921542,60.77852510008223,0.5793704606647729,0.5754242472443888,0.003946213420384148,0.9273519890234591,5.06258064516129,303.42174193548385,17.19,3.6,1
2023-05-08,29.05879020690918,29.12757219321254,28.260325194855845,28.43178011466119,344979000,0.016422354496824942,0.008335966934108097,0.056999692790227874,0.02629785673678916,0.021851730661898463,27.37498779296875,26.12343349456787,1.047909257359341,59.77598846413696,0.6488487256176114,0.5901091429190333,0.05873958269857815,0.8907323724629204,5.064516129032258,303.48754838709675,16.98,3.6,0
2023-05-09,28.48062515258789,28.881353997290415,28.36000950451593,28.80758866266057,314869000,-0.019896391081822173,0.012796723791276499,0.05160273100286594,0.02527579123308425,0.02209578608624475,27.444865798950197,26.224592247009276,1.0465316501567372,54.04752281632462,0.6497675473799056,0.6020408238112078,0.04772672356869778,0.812937119358096,5.06516129032258,303.50948387096776,17.71,3.6,1
2023-05-10,28.79364013671875,29.02091963653205,28.37098141522854,28.913259525124563,369350000,0.010990453420662183,0.03895417459558237,0.09020569326012895,0.023425546826902406,0.021176780936197466,27.563987827301027,26.337692222595216,1.046560480483319,62.045186027762774,0.6680525198892333,0.6152431630268129,0.05280935686242039,0.9631601353144157,5.065806451612903,303.5314193548387,16.94,3.6,0
2023-05-11,28.48760414123535,28.858429112011763,28.1566554605392,28.80459906744244,322149000,-0.010628596941208879,0.036862225497075185,0.07992286238929047,0.02379166017239727,0.021414790432223926,27.669403266906738,26.454996986389162,1.0459046085373729,59.49247799718007,0.6503520910771918,0.6222649486368887,0.02808714244030308,0.8435340875631163,5.066451612903226,303.5533548387097,16.93,3.6,0
2023-05-12,28.25035858154297,28.68896736052221,27.957287902221463,28.43875993883251,274222000,-0.00832802781575348,-0.011855077917035217,0.05912242282093949,0.01535006205585241,0.021518507564626255,27.748252964019777,26.555277938842774,1.0449242153640583,58.27171368586578,0.6101472421911325,0.6198414073477375,-0.009694165156605039,0.7296397420071014,5.067096774193548,303.57529032258066,17.03,3.6,1
2023-05-15,28.86142349243164,28.87737363124707,28.062958288462617,28.417831289934213,293926000,0.021630341757428395,-0.006791979744243171,0.07225401617880212,0.017022655010174168,0.021881647092610104,27.845494556427003,26.656298561096193,1.044612195223023,67.70695001657792,0.6204403906026776,0.6199612039987256,0.00047918660395207535,0.7849438703950383,5.069032258064516,303.6410967741936,17.12,3.6,1
2023-05-16,29.12060546875,29.77552902225391,28.74081186667641,28.74978227620509,449405000,0.008980221519091947,0.02247072572084874,0.055879089282929506,0.01368462232249244,0.02136848711249098,27.922550392150878,26.769200439453126,1.043084960841711,65.66709540726902,0.6421097626473475,0.62439091572845,0.01771884691889758,1.2255905588578955,5.069677419354838,303.6630322580645,17.99,3.6,1
2023-05-17,30.08254623413086,30.103479719693794,29.336912970483333,29.49042519794485,432535000,0.03303299330136311,0.04476356901357703,0.08044818418407984,0.018858906746204294,0.02237259264014625,28.034544944763184,26.90656463623047,1.0419221228641673,68.68825007788767,0.7285057161868238,0.6452138758201247,0.08329184036669912,1.1678198122891683,5.070322580645161,303.6849677419355,16.87,3.6,1
2023-05-18,31.577804565429688,31.72732974738972,30.22410000650582,30.31381549594501,748725000,0.04970517853313727,0.10847526555317866,0.16875743671796428,0.02221365423379494,0.023098325918658624,28.26252164840698,27.056030464172363,1.0445923205856917,72.1351749093319,0.9071726610158173,0.6976056328592632,0.20956702815655404,1.937549685737709,5.070967741935484,303.70690322580646,16.05,3.6,0
2023-05-19,31.165111541748047,31.48011201484415,30.818212695710137,31.43625056372688,473908000,-0.013069085370597366,0.10317578631052826,0.15284487039406924,0.023821727710987003,0.023528744099423314,28.469116115570067,27.212095260620117,1.046193460772168,64.48076162980527,1.0038943548073433,0.7588633772488793,0.24503097755846404,1.2062747116373764,5.071612903225806,303.7288387096774,16.81,3.6,0
2023-05-22,31.07738876342773,31.42030053090031,30.582957356502835,30.803257086267717,372000000,-0.0028147750475016053,0.07677948634713694,0.15287331003977878,0.02584074530597959,0.023528181452445972,28.675162315368652,27.375795822143555,1.047464062841018,69.73119017294141,1.0612352396519853,0.8193377497295006,0.24189748992248472,0.9429539477261312,5.073548387096774,303.7946451612903,17.21,3.6,0
2023-05-23,30.59093475341797,31.18903735658012,30.53411583318992,30.90194818311492,356253000,-0.015652988534938572,0.050491027264038646,0.16946769162900832,0.02941601743762871,0.022558852080973742,28.896809101104736,27.52974739074707,1.0496576191184792,68.99681654610112,1.0552611373539733,0.8665224272543952,0.1887387100995781,0.9055946211309988,5.074193548387097,303.8165806451613,18.53,3.6,0
2023-05-24,30.441408157348636,30.510190153140588,29.71172312962193,30.114444604983657,721419000,-0.004887938118746993,0.011929240311799871,0.13288333819326015,0.026846615027118943,0.022265586114609184,29.075342750549318,27.658837776184082,1.051213466951418,69.82410309197414,1.0266267573787253,0.8985432932792613,0.12808346409946403,1.7632340194016625,5.07483870967742,303.83851612903226,20.03,3.6,1
2023-05-25,37.85986709594727,39.3551225285011,36.51912017458201,38.40114883242656,1543911000,0.24369631326689478,0.19893917949555529,0.3949901589094025,0.11318483547470712,0.05755700407006064,29.61134204864502,27.933007736206054,1.0600842676266313,83.62251994819022,1.5842788621025292,1.035690407043915,0.5485884550586142,3.3026045768310004,5.075483870967742,303.86045161290326,19.14,3.6,1
2023-05-26,38.82281112670898,39.04610163074743,37.43122683133464,37.770151547520655,714397000,0.02543442712889976,0.2457138513591668,0.40350983406116425,0.1098072859625903,0.057579723663922,30.169421005249024,28.200259590148924,1.0698277761878467,84.18844991217068,2.0799473698289184,1.2445417996009156,0.8354055702280028,1.4621548167294627,5.0761290322580646,303.8823870967742,17.95,3.6,1
2023-05-30,39.984134674072266,41.80535579835146,39.82264830428926,40.466605006926684,923401000,0.02991343268711244,0.28659891532219417,0.3874438960304052,0.1068710823529718,0.057386569842854736,30.727699756622314,28.487069664001464,1.0786542848755094,88.69882816921364,2.537229732995904,1.5030793862799134,1.0341503467159905,1.8240181888036535,5.078709677419355,303.97012903225806,17.46,3.6,0
2023-05-31,37.714332580566406,40.16754710014043,37.70236950165192,39.36310039182485,1002580000,-0.056767568236951615,0.23285976334386227,0.34115568997970147,0.11500585807129952,0.05908031107081304,31.20737781524658,28.72499473571777,1.0864189220004319,76.51865849612093,2.6855182581263115,1.7395671606491931,0.9459510974771184,1.8696548920442042,5.079354838709677,303.99206451612906,17.94,3.6,1
2023-06-01,39.64419937133789,39.92331245412413,38.21872246545579,38.36724941232974,635873000,0.05117064677331484,0.30231161339255186,0.4304723626390643,0.11129729403329387,0.05910670988980669,31.80388469696045,28.99555606842041,1.096853760000783,80.2453582568306,2.9250440174424313,1.976662532007841,0.9483814854345902,1.158529197578336,5.08,304.014,15.65,3.6,0
2023-06-02,39.20261001586914,40.37190020075976,38.934459847678006,39.97017499452036,482731000,-0.01113881381062809,0.03546612872461985,0.42685587965999217,0.04245176490447833,0.05917221217300889,32.390274143218996,29.251922569274903,1.1072870190501767,79.36602572285175,3.044146313137702,2.1901592882338132,0.8539870249038888,0.8668082164981599,5.081333333333333,304.03383333333335,14.6,3.5966666666666667,0
2023-06-05,39.04711151123047,39.43986257050264,38.584578349321845,38.78593912971028,396094000,-0.003966534487773288,0.005777541038680223,0.3657952287741293,0.041408461738897055,0.0591724581035645,32.913165378570554,29.49076488494873,1.1160499060290063,77.99456363105664,3.090364512379203,2.3702003330628916,0.7201641793163116,0.7090372833776392,5.085333333333334,304.09333333333336,14.73,3.586666666666667,0
2023-06-06,38.531734466552734,39.03613447609746,38.02733445700801,38.70718026277856,388729000,-0.01319885196961379,-0.03632441265413555,0.32599238275897724,0.038487501042772876,0.05956213667126809,33.38681259155273,29.727513580322267,1.1230946880687893,75.50654942193711,3.0502448243191367,2.506209231314141,0.5440355930049958,0.6931392093970326,5.086666666666667,304.11316666666664,13.96,3.583333333333333,0
2023-06-07,37.3603401184082,39.37814956493506,37.24170472754461,38.79593673409392,511998000,-0.030400768726394967,-0.00938615210548921,0.3117809008140209,0.03100526120820129,0.05993777029115734,33.83079833984375,29.94577877044678,1.1297351322594777,69.50324050476596,2.890606832120163,2.5830887514753456,0.30751808064481745,0.8971713234187337,5.088,304.133,13.94,3.58,1
2023-06-08,38.39216613769531,38.74508306628558,37.39024395636986,37.60857182578051,417772000,0.027618218035941,-0.03158175101267846,0.33335576729446426,0.02125859680148286,0.05999182238364458,34.31072463989258,30.187092781066895,1.1366024840064093,68.726456225746,2.8149038502308272,2.6294517712264422,0.18545207900438498,0.7289669855980111,5.089333333333333,304.1528333333333,13.65,3.5766666666666667,1
2023-06-09,38.65137481689453,39.589493696488056,38.44899682390139,38.91755616586712,427717000,0.006751603394024475,-0.014061186200395093,0.3567787106725231,0.021723669690436657,0.05971076498080397,34.81891317367554,30.422147216796876,1.1445251686393487,70.74792497385471,2.7441913362624106,2.6523996842336364,0.09179165202877426,0.7395088832632122,5.0906666666666665,304.17266666666666,13.83,3.5733333333333333,1
2023-06-12,39.36119079589844,39.40904425940009,38.49983605891858,39.08005597622932,388701000,0.018364572602308726,0.00804359842539526,0.3932988029969502,0.023597326429211172,0.05941512293576597,35.37445478439331,30.663443298339843,1.1536360884267856,72.19301261380883,2.714140455139173,2.664747838414744,0.04939261672442896,0.6654656813964985,5.094666666666667,304.23216666666667,15.01,3.563333333333333,1
2023-06-13,40.89646911621094,40.9752297436652,39.61839443985653,40.06302879617921,613208000,0.03900487483403281,0.06137109274722374,0.4169941800318775,0.026639783796175834,0.059594359332854015,35.97620706558227,30.92758979797363,1.1632399194566214,76.14037460915722,2.7821382865901825,2.688225928049832,0.0939123585403503,1.0218977737267545,5.096,304.252,14.61,3.56,1
2023-06-14,42.86544418334961,42.86843336137479,40.42792162483218,40.69909255346784,740465000,0.04814535605857939,0.14735155106976472,0.47199701013598494,0.016366288182474122,0.05988747062663816,36.66344900131226,31.2273677444458,1.1740806750461168,78.8510265149022,2.960776897366685,2.742736121913203,0.2180407754534821,1.2047508638862479,5.097333333333333,304.27183333333335,13.88,3.556666666666666,0
2023-06-15,42.522491455078125,43.15654702262012,42.018039182120376,42.47164881165265,568622000,-0.008000680613609479,0.10758250270560943,0.41352700413481736,0.02297792310685386,0.06015750835423179,37.28544626235962,31.530494270324706,1.1825201959314433,66.12711653074336,3.0396368232426596,2.8021162621790943,0.23752056106356534,0.9150288723405487,5.0986666666666665,304.2916666666667,14.5,3.553333333333333,1
2023-06-16,42.56137466430664,43.58722551638536,42.53046747800974,43.31705479881207,655709000,0.0009144151223969832,0.10116069262568761,0.3478256405102145,0.023999087088257025,0.059835031220644874,37.83462476730347,31.845802192687987,1.1880568917177585,63.814000481495974,3.0698837240441463,2.855669754552105,0.2142139694920413,1.0631261608782725,5.1,304.3115,13.54,3.55,1
2023-06-20,43.673954010009766,43.85540013452972,42.54342497305457,42.86643489919533,451153000,0.026140587668475046,0.10956892123702544,0.40137326161997433,0.024143588803354543,0.0594544289126974,38.460066890716554,32.180251617431644,1.1951450022187897,63.68318008204838,3.147349776761864,2.9140057589940573,0.23334401776780656,0.7328234925584759,5.105333333333333,304.3908333333333,13.88,3.536666666666666,0
2023-06-21,42.91329193115234,43.48155138164349,41.9512482252179,43.36789797033513,551603000,-0.017416835642659945,0.049315328646353684,0.3808525631874595,0.026804069464493607,0.059818702851522264,39.05186204910278,32.48868209838867,1.202014348591863,71.7095353513728,3.1114957231502345,2.953503751825293,0.15799197132494136,0.8831062501040639,5.1066666666666665,304.41066666666666,13.2,3.533333333333333,0
2023-06-22,42.89334487915039,43.29311498837631,42.104764976671774,42.12370403758317,417737000,-0.0004648222288317072,0.0006508901594823868,0.4021586860583872,0.01621314716629167,0.059467219752852005,39.6669825553894,32.8048876953125,1.2091790383131666,66.14243575388501,3.046355081862899,2.9720740178328144,0.07428106403008439,0.6655137639379886,5.1080000000000005,304.4305,12.91,3.53,0
2023-06-23,42.0798454284668,42.678007983073286,41.88643880055925,42.33406622553571,358140000,-0.018965633316207486,-0.010409691705834057,0.3823225657288989,0.018222555850186454,0.059841328177530934,40.248904418945315,33.118260612487795,1.2153085238953882,63.7852797155252,2.895708126590499,2.9568008395843517,-0.06109271299385277,0.5875703137375118,5.109333333333334,304.45033333333333,13.44,3.526666666666667,0
2023-06-26,40.50766754150391,42.63314366936261,39.97729395118432,42.33106943872404,594322000,-0.037361779040645304,-0.04825283814258552,0.06993686583332126,0.0238766335787011,0.02913321497177409,40.38129444122315,33.40082805633545,1.2089908182250484,56.161343665857586,2.619264462655366,2.889293564198555,-0.27002910154318904,1.0574228944310056,5.113333333333333,304.50983333333335,14.25,3.5166666666666666,1
2023-06-27,41.74786758422852,41.81167093605906,40.3242393713419,40.674163315350505,462175000,0.030616426913593786,-0.04410148953629889,0.07534375725582598,0.02557568127341238,0.02935803117309355,40.52754726409912,33.70231811523438,1.2025151244946428,62.78536527665308,2.471761715542854,2.805787194467415,-0.3340254789245609,0.8411800089728294,5.1146666666666665,304.5296666666666,13.74,3.513333333333333,0
2023-06-28,40.99119186401367,41.71696498768914,40.39402564201727,40.53558945040066,582639000,-0.018124895090466997,-0.04479031975040215,0.025186419517400083,0.025637769042058965,0.029094409091500007,40.577900123596194,33.983810119628906,1.1940362184450464,64.92619749126044,2.267667064590924,2.698163168492117,-0.43049610390119275,1.094366549561381,5.116,304.5495,13.43,3.51,0
2023-06-29,40.69709396362305,41.4727133655292,40.475773103828736,41.430842057083,380514000,-0.007174660872664607,-0.0512026031477647,0.07908827172494126,0.02526131375683892,0.025778302624184245,40.72703819274902,34.246162223815915,1.1892438611537643,60.08725258206808,2.0584606871519355,2.5702226722240806,-0.5117619850721451,0.7590618779238018,5.117333333333334,304.5693333333333,13.54,3.506666666666667,1
2023-06-30,42.17256164550781,42.419803905460185,41.3740138694354,41.55246701356272,501148000,0.03625486584382687,0.002203340247497465,0.06377634847628899,0.03171800064321522,0.024531211852443606,40.85345630645752,34.53276035308838,1.1830347730312227,63.927409411138456,1.988795440851213,2.453937225949507,-0.46514178509829396,1.0133232880171894,5.118666666666667,304.58916666666664,13.59,3.5033333333333334,1
2023-07-03,42.28321838378906,42.76673493754276,42.07286548445585,42.38690024476898,198209000,0.0026239036464372756,0.04383246308778288,0.07858171603046071,0.02370655193475048,0.02429439665688449,41.007486724853514,34.83805931091309,1.1770887223906827,62.13259704911884,1.9203773900699304,2.347225258773592,-0.4268478687036614,0.4126493560974137,5.133548387096774,304.7040322580645,13.57,3.5129032258064514,0
2023-07-05,42.18750762939453,43.0448727598781,41.95621531823051,42.00606155326663,323618000,-0.0022635636087536826,0.01053083835429458,0.08042582400136933,0.020498796805993664,0.02426772442431107,41.16450653076172,35.14114501953125,1.1714048164305038,56.08837660800367,1.8372538155736962,2.245230970133613,-0.4079771545599167,0.6788586620830174,5.147096774193549,304.799064516129,14.18,3.5258064516129037,0
2023-07-06,41.97417068481445,42.04993834721711,41.219487041278335,41.7159643183622,303582000,-0.005056874808869627,0.023980244928270666,0.08934028706260055,0.01792037217035844,0.02402843169426795,41.3366283416748,35.44149913787842,1.166334081435509,44.96276218680308,1.7341728107389258,2.1430193382546756,-0.4088465275157498,0.6425674079630591,5.153870967741936,304.8465806451613,15.44,3.532258064516129,1
2023-07-07,42.37295150756836,43.08177839649904,42.050941741012366,42.192505558452375,355881000,0.00950062422312925,0.04117880125404705,0.13416931894285256,0.01662144826253286,0.022586064899988385,41.587258911132814,35.76579818725586,1.1627661346574187,49.16014042436679,1.6654602622050163,2.047507523044744,-0.3820472608397276,0.7659189823645218,5.160645161290323,304.89409677419354,14.83,3.5387096774193547,0
2023-07-10,42.05092239379883,42.67999194463997,41.52154530489084,42.5264638799325,353908000,-0.00759987450277122,-0.0028843221033489908,0.09529955259573564,0.006783016358268247,0.022227510132385293,41.770196723937985,36.0694019317627,1.15805071575515,47.22152085873469,1.5669571081275393,1.951397440061303,-0.3844403319337637,0.7669434267943692,5.180967741935484,305.0366451612903,15.07,3.5580645161290323,1
2023-07-11,42.27524185180664,42.6271623304336,41.938278668558176,42.35100950902143,298244000,0.005334471760383819,-0.00018864533702289688,0.09375777839933686,0.00719671440150824,0.022223200881667748,41.95139007568359,36.37210914611816,1.1533944844152895,41.571547052257394,1.489819640949193,1.859081880238881,-0.36926223928968804,0.6555117171367727,5.187741935483871,305.0841612903226,14.84,3.564516129032258,1
2023-07-12,43.767669677734375,43.80056964792914,42.64611193757971,42.90132914943965,481277000,0.03530264430323915,0.03745568622401518,0.1119498366979057,0.017083327272428835,0.023076762030913443,42.17171401977539,36.694237899780276,1.149273467266312,54.73112619265703,1.5314603733940189,1.7935575788699087,-0.2620972054758899,1.047147382430712,5.194516129032258,305.13167741935484,13.54,3.570967741935484,1
2023-07-13,45.8363151550293,46.01376808541058,44.35585853064173,44.38177994624532,478204000,0.04726423619366904,0.09201240684934131,0.12078905943643559,0.022604080139990327,0.023770063583611403,42.41870632171631,37.03459300994873,1.1453806529025774,63.28291847420729,1.711652491037924,1.7771765613035118,-0.06552407026558771,1.055970145133955,5.201290322580645,305.1791935483871,13.61,3.57741935483871,0
2023-07-14,45.32986831665039,47.94085375690044,44.92211944591565,46.44045793604773,772075000,-0.011049030373972757,0.06978312116289298,0.05749209369578967,0.026121352270499033,0.0218518653765353,42.54192752838135,37.37877494812012,1.1381305991816861,65.08695094749652,1.7929223226997877,1.780325713582767,0.012596609117020652,1.6989666357126825,5.208064516129032,305.22670967741936,13.34,3.583870967741936,1
2023-07-17,46.31883239746094,46.35372514874332,45.12350371565552,46.14736162145877,510488000,0.021817051704235535,0.1014938498540876,0.08927842213557424,0.023235624949484668,0.022076155325566636,42.731744575500485,37.750870361328126,1.1319406457784547,78.52032830835817,1.915054826058494,1.8072715360779126,0.10778328998058151,1.1305705717410952,5.228387096774194,305.3692580645161,13.48,3.603225806451613,1
2023-07-18,47.34867858886719,47.74944898576326,45.594065463977465,46.5581057196224,569164000,0.02223385474333983,0.12000964429358385,0.11248001180223488,0.02180232976506957,0.02240542974553574,42.971109771728514,38.148347511291504,1.1264212626512726,78.06747193767039,2.071071670727413,1.8600315630078128,0.21104010771960025,1.2727165597002084,5.235161290322581,305.41677419354835,13.3,3.609677419354839,0
2023-07-19,46.93294906616211,47.67168281088611,46.59897504315981,47.31876592185892,427502000,-0.008780171592852604,0.07232003466791803,0.0746210213850893,0.02439959327205964,0.02207714167667445,43.134059524536134,38.51522075653076,1.1199224274788089,80.82956605730482,2.136541525329406,1.9153335554721316,0.22120796985727442,0.9584784589980527,5.241935483870968,305.4642903225806,13.76,3.6161290322580646,0
2023-07-20,45.38071823120117,46.94292485881967,44.92411943835553,46.36469771901338,537865000,-0.03307337096530483,-0.00993964986686191,0.05749794967972699,0.023704841247707407,0.023123147127627378,43.25743083953857,38.8416593170166,1.1136864799333486,71.49517919068668,2.039662837395852,1.940199411856876,0.09946342553897614,1.2077772533281717,5.248709677419355,305.51180645161287,13.99,3.6225806451612894,0
2023-07-21,44.17341995239258,45.72565880367255,43.965059822678604,45.64789454996022,963769000,-0.026603771951289268,-0.025511840364932814,0.029843209403433768,0.02612419115093096,0.024052394586329538,43.321434593200685,39.1555152130127,1.1063941914063617,59.414543017382286,1.8442080159202092,1.9210011326695426,-0.07679311674933342,2.039134962577983,5.255483870967742,305.5593225806452,13.6,3.629032258064516,1
2023-07-24,44.47549819946289,44.970979149441135,43.9052497727291,44.59413357267698,382516000,0.006838461848683641,-0.039796646473737374,0.056931120982099515,0.02296504521690281,0.023570243047749587,43.441217231750485,39.46915237426758,1.1006371968624424,60.13270174936253,1.6941546909871192,1.8756318443330582,-0.18147715334593895,0.8072427219297043,5.275806451612904,305.7018709677419,13.91,3.6483870967741936,1
2023-07-25,45.53923416137695,46.04168985274926,44.78554682129327,44.80349329728166,348081000,0.02391734786518729,-0.038215309939307995,0.12421269663867274,0.023522453947425043,0.02197126809279088,43.69279556274414,39.81018497467041,1.0975280720384513,64.21925851122882,1.6421413685171657,1.8289337491698798,-0.18679238065271409,0.7541681657145884,5.28258064516129,305.74938709677417,13.86,3.6548387096774193,0
2023-07-26,45.31292343139648,45.91208619662845,44.493440026375104,45.88018262099463,364237000,-0.004969576984507507,-0.034517874265302506,0.08539492082979483,0.02353396787170789,0.02131231238913992,43.87104835510254,40.15143627166748,1.092639577281069,64.14864422715058,1.56462305058907,1.776071609453718,-0.21144855886464797,0.797635280103704,5.289354838709677,305.79690322580643,13.19,3.6612903225806455,1
2023-07-27,45.75954818725586,47.2499724441027,45.6100056638695,46.37665353902674,455976000,0.009856454230669387,0.008347817549397618,0.11632636443119249,0.01892135539473624,0.020670132338599052,44.10946617126465,40.48939876556396,1.0894077836685374,64.29343321511439,1.521687049254254,1.7251946974138253,-0.20350764815957123,1.0125759222087576,5.296129032258064,305.8444193548387,14.41,3.667741935483871,1
2023-07-28,46.6069564819336,46.88310935590441,46.23908604851757,46.52520665161332,331194000,0.018518720753316842,0.05509051669904075,0.1452158358921909,0.01114564798483581,0.020625010171456036,44.40495929718018,40.83912578582763,1.0873141489377813,68.41258325334701,1.5383060910972333,1.687816976150507,-0.1495108850532738,0.739525047510656,5.302903225806452,305.8919354838709,13.33,3.674193548387097,0
2023-07-31,46.58600997924805,46.98578389821118,46.36369278218995,46.61093500079375,251055000,-0.000449428674744623,0.04745335893304614,0.10465212833971527,0.01222298650118749,0.01948678381037659,44.625631713867186,41.16919506072998,1.0839568674597233,67.7125346792269,1.5321252080979093,1.6566786225399877,-0.12455341444207835,0.57668420650649,5.323225806451613,306.03448387096773,13.63,3.6935483870967754,0
2023-08-01,46.36469650268555,46.75649554152621,45.88616567696428,46.31783943234634,237858000,-0.00475064244954837,0.018126399279869476,0.09652713948712277,0.010262452823302872,0.019606859060124392,44.82970561981201,41.464932899475095,1.0811474295278436,61.9156134538205,1.4921678833088663,1.6237764746937633,-0.131608591384897,0.5438933588704228,5.33,306.082,13.93,3.7,0
2023-08-02,44.13354110717773,45.69973311039284,43.254239992985966,45.69076177542876,530142000,-0.04812185916883083,-0.026027504625790177,0.04612819261281231,0.025759020303243948,0.02288388603989588,44.92700729370117,41.72430149078369,1.076758763801592,42.302168496510916,1.2658736185668715,1.552195903468385,-0.28632228490151346,1.184275514692364,5.33,306.12051612903224,16.09,3.7,1
2023-08-03,44.37879180908203,44.97994738065994,43.66597942336427,43.66597942336427,324176000,0.005557013911680286,-0.030174169826230335,0.057288115167872355,0.025205353349497646,0.02282224400757672,45.04723834991455,41.990329551696775,1.072800304995326,45.59641664296957,1.0937157905754233,1.4604998808897929,-0.36678409031436954,0.7225095089914741,5.33,306.1590322580645,15.92,3.7,1
2023-08-04,44.54327774047852,45.502331974506376,44.25715721919989,44.84734473268043,362666000,0.0037064085048577056,-0.04427834163028921,0.051219614298581906,0.022331991425078836,0.022772599486579437,45.15575466156006,42.26937641143799,1.0682853284142848,41.09945451409387,0.959491688635687,1.3602982424389718,-0.4008065538032848,0.8076836692186325,5.33,306.1975483870968,17.1,3.7,1
2023-08-07,45.27803802490234,45.40066277870498,44.42665090610347,44.97297453243762,322154000,0.01649542471267451,-0.02807649667632739,0.07674304028059575,0.025039812228068233,0.022833660654571476,45.31711044311523,42.56610900878906,1.0646289148429833,39.30380101033429,0.9020093330114634,1.26864046055347,-0.36663112754200666,0.720006374150807,5.33,306.3130967741935,15.77,3.7,0
2023-08-08,44.52733612060547,45.10356664242382,43.92119480836412,44.715756986658505,353843000,-0.016579824061369264,-0.039628435440608456,0.0532721794163451,0.025514759959306278,0.02328517391413226,45.429715156555176,42.69945838928223,1.0639412505512775,37.98911240295463,0.7868089385698056,1.1722741561567371,-0.38546521758693153,0.785947334600736,5.33,306.3516129032258,15.99,3.7,0
2023-08-09,42.42379379272461,44.17641407263371,42.005076934408166,44.138528337331145,586449000,-0.04724159384211224,-0.03874031567738967,-0.0307047620973393,0.02516755748940893,0.02451441664957384,45.36252136230469,42.77147804260254,1.0605787650621132,36.00684836546186,0.5197817892638312,1.0417756827781561,-0.5219938935143249,1.2875669060600385,5.33,306.3901290322581,15.96,3.7,0
2023-08-10,42.25830459594727,43.44067657606507,41.70699522784932,42.03100157577808,492705000,-0.0039008580323082187,-0.04778154444260474,-0.07806060646411783,0.024269700519710984,0.0216898699298253,45.183620834350585,42.816961441040036,1.0552738754376463,39.945638241966755,0.29144762765139376,0.8917100717528037,-0.6002624441014099,1.0800297898435047,5.33,306.4286451612903,15.85,3.7,0
2023-08-11,40.72998809814453,41.889431464332574,40.51464942799337,41.623246353337215,533085000,-0.036166062799152465,-0.08560864480048536,-0.1014757022097117,0.02536954029254542,0.02282723875277826,44.953626823425296,42.8772745513916,1.048425472322058,32.579090785537176,-0.012684984577958858,0.7108310604866512,-0.7235160450646101,1.1999763644600263,5.33,306.46716129032257,14.84,3.7,1
2023-08-14,43.61911392211914,43.66597098414688,40.18764892653742,40.362112664912736,690286000,0.07093362799451008,-0.03663860394902285,-0.05828554684141363,0.04648719322269295,0.02794265339160202,44.818640899658206,42.956772842407226,1.0433428289429818,42.365589245076876,-0.020349387294402277,0.5645949709304405,-0.5849443582248428,1.5230162024807599,5.33,306.58270967741936,14.82,3.7,1
2023-08-15,43.805545806884766,45.12948515568442,43.5762500445296,44.42365139552,676512000,0.004274086931213006,-0.016210049300180107,-0.07483065816361556,0.04630208016162762,0.0273845993691389,44.64148426055908,43.04883155822754,1.03699642114972,43.98759022798928,-0.011250300184450168,0.4494259167074624,-0.46067621689191257,1.4751564831977424,5.33,306.6212258064516,16.46,3.7,0
2023-08-16,43.35293960571289,44.53830062758481,43.27318256792619,44.38377612065419,527451000,-0.010332166688829192,0.02190152576942861,-0.07627923520003876,0.03986448375771661,0.02740246193025204,44.46248378753662,43.13494812011719,1.0307763362488038,40.40544601555867,-0.040098515218183195,0.3515210303223333,-0.3916195455405165,1.1377261912722363,5.33,306.65974193548385,16.78,3.7,0
2023-08-17,43.21137237548828,43.927173858554056,42.86941961752367,43.83545631480397,452395000,-0.0032654586173888056,0.022553384208234606,-0.0478032508137205,0.03983016660225017,0.026511450638101067,44.35401649475098,43.228540878295895,1.0260354754888374,35.6553224076404,-0.07353654233980933,0.2665095157899048,-0.3400460581297141,0.9849072829299356,5.33,306.6982580645161,17.89,3.7,0
2023-08-18,43.16650772094727,43.44465333013322,41.5325230130091,42.50453805651368,583768000,-0.0010382603484830888,0.05982127018872707,-0.02279452739974619,0.03329621965152503,0.025877262169635085,44.30367088317871,43.34466423034668,1.0221251374271947,35.583413693346216,-0.10247535036327093,0.19271254255926965,-0.29518789292254055,1.3257588188063225,5.33,306.7367741935484,17.3,3.7,1
2023-08-21,46.82328796386719,46.92098767446869,44.08668826541733,44.35785535241688,692573000,0.08471336774703686,0.07345802685192138,0.05278838595297963,0.03939380092066018,0.03218333912248133,44.42106037139892,43.513286666870115,1.020861988924867,51.49914715328271,0.16772856985540585,0.1877157480184969,-0.019987178163091035,1.5193658692719638,5.33,306.8523225806452,17.13,3.7,0
2023-08-22,45.528263092041016,48.03955639191804,45.19428904679984,47.98771355577138,755293000,-0.027657708976471795,0.0393264654834069,-0.00024091466485931523,0.04387456832736507,0.032488787679663775,44.42051181793213,43.65082443237305,1.0176328258530727,54.85663019591343,0.2742085338713167,0.20501430518906086,0.06919422868225586,1.5861138883586394,5.33,306.89083870967744,16.97,3.7,1
2023-08-23,46.97183990478516,47.055582524189234,45.06967688525946,45.725664540283454,779046000,0.031707267413777274,0.08347531521473539,0.03661022833585825,0.04339275289567171,0.0331925461022122,44.503457641601564,43.80303741455078,1.0159902205050766,58.33387686765343,0.46966524818962796,0.2579444937891743,0.21172075440045368,1.567713528236848,5.33,306.9293548387097,15.98,3.7,1
2023-08-24,47.01869583129883,50.11220236963025,47.01471026045013,50.06235611284215,1156044000,0.0009975322790984897,0.08810929268171686,0.027516610061146585,0.04293716838372615,0.03314565830551818,44.566415023803714,43.925481948852536,1.0145913726273394,58.016435201771,0.6211863347627329,0.33059286198388604,0.29059347277884684,2.1732815913981933,5.33,306.967870967742,17.2,3.7,0
2023-08-25,45.87719345092773,47.65872425455991,44.88623165435981,46.8681514444708,925341000,-0.0242776274456179,0.06279603964035863,-0.01565781347015771,0.04658178930959773,0.033394767163137704,44.52992687225342,43.9857169342041,1.0123724239589722,51.89051127397819,0.6417603712817055,0.39282636384344993,0.24893400743825556,1.647563457226586,5.33,307.0063870967742,15.68,3.7,1
2023-08-28,46.69169616699219,46.83625296106333,44.75065488017665,46.33977561628421,685192000,0.017753978715713936,-0.002810392063379852,0.002268625018352566,0.0258624518039021,0.03363680355989648,44.535211181640626,44.06910102844238,1.0105768019387873,56.80180590587807,0.7155406977985095,0.4573692306344619,0.2581714671640476,1.1745834118669451,5.33,307.12193548387097,15.08,3.7,1
2023-08-29,48.634727478027344,48.93081957760332,46.249048206065815,46.5232082617889,701397000,0.041614065680671164,0.06823155936579939,0.048960332894885106,0.026093318180361754,0.034822524797541304,44.648712730407716,44.190568084716794,1.0103674758109609,69.71765572701997,0.9201911357184827,0.5499336116512661,0.37025752406721657,1.1564172280194465,5.33,307.1604516129032,14.45,3.7,1
2023-08-30,49.11325454711914,49.77422400503659,48.27682114567205,48.89392651921933,735206000,0.009839205314926325,0.0455893285567428,0.11283285489936645,0.02404309539172492,0.03269453144989189,44.897698402404785,44.29935409545899,1.0135068404305951,71.33808182116981,1.1082163887660244,0.6615901670742178,0.44662622169180655,1.1920086137808497,5.33,307.1989677419355,13.88,3.7,1
2023-08-31,49.2039794921875,49.59178914058814,48.8081949008338,49.22890451656252,528570000,0.0018472598874774704,0.04647690928581638,0.10872733317895333,0.023973654324217497,0.03270684174813471,45.138957786560056,44.425167846679685,1.0160672423871038,78.97066893972907,1.2501376921703695,0.7792996720934482,0.4708380200769213,0.8430159674946747,5.33,307.23748387096776,13.57,3.7,0
2023-09-01,48.36056518554688,49.64761519313272,47.99468759835016,49.60973326514342,463830000,-0.01714118076109139,0.05413085561294162,0.08569839577834704,0.02156181361601145,0.03310257015988055,45.32982215881348,44.534512252807616,1.0178582826166627,68.84607885027282,1.2798020998101904,0.8794001576367967,0.40040194217339375,0.7338420427271591,5.33,307.276,13.09,3.7,1
2023-09-05,48.399452209472656,48.70152648362675,47.71355763922135,48.07544589025944,382653000,0.0008041060681689416,0.03657515538464695,0.06893881273860814,0.02152417268180932,0.032992281432962046,45.485892868041994,44.66090438842773,1.0184722743731098,68.47633539627469,1.2915609042877776,0.961832306966993,0.32972859732078463,0.6025253906208482,5.33,307.332,14.01,3.726666666666667,0
2023-09-06,46.92086410522461,48.404432152677344,46.44129741547312,48.29675585100986,468670000,-0.030549686757790573,-0.035239497817213805,0.053754124839988204,0.016432895245359368,0.033589912758165176,45.60556926727295,44.78916831970215,1.0182276424903312,63.25592548982482,1.1681049518525626,1.003086835944107,0.1650181159084556,0.7313560540011576,5.33,307.346,14.45,3.733333333333333,0
2023-09-07,46.103309631347656,46.206003567946354,45.01755163903208,45.38944205496558,433330000,-0.017424113759787252,-0.06128579634004405,0.08673236195236411,0.013733367094541895,0.03185257703459445,45.7895450592041,44.876277160644534,1.0203507945922146,60.230547083749435,0.9928504447424444,1.0010395577037745,-0.00818911296133007,0.6843846259602615,5.33,307.36,14.4,3.74,0
2023-09-08,45.4362907409668,46.46721201058955,45.13618839061398,45.80519166448395,473069000,-0.014467917720321855,-0.07657284614182336,0.07520382503287415,0.01117419757522826,0.032088411762733436,45.94844436645508,44.96517913818359,1.0218672592240718,57.69105686012644,0.791018763360924,0.9590353988352044,-0.16801663547428036,0.7483072018966583,5.33,307.374,13.84,3.7466666666666666,0
2023-09-11,45.04347610473633,46.025539902373815,44.18005364346136,46.01058517599768,473966000,-0.008645394019285435,-0.06859078400105023,0.10590447500740363,0.011550465109679003,0.03083609036497909,46.16411876678467,45.05210678100586,1.024682796548987,42.25631646122158,0.5925384293215643,0.8857360049324765,-0.2931975756109122,0.7532480989451227,5.33,307.416,13.8,3.7666666666666666,0
2023-09-12,44.73638534545898,45.53699557699163,44.39839411760551,44.60477844461375,349256000,-0.0068176523180247806,-0.07568405626080099,0.025614262255182485,0.009402080842153136,0.02678557881785713,46.21998233795166,45.103383255004886,1.0247564373748586,46.23062161895185,0.4057840508660746,0.7897456141191962,-0.3839615632531216,0.5705137116143162,5.33,307.43,14.23,3.773333333333333,1
2023-09-13,45.34955978393555,45.79323440179784,44.37048163678398,44.46719292129203,398355000,0.013706392095417907,-0.03348839266398118,0.03524699780839424,0.012202069275986676,0.02691791178542365,46.2971830368042,45.16471008300781,1.0250742881270583,41.61498545486233,0.3037563984404912,0.6925477709834552,-0.38879137254296403,0.6658445744210079,5.33,307.444,13.48,3.78,1
2023-09-14,45.445274353027344,45.85006363868303,44.996613561123056,45.8131750613874,370097000,0.002110595329873677,-0.014273059430702673,0.04826281138819777,0.010988889771996331,0.026759547840211402,46.40179977416992,45.22986541748047,1.025910631081306,41.90838727244836,0.22799394238286652,0.5996370052633375,-0.371643062880471,0.6268553548760926,5.33,307.458,12.82,3.786666666666666,0
2023-09-15,43.76927947998047,45.4632178335496,43.67755057038964,45.20598666420072,506831000,-0.036879409287474796,-0.03668898217264238,0.012911117463343169,0.018753745504249488,0.028171654165940238,46.42969512939453,45.26576759338379,1.025713195597745,39.72454841731752,0.03234007448915577,0.4861776191085012,-0.45383754461934545,0.8545105254909868,5.33,307.47200000000004,13.79,3.793333333333333,1
2023-09-18,43.835079193115234,44.110258303658966,41.874933874444345,42.62070760166484,500271000,0.0015033309644691961,-0.02682734584718316,0.015488199242106537,0.0191180836964463,0.028167661756637173,46.46312370300293,45.29501014709473,1.025789011904728,34.97835351946377,-0.11606956084120412,0.3657281831185602,-0.4817977439597643,0.8494293653360772,5.33,307.514,14.0,3.8133333333333335,0
2023-09-19,43.39040756225586,43.83507862136541,42.87394849944543,43.702475243933286,373064000,-0.01014419590530169,-0.03008686939745664,-0.07331566301496018,0.01924264984017493,0.02021886875962983,46.291479682922365,45.32179985046387,1.0213954396263583,17.263820223862936,-0.26649456692821616,0.23928363310920492,-0.5057782000374211,0.6511010402652616,5.33,307.528,14.11,3.82,0
2023-09-20,42.11321640014648,43.77226269413757,42.09726520219276,43.47016358744601,367108000,-0.029434873601426492,-0.07136438367226439,-0.07500937791082873,0.01785256406475289,0.020333713657042094,46.120727348327634,45.318559341430664,1.0177006510920488,10.266065344034033,-0.48319613657289295,0.09478767917278534,-0.5779838157456783,0.6631707796449485,5.33,307.54200000000003,15.14,3.826666666666666,0
2023-09-21,40.89485549926758,41.97463066173917,40.85796692750404,41.45917191816058,450736000,-0.028930606707937456,-0.10012963764749805,-0.12937505573203034,0.01589180081988835,0.01927012444988684,45.816878128051755,45.26110305786133,1.0122793090013722,8.187934665138684,-0.74466124292789,-0.07310210524734974,-0.6715591376805403,0.8391261051629407,5.33,307.55600000000004,17.54,3.8333333333333335,1
2023-09-22,41.48610305786133,41.98960043947268,41.10822995213603,41.448214198146616,479236000,0.014457749058542024,-0.05216390238188495,-0.11766793348093318,0.019139697087939042,0.01978233851617632,45.540248489379884,45.17409881591797,1.0081053011141174,14.5064800674064,-0.8938616065611882,-0.23725400551011744,-0.6566076010510707,0.9521707245788819,5.33,307.57000000000005,17.2,3.84,1
2023-09-25,42.09627532958984,42.40933950772004,41.05438505683627,41.46715374615769,419091000,0.014707871473912393,-0.039666949291116915,-0.08241389319907133,0.02192061556283472,0.019812838725273663,45.35120258331299,45.109426956176755,1.005359758335461,19.268967672101127,-0.9518953101637919,-0.38018226644085235,-0.5717130437229396,0.8767660174846506,5.33,307.612,16.9,3.86,0
2023-09-26,41.78619766235352,42.69249125804407,41.53095945617028,41.875929814501234,402282000,-0.007365916932283945,-0.036971533341802365,-0.10506147575136737,0.02188370002158115,0.019138986228390262,45.10592765808106,45.01877426147461,1.0019359344637029,21.74682377358873,-1.0112510421657177,-0.5063960215858254,-0.5048550205798923,0.8672657528529103,5.33,307.62600000000003,18.94,3.8666666666666663,1
2023-09-27,42.34153747558594,42.74433758001916,41.50503894981491,42.20395172792175,444935000,0.013290029825631544,0.005421601458079683,-0.12939704463820845,0.019271887895691484,0.016320529405322262,44.79126815795898,44.91863143920899,0.9971645778785052,28.68604360632746,-1.0019299805171684,-0.605502813372094,-0.3964271671450744,0.9864912983190837,5.33,307.64000000000004,18.22,3.873333333333333,1
2023-09-28,42.960693359375,43.31662875856255,41.98959464052307,42.33356473794384,424663000,0.014622895641096312,0.05051583713615071,-0.12527292773565613,0.00969264663719582,0.016609357406843155,44.483640098571776,44.83918632507324,0.9920706360743515,35.8969343967955,-0.9338177964102883,-0.6711658099797329,-0.26265198643055543,0.9751145032734164,5.33,307.654,17.34,3.88,1
2023-09-29,43.36948013305664,44.012560070194034,43.17805048373648,43.69650261452956,397830000,0.009515367227946214,0.04539778230239011,-0.11857779430334991,0.009363484810765543,0.016899073815145653,44.191915130615236,44.79896156311035,0.9864495423261108,40.480847072461536,-0.837201980233317,-0.7043730440304496,-0.1328289362028674,0.9274212395385949,5.33,307.668,17.52,3.8866666666666663,1
2023-10-02,44.64864730834961,45.040474760812266,43.73038848028064,43.89888394531724,433298000,0.029494639349342266,0.06063177701058242,-0.07675505575577146,0.013188812076685466,0.018449603837206733,44.006319236755374,44.80846611022949,0.982098318842229,49.5507458010359,-0.6499232387011133,-0.6934830829645824,0.04355984426346904,1.0137118436504275,5.33,307.7105806451613,17.61,3.893548387096774,0
2023-10-03,43.38741302490234,44.995612589411,43.11722010215336,44.67456903988094,470850000,-0.028247984193944697,0.038319240613543526,-0.10355570064880548,0.02150423345708475,0.019194813822610967,43.755717277526855,44.78670440673828,0.9769800626576955,40.578301583004276,-0.5963996291864788,-0.6740663922089617,0.07766676302248288,1.090316961867736,5.33,307.7251612903226,19.78,3.887096774193549,1
2023-10-04,43.90986251831055,44.0115599865903,43.16309221624776,43.611753042966086,361821000,0.012041499065831518,0.03703986997706221,-0.06417191252406607,0.02143072567770172,0.01859643825618613,43.60516719818115,44.754116973876954,0.9743275065316014,42.91761289353095,-0.5059917176517175,-0.6404514572975128,0.13445973964579538,0.8483405038329612,5.33,307.7397419354839,18.58,3.8806451612903214,1
2023-10-05,44.554935455322266,44.76630599321606,43.75731831894087,43.91883469559828,393483000,0.014690843924704211,0.03710931950308871,-0.03358488118112424,0.02143640409948833,0.018684926692350126,43.52774848937988,44.738957214355466,0.9729272025905212,54.00488235712767,-0.37793421115886616,-0.5879480080697835,0.21001379691091737,0.9269064415360598,5.33,307.7543225806452,18.49,3.8741935483870966,1
2023-10-06,45.625736236572266,45.65265626506475,43.89490543600504,44.061407980133865,434436000,0.024033269722133266,0.05202405231959162,0.0041694753800547435,0.022722476802290212,0.01925742407213953,43.53722076416015,44.7362809753418,0.9731971414467252,58.27955441636207,-0.18787730801022207,-0.5079338680578712,0.32005656004764915,1.0280551312773698,5.33,307.76890322580647,17.45,3.867741935483871,0
2023-10-09,45.1381950378418,45.469207213017526,44.23589096073579,44.70847861629508,409675000,-0.010685662061485135,0.010964447055054283,0.002102833557632744,0.021345664355869893,0.01931310488790616,43.54195671081543,44.70690574645996,0.9739425259656496,58.04942529704933,-0.07572345036503236,-0.42149178451930347,0.3457683341542711,0.9768915402992947,5.33,307.81264516129033,17.7,3.848387096774193,1
2023-10-10,45.66162490844727,46.12125070086953,44.95374003044169,45.17507908955567,368582000,0.011596163075786592,0.05241639740630877,0.020682036687664773,0.012776803926424569,0.019395501765486316,43.588218688964844,44.688418045043946,0.9753806600410391,67.56144658015913,0.054764415819697376,-0.3262405444515033,0.3810049602712007,0.8768826180816031,5.33,307.8272258064516,17.03,3.841935483870968,1
2023-10-11,46.666629791259766,46.7194733776131,45.912880346385045,46.05844552419568,378137000,0.022009836155142404,0.06278241640587323,0.02904261945649078,0.013842855059717234,0.019762601945843287,43.65407218933105,44.69445671081543,0.9767222917997207,79.18138237386155,0.23654573278913205,-0.21368328900337624,0.4502290217925083,0.9017834295562853,5.33,307.8418064516129,16.09,3.835483870967742,1
2023-10-12,46.805213928222656,47.46723822927066,46.19204731268838,46.63771490362162,481325000,0.0029696624243658043,0.05050570604365201,0.029924774237933827,0.01432687722396074,0.019764659494070823,43.72206916809082,44.74789016723633,0.9770755448958217,78.1827589482599,0.3873264594854362,-0.09348133930561377,0.48080779879104996,1.132842076177731,5.33,307.8563870967742,16.69,3.829032258064516,0
2023-10-13,45.32563018798828,46.97570471236393,45.145169391645375,46.82016719199545,474115000,-0.0316115153859432,-0.006577560678208361,0.03555806096190528,0.020824546277573526,0.01925246425645029,43.79988670349121,44.76682693481445,0.9784005189214948,65.66700571044481,0.38301605856513987,0.0018181402685369524,0.38119791829660293,1.120185404783827,5.33,307.8709677419355,19.32,3.8225806451612905,1
2023-10-16,45.95774459838867,46.08735476029038,44.77826474104746,44.928816083518186,375099000,0.013946069978038711,0.018156453971183373,0.04842389803659408,0.020916406823918206,0.01943824501638888,43.90601997375488,44.79511627197266,0.9801519368133872,69.62477782850509,0.4256991896303006,0.08659435014088969,0.33910483948941095,0.8995432245940713,5.33,307.9147096774193,17.21,3.803225806451613,0
2023-10-17,43.80716323852539,44.62073527897283,42.3535046190534,43.86897889171314,812333000,-0.04679475415202783,-0.04061313353697171,0.009604788239695017,0.029853962975987712,0.022225514726258715,43.92685775756836,44.76569877624512,0.9812615229604795,55.99511159781531,0.2827327685711154,0.12582203382693485,0.15691073474418055,1.8506202560987626,5.33,307.9292903225807,17.88,3.796774193548387,0
2023-10-18,42.07035446166992,43.09031094806606,41.70046078038666,42.46417874850183,627294000,-0.03964668443374719,-0.09849169203237995,-0.0010177787910876646,0.02701138997316013,0.023056381593136884,43.92471466064453,44.716559143066405,0.9822919183050637,46.663187797461184,0.028951165672218337,0.10644786019599156,-0.07749669452377322,1.3879381862662723,5.33,307.943870967742,19.22,3.7903225806451615,0
2023-10-19,41.97563552856445,43.16807328895168,41.75728589082115,42.683520414055806,501233000,-0.002251441289656042,-0.10318462398365535,0.026428263802429353,0.025971328864882657,0.022030981563391512,43.978753662109376,44.7075959777832,0.9836975730916954,44.650208171423856,-0.1777664285922782,0.04960500243833762,-0.22737143103061583,1.102857096336762,5.33,307.9584516129033,21.4,3.783870967741936,0
2023-10-20,41.26375961303711,42.34353485879464,40.955677830478,41.76526014616155,477266000,-0.016959264739253577,-0.08961531385453536,-0.005359468073299456,0.02533173056610356,0.02218087580813414,43.96763648986816,44.687705078125,0.9838866509927511,36.41676632186886,-0.39448665179209286,-0.03921332840774848,-0.35527332338434436,1.0503504278507723,5.33,307.97303225806456,21.71,3.7774193548387096,1
2023-10-23,42.8470344543457,43.119224175669935,40.82308027803106,41.10623502417962,478530000,0.038369621579715796,-0.06768630991852531,0.017834336146793195,0.03398946355157394,0.02359446031970896,44.005174446105954,44.73004600524902,0.9837945268587919,47.88614739144231,-0.4334849971372208,-0.11806766215364295,-0.3154173349835778,1.0462888754761437,5.33,308.01677419354843,20.37,3.758064516129033,1
2023-10-24,43.532981872558594,43.5668810255137,42.56387990123347,42.9487282788918,401463000,0.016009215735660387,-0.006258824943169872,0.04180289923289204,0.02995436777812586,0.023728939947916257,44.09251365661621,44.72832336425781,0.9857850762152719,48.54433846867419,-0.40437980417824093,-0.17533009055856255,-0.22904971361967838,0.877863213026198,5.33,308.0313548387097,18.97,3.751612903225807,0
2023-10-25,41.654598236083984,43.52002933970915,41.43126619183912,43.26877698659504,398379000,-0.04314851764516192,-0.009882403676078622,-0.016223767025418945,0.03110573001356185,0.025635011064086655,44.058166694641116,44.685304412841795,0.9859654594180084,39.77216716960177,-0.5268108427561842,-0.2456262409980869,-0.2811846017580973,0.8755763305879286,5.33,308.045935483871,20.19,3.7451612903225806,0
2023-10-26,40.20592880249024,42.13018249607792,39.76125762768324,41.728382557734925,541001000,-0.0347781396277832,-0.042160331911351934,-0.06412290727806902,0.0344937976234675,0.026467414843842144,43.92042846679688,44.62236419677734,0.9842694186510369,31.38357254270548,-0.7322924278802105,-0.34295947837451163,-0.3893329495056989,1.1740282004958686,5.33,308.0605161290323,20.68,3.738709677419355,1
2023-10-27,40.3794059753418,41.08330504631517,39.895849517473295,41.00753113322634,416784000,0.004314716212719727,-0.021431727161766,-0.06894420104970966,0.034440059304718926,0.026363613713319602,43.770924758911136,44.56572486877442,0.9821656640343313,33.29364839159474,-0.8710984260504233,-0.448587267909694,-0.4225111581407293,0.9026081352197008,5.33,308.0750967741936,21.27,3.732258064516129,1
2023-10-30,41.03843688964844,41.64163496442114,40.36046137678986,40.96465972958588,388028000,0.01632096605653599,-0.04221056574228865,-0.08085822609067117,0.028599661443702275,0.02565803414449641,43.59041423797608,44.52316345214844,0.979050248413394,33.9227634241511,-0.9173502499593127,-0.5423398643196178,-0.3750103856396949,0.8444722722956693,5.33,308.11883870967745,19.75,3.712903225806452,0
2023-10-31,40.658573150634766,40.757281200093225,39.11318915725788,40.32955772912268,517969000,-0.009256291608647715,-0.06602829850568392,-0.06289473568523996,0.02527981148856224,0.025053472340696072,43.453972244262694,44.39986915588379,0.9786959527222897,28.15715108325537,-0.9734358205219635,-0.628559055560087,-0.3448767649618766,1.121514854519667,5.33,308.13341935483874,18.14,3.706451612903226,1
2023-11-01,42.19897079467773,42.25480380163395,40.74730500713954,40.7622597335259,437593000,0.03788617073048739,0.013068726662742725,-0.038963723079738055,0.027265241123447075,0.02649216883861904,43.36842765808105,44.333283309936526,0.9782363141229556,34.80262016889678,-0.8834034974149461,-0.6795279439310589,-0.2038755534838872,0.939774341022633,5.33,308.148,16.87,3.7,1
2023-11-02,43.376461029052734,43.75333388776775,42.766283751129954,43.1989896259509,409172000,0.027903292715459216,0.0788573307717273,-0.026449918830008246,0.018665602799800812,0.027079310249911087,43.30950393676758,44.261375732421875,0.978494301636516,43.43830494135268,-0.7088672312993154,-0.6853958014047102,-0.023471429894605156,0.8772595212862551,5.33,308.1677666666667,15.66,3.7033333333333336,1
2023-11-03,44.8709831237793,45.17407490732735,43.59279923092805,43.88891569315968,424610000,0.03445468024063936,0.11123435424434769,-0.016542267041555814,0.019040069885299347,0.027679742763243923,43.27176628112793,44.21842147827149,0.9785913841902129,46.54228901612873,-0.4448228986516227,-0.6372812208540928,0.19245832220247006,0.9113183241924635,5.33,308.18753333333336,14.91,3.706666666666667,1
2023-11-06,45.61476516723633,45.79821918115584,44.7653010095317,45.15015318659169,400733000,0.01657601397779196,0.11151322088347437,0.010558023620461432,0.01902318838309056,0.02782096022361727,43.29559478759766,44.213172912597656,0.9792464990736154,56.316645426866664,-0.17354831093219047,-0.5445346388697123,0.37098632793752184,0.8608984702533264,5.33,308.24683333333337,14.89,3.716666666666667,1
2023-11-07,45.81816101074219,46.08037455563248,45.02353336587058,45.58286369022839,343165000,0.004458991354228337,0.12690036713762232,0.0034281763430183965,0.013729540354856387,0.027722077373491794,43.303421592712404,44.19570220947266,0.9798106926204918,64.66871413875532,0.05719182720095972,-0.4241893456555779,0.48138117285653764,0.7392428601233338,5.33,308.26660000000004,14.81,3.72,1
2023-11-08,46.43531036376953,46.72743711996402,45.83111214888231,45.962719040672205,346719000,0.013469535647287367,0.1003896419584267,-0.004956848791629609,0.011888278339550834,0.02743826248790699,43.29185562133789,44.1517138671875,0.9805249180487954,66.76914920748399,0.2865506664105837,-0.2820413432423456,0.5685920096529293,0.7494349554962271,5.33,308.2863666666667,14.45,3.7233333333333336,1
2023-11-09,46.81019592285156,48.08638320008785,46.61079070994887,47.32565472798377,540496000,0.00807328638799265,0.07916125041872313,0.00010644101822809837,0.011635900607133721,0.02748992555360257,43.292104721069336,44.10565269470215,0.9815545644621979,71.39784256283453,0.4928876287219808,-0.12705554884948034,0.6199431775714611,1.1608613504622325,5.33,308.3061333333333,15.29,3.7266666666666666,1
2023-11-10,48.19107055664063,48.32766364227746,47.14220498356334,47.35855787314543,421245000,0.029499441447861097,0.07399185847349665,0.0632189857431198,0.009649400197814234,0.027142504167735594,43.435376739501955,44.08539451599121,0.9852554846423462,70.94407694775657,0.7590859303369157,0.050172746987798875,0.7089131833491169,0.9099036711079853,5.33,308.3259,14.17,3.73,1
2023-11-13,48.4752197265625,48.96974494304787,47.9557712363459,48.176113818422,384136000,0.0058963033325416525,0.06270896164518125,0.05477803904811496,0.010216902128737234,0.02703771914000095,43.56125049591064,44.08768760681152,0.9880593167962035,69.99922817351896,0.9816624715921094,0.236470691908661,0.7451917796834484,0.8289379033504964,5.33,308.3852,14.76,3.74,1
2023-11-14,49.50813674926758,49.6856081153753,48.89397370012533,49.532067353089744,416954000,0.02130814524475655,0.08053522134291402,0.13013792926286927,0.009761112212486378,0.02461363829675615,43.846299171447754,44.109861297607424,0.9940248706659622,84.11436066912442,1.2272567040552147,0.4346278943379718,0.7926288097172429,0.9398508019479824,5.33,308.40496666666667,14.16,3.743333333333333,0
2023-11-15,48.74242401123047,49.81123045847984,48.05647298035821,49.78630718435211,475497000,-0.015466401854609013,0.0496844670443084,0.15859313844477918,0.017154427521888355,0.02275520944319828,44.17990264892578,44.146292495727536,1.0007613358064327,89.41989562440568,1.344605508744941,0.6166234172193656,0.7279820915255752,1.0904677723460443,5.33,308.42473333333334,14.18,3.7466666666666666,1
2023-11-16,49.332664489746094,49.37753247238456,48.18609109090698,48.53405091082967,339756000,0.012109378851975716,0.05388716105892488,0.17526903091616508,0.017144164391870245,0.022653205330009838,44.54775409698486,44.21087959289551,1.0076197195620484,89.81203702604273,1.4683070262752267,0.7869601390305379,0.6813468872446888,0.7938691717362798,5.33,308.4445,14.32,3.75,0
2023-11-17,49.15120697021485,49.56895804695832,48.861073108178935,49.37653194691317,325205000,-0.0036782428317643223,0.01992353360246968,0.19114708478201137,0.014202291831743555,0.02205905035185895,44.94212646484375,44.28517791748047,1.0148345017059075,87.67480306200763,1.534016082311851,0.9363713276868005,0.5976447546250504,0.7736128795524437,5.33,308.4642666666667,13.8,3.753333333333333,1
2023-11-20,50.25889587402344,50.39748190834169,49.0345518906684,49.16516232495467,414120000,0.02253635204685489,0.03679562790065205,0.17298423365974624,0.016509969912871077,0.021218246832081008,45.31271953582764,44.38948631286621,1.0207984660253622,91.75991294469743,1.6563785193131721,1.080372766012075,0.5760057533010972,0.9927334509964911,5.33,308.5235666666667,13.41,3.763333333333333,0
2023-11-21,49.79528045654297,50.3665722694878,49.0754302564708,49.976737718443786,565747000,-0.009224544419808689,0.005799929589950459,0.14385181796912172,0.015688184254369523,0.021479602819829684,45.625834465026855,44.49066421508789,1.025514796642528,86.458036203055,1.6963868509617726,1.2035755830020145,0.49281126795975805,1.33002574609668,5.33,308.5433333333333,13.35,3.7666666666666666,0
2023-11-22,48.570945739746094,50.18512458436573,47.54799972268033,49.70356483588721,899420000,-0.024587364617122076,-0.0035180497269661215,0.1660404324262743,0.01841240249483658,0.019511316450506043,45.97165184020996,44.5550919342041,1.0317934459230325,74.81902040087272,1.6107326393640662,1.2850069942744249,0.3257256450896413,1.9968584701970948,5.33,308.5631,12.85,3.77,0
2023-11-24,47.63374710083008,48.77533829977127,47.6028373652808,48.32568094714606,294645000,-0.0192954579047675,-0.03443798153795519,0.1847443528746382,0.018362732076596593,0.017976016204856216,46.34304275512695,44.598861389160156,1.0391082039235808,63.94292856136267,1.4505064267245444,1.318106880764449,0.1323995459600955,0.6725523893305565,5.33,308.6026333333333,12.46,3.7766666666666655,1
2023-11-27,48.09835052490234,48.38549115302334,47.51010721393193,47.65766532815117,395662000,0.009753661056494112,-0.02142076482375166,0.19116042851829507,0.0198638744819681,0.01794785968888322,46.72898998260498,44.685442810058596,1.0457318322038958,62.89742276189875,1.3455054628819596,1.323586597187951,0.021918865694008582,0.9053147100197784,5.33,308.6619333333333,12.69,3.786666666666666,0
2023-11-28,47.67860412597656,48.17911204503058,47.33164078012809,48.09236930689928,401491000,-0.008726835626274854,-0.05134000067400035,0.16180360997138865,0.013141160694076873,0.018276388242107637,47.060998344421385,44.76231330871582,1.0513531331558323,59.449078853146624,1.2144223116621404,1.301753740082789,-0.08733142842064856,0.9172392877357333,5.33,308.6817,12.69,3.79,1
2023-11-29,47.99665069580078,48.61680018078916,47.71748568176772,48.2349412356402,382005000,0.006670635092081767,-0.0361204866053898,0.18048044917807093,0.01525422930326551,0.01784119264736319,47.42790222167969,44.85443817138672,1.0573736770586644,58.17843509619998,1.1232535028956931,1.26605369264537,-0.1428001897496769,0.8864900339054793,5.33,308.70146666666665,12.98,3.793333333333333,0
2023-11-30,46.63073348999024,47.96674352591701,46.28377015509841,47.88099726514556,526247000,-0.028458594214575972,-0.03994594340723645,0.10502063467082157,0.01640951790070941,0.018249186683433574,47.64949035644531,44.944788513183596,1.060178319505683,49.14837761817994,0.9300622829952658,1.1988554107153493,-0.26879312772008346,1.2087871574963893,5.33,308.7212333333333,12.92,3.7966666666666655,0
2023-12-01,46.6257438659668,47.05944990418179,46.049465900778685,46.38646066120802,369317000,-0.00010700290666698642,-0.02116153559638212,0.07490889666489275,0.015318258271212007,0.0174703975907119,47.811954498291016,45.05940628051758,1.0610870946820168,41.45621660022621,0.7677046075614982,1.112625250084579,-0.34492064252308086,0.8522205056552485,5.33,308.741,12.63,3.8,0
2023-12-04,45.37448120117188,45.93979415914972,44.87597007312704,45.93979415914972,437543000,-0.026836304604423433,-0.05663124190340385,0.01122101728869307,0.01573577618543312,0.017176486605660263,47.83712940216064,45.13717384338379,1.0598166727971297,34.6918405197286,0.5319367050293238,0.996487541073528,-0.4645508360442042,1.008151631380411,5.33,308.8336129032258,13.08,3.790322580645161,1
2023-12-05,46.43142318725586,46.46532151700449,45.140163841646064,45.33459997495961,371718000,0.023293753627681824,-0.026158084146620464,0.01790337003874587,0.022292225080322817,0.017564610227647187,47.877962303161624,45.22387680053711,1.0586877041596972,34.84639763236581,0.42547076655036875,0.8822841861688961,-0.4568134196185274,0.8593554937829785,5.33,308.8644838709677,12.85,3.787096774193549,0
2023-12-06,45.371490478515625,47.25004822206123,45.2807538725136,47.07854443551646,380590000,-0.022827917732901937,-0.05469465429834319,-0.00974876604326913,0.022305878145712606,0.01832779128405751,47.85562877655029,45.295582656860354,1.056518670685478,33.86491865539462,0.2526555756881521,0.7563584640727474,-0.5037028883845953,0.876076262992298,5.33,308.89535483870964,12.97,3.7838709677419353,1
2023-12-07,46.46134185791016,46.49424743379082,45.4722080825041,45.56793131942615,350823000,0.024020621053006952,-0.0036326177909348223,0.0005605969667630273,0.02428834336345728,0.01888916160751271,47.856930351257326,45.377978744506834,1.0546289560561481,36.88365187570572,0.2013195039878184,0.6453506720557617,-0.4440311680679433,0.8071746402723139,5.33,308.9262258064516,13.06,3.7806451612903222,1
2023-12-08,47.36870956420898,47.60303102965734,46.41547109826504,46.4603430274887,359224000,0.019529520027074643,0.01593466691658496,0.011931452760375327,0.025900116749821966,0.019309585137817536,47.88485603332519,45.46613906860352,1.0531982045159385,42.363887197498414,0.23118730467962223,0.5625179985805338,-0.3313306939009115,0.844106307522489,5.33,308.9570967741936,12.35,3.7774193548387096,0
2023-12-11,46.49224090576172,47.39362756059322,45.69754725900702,47.35374605650463,509728000,-0.018503114535117215,0.0246341043467615,-0.035251959154595225,0.023634134170057705,0.018517765656527935,47.79991455078125,45.52859428405762,1.0498877749783495,33.53774591530504,0.18203566232921276,0.48642153133026955,-0.3043858690010568,1.185437662241617,5.33,309.04970967741934,12.63,3.767741935483871,1
2023-12-12,47.51926803588867,47.5282408991093,45.91292392475919,45.91292392475919,372387000,0.02209029098443982,0.02342906536044742,-0.019720419960262747,0.023407600452971817,0.01920543958535268,47.752116966247556,45.5860066986084,1.0475169997223135,40.51952922034067,0.22338015049979987,0.4338132551641756,-0.21043310466437576,0.8672183849263613,5.33,309.08058064516126,12.07,3.764516129032258,1
2023-12-13,47.94902420043945,48.45356234904266,47.47041188410191,47.49135110162281,447792000,0.009043829636142808,0.05680954482075795,-0.03149204658466953,0.017601599264393333,0.018649466822128934,47.67416133880615,45.67723892211914,1.0437181069567671,47.225821118356535,0.2875094560620042,0.4045524953437414,-0.1170430392817372,1.039091106225991,5.33,309.1114516129032,12.19,3.761290322580645,1
2023-12-14,48.21025848388672,48.52933332337193,47.28494297084845,48.2501437897404,391232000,0.005448166835580137,0.037642404546238906,-0.01091791264261166,0.016127143075165974,0.01840594954179289,47.647553062438966,45.763246841430664,1.041175099038261,52.73665336206963,0.35531595504172486,0.3947051872833381,-0.039389232241613226,0.9168083244636103,5.33,309.1423225806452,12.48,3.758064516129032,1
2023-12-15,48.74869918823242,49.26121358218172,47.980924159413945,48.05471159561218,479948000,0.011168591940357686,0.02913293684204854,-0.011837294975929225,0.01496220802292746,0.01837350451648137,47.61835479736328,45.84712211608887,1.038633453955725,53.065662743112306,0.447344055101361,0.4052329608469427,0.04211109425441828,1.1065282557242528,5.33,309.1731935483871,12.28,3.7548387096774194,1
2023-12-18,49.932273864746094,50.28724399732617,49.0079548114807,49.25723229515319,412587000,0.02427910274987144,0.07399154981488665,0.0158911030405533,0.008306668146739799,0.01916038568298328,47.65740814208984,45.933252868652346,1.0375361021865308,59.90988966012368,0.6087641184585664,0.4459391923692675,0.16282492608929888,0.9417401468530942,5.33,309.2658064516129,12.56,3.7451612903225806,0
2023-12-19,49.46064376831055,49.55636699628033,48.75369315436852,49.281163666785375,464444000,-0.009445395931959255,0.040854495716467376,-0.01588280227472072,0.012113459123033767,0.01859130302859306,47.6174955368042,46.01970184326172,1.0347197749995076,56.351713360681444,0.6906724325588627,0.49488584040718653,0.19578659215167615,1.054051324531492,5.33,309.2966774193548,12.53,3.741935483870968,0
2023-12-20,47.97195053100586,49.85449435490147,47.95898761649741,49.51148681248871,397894000,-0.03009854146416291,0.0004781396691320161,-0.0366165208594087,0.020848662792540665,0.019654379796292972,47.526329040527344,46.06590835571289,1.0317028522163796,55.757694459255674,0.6282185465269876,0.5215523816311467,0.10666616489584091,0.9205504831459101,5.33,309.3275483870968,13.67,3.738709677419355,1
2023-12-21,48.84842300415039,48.95311910291898,48.27907021417121,48.66993945324694,300425000,0.01827051982341299,0.01323711053067611,0.0057128239975206,0.022377331426620812,0.019359458903271426,47.540202903747556,46.1095442199707,1.0310273872357476,58.8774686213506,0.6420462855673676,0.545651162418391,0.09639512314897669,0.74679623978119,5.33,309.3584193548387,13.65,3.735483870967742,0
2023-12-22,48.688873291015625,49.24027260571634,48.32691966505345,49.05281623744541,252507000,-0.0032662203469948636,-0.0012272306382123954,0.02215081227920357,0.02196064119725408,0.018822764299762287,47.59295921325683,46.14721740722656,1.0313289053437893,64.50253446498485,0.6328356050148471,0.5630880509376822,0.06974755407716493,0.6309863955607776,5.33,309.3892903225806,13.03,3.732258064516129,1
2023-12-26,49.13658142089844,49.45665286845571,48.81850309781851,48.82647939940057,244200000,0.009195286307137174,-0.015935433783828556,0.021585582138800463,0.01855452274744941,0.018809920504229694,47.64487075805664,46.223436431884764,1.030751377134552,62.50338088375157,0.6541220667376777,0.5812948540976813,0.07282721263999636,0.621999051973599,5.33,309.51277419354835,12.99,3.719354838709677,1
2023-12-27,49.27418518066406,49.536425600159234,48.94314392704513,49.36791528650649,233648000,0.0028004341325036375,-0.0037698374594539175,0.03346534748525043,0.018308999444854247,0.018664589377864863,47.724649810791014,46.289765243530276,1.0309978795466301,69.71978562953018,0.6743220495874382,0.5999002931956328,0.07442175639180548,0.608121095345693,5.33,309.5436451612903,12.43,3.7161290322580647,1
2023-12-28,49.37887954711914,49.73983287122963,49.26919684127221,49.49953204501984,246587000,0.0021247305474705325,0.029328159487781003,0.028798443876403512,0.008242270220642372,0.01862997275679485,47.793761253356934,46.40119956970215,1.0300113293744255,66.37185910716036,0.6908153525677179,0.6180833050700498,0.07273204749766804,0.653310885737294,5.33,309.57451612903225,12.47,3.712903225806452,0
2023-12-29,49.37887954711914,49.85250906748791,48.61010784761711,49.66903891502132,389293000,0.0,0.01085923578175052,0.05893422323538644,0.0045829993535191895,0.017250141100236847,47.93116855621338,46.54737007141113,1.0297288221156056,62.55908289241628,0.6958649164118853,0.6336396273384169,0.06222528907346836,1.0504558420817802,5.33,309.60538709677417,12.45,3.709677419354839,0
2024-01-02,48.02878952026367,49.15253129584884,47.45744748805672,49.10167999879026,411254000,-0.027341447178183986,-0.01355717900487452,0.030091651906512418,0.014225909349147326,0.018536074880081105,48.00132083892822,46.66843315124512,1.0285607979030156,59.06360637913429,0.5841915535615811,0.6237500125830497,-0.039558459021468595,1.1034711847234386,5.33,309.73893548387093,13.2,3.706451612903226,0
2024-01-03,47.431522369384766,48.04474284454288,47.1832414497885,47.34776550065434,320896000,-0.012435606994153248,-0.034700400439101164,0.04533475896050043,0.012957865623847287,0.01762889230832761,48.10417289733887,46.79178840637207,1.0280473248760904,49.454773352397225,0.44239548170207144,0.5874791064068541,-0.14508362470478264,0.8747124404931216,5.33,309.77987096774194,14.04,3.712903225806452,1
2024-01-04,47.859283447265625,48.35983153595327,47.3706979086473,47.62894825426151,306535000,0.009018497752392607,-0.02871486820554603,0.030752024426459412,0.014353289169217414,0.01701533785091242,48.17556591033936,46.892033386230466,1.027372080744227,49.44223816015648,0.36038354008523754,0.5420599931425307,-0.18167645305729319,0.8430562511465218,5.33,309.8208064516129,14.13,3.7193548387096778,1
2024-01-05,48.955108642578125,49.4038088927802,48.16639428593929,48.3219454810566,415039000,0.022896815756131117,-0.008582027547559878,0.0789839197757769,0.01933542820406091,0.01662006974304626,48.35474681854248,47.00047592163086,1.0288139826322131,54.1943017402041,0.3794384898396004,0.5095356924819446,-0.13009720264234426,1.1360904341551696,5.33,309.86174193548385,13.35,3.725806451612904,1
2024-01-08,52.10198593139648,52.1239255155236,49.33600459251864,49.36891016503661,642510000,0.06428087642075808,0.05514718862097401,0.12140510471558796,0.03536666448118641,0.021032642602267237,48.6367790222168,47.20942367553711,1.0302345429270579,64.59505805188472,0.6410764422897515,0.535843842443506,0.10523259984624544,1.6912319215385891,5.33,309.9845483870968,13.08,3.7451612903225806,1
2024-01-09,52.98642349243164,54.16800018278708,51.54061326714163,52.24956080282397,773100000,0.016975121873467947,0.10322213034489058,0.11859546058791759,0.028066399778810616,0.02095346615353299,48.91766471862793,47.46503356933594,1.0306042372680517,63.64847647157698,0.9093111513029086,0.6105373042153865,0.2987738470875221,1.9298537719517435,5.33,310.0254838709677,12.76,3.751612903225807,1
2024-01-10,54.19292068481445,54.44219815586451,53.33440901365928,53.46104467716742,533796000,0.022769930726785903,0.14255073372458127,0.16563365475675318,0.021495631944233512,0.02045791500456761,49.30269870758057,47.74130386352539,1.0327053246915632,69.84436606830924,1.2053488201351712,0.7294996073993435,0.4758492127358277,1.328499463792892,5.33,310.0664193548387,12.69,3.758064516129033,1
2024-01-11,54.6635627746582,55.18605048150879,53.40521272938546,54.84005319134575,596759000,0.00868456772391002,0.14217261181709828,0.15034521856215965,0.021566599343152318,0.02018592957982828,49.65991344451904,48.013806381225585,1.0342840359338208,80.68019639064332,1.4610950941065681,0.8758187047407885,0.5852763893657796,1.4448590306140854,5.33,310.1073548387097,12.44,3.764516129032258,0
2024-01-12,54.55188751220703,54.811138243808735,54.172988448593486,54.46214745952533,352994000,-0.002042956162801479,0.11432471553665757,0.13770589541438594,0.025341616266912337,0.02028515063312561,49.99005661010742,48.29167266845703,1.0351692920912168,78.12184832064041,1.6359068821893885,1.0278363402305084,0.6080705419588801,0.8645829455298587,5.33,310.14829032258064,12.7,3.770967741935484,1
2024-01-16,56.21905517578125,56.670745116790805,54.74133972907017,54.8589987377964,449580000,0.03056113618802203,0.07901943027288416,0.16612225164839778,0.012609620768852582,0.02097155338968337,50.39049644470215,48.5720743560791,1.0374376040704438,82.32324158560716,1.8872183031982175,1.1997127328240502,0.6875055703741673,1.0933371076542353,5.33,310.3120322580645,13.84,3.796774193548387,0
2024-01-17,55.89100646972656,56.3077977062965,54.58180135481828,56.18415552246115,474394000,-0.005835187109227813,0.05481749447969064,0.14651277675975893,0.015651868827266362,0.021176579206027498,50.74761180877685,48.822365264892575,1.0394337007934495,79.29424416392304,2.036438826830988,1.367057951625438,0.6693808752055501,1.1544621231128722,5.33,310.35296774193546,14.79,3.803225806451613,1
2024-01-18,56.94195938110352,57.43353464294008,55.94484937824919,57.094517089822695,491650000,0.018803613993714885,0.05072689682620091,0.14038386345762843,0.014981441740851226,0.020976833710240277,51.09809608459473,49.063784790039065,1.0414625839254184,80.81423138915233,2.2139789129000604,1.5364421438803626,0.6775367690196978,1.1850550255769656,5.33,310.3939032258064,14.13,3.809677419354839,1
2024-01-19,59.31906509399414,59.32803795704181,57.05961145486245,57.82140334356974,543501000,0.041746117252148274,0.08516646341782552,0.19931850001515516,0.020512088229625004,0.021989521758265358,51.591017150878905,49.33787078857422,1.0456676854167464,83.77718691782133,2.5174734085648254,1.7326483968172552,0.7848250117475701,1.297670810530621,5.33,310.4348387096774,13.3,3.816129032258064,1
2024-01-22,59.48159790039063,60.15664330232137,58.89928603895681,59.87545679775879,452955000,0.0027399758600199497,0.09036736606190732,0.23992452343470383,0.01950963210536592,0.02002692296432493,52.16649951934814,49.61113952636719,1.051507786706307,83.95442429712672,2.7395304206806514,1.9340248015899346,0.8055056190907168,1.0744194800929785,5.33,310.5576451612903,13.19,3.835483870967742,1
2024-01-23,59.69997024536133,59.73686206906665,58.41569051141824,59.39784450488147,294654000,0.003671258888108264,0.06191699698076092,0.2221473401564864,0.018735508093841807,0.02001392904074761,52.70907688140869,49.876432723999024,1.0567932388646288,92.45559239922602,2.8997070084536034,2.1271612429626687,0.7725457654909347,0.6994046418095167,5.33,310.5985806451613,12.55,3.841935483870968,1
2024-01-24,61.184661865234375,62.66736391279241,59.76477747230483,60.12972084943654,560271000,0.024869218757917366,0.09471390353965314,0.2566456713740499,0.016195842751358762,0.02000140364612284,53.33386631011963,50.16392204284668,1.0631917150450356,96.99489942893939,3.110593330277517,2.3238476604256384,0.7867456698518787,1.2830218319651334,5.33,310.63951612903224,13.14,3.848387096774193,1
2024-01-25,61.43892288208008,62.53773920716308,60.67413746929077,62.16980235813448,482777000,0.004155633276289761,0.07897451281714929,0.2503703168887792,0.01737852641048101,0.0200659175846945,53.948983383178714,50.42887908935547,1.0698033420014341,96.9588400899861,3.2606522295713702,2.511208574254785,0.7494436553165853,1.0761627619914105,5.33,310.6804516129032,13.45,3.85483870967742,0
2024-01-26,60.8546257019043,61.604455217070864,60.39795289004422,60.78383173571761,390309000,-0.009510211975838567,0.025886460035689618,0.2350204367414801,0.012376862223743538,0.020527813974059932,54.52800540924072,50.676467208862306,1.0760025000263802,92.65806208460045,3.294450712028933,2.667857001809615,0.6265937102193182,0.8551106195805082,5.33,310.7213870967741,13.26,3.861290322580645,1
2024-01-29,62.28447341918945,62.30840232360706,60.73097744998884,61.055035142050976,348733000,0.0234961221237191,0.047121725335835585,0.26135858064084516,0.014627842799077848,0.020608179134085223,55.17328510284424,50.93199394226074,1.0832736131515224,91.6273361279537,3.3974493328599777,2.8137754680196876,0.5836738648402902,0.7555692774347308,5.33,310.84419354838707,13.6,3.8806451612903214,1
2024-01-30,62.59257888793945,63.309502714007664,62.08006442941247,62.71821799882993,410735000,0.0049467459839689365,0.048452430222155396,0.26759820113397503,0.014515035258006606,0.02048748493603155,55.833970069885254,51.20899703979492,1.090315633920661,91.21328489812699,3.464007100729198,2.9438217945615897,0.5201853061676083,0.8878412855762835,5.33,310.885129032258,13.31,3.887096774193549,0
2024-01-31,61.34918594360352,62.08904212424609,60.52457632784889,61.262435580323725,453795000,-0.019864862039987163,0.00268897585364658,0.27734191422250776,0.01640720967671835,0.019785689686928586,56.499989891052245,51.44932746887207,1.0981677054036505,80.60562851782369,3.3774895945175487,3.0305553545527815,0.34693423996476724,0.9764299730295365,5.33,310.92606451612903,14.35,3.893548387096774,1
2024-02-01,62.844852447509766,63.00837994825412,61.4718330718424,61.92052952927185,369146000,0.024379565611207354,0.022883369360626515,0.32495963250114257,0.019659618576907092,0.019042664016597346,57.27065639495849,51.72320037841797,1.1072527603851685,82.16897548308755,3.390527741307018,3.1025498319036293,0.28797790940338874,0.7901890063107706,5.33,310.967,13.88,3.9,1
2024-02-02,65.96880340576172,66.40752664709339,63.5059366044878,63.78911624931711,476578000,0.04970893934170961,0.08403925987334415,0.378390954775792,0.025834774314646643,0.020557918142291326,58.176132392883304,52.03739852905274,1.1179677316190832,86.29396687544144,3.611308385845284,3.2043015426919603,0.4070068431533236,1.0019219457103945,5.33,311.0145172413793,13.85,3.9,1
2024-02-05,69.13164520263672,69.29616929872287,67.01079290005846,68.02784195808994,680078000,0.047944507609467335,0.10993384719437471,0.41214363770220075,0.029531256783139687,0.021707180016627036,59.18495922088623,52.424125823974606,1.1289641608829604,87.48414793986342,3.9954366309083724,3.3625285603352433,0.6329080705731291,1.3909922108256894,5.33,311.1570689655172,13.67,3.9,0
2024-02-06,68.02584075927734,69.552414531284,66.10840153882174,69.42877233327619,683111000,-0.015995633260543318,0.08680361103294931,0.3056285579756608,0.033650223479227546,0.01997897877114621,59.98115196228027,52.81322372436524,1.1357222250875045,83.70445871750157,4.162647447018486,3.522552337671892,0.6400951093465941,1.3914183602344699,5.33,311.2045862068965,13.06,3.9,1
2024-02-07,69.89640045166016,70.01705293105977,67.40462245828914,68.12154618534456,495575000,0.027497781306403235,0.13932074854120846,0.3191379195775286,0.02650319846843898,0.020209480025696253,60.8266508102417,53.25847679138184,1.1421027125598253,84.41407196096416,4.395433931431384,3.6971286564237906,0.6983052750075935,1.0387898368277748,5.33,311.2521034482759,12.83,3.9,0
2024-02-08,69.43973541259766,70.5894031052992,69.25427593719057,69.87148269785355,414422000,-0.006533455744667793,0.10493911129151212,0.281343292354707,0.03048798153204646,0.02060889454023754,61.58899154663086,53.685304489135746,1.1472225431653196,79.9410584781423,4.49129696959114,3.855962319057261,0.635334650533879,0.8796884998190939,5.33,311.2996206896552,12.79,3.9,1
2024-02-09,71.92452239990234,71.97636644817582,70.00906929428511,70.32914067903327,436637000,0.0357833590888641,0.0902808401345121,0.3157671902287029,0.027660364179063986,0.021214901201648845,62.452039527893064,54.17022285461426,1.152885039729412,82.36426870781375,4.713437092839278,4.027457273813665,0.6859798190256132,0.9428675233308087,5.33,311.34713793103447,12.93,3.9,1
2024-02-12,72.03919219970703,74.39536169687851,71.04407549243956,72.39017224345903,613710000,0.001594307420869967,0.04205811952757377,0.3205627794929531,0.0222431005430572,0.021085093467042824,63.32640476226807,54.651073684692385,1.1587403593866743,82.26861420414271,4.842911565535616,4.190548132158056,0.6523634333775599,1.2889532083165005,5.33,311.4896896551724,13.93,3.9,0
2024-02-13,71.91954040527344,73.23771827831571,69.41879318637284,70.19653768234375,602580000,-0.0016609263760467563,0.05723853762829201,0.27927337413268805,0.01898693405562118,0.02100065590409565,64.11142902374267,55.15684982299805,1.1623475457623207,80.2314278863384,4.879616931590341,4.328361892044513,0.5512550395458282,1.2455647503811387,5.33,311.5372068965517,15.85,3.9,1
2024-02-14,73.68641662597656,74.02144406218807,71.73008918323228,72.99043592470231,504917000,0.02456740144259273,0.05422333839548088,0.318394877463674,0.018399492468521975,0.020694344581071826,65.00119953155517,55.69806327819824,1.1670280025158153,81.78341116651976,4.993713917682577,4.461432297172126,0.5322816205104504,1.0404080553596313,5.33,311.58472413793106,14.38,3.9,0
2024-02-15,72.44800567626953,73.76120070674112,72.19075571305264,73.65551186894326,420122000,-0.016806502560615222,0.04332202946623154,0.27231318457776443,0.021176071421227224,0.021773661983095414,65.77650184631348,56.239533767700195,1.1695776518704109,79.09805215433789,4.927407105468447,4.554627258831391,0.372779846637056,0.8721103903989431,5.33,311.6322413793104,14.01,3.9,0
2024-02-16,72.40314483642578,74.18697602398943,72.29146900724291,73.8858468671519,495327000,-0.0006192142823669977,0.006654509763197147,0.22057123998328754,0.014846618723578472,0.02080098158002678,66.43070583343506,56.7589682006836,1.1704001665173853,77.29428821618532,4.815725893797833,4.60684698582468,0.208878907973153,1.0333917770448902,5.33,311.67975862068965,14.24,3.9,0
2024-02-20,69.25128173828125,71.74804279084927,67.53824458047887,71.73906612377016,704833000,-0.04353212978890997,-0.03869991287099861,0.16424716521992533,0.024973099492620592,0.024003349147546083,66.91919002532958,57.236564025878906,1.169168540499265,65.57226968587986,4.421915627323031,4.56986071412435,-0.14794508680131901,1.4328334846127029,5.33,311.8698275862069,15.42,3.9,0
2024-02-21,67.27701568603516,68.6889240135881,66.05655384481933,67.80946909427277,673755000,-0.028508729408177058,-0.06455164609057862,0.12691874735503017,0.026228860878950593,0.025343208504428824,67.29804229736328,57.652877502441406,1.167297196822716,63.40478376214343,3.9054913103636153,4.436986833372203,-0.531495523008588,1.3188370321992529,5.33,311.91734482758625,15.34,3.9,1
2024-02-22,78.31101989746094,78.34790791274914,74.00549852714776,74.80817230671141,865100000,0.1640085265214304,0.06276059392273492,0.27991260407631513,0.08482059335222228,0.043385474054704755,68.15436019897462,58.271723709106446,1.169595746630089,74.43373235779111,4.336583804707288,4.41690622763922,-0.08032242293193192,1.6443266832917707,5.33,311.96486206896554,14.54,3.9,1
2024-02-23,78.58921813964844,82.15587637734276,77.3458203592003,80.55651569183838,829388000,0.0035524788535734597,0.08476717069094519,0.27914381393835597,0.083394179811246,0.04339233932523512,69.01187496185302,58.91366325378418,1.1714069563891907,71.90781089955917,4.647107028373767,4.46294638778613,0.18416064058763748,1.5261742018544555,5.33,312.01237931034484,13.75,3.9,1
2024-02-26,78.8634262084961,80.41293598535317,78.27811704521838,79.46966317926245,503973000,0.0034891308927440523,0.08922652996172298,0.29593149738210056,0.08317273817083742,0.04313047693605995,69.91231498718261,59.54054641723633,1.1741967313713428,68.77647416263041,4.859310117611713,4.542219133751247,0.3170909838604663,0.9177733879716986,5.33,312.1549310344828,13.74,3.9,0
2024-02-27,78.47354125976562,79.25029679601072,76.9389952975712,79.151576284054,391705000,-0.00494379926760613,0.13317095785082667,0.25992140499639227,0.07741795559297453,0.04326510261087304,70.72176837921143,60.151036758422855,1.1757364825354963,70.73046449588858,4.939087412499276,4.621592789500853,0.31749462299842346,0.7105445773052927,5.33,312.2024482758621,13.43,3.9,0
2024-02-28,77.43856048583984,78.70488691297152,76.9021132659983,77.39568548362723,393110000,-0.013188913834024096,0.15104036194509662,0.23718437331811182,0.07490866413488015,0.04361924764343826,71.46406745910645,60.73560279846191,1.1766421039113524,65.47851002865329,4.8627425258159604,4.669822736763875,0.19291978905208573,0.7142349713323077,5.33,312.2499655172414,13.84,3.9,1
2024-02-29,78.88336181640625,79.75882270864132,78.12356300049603,78.86541608909434,507289000,0.01865738879315293,0.007308574447053795,0.28580943011894844,0.011830375746621312,0.04300554033856451,72.34077625274658,61.33829605102539,1.1793737503332107,68.62540691517296,4.8627670936640754,4.708411608143916,0.15435548552015987,0.9172275080921363,5.33,312.2974827586208,13.4,3.9,1
2024-03-01,82.04120635986328,82.06214938054762,79.20542398518815,79.76879352380037,479135000,0.04003182002824146,0.043924450477174304,0.305456265147364,0.02105471420086892,0.04335552218020028,73.30059394836425,61.980474700927736,1.182640086286191,69.43683038187838,5.059278019591048,4.778584890433343,0.2806931291577053,0.8577928620054255,5.33,312.345,13.11,3.9,1
2024-03-04,84.99065399169922,87.44155024884783,83.47704345209779,83.88685110747949,615616000,0.035950807681917274,0.0776941616384279,0.288346151573156,0.02382656316432826,0.04286976169200436,74.25168647766114,62.69107490539551,1.1844060193530142,72.43897525700264,5.390867553046775,4.9010414229560295,0.48982613009074516,1.088585594316302,5.33,312.41061290322585,13.49,3.9,1
2024-03-05,85.7195816040039,85.85220668028344,83.17982622827054,85.02755456111447,520639000,0.00857656198734369,0.09233736910447576,0.23994707999129927,0.021619517381715993,0.04210507449242031,75.08108329772949,63.44602752685547,1.1833850947712863,73.41484347593078,5.647373606131296,5.050307859591083,0.5970657465402134,0.9338025551917398,5.33,312.43248387096776,14.46,3.9,1
2024-03-06,88.44779968261719,89.4688902523757,86.78254975478006,87.77173362164056,582520000,0.03182724445876017,0.1421674050719275,0.3002088426309484,0.013060143819426336,0.04181259006186836,76.10218124389648,64.2380150604248,1.1846907344866087,74.25472168804892,6.001617983267749,5.240569884326416,0.7610480989413331,1.0543011612389215,5.33,312.4543548387097,14.5,3.9,1
2024-03-07,92.405517578125,92.5032385135836,89.34723648723485,89.90165539673119,608119000,0.04474636915456953,0.171419618159661,0.3220354264456291,0.014062535200593251,0.04228118752057145,77.22763710021972,65.11234794616699,1.1860674593407277,80.10253317943767,6.526480754930631,5.49775205844726,1.0287286964833715,1.0895361661045515,5.33,312.4762258064516,14.44,3.9,0
2024-03-08,87.27914428710938,97.12307831319924,86.26004682578466,94.86750849310263,1142269000,-0.055476917670868375,0.06384520851961328,0.25690490852986914,0.04061284842152059,0.044918105065403925,78.1196075439453,65.8751992034912,1.185872809319796,69.45554950439825,6.454380718005069,5.689077790358821,0.765302927646248,1.9212742280886714,5.33,312.4980967741936,14.74,3.9,0
2024-03-11,85.53012084960938,88.54452056286361,83.92669117198699,86.18325727083518,678364000,-0.020039420090399718,0.006347366828861389,0.18916494674875306,0.0404644073334643,0.045122687646634865,78.79988746643066,66.60031791687011,1.1831758455686043,72.10123415562036,6.184814651690118,5.788225162625081,0.396589489065037,1.118261894052745,5.33,312.5637096774193,15.22,3.9,1
2024-03-12,91.65167999267578,91.69854344348778,85.90506455225947,87.79866748859284,668075000,0.07157196882523009,0.06920353876756202,0.27224746966344404,0.051385851844684464,0.047136472712801275,79.7805118560791,67.44577392578125,1.1828837777719217,79.74319921053122,6.391463452722846,5.908872820644635,0.4825906320782112,1.0963879385921005,5.33,312.5855806451613,13.84,3.9,0
2024-03-13,90.62957763671876,91.24382347923168,88.18354935724443,90.7961026211969,635713000,-0.011152030776071964,0.02466740791665356,0.26015234699794365,0.051362911421324355,0.04734034606182793,80.71601371765136,68.27078788757325,1.1822921078715631,69.89219942736338,6.398995362997255,6.006897329115159,0.3920980338820961,1.0404494479486814,5.33,312.6074516129033,13.75,3.9,0
2024-03-14,87.6939468383789,90.3882676423802,86.35376650266996,89.32230691373881,602318000,-0.03239153127367633,-0.05098798062315546,0.1900965042648619,0.048281393528359834,0.04828856126802934,81.41639022827148,69.06409103393554,1.178852700577301,63.540353572429474,6.097792033994267,6.025076270090981,0.07271576390328605,0.9779977381535182,5.33,312.6293225806452,14.4,3.9,0
2024-03-15,87.58726501464844,89.29140572149215,86.01176295929899,86.68284605628648,642086000,-0.0012165243734221232,0.0035302904268341706,0.20896723377076754,0.040896243257057846,0.047961392478394455,82.17335319519043,69.86720588684082,1.1761362452118242,63.03887290049186,5.783805781355383,5.976822172343861,-0.19301639098847811,1.02411499685709,5.33,312.65119354838714,14.41,3.9,1
2024-03-18,88.20348358154297,92.14224887190905,86.83737638281593,90.13098583462606,668976000,0.007035481320160741,0.031256389040233756,0.21822724386922054,0.03910874241449195,0.04789792675123818,82.96337013244629,70.67408988952637,1.173886643070039,64.44489146195795,5.521049876147217,5.885667713104533,-0.36461783695731675,1.0524296304022431,5.33,312.7168064516129,14.33,3.9,1
2024-03-19,89.14382934570312,90.28656718338364,84.76830466715785,86.45349454494367,672171000,0.01066109552567518,-0.027362844272718956,0.28725168846117577,0.01726071598544331,0.046154753470258054,83.95799751281739,71.47786430358887,1.1746013724783588,67.42639036137572,5.327282377456754,5.773990645974978,-0.44670826851822376,1.0601797856694637,5.33,312.7386774193549,13.82,3.9,1
2024-03-20,90.11505889892578,90.15295286698972,87.97216679685033,89.54168915568671,479063000,0.010895084498290908,-0.005677161377220408,0.3394627865104778,0.018217561643115915,0.045088690094835855,85.09989967346192,72.23812576293945,1.1780468938622572,66.96050914672853,5.192237465321526,5.657640009844288,-0.4654025445227621,0.7673830449391056,5.33,312.7605483870968,13.04,3.9,1
2024-03-21,91.17503356933594,92.38458987226002,90.14796323755638,92.03757971668344,480372000,0.01176245883164806,0.03969586107662271,0.16426824332921353,0.005369937376694557,0.028531200056122266,85.74310035705567,73.00189796447754,1.1745324813168276,64.72559006837648,5.111818633620686,5.548475734599568,-0.43665710097888155,0.7939441864700818,5.33,312.78241935483874,12.92,3.9,1
2024-03-22,94.02090454101562,94.50851255895188,90.5757265000991,90.881852799499,586719000,0.031213270346815758,0.0734540520849829,0.19635882334324783,0.009619059565594638,0.028970414112174502,86.51468467712402,73.79845764160156,1.1723102005366857,64.60738817683384,5.21757912921845,5.482296413523345,-0.2647172843048953,0.9895556099762596,5.33,312.8042903225807,13.06,3.9,1
2024-03-25,94.73189544677734,96.49088009677016,93.24414062902235,93.67391499463383,552136000,0.0075620513249961,0.07401535177688245,0.20121455535457966,0.009521847232522205,0.028940973815906566,87.30810813903808,74.59982429504394,1.1703527315792674,64.58683825512439,5.2976975484031925,5.445376640499315,-0.14767909209612284,0.9274612508656063,5.33,312.86990322580647,13.19,3.9,0
2024-03-26,92.29782104492188,96.10097979295516,92.23899068459922,95.57846759747076,513648000,-0.02569434919860747,0.03538093126993069,0.17616485204095333,0.020574635162950515,0.02984771011702571,87.9993221282959,75.35474296569824,1.167800707227593,56.291338217495316,5.105924590654581,5.377486230530368,-0.2715616398757872,0.854063129918697,5.33,312.89177419354843,13.24,3.9,0
2024-03-27,89.99340057373047,92.97489725482532,88.8696059634602,92.8472628285773,586067000,-0.02496722506666582,-0.0013500332428542094,0.16212646527935348,0.024765738163044625,0.030410445484334806,88.62706413269044,76.03022987365722,1.1656819173106003,45.83320263808469,4.713659533854454,5.244720891195185,-0.5310613573407315,0.9590914874405699,5.33,312.91364516129033,12.78,3.9,1
2024-03-28,90.0990982055664,91.04041442208826,88.93940289555813,89.74410760252643,435212000,0.0011745042543351847,-0.011800767399238854,0.14218126777182438,0.02394496775943807,0.03033848794227978,89.18785095214844,76.71439170837402,1.1625960783367957,55.89361117923248,4.361044163301614,5.067985545616471,-0.7069413823148576,0.7164444658084166,5.33,312.9355161290323,13.01,3.9,1
2024-04-01,90.10607147216795,91.96277679415356,88.9503702442798,90.04225806770008,452441000,7.739552049268461e-05,-0.041637900506901304,0.09830261487049774,0.015747120894801403,0.029355650509707103,89.59109420776367,77.37767395019532,1.1578416568250631,60.314665050565615,4.035636322588246,4.861515701010826,-0.82587937842258,0.7464468620561197,5.33,313.023,13.65,3.9,0
2024-04-02,89.19766235351562,89.83783523468522,87.37087059473389,88.19651163521841,433064000,-0.010081552816703532,-0.05841995525541854,0.049499658659260204,0.01302635636386274,0.028604953339355102,89.80144462585449,77.97524589538574,1.15166606523223,42.76895352794891,3.6622313174349728,4.621658824295656,-0.959427506860683,0.7254020361186777,5.33,313.0280666666667,14.61,3.9,0
2024-04-03,88.7110595703125,90.11705439114245,88.14866772814298,88.23242853900666,370067000,-0.005455331119268325,-0.0388607383576659,0.03489842006145372,0.01058299268642485,0.028627993894514744,89.95101852416992,78.55983512878419,1.1450000929445947,44.16264841530933,3.28912539260142,4.355152137956809,-1.0660267453553889,0.6277961558688313,5.33,313.0331333333333,14.33,3.9,0
2024-04-04,85.66073608398438,90.3762935173085,85.63580564756691,90.14893737073052,434965000,-0.03438492901677537,-0.04814424682392571,-0.03151083021436152,0.014503060443112791,0.028837349337764308,89.81166534423828,79.07905044555665,1.1357200780511483,43.8565576510347,2.7159923768839747,4.0273201857422425,-1.3113278088582678,0.747244100913558,5.33,313.0382,16.35,3.9,1
2024-04-05,87.75776672363281,88.22942139866663,85.68168582327746,86.61900791219938,399678000,0.024480651644090967,-0.025986181089090454,-0.05029733046582108,0.021120877469343526,0.02746081338755903,89.57927780151367,79.6105125427246,1.1252192071171394,50.45986680571595,2.4032895537510086,3.702514059343996,-1.2992245055929872,0.6991408682838461,5.33,313.0432666666667,16.03,3.9,0
2024-04-08,86.88526153564453,88.57743512523471,86.4854007087341,88.44779987998065,283220000,-0.009942199084623238,-0.03574464943262201,-0.004512908034124963,0.020984964125052765,0.024545992726216402,89.55958366394043,80.1194393157959,1.117825891303802,46.49305479442045,2.0613049958016063,3.374272246635518,-1.3129672508339119,0.5356733342128196,5.33,313.0584666666667,15.19,3.9,0
2024-04-09,85.11129760742188,87.38581757145292,82.78593537872872,87.19336556349879,501700000,-0.020417317009454927,-0.04581246456771848,-0.004896792358377811,0.02184635422644439,0.02456241529699945,89.53864250183105,80.60457275390625,1.1108382495271254,39.72763916367691,1.6283649291077893,3.025090783129973,-1.3967258540221836,0.9650219457377605,5.33,313.06353333333334,14.98,3.9,1
2024-04-10,86.79151916503906,87.15149277673736,83.47098569296867,83.68737154662665,431929000,0.01974146329394788,-0.0216381183425276,-0.05302860600073134,0.02550897866807279,0.01863722917087258,89.29563446044922,81.09471366882325,1.1011276866346322,41.8288585127882,1.4046447739968215,2.701001581303343,-1.2963568073065215,0.8501246611612703,5.33,313.0686,15.8,3.9,1
2024-04-11,90.3583526611328,90.48100403591604,86.67884945614712,87.17144056555283,431637000,0.04109656715780252,0.054839787654203054,-0.0029926761511914757,0.025443897505307594,0.02089400827101214,89.28207321166992,81.6500291442871,1.093472643517321,48.21247626242483,1.4978918285242315,2.460379630747521,-0.9624878022232894,0.8669612729901545,5.33,313.07366666666667,14.91,3.9,0
2024-04-12,87.93525695800781,89.91860764142923,87.28112393379013,89.44395551817271,426805000,-0.02681651039181976,0.002022501722656056,0.0027517306305491207,0.0287698215871698,0.020471226705073894,89.29413871765136,82.1817505645752,1.0865446173172904,36.42877462242884,1.3605832615539697,2.240420356908811,-0.8798370953548411,0.8726373334740005,5.33,313.07873333333333,17.31,3.9,0
2024-04-15,85.75646209716797,90.35534773623158,85.68466822355283,88.84465613304712,443077000,-0.024777261546870766,-0.012991840256053933,-0.020902615433582517,0.030836628022250154,0.021229164542471077,89.20259857177734,82.63998275756836,1.07941211499839,31.214254598597535,1.0636931046692268,2.0050749064608944,-0.9413818017916675,0.924719713048606,5.33,313.0939333333333,19.23,3.9,1
2024-04-16,87.16646575927734,87.86746232886081,85.81930894271287,86.18725549413733,370453000,0.016441952333711596,0.02414683137995355,-0.01175710731772761,0.029791242989802274,0.02151514054164353,89.15074768066407,83.06393600463868,1.0732786329278385,38.77895657077455,0.9314439222677464,1.7903487096222648,-0.8589047873545184,0.7980096557417025,5.33,313.09900000000005,18.4,3.9,0
2024-04-17,83.79607391357422,88.52259493497695,83.7113088922385,88.08882656112145,495400000,-0.03866615235968085,-0.03451311003980506,-0.05999019193342159,0.03381285561680517,0.02296247127457141,88.88335990905762,83.35722457885743,1.0662946176305614,37.05159366766727,0.5483519777401966,1.5419493632458512,-0.9935973855056546,1.0878763167634955,5.33,313.1040666666667,18.21,3.9,1
2024-04-18,84.43025970458984,85.94494566791495,82.16771376078896,84.72841317391251,447260000,0.007568204110251164,-0.0656064744647884,-0.06308378714718577,0.02386377180740997,0.022869613920641896,88.59911994934082,83.68531295776367,1.0587176747974543,38.411707789368066,0.2925500104820742,1.292069492693096,-0.9995194822110218,0.9856046541095325,5.33,313.1091333333334,18.0,3.9,0
2024-04-19,75.98334503173828,84.08424741361141,75.3910397359179,82.91358934859076,875198000,-0.10004605815978995,-0.1359171774749801,-0.16662114553590834,0.04624639822212431,0.031213503254206316,87.83953552246093,83.80705184936524,1.0481162811972395,28.536418057341834,-0.5850264905941458,0.9166502960356477,-1.5016767866297935,1.8482270959327507,5.33,313.11420000000004,18.71,3.9,1
2024-04-22,79.29191589355469,79.84533824784792,76.18278461859053,77.8819346514722,596341000,0.04354336941120995,-0.07538261310603633,-0.15665652994261048,0.05638087871934751,0.03214889184177985,87.10308609008788,84.00409545898438,1.0368909469731342,35.96897445473816,-1.0019878800605966,0.5329226608163988,-1.5349105408769954,1.2580638287952552,5.33,313.12940000000003,16.94,3.9,1
2024-04-23,82.18865203857422,82.53366896329221,80.03579390039872,80.53935534918725,438559000,0.036532553317393024,-0.05710698119217161,-0.1324078162803174,0.05972986154863353,0.03350978902384556,86.47592391967774,84.20937805175781,1.0269155991928456,41.35178787007586,-1.0861696992129737,0.20910418881052434,-1.295273888023498,0.9364194791325587,5.33,313.1344666666667,15.69,3.9,0
2024-04-24,79.45045471191406,83.84292866853282,78.95785602564062,83.71130021339918,512208000,-0.03331600237676391,-0.05185946069671654,-0.13919468723703587,0.05913770806428595,0.03378144331569362,85.83355560302735,84.35760330200195,1.017496375468865,41.69691771809216,-1.3581778092315915,-0.10435221079789883,-1.2538255984336926,1.093844381177671,5.33,313.13953333333336,15.97,3.9,1
2024-04-25,82.39706420898438,83.08609383460076,78.00059569231401,78.64375847887948,424641000,0.0370873836752057,-0.024081360198575097,-0.0844099269092794,0.06259555962692395,0.034868011373708555,85.45373878479003,84.56715377807618,1.010483798580244,42.99200058087648,-1.3207545986909253,-0.34763268837650413,-0.9731219103144211,0.9227459580795221,5.33,313.1446,15.37,3.9,1
2024-04-26,87.48554229736328,88.07984835062736,83.14990546047017,83.57967974791617,551011000,0.06175557511943586,0.1513778744647334,-0.029007570111746817,0.03636548462826073,0.03782928093486976,85.32306098937988,84.84313629150391,1.005656611941207,50.70682805967253,-0.8704646050497473,-0.4521990717111528,-0.4182655333385945,1.1824709372257811,5.33,313.1496666666667,15.03,3.9,1
2024-04-29,87.50749206542969,87.74181691165053,85.02356957538234,87.34595010949796,388971000,0.00025089594794769354,0.10361177528998033,-0.02883911554773444,0.03721689024832898,0.03782950753114716,85.19313201904296,85.1443260192871,1.000573214940298,52.94293365716717,-0.5060024962822638,-0.46295975662537503,-0.04304273965688876,0.8404564991361451,5.33,313.1648666666667,14.67,3.9,0
2024-04-30,86.15634155273438,88.56646933597486,86.05463417701857,86.99195638809022,363709000,-0.01544039808254416,0.048275393448452775,-0.03409641823041987,0.03882936415122126,0.037917804696009666,85.0410659790039,85.41938995361328,0.9955709824805021,49.21353698078458,-0.3224729363372063,-0.43486239256774134,0.11238945623053503,0.7918053117131058,5.33,313.16993333333335,15.65,3.9,0
2024-05-01,82.80488586425781,85.75547203094351,81.02396098069623,84.83509991070004,559863000,-0.038899698247112924,0.04222041477933458,-0.06657764809328481,0.0404360627201393,0.03884889458011635,84.74575729370117,85.69046203613281,0.9889753804567737,40.597313279293,-0.4423596558446121,-0.43636184522311555,-0.005997810621496569,1.1941674109820963,5.33,313.175,15.39,3.9,1
2024-05-02,85.572998046875,85.99180203592717,82.96343457532701,84.20888384405981,377898000,0.03342933395445957,0.03854425965754649,-0.0010242503289179528,0.03982824166916311,0.03889822134484312,84.7413703918457,86.05638168334961,0.9847191891434318,47.084462507038694,-0.31042879581006844,-0.41117523534050615,0.10074643953043771,0.8109783747254966,5.33,313.1707741935484,14.68,3.9064516129032256,1
2024-05-03,88.53655242919922,89.02715032615576,86.79252471992756,87.53939567590184,398341000,0.03463188680967866,0.012013529369956366,0.008874265317381669,0.03173917078061569,0.03928938628859763,84.78030967712402,86.26089233398437,0.9828359918753468,53.366027501528784,0.03288238481049177,-0.3223637113103066,0.3552460961207984,0.8549722098241713,5.33,313.1665483870968,13.49,3.9129032258064513,1
2024-05-06,91.87801361083984,91.9577879691123,88.80178624215971,89.13583280876144,376203000,0.03774103565092757,0.049944541230164674,0.057463739959475735,0.03522497465284538,0.04001843763583778,85.02994728088379,86.52666824340821,0.9827022004555406,55.44967745920807,0.5680389609282912,-0.14428317686258707,0.7123221377908783,0.799479003961661,5.33,313.153870967742,13.49,3.932258064516129,0
2024-05-07,90.29651641845705,91.5200249063836,88.75790456935259,90.83896831159944,437342000,-0.01721301027557487,0.04805420925618753,0.06092280292743424,0.035556074506177815,0.039923642477240485,85.28920822143554,86.75533004760742,0.983100498547267,57.8434112569033,0.8546884800222045,0.05551115451437126,0.7991773255078333,0.9358065811718734,5.33,313.1496451612903,13.23,3.938709677419354,0
2024-05-08,90.1549301147461,90.93470430679172,89.1657463302182,89.22857072950318,325721000,-0.0015680151275693222,0.08876341261477272,0.038752760431711275,0.02512708294581295,0.03975791270240038,85.4573787689209,86.98895782470703,0.9823934083809529,56.990465649694144,1.0582367630046292,0.2560562762124229,0.8021804867922063,0.7049751326694109,5.33,313.14541935483874,13.0,3.94516129032258,0
2024-05-09,88.49466705322266,90.81305333122494,87.9801353538175,90.271597974963,378013000,-0.01841566578123144,0.034142417269840575,-0.02062549341619191,0.02745069692647422,0.03894914147778602,85.36419448852538,87.21007995605468,0.9788340353722936,68.31302751392,1.073209597892074,0.4194869405483531,0.6537226573437208,0.8229289734401188,5.33,313.1411935483871,12.69,3.9516129032258074,1
2024-05-10,89.62245178222656,91.14112411341108,88.973301771079,90.04823965753017,335325000,0.012744098221485256,0.01226498348120919,0.01918678448877964,0.02339532223555682,0.038534431952303785,85.44855422973633,87.4248617553711,0.9773942161765746,66.15214492082843,1.1626758759962996,0.5681247276379424,0.5945511483583572,0.7373398857065456,5.33,313.1369677419355,12.55,3.958064516129032,1
2024-05-13,90.1419677734375,90.73926364427145,88.2772820639822,90.22073791617512,289680000,0.005796717015433828,-0.018895117223099445,0.05113906951175817,0.013822886515810155,0.03803324657152911,85.6678295135498,87.58687698364258,0.9780897831252601,63.43392158080673,1.2609635418897085,0.7066924904882956,0.5542710514014129,0.6478988188170233,5.33,313.12429032258063,13.6,3.977419354838709,1
2024-05-14,91.09626007080078,91.39041950305226,88.68114159761363,89.34425178727211,296507000,0.010586548318556765,0.00885686053089274,0.0450837862622091,0.01257937800603344,0.03794837349514373,85.86431922912598,87.7089891052246,0.9789682916777713,70.93235746572455,1.3997254743093777,0.8452990872525121,0.5544263870568655,0.6686978212354695,5.33,313.12006451612905,13.42,3.983870967741935,1
2024-05-15,94.36093139648438,94.5922739920117,91.33855134424653,92.2090701983953,417735000,0.0358375999535685,0.04665303690419398,0.12607819184710922,0.019353241755223755,0.037304111219656884,86.39256210327149,87.88181610107422,0.9830539005237452,71.26095364948105,1.7529204219940198,1.0268233542008138,0.7260970677932059,0.9504209418184987,5.33,313.1158387096774,12.45,3.990322580645161,0
2024-05-16,94.09070587158205,95.54655367350442,93.8354294469824,94.64014168326462,323952000,-0.002863743722143819,0.06323588759302079,0.11441924022018646,0.014398882523228781,0.03736319175049685,86.87558441162109,87.99467422485351,0.987282300626822,64.16352067910145,1.9881073571166326,1.2190801547839776,0.769027202332655,0.747533983799646,5.33,313.1116129032258,12.42,3.996774193548387,0
2024-05-17,92.21605682373048,94.47062985340762,91.54497378951852,94.10069011001252,359691000,-0.01992384933757585,0.02893923330513326,0.21363512997765222,0.020383251713202533,0.028665065053299712,87.68722000122071,87.99088500976562,0.9965489038039428,59.353444003551296,2.000169477887013,1.3752980194045847,0.6248714584824284,0.8824920314275125,5.33,313.1073870967742,11.99,4.003225806451613,1
2024-05-20,94.510498046875,94.92930197847484,93.1743119009991,93.4834280017941,318764000,0.02488114653969964,0.04846277911768415,0.1919310686571185,0.022078537953941022,0.027810634175384156,88.44814910888672,88.13551208496094,1.003547231036956,65.99585128916809,2.169858251529064,1.5342100658294806,0.6356481856995833,0.8096484007003183,5.33,313.09470967741936,12.15,4.02258064516129,1
2024-05-21,95.1147918701172,95.1287520032466,92.915062881723,93.3328702666462,328946000,0.006393933327305978,0.044113027210921585,0.15727402154589742,0.02211620189034018,0.027056940851644277,89.09445610046387,88.3272055053711,1.0086864583873438,76.3410993138676,2.3262833421165965,1.6926247210869039,0.6336586210296926,0.8473053263684908,5.33,313.0904838709677,11.86,4.029032258064516,0
2024-05-22,94.6800308227539,95.74698824605449,92.98387077371804,95.18758628884532,548648000,-0.004570908886148639,0.003381690086639244,0.19168645624574476,0.016454026320171556,0.025482585446751256,89.85593490600586,88.38777252197265,1.0166104693233244,71.64939385244757,2.3876464680907645,1.831629070487676,0.5560173976030884,1.4066164412307662,5.33,313.08625806451613,12.29,4.035483870967742,1
2024-05-23,103.5038833618164,106.0177117858919,101.23135605250832,101.73791493789795,835065000,0.0931965533004655,0.10004364833952639,0.2561598444733253,0.044057715724317055,0.03117696034631087,90.91127586364746,88.64525863647461,1.0255627572419364,77.82725354458124,3.112410413573045,2.08778533910475,1.024625074468295,2.0339199781766415,5.33,313.0820322580645,12.77,4.041935483870968,1
2024-05-24,106.16626739501952,106.17224704806924,102.70712939816649,104.15200681058757,429494000,0.025722552108467855,0.1512774570046369,0.21352928274891947,0.038035728444876064,0.02911852475301421,91.84531211853027,89.01470504760742,1.0317993197799056,77.25287038519186,3.8571602605332203,2.441660323390444,1.4154999371427763,1.0618071889430087,5.33,313.0778064516129,11.93,4.048387096774193,1
2024-05-28,113.57713317871094,114.61218372252748,109.57056027146638,109.93053385956637,652728000,0.06980433583595191,0.20174092323986414,0.29791324717418344,0.04189294991376467,0.031899014242877076,93.14879417419434,89.53450241088868,1.0403675864162296,86.32648391661269,4.987877664565346,2.9509037916254246,2.0369738729399214,1.5627419234164808,5.33,313.06090322580644,12.92,4.074193548387097,1
2024-05-29,114.4985122680664,115.16361558831228,110.58567348866951,112.72856525449087,557442000,0.008112364378009884,0.20379291187871607,0.32896209616774885,0.04157354355827283,0.031197784164698112,94.56590270996094,90.06040298461915,1.0500275323674853,87.08268696251662,5.890425784088208,3.5388081901179813,2.351617593970227,1.3043609498982025,5.33,313.0566774193548,14.28,4.080645161290322,0
2024-05-30,110.18582153320312,115.4896985615827,109.35120333690088,114.32402359196342,484553000,-0.037665910669357094,0.16377044426059473,0.33066811678034225,0.051568916815285255,0.031087095174207918,95.9349494934082,90.48124282836915,1.060274444675611,80.57175607568789,6.186390710459349,4.068324694186255,2.1180660162730947,1.143886342475869,5.33,313.0524516129032,14.47,4.087096774193548,0
2024-05-31,109.32129669189452,112.39652795451796,106.63595258887534,112.20008185341744,613263000,-0.007846062490427519,0.056204783251873724,0.2775209375276384,0.0400144687921072,0.03115754803067652,97.12236442565919,90.86536758422852,1.0688600839657714,77.97134319846752,6.278806939386939,4.510421143226392,1.7683857961605476,1.408599775846167,5.33,313.0482258064516,12.92,4.0935483870967735,1
2024-06-03,114.67302703857422,114.67302703857422,111.6845465950096,113.29795006188644,438392000,0.048954142592753325,0.08012676580126032,0.29520547042167444,0.043276414544766856,0.03184351810577105,98.42918815612794,91.33532745361327,1.0776683119258257,80.62954834744366,6.706578121451244,4.949652538871362,1.756925582579882,1.0023293608296073,5.33,313.079,13.11,4.1066666666666665,1
2024-06-04,116.10594177246094,116.26848033786769,113.72074443192332,115.38699866419654,403324000,0.012495656309872372,0.022265120830008867,0.26369669096505866,0.03155574097368637,0.03132759846437284,99.64058456420898,91.77702819824219,1.0856810960252623,80.85833310897655,7.079604831225353,5.375642997342161,1.7039618338831923,0.9193004569446874,5.33,313.0965,13.16,4.109999999999999,1
2024-06-05,122.09187316894533,122.10084264977677,117.13400975669744,118.03444216742469,528402000,0.051555771436877285,0.0663184241477408,0.3521216322802587,0.038012667175435354,0.03169849030788135,101.2303524017334,92.32422775268554,1.0964657367392796,82.06286270575893,7.768693164457659,5.854253030765261,1.9144401336923975,1.1920215618829764,5.33,313.114,12.63,4.113333333333333,0
2024-06-06,120.65396118164062,125.2299099350453,117.98357427866928,123.69528439320364,664696000,-0.011777294835299879,0.09500441620143518,0.3382957651686538,0.03027732196227425,0.032070570601248835,102.75530395507812,92.89135055541992,1.1061880717707218,79.90527060253586,8.10533984063008,6.304470392738225,1.8008694478918548,1.44426603162325,5.33,313.1315,12.58,4.116666666666666,0
2024-06-07,120.54427337646484,121.34598817369331,117.68642510058784,119.42944840947747,412386000,-0.0009091106839886898,0.10266047901170228,0.3621642680904924,0.028885079461055105,0.03133670635217106,104.35778427124023,93.50236801147462,1.116097768330674,83.21214996540166,8.2679757894619,6.697171472082961,1.570804317378939,0.8927076792892905,5.33,313.149,12.22,4.12,1
2024-06-10,121.44371795654295,122.74999082651334,116.6773100476689,120.02775723865274,313434100,0.007461528904563641,0.05904344807860684,0.35505909001060165,0.024068817694868235,0.03138804712288453,105.94884757995605,94.12926040649414,1.1255676197010305,82.64444942150315,8.372925735368128,7.032322324739995,1.340603410628133,0.6801141977151365,5.33,313.2015,12.74,4.13,0
2024-06-11,120.57613372802734,122.53072064853248,118.41211998717576,121.43375200225071,222551200,-0.007143920188824149,0.03850097494861093,0.3376248234460886,0.025480948458604165,0.031735738114919504,107.47055587768554,94.73866165161132,1.1343896357000909,80.66474184426797,8.29052452107841,7.283962764007677,1.0065617570707328,0.48645212986577785,5.33,313.219,12.85,4.133333333333333,1
2024-06-12,124.8542709350586,126.5296321042774,122.23153612962204,122.72018091821552,299595000,0.03548079603117027,0.022625566259359298,0.3705751568507949,0.018696892458890422,0.032035550711815686,109.15845642089843,95.45179382324218,1.1435977476027142,83.26155114123759,8.472762155787493,7.521722642363641,0.9510395134238516,0.6546334394155101,5.33,313.2365,12.04,4.136666666666667,1
2024-06-13,129.25209045410156,129.44156821528892,126.8088590238474,129.03269675342705,260704500,0.035223620995155525,0.07126271850715904,0.36976276665829033,0.020149210176340242,0.03201619150892083,110.9030143737793,96.26261444091797,1.1520881187145295,81.45164431851285,8.869808444833211,7.791339802857555,1.0784686419756557,0.5795989493499734,5.33,313.254,11.94,4.14,1
2024-06-14,131.5158233642578,132.47316384016574,127.9656566008486,129.60112719578945,309320400,0.01751409127854786,0.091016766541272,0.3977557309831934,0.01833926772099671,0.03169589946531221,112.77427024841309,97.17971618652344,1.1604712863326128,81.26922318973806,9.260386841393384,8.08514921056472,1.1752376308286632,0.6888022525488011,5.33,313.2715,12.66,4.1433333333333335,0
2024-06-17,130.6183319091797,133.36073857025062,129.22220369566065,132.6227916073861,288504400,-0.006824208921175634,0.07554622097389796,0.41643805220228125,0.02122095319063691,0.031013152096635015,114.69438400268555,98.03692749023438,1.1699100220588865,75.04513143394841,9.38926932272183,8.345973232996144,1.0432960897256862,0.6475814056333515,5.33,313.324,12.75,4.153333333333333,1
2024-06-18,135.20559692382812,135.9535257947779,130.32910129390157,130.77785557314107,294335100,0.03511961106529826,0.12132967564542363,0.4305881327254175,0.018514807583954983,0.031216498310669128,116.7291389465332,99.00333419799804,1.179042502882631,77.47254738300536,9.749181076239196,8.626614801644756,1.1225662745944405,0.6624854035103285,5.33,313.3415,12.3,4.156666666666666,0
2024-06-20,130.41885375976562,140.37129003031137,129.16233868973217,139.41394956266274,517768400,-0.03540343945050772,0.04456862214670565,0.37117320235381945,0.030267118526143562,0.03339385550739045,118.49434204101563,99.90948532104493,1.1860169398356013,76.51014788993143,9.538212983129696,8.808934437941744,0.7292785451879524,1.1411369139207046,5.33,313.3765,13.28,4.163333333333333,0
2024-06-21,126.2205047607422,130.2692991464158,123.95677620908012,126.76898910126684,649445800,-0.032191273562002576,-0.023454829107277808,0.33312699271331825,0.030746799679173653,0.034847345462225024,120.07136573791504,100.69806503295898,1.1923899997345042,70.36307096474795,8.929315975977886,8.833010745548973,0.09630523042891248,1.4156233492892885,5.33,313.394,13.2,4.166666666666667,0
2024-06-24,117.78384399414062,124.11630717061917,117.7140376010138,122.89967494041524,476060900,-0.06684065146620766,-0.10441313462399038,0.13796545760902568,0.03802687501884793,0.03432743899919884,120.78536376953124,101.24657485961914,1.1929822212455394,53.48905307362625,7.677491353939416,8.601906867227061,-0.924415513287645,1.0799439925580507,5.33,313.4465,13.33,4.176666666666667,1
2024-06-25,125.74181365966795,126.15068514494097,118.9905115651875,120.8653174275534,414192600,0.06756418703674849,-0.0373341029412505,0.18438574459637413,0.055574338423270114,0.03671763766576636,121.76414108276367,102.00270599365234,1.1937344200490239,59.42757366349779,7.244048089433505,8.33033511166835,-1.0862870222348455,0.9412293356474687,5.33,313.464,12.84,4.18,1
2024-06-26,126.05097198486328,127.76621614131052,122.2614619181134,125.78171327779911,362975900,0.002458675568590918,-0.0677089199504245,0.10982702641846975,0.051231154298110516,0.033835857901554994,122.3878330230713,102.80859619140625,1.190443577258977,54.35755776507627,6.846564736181676,8.033581036571016,-1.18701630038934,0.8529224101714672,5.33,313.4815,12.55,4.183333333333334,0
2024-06-27,123.6476058959961,126.0609289734585,122.58056095000111,123.75730274535012,252571700,-0.019066620836178827,-0.051919240727589244,0.07990578608139143,0.049940457054888816,0.03427958543100604,122.84528770446778,103.53821899414062,1.1864728686459227,53.22636849914907,6.265401113454459,7.679945051947706,-1.4145439384932468,0.6155424082151706,5.33,313.499,12.24,4.1866666666666665,0
2024-06-28,123.19886016845705,127.35734339260638,122.41104074475837,124.23598924744036,315516700,-0.003629231025439328,-0.0239394114134851,0.11810084504686125,0.04831973731564757,0.032897903721820304,123.49593963623047,104.32627471923828,1.1837472388291577,52.84019539883482,5.7028755263464745,7.28453114682746,-1.5816556204809853,0.7851174298701115,5.33,313.5165,12.44,4.19,1
2024-07-01,123.9567642211914,124.49526638375627,118.50186772113264,123.12905433583956,284885500,0.006151875526267281,0.05240888748169792,0.1338757220429312,0.03321716092846421,0.032733861030057404,124.22771301269532,105.11680480957031,1.181806403245859,52.6969266547957,5.257619899327906,6.879148897327549,-1.6215289979996426,0.739092492988317,5.33,313.569,12.22,4.2,0
2024-07-02,122.33126068115234,123.06922274393042,120.6957899397596,120.79551228090268,218374000,-0.013113471864580784,-0.027123459406642514,0.06678321694605671,0.010542847146309415,0.031444828940996046,124.61062469482422,106.04376312255859,1.175086785168188,51.85339990860617,4.719187203748092,6.447156558611658,-1.727969354863566,0.5831825642049222,5.33,313.58490322580644,12.03,4.2,1
2024-07-03,127.92578125,127.92578125,121.02489116241942,121.324065820501,215749000,0.045732550598243105,0.014873421724680203,0.10180219286884595,0.025623721751426406,0.032783568178673415,125.20161666870118,107.0164404296875,1.1699288087512292,53.15575445521458,4.689844855680562,6.095694218025439,-1.4058493623448776,0.5909742110533042,5.33,313.6008064516129,12.09,4.2,0
2024-07-05,125.48253631591795,128.49420118342798,125.3329490025218,127.02825159880692,214176700,-0.019098925253442922,0.014839999582889396,0.02777140737517203,0.02563074760573315,0.0313185879128753,125.3711498260498,107.88231811523437,1.1621102699344554,45.96499543729078,4.418507581334154,5.760256890687183,-1.3417493093530286,0.6130505906627933,5.33,313.63261290322583,12.48,4.2,1
2024-07-08,127.8459701538086,130.40888035262702,126.6891774727848,127.13793174566908,237677300,0.01883476304575482,0.03772039756696843,0.05960856072798659,0.026097114491118206,0.031366291487697685,125.7307502746582,108.85022842407227,1.1550802611531572,46.080084074277565,4.34410406763142,5.477026326076031,-1.1329222584446104,0.7246010396106524,5.33,313.6803225806452,12.37,4.2,1
2024-07-09,131.0172119140625,133.4504765285805,128.29473958471138,129.99005737514514,285366600,0.024805175762979914,0.056958954497007275,0.08688043192968808,0.027132950852820678,0.031706996467087634,126.25439720153808,109.82263137817382,1.1496209444006267,50.40632297679416,4.489281807655161,5.279477422391857,-0.790195614736696,0.8871676388776495,5.33,313.69622580645165,12.51,4.2,1
2024-07-10,134.53746032714844,134.72693809179796,132.0543307877707,133.65988550841513,248978600,0.026868595062112588,0.09977988927793913,0.10781737080291709,0.023774365159114484,0.03209213729897098,126.90908432006836,110.76366973876954,1.145764532895822,49.304272084320566,4.832682681849775,5.190118474283441,-0.35743579243366597,0.7818758414818053,5.33,313.7121290322581,12.85,4.2,0
2024-07-11,127.04821014404295,135.77404103999976,126.69917812553707,135.3751516521801,374782700,-0.05566665347252897,-0.006860001927539883,0.05367626424823091,0.035888324050871195,0.0348257455188637,127.23268814086914,111.5544841003418,1.1405430195564799,46.67717822675034,4.449222580850247,5.041939295596803,-0.5927167147465564,1.1494670940501628,5.33,313.72803225806456,12.92,4.2,1
2024-07-12,128.88314819335938,131.55574087758131,126.86872155351702,127.90584321182462,252680500,0.014442848484335524,0.027100280065107674,0.03226863789382395,0.0347412562965843,0.034109630627216794,127.43413200378419,112.4090202331543,1.1336646448787242,52.753156997744746,4.244464311000073,4.882444298677457,-0.6379799876773848,0.7805927504028264,5.33,313.743935483871,12.46,4.2,0
2024-07-15,128.08535766601562,131.0272091690287,126.82883461080432,130.19949911473634,208326200,-0.006190029794638896,0.0018724681890169848,-0.009026800139068203,0.034202621917982755,0.03324179172271185,127.37579536437988,113.31462966918946,1.1240895878691088,62.65004028555902,3.9720297918592564,4.700361397313817,-0.728331605454561,0.6488205828715778,5.33,313.7916451612903,13.12,4.2,0
2024-07-16,126.01107788085938,128.68367018979245,124.23599428065054,128.0853361228611,214769500,-0.01619451140203676,-0.03820974328538429,-0.041856145843014,0.03185871304557312,0.03316543136148663,127.10055809020996,114.12339126586915,1.1137117174699829,50.38650042173044,3.547849034265141,4.4698589247040825,-0.9220098904389413,0.6788835540036656,5.33,313.8075483870968,13.19,4.2,0
2024-07-17,117.6641845703125,121.51352631521466,116.39769484983655,121.01490699704938,390086200,-0.06623936126027485,-0.12541693381015206,-0.09917556861677224,0.03399822938036106,0.03618082308955818,126.45285072326661,114.70594390869141,1.1024088762473025,40.218659657408885,2.5092333158299454,4.077733802929255,-1.5685004870993096,1.2135734829573148,5.33,313.8234516129032,14.48,4.2,1
2024-07-18,120.75560760498048,122.0619952276193,116.23811836897951,121.51351100342065,320979500,0.02627327122486145,-0.04952924981727902,-0.10687419491212669,0.03580531096155234,0.03572106125735387,125.73035125732422,115.28349578857421,1.0906188296710673,46.680398359202876,1.9135170455669908,3.6448904514568023,-1.7313734058898116,0.9944582058676379,5.33,313.8393548387097,15.93,4.2,0
2024-07-19,117.6043701171875,121.2642346289584,117.04591883273778,120.01768614879164,217223800,-0.02609599297534415,-0.08751165869451505,-0.09825637377692864,0.03352221730458991,0.035363300881925484,125.08962707519531,115.82965286254883,1.0799447635713368,43.95345964578047,1.1736005436787167,3.1506324699011854,-1.9770319262224687,0.7058656811669073,5.33,313.85525806451614,16.52,4.2,1
2024-07-22,123.19886016845705,123.72739542032818,119.52902173833404,120.01766653236042,258068900,0.04757042655553434,-0.03815032090006876,-0.0239394114134851,0.044842837344706836,0.0365604430751457,124.93854484558105,116.49053146362304,1.0725210304718722,49.25838907235479,1.0268036241389922,2.725866700748747,-1.6990630766097548,0.8955372993378194,5.33,313.90296774193547,14.91,4.2,0
2024-07-23,122.2514877319336,124.34569507405077,121.76284290265906,122.4409655182824,173911000,-0.0076897824803577874,-0.029835393936399668,0.03793087053615962,0.04456434476887534,0.03315101048300057,125.1619270324707,117.16566787719727,1.0682474593466613,49.92089213336726,0.8245164572084036,2.3455966520406784,-1.5210801948322747,0.6368858187408333,5.33,313.91887096774195,14.72,4.2,0
2024-07-24,113.93451690673828,119.61877422549412,113.12675602679064,118.8409292880146,327776900,-0.06803165327061145,-0.03169756096295795,-0.09390111697360459,0.045180647930338595,0.03298477213976658,124.57156219482422,117.6519091796875,1.0588146258176607,36.83616549195434,-0.006828898461705535,1.8751115419402016,-1.881940440401907,1.2196628417854831,5.33,313.9347741935484,18.04,4.2,0
2024-07-25,111.96996307373048,116.30795001542548,106.00647974568224,112.72786663674133,460067000,-0.01724283286877759,-0.07275558216716427,-0.1117088483286246,0.04155280049502264,0.03306344648771567,123.86751174926758,118.08846908569336,1.0489382469627964,37.170988203034405,-0.8148065752128559,1.3371279185095901,-2.151934493722446,1.6815411741328985,5.33,313.95067741935486,18.46,4.2,1
2024-07-26,112.74779510498048,115.87912373985304,111.2718862190074,115.86915683172242,293399100,0.006946791888623016,-0.041295871976251064,-0.08815221865422762,0.04183396393316974,0.03300827371143141,123.3225212097168,118.52149978637695,1.0405075993131474,35.22062254554322,-1.3765026946735759,0.794401795872957,-2.170904490546533,1.0644294327830797,5.33,313.9665806451613,16.39,4.2,0
2024-07-29,111.28185272216795,115.95890423286832,110.99266022089633,113.3760598876514,248152100,-0.013001960538985058,-0.09672985147747526,-0.09672985147747526,0.028465299008669665,0.033068043126452284,122.72667083740234,118.85991821289062,1.0325320148511794,30.01410658234552,-1.9178326342512264,0.2519549098481204,-2.169787544099347,0.9114139741847069,5.33,314.0142903225807,16.6,4.2,0
2024-07-30,103.44356536865234,111.68075088933978,102.2568489765504,111.21204752075072,486833300,-0.07043634844115232,-0.15384616344728863,-0.16548672419308086,0.034894703211726,0.03606286553885701,121.7010108947754,119.04697540283203,1.022294018667527,21.04380283629476,-2.9453723742662845,-0.3875105469747606,-2.557861827291524,1.7241035482850282,5.33,314.0301935483871,17.69,4.2,1
2024-07-31,116.69685363769533,118.01320824039244,110.57380945153912,112.58823561538452,473174200,0.12812095389221057,0.024244950572952062,-0.04605860359881919,0.07357716099905086,0.047196003437184414,121.41929054260254,119.53659133911133,1.0157499823476663,41.29484115399549,-2.6596170109439754,-0.8419318397686035,-1.8176851711753719,1.6033881452360537,5.33,314.0460967741936,16.36,4.2,0
2024-08-01,108.9084243774414,119.82819139029309,106.51505026446524,117.20544905631928,523462300,-0.06674069623534484,-0.02734249982982584,-0.14865929828010016,0.08062601535021569,0.04798926009247841,120.4684226989746,119.82454986572266,1.00537346340106,34.73085678833296,-3.026724778265063,-1.2788904274678954,-1.7478343507971674,1.685898132470057,5.33,314.062,18.59,4.2,0
2024-08-02,106.9737777709961,108.4197782586363,101.09007631034588,103.47347587762454,482027500,-0.01776397572092725,-0.05121179823169175,-0.14750067290896762,0.08061952242732709,0.047972381272206065,119.54298477172851,120.06172958374023,0.995679349166381,34.13751991883767,-3.4341830172414234,-1.7099489454226011,-1.7242340718188223,1.4882575153643016,5.323548387096774,314.0836129032258,23.39,4.196774193548388,0
2024-08-05,100.17261505126952,103.12444802394918,90.43957172286063,91.80578374541406,552842400,-0.06357784927710186,-0.09982973323273414,-0.21645856392067653,0.0844895313907442,0.04917254051520157,118.15931701660156,120.17158126831055,0.9832550738662901,31.873477078855956,-4.256823586477566,-2.219323873633594,-2.037499712843972,1.627704587150102,5.304193548387097,314.1484516129032,38.57,4.187096774193549,1
2024-08-06,103.96212005615234,107.41256456659956,100.27234042123098,103.55324859386288,409012100,0.0378297502061149,0.005012923574820416,-0.20650028696730527,0.08153869744057432,0.049754388468922384,116.80656242370605,120.18074600219727,0.9719240919137786,39.73091846325578,-4.550535045330307,-2.6855661079729365,-1.8649689373573701,1.1827048898253347,5.297741935483871,314.17006451612906,27.71,4.183870967741935,0
2024-08-07,98.63687133789062,108.49956025923652,98.41747763354093,107.51228858966286,411440400,-0.051222971553344876,-0.1547598048862131,-0.2668445569134428,0.04373791836928941,0.049744800833191195,115.01153297424317,120.0301580810547,0.9581886320317722,33.960066962633334,-5.153599076995562,-3.1791727017774614,-1.9744263752181004,1.1624226396675832,5.291290322580645,314.19167741935485,27.85,4.180645161290323,1
2024-08-08,104.68013763427734,105.208672877848,97.2507054584759,101.71833775867768,391910000,0.06126782220904903,-0.03882423942256463,-0.1760597216159555,0.054640460254948425,0.051462419621268005,113.89312934875488,119.85221817016601,0.9502796951746824,41.00497401167312,-5.085270746799367,-3.560392310781843,-1.5248784360175236,1.1045718935564277,5.28483870967742,314.21329032258063,23.79,4.17741935483871,0
2024-08-09,104.46075439453124,106.30564447792428,103.14439960768745,105.34829623370402,290844200,-0.0020957484839442264,-0.023491956896620092,-0.18949252979286313,0.05429503447815827,0.05120831714829653,112.67200965881348,119.65146301269532,0.9416684662423116,35.903968138908326,-4.991286008684682,-3.846571050362411,-1.1447149583222709,0.8153397836868967,5.2783870967741935,314.2349032258065,20.37,4.174193548387096,1
2024-08-12,108.71895599365234,110.76329830179426,105.96658275414626,106.02641463942724,325559900,0.04076364969602442,0.0853161409234322,-0.15119918486593487,0.044656397130919144,0.05241686843067723,111.70368957519531,119.6221257019043,0.9338045860642742,40.302974904037654,-4.521084892469105,-3.98147381878375,-0.539611073685355,0.8979055111918774,5.259032258064516,314.2997419354839,20.71,4.164516129032258,1
2024-08-13,115.8192901611328,115.9090455912812,111.27188458899278,112.1295103919247,312646700,0.06530907239299655,0.11405279248418676,-0.08088009317214695,0.0492663318264232,0.05476989014180969,111.19410018920898,119.75208557128906,0.9285358134578335,51.374541288206586,-3.534762945977306,-3.892131644222461,0.35736869824515516,0.8508067476095895,5.252580645161291,314.3213548387097,18.12,4.161290322580645,1
2024-08-14,117.7539520263672,118.27251282253928,113.75502255606692,118.20270641520212,339246400,0.016704141965840247,0.1938127236719529,0.0007629123201975396,0.028909485641761306,0.05281917046492928,111.19858856201172,119.81370407104492,0.9280957418366369,54.220029882918666,-2.5673893867302553,-3.6271831927240203,1.059793805993765,0.9296233155125553,5.2461290322580645,314.3429677419355,16.19,4.158064516129032,1
2024-08-15,122.52073669433594,122.89968462856436,117.14562117487446,118.4320598996148,318086700,0.04048088905671188,0.1704296484820127,0.01461736746114184,0.025760602795739284,0.053265747206084714,111.28684501647949,119.94199996948242,0.9278388308081813,56.73818063720504,-1.3999613039867143,-3.1817388149765593,1.781777510989845,0.8719858501564397,5.239677419354838,314.3645806451613,15.23,4.154838709677419,1
2024-08-16,124.23599243164062,124.6548308372553,120.84537951120186,121.60328301302395,302589900,0.013999717791314703,0.18930782332302076,0.05638925073825929,0.02095608927656501,0.052903783854282786,111.61842613220215,119.98488235473633,0.9302707469612823,58.90093078072579,-0.33252617972758003,-2.6118962879267635,2.2793701081991835,0.8199100642984312,5.233225806451613,314.3861935483871,14.8,4.151612903225806,1
2024-08-19,129.64102172851562,129.64102172851562,123.07918972579692,123.93681555512865,318333600,0.043506146577040106,0.19244174618531873,0.052290756190843224,0.021164740030582253,0.05273539089724255,111.94053421020507,120.16462356567382,0.9315598126018011,68.62329055019671,0.9387432909353066,-1.9017683721543497,2.8405116630896563,0.8555841811683921,5.213870967741936,314.4510322580645,14.65,4.141935483870967,0
2024-08-20,126.89861297607422,129.52135538667704,125.54236785937302,128.0454312895895,300087400,-0.021153865619667478,0.09566042754645965,0.03801283183015802,0.026000761858193323,0.05297593232403538,112.1728904724121,120.29171035766602,0.9325072371062474,58.526431801489856,1.7052865564629087,-1.1803573864308983,2.885643942893807,0.7930960377216647,5.207419354838709,314.4726451612904,15.88,4.138709677419355,1
2024-08-21,128.14515686035156,128.9928157355832,126.31024153473705,126.9684150377678,257883600,0.009823148220795552,0.0882450623114337,0.12472638090215882,0.026313522297049148,0.05025829435657231,112.88342247009277,120.42573913574219,0.9373695630205116,68.0516650235866,2.385860575135297,-0.4671137941176593,2.852974369252956,0.6879098412147633,5.200967741935484,314.49425806451615,16.27,4.135483870967742,0
2024-08-22,123.39830017089844,130.3889447703718,122.7600680862335,129.66096486520394,376189100,-0.03704280993331721,0.0071625710083007554,0.10206609686601897,0.031576284659731065,0.05095275439994009,113.45483932495117,120.4821824645996,0.9416731752704328,64.64000983619444,2.51321791282669,0.12895254727121058,2.3842653655554793,1.0148455952799627,5.194516129032258,314.51587096774193,17.55,4.132258064516129,1
2024-08-23,129.01275634765625,129.2421321879317,124.87422213092064,125.51245424374224,323230300,0.04549865086457561,0.038449114644807825,0.14425968354885632,0.03724540923965312,0.05171063221614035,114.26808738708496,120.56535217285156,0.9477688683168414,76.26227039918476,3.032235488789766,0.7096091355749217,2.3226263532148446,0.868484013163554,5.188064516129032,314.5374838709678,15.86,4.129032258064516,0
2024-08-26,126.1107940673828,130.89753484404284,124.02656901853358,129.2122143703238,331964700,-0.022493607317817577,-0.02723079172058329,0.13325570146857224,0.03302850150297819,0.05195662537160184,115.0095344543457,120.50252624511718,0.9544159615409386,70.50028945446552,3.172822234051978,1.202251755270333,1.970570478781645,0.8820210345328425,5.168709677419355,314.6023225806452,16.15,4.119354838709677,1
2024-08-27,127.94572448730467,128.84323320422493,123.53792378071748,124.70469880770284,303134600,0.014550145635760847,0.008251559939649544,0.23686499040642595,0.03253880653079317,0.048611362580732946,116.23464241027833,120.43112426757813,0.9651545073350315,79.00139481974993,3.3931872419400264,1.6404388526042717,1.7527483893357547,0.8255675026614773,5.162258064516129,314.623935483871,15.43,4.116129032258065,0
2024-08-28,125.26314544677734,127.97563574905244,122.30134548595971,127.76620894054898,448101100,-0.02096653914209934,-0.022490209417082685,0.07340636479949558,0.03360017611060539,0.040604909440543346,116.66295700073242,120.32402053833007,0.9695732944991529,71.81818417083076,3.3131741794519627,1.97498591797381,1.3381882614781526,1.2245553376797336,5.155806451612903,314.6455483870968,17.11,4.112903225806451,0
2024-08-29,117.26528930664062,124.0864056350864,116.38772203285156,121.02488328117458,453023300,-0.06384843771574378,-0.04970093474354187,0.07673295226673216,0.041404461096606594,0.040342761874940784,117.08080024719239,119.96521438598633,0.9759562457037473,61.6515317838094,2.5747232939082068,2.0949333931606895,0.47978990074751726,1.2500377509920146,5.1493548387096775,314.6671612903226,15.65,4.109677419354838,1
2024-08-30,119.04037475585938,121.41379989153825,116.89631023816276,119.19992897597832,333751600,0.015137347630440168,-0.07729763997076278,0.11279957795540163,0.03262675440883719,0.040057851268084824,117.68413009643555,119.7376448059082,0.9828498822337675,59.83652817451033,2.1084255898568216,2.097631832499916,0.010793757356905687,0.9401615070005428,5.142903225806451,314.6887741935484,15.0,4.106451612903226,0
2024-09-03,107.70176696777344,115.8890948214911,106.99372848681784,115.68965014821477,477155100,-0.09525010158394043,-0.14597503120766298,0.07516177862233508,0.048751828224047423,0.043441530989328014,118.06058769226074,119.36727005004883,0.989053260937942,42.84207132821632,0.8145606638170477,1.8410175987633424,-1.0264569349462946,1.3586051984607992,5.11,314.79193333333336,20.72,4.1,0
2024-09-04,105.91671752929688,112.9572200584078,103.83249237473711,105.11893116355375,372470300,-0.01657400327527292,-0.17217462362482938,0.018801054384893323,0.043312993421873926,0.04294779655192503,118.15831756591797,119.12992752075195,0.9918441152861045,39.53446362987832,-0.3508310216346757,1.402647874683739,-1.7534788963184147,1.0660818977324404,5.1,314.8219,21.32,4.1,1
2024-09-05,106.91395568847656,109.34722045042044,104.47072401794104,104.70008464878364,306850700,0.009415304613304754,-0.14648514287945225,0.08391470895535558,0.04789114072185884,0.04110709871055546,118.57217178344726,118.75337036132812,0.9984741605452584,35.21633201252412,-1.180337349143656,0.88605082991826,-2.066388179061916,0.8916113927946457,5.09,314.8518666666667,19.9,4.1,0
2024-09-06,102.5460433959961,107.85135225389573,100.6712300257278,107.74165540315336,413638100,-0.040854463426716614,-0.12552091072878968,-0.02038681154334332,0.04486341438221395,0.04005974010965842,118.4654670715332,118.28327178955078,1.0015403300840933,30.437128200187857,-2.16522177893809,0.2757963081469901,-2.44101808708508,1.1981197451223444,5.08,314.88183333333336,22.38,4.1,1
2024-09-09,106.17599487304688,106.25577578698044,103.4036727846321,104.59038154400557,273912000,0.0353982597166933,-0.10806736713653775,0.016419951095101748,0.05007763860859908,0.04083878247656047,118.55122909545898,117.9338395690918,1.0052350498264366,28.136043558324772,-2.622611208340629,-0.3038851951505338,-2.3187260131900955,0.7953477418536287,5.05,314.97173333333336,19.45,4.1,1
2024-09-10,107.80148315429688,109.09789628161208,104.660180275284,107.51228306871651,268283700,0.015309376504487382,0.0009258546942250145,-0.008438940854150867,0.029658027956910315,0.03994147124634821,118.5053554534912,117.6258920288086,1.007476784316052,31.82766659188934,-2.8214088618373268,-0.8073899284878924,-2.0140189333494343,0.7855372258418682,5.04,315.0017,19.08,4.1,1
2024-09-11,116.58716583251952,116.86639141709084,107.12336624714985,109.08792746358937,441422400,0.08149871802457165,0.10074375936236102,0.006629946275084286,0.044318123965714114,0.04146241994300962,118.54374923706055,117.47850006103516,1.009067609609179,40.38175126360505,-2.244157022162142,-1.0947433472227424,-1.1494136749393995,1.2685728070243756,5.03,315.0316666666667,17.69,4.1,1
2024-09-12,118.82118225097656,120.46676839354188,115.071241833133,116.52733397843356,366052700,0.019161769672540796,0.11137205134561667,0.009063222136021398,0.04394047566707207,0.04151453117885017,118.59711074829102,117.40829849243164,1.0101254534059703,46.02479325919351,-1.588107609865503,-1.1934161997512946,-0.3946914101142083,1.0479366428563075,5.02,315.06163333333336,17.07,4.1,0
2024-09-13,118.7812728881836,119.63897203588232,117.28528706438031,118.76132975848292,238358300,-0.000335877509690774,0.1583213642821193,-0.03052106857210246,0.03136316780562246,0.0404762782030323,118.4101375579834,117.22540832519532,1.0101064201841083,40.16132925327079,-1.0591943430198114,-1.1665718284049982,0.10737748538518677,0.6902501399963006,5.01,315.0916,16.56,4.1,0
2024-09-16,116.46749114990234,117.8637462195167,114.05396898625608,116.47746652004344,248772300,-0.019479347897368937,0.09692865406310402,-0.06253019861384213,0.037993441412482155,0.040525952998288546,118.02171249389649,117.045107421875,1.0083438350695124,40.620831114008716,-0.8173081974848486,-1.0967191022209684,0.27941090473611974,0.7260653155921545,4.98,315.1815,17.14,4.1,0
2024-09-17,115.28067016601562,118.48208669803358,114.52270945275087,117.85376774830212,231925900,-0.010190148102007246,0.06937925891996999,-0.11077012022145549,0.04029324493943152,0.03907488911900248,117.30369491577149,116.79380142211915,1.0043657581776062,37.52456708128346,-0.7131573847691186,-1.0200067587305983,0.3068493739614797,0.6855418202386708,4.97,315.21146666666664,17.61,4.1,0
2024-09-18,113.06661987304688,117.38502682895007,112.91701975753097,115.57987289959787,310318900,-0.019205737525469724,-0.030196685324094696,-0.10900034900803257,0.016115505841982524,0.039035223596092246,116.61209526062012,116.43478958129883,1.001522789537035,37.874156091787356,-0.8000499920831459,-0.9760154054011079,0.175965413317962,0.9158760633369265,4.96,315.2414333333333,18.23,4.1,1
2024-09-19,117.55457305908205,119.3397837869768,116.93622949013678,117.03596036023048,293506400,0.03969299861510245,-0.01065979287446539,-0.08264521313755768,0.024544207701100607,0.04018751584692787,116.08256607055664,116.0951318359375,0.9998917632015905,50.309185744822344,-0.5009975072798198,-0.8810118257768503,0.3800143184970305,0.8617256318076401,4.95,315.2714,16.33,4.1,0
2024-09-20,115.68958282470705,118.30257441739376,115.0812145821692,116.74674381909426,382462400,-0.01586488884135262,-0.026028430141399106,-0.062470206927610294,0.025268070870721797,0.03953164120911286,115.69713020324707,115.86795928955078,0.998525657245099,46.42555141298944,-0.40976190389653766,-0.7867618414007879,0.3769999375042502,1.1218645350181395,4.94,315.30136666666664,16.15,4.1,1
2024-09-23,115.94888305664062,116.67692526968904,114.55262802291854,116.23810791147416,206228500,0.0022413446881079935,-0.004452814155619045,-0.10126032231891735,0.023993430905125256,0.03791951694371279,115.04393653869629,115.6092739868164,0.9951099299509087,61.520846460335065,-0.31292644794176283,-0.6919947627089829,0.37906831476722,0.6154850087288604,4.91,315.39126666666664,15.89,4.1,1
2024-09-24,120.54654693603516,121.47405850127808,115.07123304654732,116.20818172536411,354966800,0.03965250684776822,0.045678748765392685,-0.04412189434295832,0.02889931790371496,0.038912175240736466,114.7657241821289,115.4584977722168,0.9939998042287486,68.94821999117391,0.13327310989977548,-0.5269411881872312,0.6602142980870067,1.0557677293625656,4.9,315.4212333333333,15.39,4.1,1
2024-09-25,123.17947387695312,124.60564732192762,121.28455699350084,121.69345582540068,284692900,0.02184157910649298,0.08944155238089846,-0.03725212881829809,0.024228875428681962,0.03910439960671566,114.52741165161133,115.40186569213867,0.9924225311672157,70.2104089264439,0.6913749341519946,-0.28327796371938607,0.9746528978713807,0.8490826889672896,4.89,315.4512,15.41,4.1,1
2024-09-26,123.70806884765624,127.3283521984154,121.4740652366879,126.46068519535362,302582900,0.004291258551981869,0.052345864805118936,-0.012414478285489361,0.02109702833270385,0.03883805654426721,114.44965782165528,115.52274337768554,0.9907110450751506,79.06781335978667,1.1629224017087978,0.005962109366250717,1.156960292342547,0.92245608147534,4.88,315.48116666666664,15.37,4.1,0
2024-09-27,121.07512664794922,123.6980858451405,118.94085404604166,123.63824884420144,271009200,-0.021283512257793236,0.04655167467759269,0.03248904568295674,0.022851790844217984,0.03622778950264667,114.6401496887207,115.52913375854492,0.9923051091884564,71.04152170169999,1.309080471166041,0.2665857817262088,1.0424946894398324,0.8497769121287285,4.87,315.5111333333333,16.96,4.1,1
2024-09-30,121.11502838134766,121.1748653861715,117.83383152489164,117.9933994074146,226553700,0.00032956177295151434,0.044555369474179374,0.017428150992830904,0.023015845108027552,0.03610121295434747,114.74388236999512,115.59934692382812,0.99259974578925,69.68379955796325,1.411856527437351,0.4956399308684372,0.9162165965689137,0.7225252884504744,4.84,315.6010333333333,16.73,4.1,0
2024-10-01,116.68689727783205,122.11234177416986,115.48013626179672,121.44412897274736,302094500,-0.036561367839282655,-0.032017919685838336,0.08342602505998942,0.022849111484630785,0.029629045698184524,115.19313888549804,115.46910766601563,0.9976100206705,50.169260211678896,1.1230483179399755,0.6211216082827449,0.5019267096572306,0.9911070066307611,4.83,315.631,19.26,4.1,1
2024-10-02,118.53195190429688,119.06053238913914,114.831880901423,116.128405101547,221845900,0.015812012055404612,-0.037729678706849845,0.11910522407863122,0.02108513982404133,0.02930425137028948,115.82390060424805,115.39471694946289,1.003719266064608,49.50256237455806,1.0311596531464744,0.7031292172554908,0.3280304358909836,0.7462676425253734,4.823870967741936,315.6599354838709,18.9,4.103225806451612,1
2024-10-03,122.521240234375,124.0272014617696,120.01795510176126,120.59640479294298,277118000,0.03365580559492587,-0.009593784983765175,0.14597986245476302,0.028105207014599322,0.029945332350518626,116.60426483154296,115.56645141601562,1.0089802308785223,55.66294477980473,1.2656498292472804,0.8156333396538487,0.45001648959343177,0.9368827648180605,4.817741935483871,315.68887096774193,20.49,4.106451612903226,1
2024-10-04,124.58570861816406,124.70539023390369,121.50398120040512,124.60565935860969,243678100,0.016849881537600142,0.028995071633685532,0.21492457916741525,0.026563421840811167,0.02776663137974978,117.70624809265136,115.8187663269043,1.0162968560761523,62.385871922333685,1.5996307804063434,0.9724328278043477,0.6271979526019957,0.8481976920300975,4.811612903225806,315.7178064516129,19.21,4.109677419354838,1
2024-10-07,127.37821197509766,130.29039598837593,124.61562046227938,124.65551433206126,346250200,0.022414315316792832,0.05171268733083623,0.19968936601349463,0.027209517443427606,0.027292758790096534,118.7663589477539,116.11137466430664,1.0228658414485503,67.59500688310138,2.06583115773185,1.191112493789848,0.8747186639420019,1.1902469519511936,4.793225806451613,315.8046129032258,22.64,4.119354838709677,1
2024-10-08,132.53436279296875,133.12278019873037,129.07364789501582,129.91139625758697,285722500,0.04047906418155023,0.13581186821176505,0.22942986418166034,0.010822512189822948,0.028142217890477016,120.0030029296875,116.53642486572265,1.0297467342760787,76.08227590619823,2.818862502557991,1.5166624955434767,1.3022000070145143,0.9792457882166458,4.787096774193548,315.8335483870968,21.42,4.12258064516129,0
2024-10-09,132.29502868652344,134.16003500176663,131.02843810434518,133.75112849037495,246191600,-0.0018058268165455083,0.11611279963852206,0.13473063473014402,0.016357251467233238,0.02277231574136641,120.7883960723877,117.11345413208008,1.0313793318414384,72.28590576312402,3.3576283567930005,1.8848556677933817,1.4727726889996189,0.8729685170820716,4.780967741935484,315.8624838709677,20.86,4.125806451612903,1
2024-10-10,134.44923400878906,134.63872798675436,130.64943234270237,131.55700075403345,242311300,0.016283342946846968,0.09735449748628566,0.13152580593586927,0.015147375795988587,0.022697618756554214,121.56979866027832,117.46850173950196,1.034914014055201,78.11659043096104,3.913320224345412,2.290548579103788,1.6227716452416243,0.8784821305290698,4.774838709677419,315.8914193548387,20.93,4.129032258064516,0
2024-10-11,134.4392852783203,135.41665858843493,133.3023364675461,133.65139075503694,170209500,-7.399618556469534e-05,0.07909074619751078,0.13182223097471435,0.017424177017031764,0.022693578739440973,122.35269927978516,117.97911895751953,1.037070799993348,77.92174546191887,4.30330147285369,2.6930991578537684,1.6102023149999214,0.6248006884170455,4.768709677419355,315.92035483870967,20.46,4.132258064516129,1
2024-10-14,137.7005157470703,139.22642006970025,135.9352482142016,136.1047914480544,232347700,0.024258017007443122,0.08103665149570993,0.18230859433418622,0.01762649156835602,0.022164188145033216,123.41435050964355,118.59365371704102,1.040648859711368,76.99314079933811,4.819957001552723,3.1184707265935594,1.7014862749591635,0.8554748789533405,4.750322580645161,316.0071612903226,19.7,4.141935483870967,0
2024-10-15,131.24783325195312,138.1991821543322,128.3954862474048,137.50104323972985,377831000,-0.04686026381316932,-0.009707139445981339,0.13850685516438443,0.02756494890615835,0.025123173269622316,124.21270866394043,119.21515808105468,1.0419204291075796,61.33373658270594,4.655071909024912,3.42579096307983,1.2292809459450815,1.3547374810906283,4.744193548387097,316.03609677419354,20.64,4.145161290322581,1
2024-10-16,135.35679626464844,136.25438165655956,131.22787606953918,133.6214472599385,264879700,0.031306901690387745,0.023143481720540926,0.19714197184482352,0.03124687602218073,0.024908546846040276,125.32721748352051,119.84305160522462,1.045761233587086,64.86762666708216,4.800619704677985,3.7007567113994613,1.0998629932785233,0.9575436908723873,4.7380645161290325,316.0650322580645,19.58,4.148387096774194,1
2024-10-17,136.56356811523438,140.512977854023,136.50373111006368,138.96712260930138,306435900,0.008915487688009982,0.01572589179873729,0.16170357784889022,0.03075051118586413,0.02386293818696466,126.27766723632813,120.60158554077148,1.047064735261194,70.51523417833704,4.956211661379669,3.9518477013955033,1.0043639599841656,1.1051870750890787,4.731935483870967,316.0939677419355,19.11,4.151612903225806,1
2024-10-18,137.6306915283203,138.52827690762766,136.9126171376927,138.2988966827743,176090200,0.007814114904975744,0.023738643383837132,0.18965500754599884,0.030723052537956784,0.023205689281284803,127.37472267150879,121.26059661865234,1.0504213753135696,71.29632307701692,5.106759801020246,4.1828301213204515,0.9239296796997944,0.6596324309307959,4.725806451612903,316.12290322580645,18.03,4.154838709677419,1
2024-10-21,143.325439453125,143.325439453125,137.63071268872676,137.76036967912168,264554500,0.04137702035474322,0.04084896614611533,0.2361088410236003,0.034155726249870226,0.024234934915417162,128.743550491333,122.03789031982421,1.0549473622817904,83.26285851795778,5.620795815526293,4.47042326016162,1.1503725553646733,0.9803096365836662,4.707419354838709,316.20970967741937,18.37,4.164516129032258,0
2024-10-22,143.20574951171875,144.0335302578968,141.400595506541,142.5275764963188,226311600,-0.0008350920943479556,0.09110943749303901,0.18797056532616496,0.017777765999806565,0.023385972327651616,129.8765106201172,122.72762619018555,1.0582500016650964,82.196842084304,5.94992801600398,4.766324211330092,1.1836038046738881,0.8590776920403813,4.701290322580645,316.2386451612903,18.2,4.167741935483871,0
2024-10-23,139.1865234375,142.04883820987033,137.09215234233463,141.649914730207,285930000,-0.028066094328774494,0.028293571350223923,0.1299490008906572,0.024851638029812106,0.024566428520252367,130.67686309814454,123.1949708557129,1.0607321239695289,71.72955284125817,5.819367654149943,4.976932899894063,0.8424347542558799,1.0851340468634605,4.695161290322581,316.2675806451613,19.24,4.170967741935484,1
2024-10-24,140.0342559814453,140.9717429059513,138.08947737101022,140.44316244306268,172354900,0.006090622303142501,0.025414449213001733,0.1319735025036597,0.024796320332715147,0.024561535759909856,131.493172454834,123.64057693481445,1.063511475881899,70.80314888146984,5.718384580372174,5.125223235989686,0.5931613443824881,0.6706781692387912,4.689032258064516,316.2965161290323,19.08,4.174193548387096,1
2024-10-25,141.16122436523438,143.74430494634163,140.4232143860229,140.55285615055817,205122100,0.008047804988076557,0.025652220429246197,0.16589780472160576,0.024802519570563248,0.023674630305038045,132.49747734069825,124.01338668823242,1.0684127002659374,69.43197490598456,5.664000623493877,5.232978713490524,0.431021910003353,0.8085488980135708,4.682903225806451,316.32545161290324,20.33,4.17741935483871,0
2024-10-28,140.14395141601562,142.75693502866474,139.67520798990546,142.617310298629,173586700,-0.0072064616454919905,-0.022197650670032543,0.15711446621432268,0.014540199723337092,0.02386189098596406,133.44892349243165,124.33154586791993,1.0733311691804854,62.14584305500216,5.475695115762733,5.281521993944965,0.19417312181776758,0.6914612079163477,4.664516129032258,316.4122580645161,19.8,4.187096774193549,1
2024-10-29,140.87200927734375,141.8793009979601,138.52829188537018,139.91457158033694,157593600,0.005195071595825773,-0.016296414371156476,0.2072650191557226,0.015146613864203174,0.02150547236016323,134.65817909240724,124.55616561889649,1.0811040820285027,63.47962089263181,5.32383991641251,5.289985578438475,0.03385433797403525,0.6463568662313014,4.658387096774193,316.4411935483871,19.34,4.190322580645161,0
2024-10-30,138.9670867919922,139.95444277669785,136.4438589379193,139.16654849713757,179418100,-0.013522363279430571,-0.0015765653174486527,0.17240190985966986,0.009529554360119073,0.02205864914158565,135.679935836792,124.79753509521484,1.0872004461728701,57.15635100107992,4.992234876307663,5.230435438012313,-0.23820056170464987,0.7423269793409811,4.652258064516129,316.47012903225806,20.35,4.193548387096774,0
2024-10-31,132.40472412109375,137.24175143875112,131.756469630996,137.2317836775648,270039600,-0.04722242382990349,-0.054483324861328786,0.08066751420253593,0.022124078779540715,0.02443492469094159,136.17411003112792,124.88272644042969,1.090415895877196,47.331215711234805,4.152045473688787,5.014757445147608,-0.862711971458821,1.1189040789840383,4.646129032258064,316.49906451612907,23.16,4.196774193548388,1
2024-11-01,135.0376739501953,136.94256658973848,134.20990835801712,134.339550139827,207127800,0.019885618482113454,-0.043379833538389145,0.08389377439803236,0.025097780487167275,0.024527078435827146,136.6967082977295,125.11551391601563,1.0925640155983196,46.44854715882959,3.6564965494719956,4.743105266012486,-1.08660871654049,0.8647785419248051,4.64,316.528,21.88,4.2,1
2024-11-04,135.68592834472656,138.58814473225323,135.207217103038,136.84282779526694,187528200,0.004800544733689183,-0.031810313796957757,0.06522085873880101,0.025825237994970045,0.02415674716888166,137.11209411621093,125.24897735595704,1.094716276417483,57.00345435203569,3.278289092746519,4.4501420313592925,-1.1718529386127736,0.8097795431435859,4.624,316.6356,21.98,4.19,1
2024-11-05,139.5355987548828,139.99435925396384,136.9625011145287,137.08217511986183,160537400,0.028371920781465887,-0.009486700227508416,0.05282581674950704,0.030101675539209737,0.02331689409597382,137.46215591430663,125.51747344970703,1.0951635030272153,56.64869158706066,3.2517095044669873,4.210455525980832,-0.9587460215138446,0.7124860204419429,4.618666666666666,316.6714666666667,20.49,4.1866666666666665,1
2024-11-06,145.22032165527344,146.09797148430005,141.58009580907174,142.577419626437,242043900,0.04074030534943818,0.04499795604581669,0.09770051903746757,0.03420275800486752,0.024766711710623942,138.10842056274413,125.8629653930664,1.097291964569844,62.05551671600116,3.6473106908379407,4.097826558952254,-0.4505158681143131,1.075212176515064,4.613333333333333,316.70733333333334,16.27,4.183333333333334,1
2024-11-07,148.48159790039062,148.53145192465237,145.77884323892675,145.9982557303204,207323300,0.022457437140642522,0.12142220669251502,0.10436923642632467,0.013081231454130628,0.02495299224789396,138.8100387573242,126.32733444213868,1.0988123779410777,64.24083650107879,4.175848634860557,4.113430974133914,0.06241766072664312,0.9281888023808389,4.608,316.7432,15.2,4.18,0
2024-11-08,147.2349395751953,149.369212218998,145.8685954157921,148.37188826922187,175665800,-0.008396045993737444,0.09032490910276336,0.09517794051333328,0.01945972143598919,0.025115717493176724,139.44982147216797,126.92672744750976,1.0986639636623192,55.80910464065414,4.442908768653467,4.179326533037825,0.2635822356156421,0.7854984056688522,4.602666666666667,316.77906666666667,14.94,4.176666666666667,0
2024-11-11,144.87127685546875,148.45168153400843,143.18581210072784,148.28212306443757,182325600,-0.016053680780840796,0.06769566028546237,0.05207504902574045,0.024475865314590173,0.025094390614125807,139.8083595275879,127.44334548950195,1.0970236146155194,52.320080668885176,4.4129581862206635,4.2260528636743935,0.18690532254627001,0.8244990803016049,4.586666666666667,316.88666666666666,14.97,4.166666666666667,1
2024-11-12,147.89315795898438,149.2495191040209,145.6192606302401,146.38720431256547,198634700,0.02085907689300215,0.0598955340334546,0.12682361525220487,0.02354157603482548,0.022466164112834298,140.64062576293946,128.24717330932617,1.0966372367812027,62.47497780906615,4.580264248854661,4.296895140710447,0.283369108144214,0.9361825450083275,4.581333333333333,316.9225333333333,14.71,4.163333333333333,0
2024-11-13,145.8785858154297,148.93039482211316,145.50956558703103,148.67109606044525,191903300,-0.013621807603252267,0.004532865322518953,0.0777337366216111,0.01902434957336405,0.022069239272017642,141.1667152404785,129.04641067504883,1.0939220587541156,58.10289239413736,4.498441144038168,4.337204341375991,0.16123680266217644,0.9202831718733305,4.576,316.9584,14.02,4.16,1
2024-11-14,146.36724853515625,148.60125952595652,145.16049515099348,147.24489842760545,194463300,0.003349790628933258,-0.014239807458516163,0.07178840268474374,0.015179388796460825,0.022038819434722988,141.65689926147462,129.8354765319824,1.091049249752476,57.34796744325484,4.422052077803556,4.354173888661505,0.06787818914205168,0.9582884507701338,4.570666666666667,316.99426666666665,14.31,4.156666666666666,0
2024-11-15,141.60006713867188,144.85135334501234,139.70515749364313,144.48233309105467,250132900,-0.03257000076311012,-0.03827129927706874,0.028840773567825773,0.0203779570115313,0.023447352895557615,141.8553680419922,130.61655700683593,1.0860443062709735,51.85848353290265,3.9315213637656825,4.26964338368234,-0.3381220199166579,1.2105360471488475,4.565333333333333,317.0301333333333,16.14,4.153333333333333,0
2024-11-18,139.77493286132812,141.1711953957962,136.7829612819808,139.1266784396513,221205300,-0.012889360254019877,-0.035178429463454064,-0.024772340523386838,0.02009726915001545,0.021686037837018293,141.67784271240234,131.28853576660157,1.079133390323359,48.63791365761615,3.3568040088337625,4.0870755087126245,-0.730271499878862,1.0818874012559914,4.549333333333333,317.13773333333336,15.58,4.1433333333333335,1
2024-11-19,146.6165771484375,146.7362663614533,140.61269838756368,140.94181709193657,227834900,0.04894757698719143,-0.008631777346325364,0.02381767246321087,0.030864123990519233,0.024397078148034972,141.84838409423827,132.06483764648436,1.0740813877645679,58.46020967377741,3.414044896006004,3.952469386171301,-0.5384244901652968,1.1138970024088855,4.5440000000000005,317.1736,16.35,4.14,0
2024-11-20,145.4995880126953,147.16511715506326,142.34804073132528,147.0155246522584,309871700,-0.007618436860733158,-0.0025980358982495844,0.045356866593698086,0.030380691703629472,0.023506839434166347,142.16403732299804,132.64308609008788,1.0717787222354265,66.46603413375288,3.33088070394777,3.828151649726595,-0.4972709457788249,1.5061643058418823,4.538666666666667,317.2094666666667,17.16,4.136666666666667,1
2024-11-21,146.27748107910156,152.48083638169973,140.32345672847936,148.9503167976197,400946600,0.005346359237377252,-0.0006133028867665313,0.04458355602991526,0.03045133079679911,0.02350141495428575,142.47619857788087,133.1922120666504,1.0697036738648404,64.82503284558709,3.2898189667043596,3.720485113122148,-0.43066614641778855,1.846274293252456,4.533333333333333,317.2453333333333,16.87,4.133333333333333,0
2024-11-22,141.5701446533203,146.7662096056562,140.72242834878378,145.53949007763015,236406200,-0.032180868791661044,-0.000211316886751578,0.002896831547932077,0.030346820161255155,0.02468822367121173,142.49664459228515,133.64798950195313,1.066208665938837,57.01048005212393,2.8446432586399055,3.5453167422256997,-0.7006734835857942,1.0808156167542966,4.5280000000000005,317.2812,15.24,4.13,0
2024-11-25,135.656005859375,141.66986796819967,135.45654411602544,141.61003096699034,344941900,-0.041775324934702596,-0.02946828102603738,-0.03202382629642153,0.035757615492433434,0.026401886625896594,142.27224731445312,134.03175979614258,1.0614816035456374,45.59455099604424,1.9916581333328907,3.2345850204471382,-1.2429268871142476,1.517580913500454,4.5120000000000005,317.3888,14.6,4.12,1
2024-11-26,136.5535888671875,138.9272246590056,135.30693397114106,137.33150030488406,190287700,0.006616610905844977,-0.06863472382841151,-0.030654921671872337,0.022034252385835874,0.026422183431143442,142.05632629394532,134.45721817016602,1.0565169220901331,38.95806075970039,1.372270048506664,2.862122026059043,-1.4898519775523793,0.8311978002542328,4.506666666666667,317.42466666666667,14.1,4.116666666666666,0
2024-11-27,134.97779846191406,136.8527720620769,131.44727893138864,134.64867978414378,226370900,-0.01153972164588113,-0.07231490957804765,-0.028706713382063986,0.021822554590457944,0.026377293486100337,141.85686187744142,134.89544174194336,1.0516060442488142,32.023278725154626,0.7456520004471372,2.438828020936662,-1.693176020489525,0.9787761174734212,4.501333333333334,317.46053333333333,14.1,4.113333333333333,1
2024-11-29,137.88002014160156,138.977082446908,135.68591074894266,136.41395288721657,141863200,0.02150147441104111,-0.057407749132342256,0.04135272405764212,0.026275469218484924,0.024462920115134026,142.1306266784668,135.30195068359376,1.050469900547421,38.07217504924174,0.47773073495736185,2.046608563740802,-1.5688778287834402,0.6308655644067149,4.490666666666667,317.53226666666666,13.51,4.1066666666666665,1
2024-12-02,138.25901794433594,140.07413953973298,137.45118801543163,138.45847968192444,171682800,0.002748750706194736,-0.02338859451682218,0.023855150195557506,0.02393327751160726,0.02411258156198837,142.29169387817382,135.75333938598632,1.0481634891764766,41.11972300583588,0.29261012962132327,1.6958088769169064,-1.4031987472955831,0.769538187799397,4.475161290322581,317.6477741935484,13.34,4.096774193548387,1
2024-12-03,139.88465881347656,140.16390831614373,137.58084280749418,137.89001081273594,164414000,0.011757937336102975,0.031171881608287322,0.030944479799575264,0.012163539269402817,0.024213367927625223,142.50163040161132,136.23205490112304,1.046021294364522,38.82549119550605,0.2739187830402443,1.4114308581415742,-1.13751207510133,0.7407945751060059,4.470322580645162,317.6915483870968,13.3,4.0935483870967735,1
2024-12-04,144.7515869140625,145.39984134699782,139.91456002292938,141.61999054867616,231224300,0.034792436439192054,0.060035024453648056,0.03738105691825955,0.017673614636827487,0.024623262318233717,142.7624298095703,136.7161557006836,1.0442250155286985,48.54340747869611,0.6443979607452093,1.2580242786623013,-0.613626317917092,1.0254889947478705,4.465483870967742,317.7353225806452,13.45,4.090322580645161,0
2024-12-05,144.68177795410156,146.1579148411047,143.57467148409813,144.73165063129176,172621200,-0.00048226732051226406,0.0718931528204294,-0.0037084596359060473,0.01440425967224952,0.022884577178359188,142.73550262451172,137.14620178222657,1.0407543247253785,47.79776584652008,0.921747052332023,1.1907688333962456,-0.2690217810642226,0.7775520281030268,4.460645161290323,317.77909677419353,13.54,4.087096774193548,0
2024-12-06,142.06861877441406,145.3201135010368,140.94156015213164,144.2229906612707,188505600,-0.0180614256794418,0.03037857572482827,-0.04319039676740766,0.019323474845632085,0.022589270718076204,142.41485366821288,137.5134127807617,1.0356433658967186,50.64872509157191,0.920081966707528,1.1366314600585021,-0.21654949335097418,0.8527153506527116,4.455806451612904,317.82287096774195,12.77,4.083870967741936,0
2024-12-09,138.44805908203125,139.58508599383495,136.77244688316378,138.6076455444956,189308600,-0.025484584305924596,0.0013672969800162527,-0.059679316054437326,0.024100841511464677,0.02316132502942758,141.9755096435547,137.86087142944336,1.0298463093367083,48.24990822674756,0.6194725712651348,1.0331996822998286,-0.41372711103469384,0.853713463439578,4.441290322580645,317.9541935483871,14.19,4.074193548387097,0
2024-12-10,134.71783447265625,141.4502349567079,133.44115786086326,138.6475487860502,210020900,-0.026943134010747105,-0.03693631871175951,-0.07008595908864745,0.025741863644888476,0.023612446718922243,141.46783752441405,138.13292755126952,1.0241427589515668,32.90276495149692,0.07932509806221333,0.8424247654523056,-0.7630996673900923,0.9412406109388165,4.436451612903226,317.9979677419355,14.18,4.070967741935483,1
2024-12-11,138.94676208496094,139.8045203384501,134.85746151474785,137.00184953896903,184905200,0.0313910005223772,-0.04010197713789365,-0.06049229049868943,0.02436143118218269,0.02428880709986316,141.0205177307129,138.5781248474121,1.0176246639647497,41.357211226130225,-0.0074210055802836905,0.6724556112457878,-0.6798766168260715,0.8312381199846569,4.431612903225807,318.04174193548386,13.58,4.067741935483871,0
2024-12-12,136.98191833496094,138.0790564611993,135.445940177233,136.72260169557995,159211400,-0.01414098263620256,-0.053219277009322496,-0.06098679549666808,0.02408367184974158,0.02430121572204172,140.57568435668946,138.9471241760254,1.0117207188728925,38.11192386560643,-0.23203957959557897,0.4915565730775145,-0.7235961526730934,0.7210304308758629,4.426774193548387,318.08551612903227,13.92,4.064516129032258,0
2024-12-13,133.8999786376953,139.2360360155149,132.19443031399229,138.57775313836598,231514900,-0.022498879667675387,-0.057497850033225495,-0.08517800274469456,0.02450326926767371,0.02463850293210919,139.95232086181642,139.1746989440918,1.0055873799162087,39.76513264736016,-0.6512312065450203,0.26299901715300755,-0.9142302236980279,1.0397523150515322,4.421935483870968,318.12929032258063,13.81,4.061290322580645,0
2024-12-16,131.6558074951172,134.0495433619733,130.07992554881972,133.83011579862796,237951100,-0.016760056016516423,-0.04905992638646972,-0.07022778904346183,0.023553838130727624,0.02392203457923486,139.45510787963866,139.31610092163086,1.0009977809965123,44.08268624199779,-1.1512584560524601,-0.019852477488085996,-1.1314059785643742,1.0715891176586352,4.4074193548387095,318.2606129032258,14.69,4.051612903225807,0
2024-12-17,130.05001831054688,131.24688636654815,126.52922370948323,128.75340490862754,259410300,-0.012196873158290877,-0.03464883606822533,-0.069575526539007,0.021721060376629242,0.02390801860768492,138.9688621520996,139.36953704833985,0.9971250898530195,40.57699433405465,-1.6579950855633,-0.34748099910312885,-1.3105140864601712,1.1582643816098317,4.402580645161291,318.3043870967742,15.87,4.048387096774193,0
2024-12-18,128.57388305664062,136.34356467427952,127.94552085179448,133.51097335742298,277444500,-0.011350519385405877,-0.07465362180932056,-0.12306039632564947,0.00448571981987273,0.020532365347540764,138.06672744750978,139.2903274536133,0.9912154703885595,40.694512008819316,-2.1538708117245733,-0.7087589616274177,-1.4451118500971556,1.225217232517455,4.397741935483872,318.3481612903226,27.62,4.04516129032258,1
2024-12-19,130.33926391601562,133.68053537391728,129.212220572867,131.41644980197495,209719200,0.01373047789648929,-0.048492928845558114,-0.10419496236207137,0.013888261907553698,0.021011965240386423,137.30871124267577,139.25121215820312,0.9860503841552167,38.66818738600911,-2.377003795727262,-1.0424079284473866,-1.3345958672798754,0.9470806720766952,4.392903225806452,318.3919354838709,24.09,4.041935483870968,1
2024-12-20,134.34877014160156,134.9272596326742,127.8856708376556,129.4715213006466,306528600,0.030762075104010744,0.003351692124765604,-0.08154851211205494,0.02055374510259776,0.022410272276588917,136.71227569580077,139.24920288085937,0.9817813880972146,44.70199414838105,-2.2048880723694992,-1.2749039572318093,-0.92998411513769,1.4144212517152295,4.388064516129033,318.43570967741937,18.36,4.038709677419354,1
2024-12-23,139.30581665039062,139.42549888718457,134.76767747092137,135.9246564899382,176053500,0.0368968506638685,0.05810612764315137,-0.015994389272361187,0.022938326180999596,0.023150283442666723,136.59905929565429,139.34653350830078,0.9802831534917026,49.280662984682586,-1.6494787320305875,-1.349818912191565,-0.29965981983902257,0.8238387088305845,4.373548387096775,318.5670322580645,16.78,4.029032258064516,1
2024-12-24,139.85440063476562,141.53001300601622,138.28848684636677,139.63497303105362,105157000,0.0039379833345492,0.07538931906035429,0.030948830822446594,0.01965982891305802,0.0210251370510292,136.80897903442383,139.3896112060547,0.9814861943490465,43.182459312531755,-1.1517698001678411,-1.3102090897868202,0.15843928961897902,0.521328307663073,4.368709677419355,318.6108064516129,14.27,4.025806451612903,0
2024-12-26,139.5651397705078,140.482754358897,137.37087908554133,139.3357437329122,116205600,-0.002068300053090444,0.0854859202550895,0.022053985752431338,0.016804607574448394,0.02100866376750862,136.95955657958984,139.5559573364258,0.9813952710698202,42.92021123412176,-0.7717762638040142,-1.2025225245902589,0.4307462607862447,0.5868802525018985,4.359032258064516,318.6983548387097,14.73,4.019354838709678,0
2024-12-27,136.6527557373047,138.65752461945982,134.35876491420703,138.1887488761999,170582600,-0.020867560753294656,0.04843890959332997,0.012409131682965091,0.023923544882645895,0.02140843383400647,137.04330444335938,139.5818765258789,0.981813025116847,42.567723767771675,-0.69759229051175,-1.101536477774557,0.4039441872628071,0.8738136392095482,4.354193548387097,318.74212903225805,15.95,4.016129032258064,1
2024-12-30,137.1315155029297,139.9042657427297,133.6705619268118,134.47844750631418,167734700,0.0035034768456871923,0.020712845814629732,-0.005428666444225683,0.020840343297567787,0.020865303467274054,137.0058792114258,139.5932354736328,0.9814650312142401,48.022789447849505,-0.5933295120077275,-0.9998950846211913,0.4065655726134637,0.853569134974439,4.339677419354839,318.87345161290324,17.4,4.006451612903226,0
2024-12-31,133.93988037109375,137.71003938051092,133.481088178487,137.67013514349722,155659200,-0.023274264272006517,-0.03851911146512654,-0.031239463707033566,0.013309813310670725,0.021482749939567183,136.78992233276367,139.51941925048828,0.9804364372186486,48.8124420592661,-0.7594839323916744,-0.9518128541752879,0.1923289217836135,0.7953620029613412,4.33483870967742,318.9172258064516,17.35,4.003225806451613,1
2025-01-02,137.94937133789062,138.51789243847597,134.27897378808947,135.64539681236818,198247200,0.02993500483715672,-0.013621518437950675,-0.013834880050474063,0.02154750695503729,0.022430857250036917,136.6931579589844,139.4118978881836,0.9804985085894189,48.46719997898893,-0.5611613762825698,-0.8736825585967443,0.3125211823141745,1.004290368787724,4.33,318.9841612903226,17.93,4.006451612903226,1
2025-01-03,144.0933074951172,144.52217900012494,139.36566117903786,139.64492988439244,229322500,0.04453761621122365,0.03244483351684524,-0.004547649065402837,0.030166923059334112,0.02332494328841729,136.6602439880371,139.42964904785157,0.9801376172232635,59.684841381660696,0.09072911043386966,-0.6808002247906215,0.7715293352244912,1.1622730248504867,4.33,319.0073225806452,16.13,4.012903225806451,1
2025-01-06,149.0403594970703,151.76325208073058,147.43457212276107,148.20255341856054,265377400,0.034332281546946675,0.09065023016132234,0.030125297080268565,0.02750890911697294,0.0245516723611273,136.87817306518554,139.62672576904296,0.9803149956520228,69.62250061503242,0.9950721972144265,-0.3456257403896119,1.3406979376040384,1.314120321080701,4.33,319.0768064516129,16.04,4.032258064516129,0
2025-01-07,139.7745819091797,152.7307157375852,139.6449160163553,152.63097040172005,351782200,-0.06216958694381547,0.019273953157715518,-0.01614738627731016,0.045705608251215536,0.02814485944182319,136.76347122192382,139.62153228759766,0.9795299405553959,58.90202075295551,0.9531129026698579,-0.08587801177771795,1.038990914447576,1.6743015921947897,4.33,319.0999677419355,17.82,4.038709677419355,0
2025-01-08,139.74468994140625,143.57467420574872,137.20133554653654,142.20825109505992,227349900,-0.00021385839517562566,0.0433389185822004,0.00936546794496218,0.04327967844732422,0.02752150985592281,136.82830276489258,139.5932015991211,0.9801931698495701,61.01045607740436,0.9069925815641966,0.11269610689066496,0.7942964746735316,1.0723601950757773,4.33,319.1231290322581,17.7,4.04516129032258,0
2025-01-10,135.55563354492188,139.55517244006612,133.870037595658,137.09161147098868,207602500,-0.02997649784217782,-0.017352292147135406,0.0062189173062729974,0.0444117164945076,0.027690443436468187,136.87019271850585,139.50143524169923,0.9811382404873863,57.469067967872085,0.5263525880260715,0.1954274031177463,0.33092518490832523,0.9797748078908206,4.33,319.16945161290323,19.54,4.058064516129033,0
2025-01-13,132.8826141357422,133.1419459563911,129.17231238202828,129.6510717959939,204808900,-0.019718984296538844,-0.07780162419933967,-0.04364367947999204,0.035785225325087926,0.027057765552972683,136.5669853210449,139.34164733886718,0.9800873459528254,52.66904062752503,0.00889973323370441,0.15812186914093795,-0.14922213590723354,0.9620718707858339,4.33,319.238935483871,19.19,4.077419354838709,0
2025-01-14,131.4164581298828,136.02442280388445,129.71092511662002,135.6952813829554,195590500,-0.011033467511119777,-0.11824918717761101,-0.04062915947394563,0.023679828367668694,0.026992496504091867,136.28871231079103,139.190634765625,0.979151453258904,46.74924758306358,-0.5135717829055864,0.023783138731633097,-0.5373549216372194,0.910985436729396,4.33,319.26209677419354,18.71,4.083870967741936,1
2025-01-15,135.88479614257812,136.09424010113997,130.94768976753863,133.30153730793728,185217300,0.034001357792485365,-0.027828992320857004,0.014823135336364146,0.024597438325423753,0.0276524179187198,136.38795318603516,139.26023620605469,0.9793747081128773,46.1659221966085,-0.5606142770685949,-0.0930963444284125,-0.4675179326401824,0.8720735970784684,4.33,319.28525806451614,16.12,4.090322580645162,0
2025-01-16,133.22174072265625,138.38822723428095,133.14194748607855,138.2785134363621,209235600,-0.019597890974702215,-0.046677617743364874,0.011894144719724054,0.025100427089755517,0.027755974770210655,136.46624984741212,139.2239175415039,0.9801925722046306,42.90287798210135,-0.8035196347448448,-0.23518100249169896,-0.5683386322531458,0.9918660909007219,4.33,319.3084193548387,16.6,4.096774193548387,1
2025-01-17,137.3509521484375,138.13888566634566,135.10681862678206,136.33360735729912,201188800,0.03099502681305988,0.013244146012719282,0.05613942952669726,0.027242135508803347,0.028352428278631027,136.83129653930663,139.2572180175781,0.9825795638258028,47.81067281350172,-0.6552773979930464,-0.31920028159196845,-0.33607711640107796,0.9670660819052032,4.33,319.3315806451613,15.97,4.103225806451613,1
2025-01-21,140.4628143310547,141.4602070208564,136.7325601923546,138.79717036536638,197749000,0.022656284022364526,0.057044333787482415,0.09246770021853212,0.02492799630178978,0.028458578210133343,137.42574310302734,139.27576232910155,0.9867168616050889,53.752477396108674,-0.2834259284431653,-0.31204541096220784,0.02861948251904256,0.9690936701029685,4.33,319.4242258064516,15.06,4.129032258064516,1
2025-01-22,146.6865692138672,147.40467804215123,143.29542449743752,144.28284886721386,237651400,0.04430891487154609,0.11619633721137479,0.12542118780404476,0.02476049581878217,0.02975447451501651,138.24310836791992,139.30508728027343,0.9923765963391066,58.453968667124236,0.5076224891030847,-0.14811183094914931,0.6557343200522341,1.1567234464538763,4.33,319.4473870967742,15.1,4.135483870967742,1
2025-01-23,146.83615112304688,146.8461195709751,143.34527675360425,144.67181084027297,155915500,0.0010197382758445617,0.08059293821935731,0.09294749009078229,0.025308562403526302,0.0292082531877374,138.8674774169922,139.27217834472657,0.9970941724862473,62.059310169275804,1.1335373561282722,0.108218006466335,1.0253193496619373,0.7877640822009466,4.33,319.4705483870968,15.02,4.141935483870968,0
2025-01-24,142.2481231689453,148.58157206293976,141.5100624088345,147.98313043457708,234657600,-0.03124590176881481,0.0677545751716333,0.021121203617354034,0.029567906742927842,0.029248888185054275,139.01459274291992,139.17244201660156,0.9988658007907714,53.97673777157687,1.245012160380611,0.33557683724919024,0.9094353231314207,1.1683123330205156,4.33,319.49370967741936,14.85,4.148387096774194,0
2025-01-27,118.1112289428711,128.06520275177593,116.39571246675482,124.47459855123267,818830900,-0.16968163578093265,-0.14007710106569715,-0.15547005738258846,0.08472166769550138,0.048138055506988076,137.92743415832518,138.63724105834962,0.9948801137803537,31.967328652654288,-0.6072884544404928,0.14700377891125363,-0.7542922333517464,3.461767984771332,4.33,319.56319354838706,17.9,4.167741935483871,1
2025-01-28,128.65371704101562,128.66368549128055,115.9469258787703,121.49242802769427,579666400,0.08925898233811291,-0.08407276577989087,-0.0781815770573816,0.09851326447329507,0.0527627465254974,137.3818630218506,138.25245223999025,0.9937029021617033,36.870556479074594,-1.2106042621612971,-0.12451782930325654,-1.0860864328580406,2.231988513429701,4.33,319.58635483870967,16.41,4.174193548387097,0
2025-01-29,123.37747955322266,126.55916484585856,119.73700212037912,126.17018228394105,467120600,-0.041011154664974625,-0.15890404817267334,-0.09714605543412413,0.09329809095393087,0.053317907626417804,136.71809921264648,137.8024301147461,0.9921312642948552,38.8678600268203,-2.090387965103673,-0.5176918564633399,-1.5726961086403333,1.7014949310454146,4.33,319.6095161290322,16.56,4.180645161290323,1
2025-01-30,124.3249969482422,124.67408285834512,117.79207196266404,122.77903527699785,392925500,0.007679824538892488,-0.1533079830997518,-0.09338858764682645,0.09390318283874557,0.05335564056771902,136.0777732849121,137.3615850830078,0.990653778512239,39.660261873798405,-2.6802696727623356,-0.9502074197231392,-1.7300622530391965,1.3748511192176616,4.33,319.6326774193548,15.84,4.187096774193549,0
2025-01-31,119.75694274902344,127.5166568388694,118.87923990097872,123.45726880122108,388161100,-0.0367428458584278,-0.15811231753975086,-0.10589032618795147,0.09396820679021141,0.053702758069912086,135.3686264038086,136.92472259521483,0.9886353891254068,39.45969728861174,-3.4762865060763204,-1.4554232369937754,-2.020863269082545,1.305093967440795,4.33,319.65583870967737,16.43,4.193548387096774,0
2025-02-03,116.35584259033205,118.260858797724,112.71535750831777,114.4508187734372,371235700,-0.028400024922305644,-0.01486214620108739,-0.1565322736750122,0.054423511754222983,0.05333795399761536,134.28894996643066,136.45634078979492,0.9841165986804304,39.080035856166816,-4.331643450749823,-2.030667279744985,-2.3009761710048378,1.212913218899507,4.33,319.6865714285714,18.62,4.2,1
2025-02-04,118.34063720703124,120.88398385074508,116.39571701060105,116.6550412253588,256550000,0.017057971241610126,-0.0801615380509878,-0.17872218172907595,0.026752320187072243,0.05228261257452077,133.00131645202637,135.8908219909668,0.9787365658945495,41.419042274687726,-4.794100250506617,-2.5833538738973116,-2.210746376609305,0.8344966302014463,4.33,319.6903571428571,17.21,4.2,1
2025-02-05,124.50452423095705,124.67407915232371,120.44513651813745,121.44252915135604,262230800,0.052085971221723204,0.00913493031155821,-0.16462544339605922,0.03602850245289928,0.053189611129873464,131.7745246887207,135.47092071533203,0.9727144688535878,42.69432010920061,-4.61008424555267,-2.9886999482283834,-1.621384297324287,0.85341167222648,4.33,319.6941428571428,15.77,4.2,1
2025-02-06,128.344482421875,128.43425932928383,124.8835362233014,127.0877731272008,251483600,0.03084191690733107,0.032330469111583104,-0.08177523646417728,0.038304497079640204,0.052218725692011164,131.20301971435546,135.1122607421875,0.9710667188428489,46.91560180388023,-4.107054138173041,-3.2123707862173148,-0.894683351955726,0.8320147603419562,4.33,319.6979285714286,15.5,4.2,1
2025-02-07,129.50144958496094,130.03006643749526,124.67407312607986,128.88307105233656,228186300,0.009014545395749307,0.08136903474865109,-0.07329967500547041,0.02976443270744971,0.052284309800347636,130.69085769653321,134.8708868408203,0.9690071798132349,44.84203807401596,-3.5738445180918603,-3.284665532592224,-0.2891789854996363,0.754832941008348,4.33,319.7017142857143,16.54,4.2,1
2025-02-10,133.22174072265625,134.64800487659767,129.621152724233,129.7508034170435,216989100,0.02872779532289771,0.1449510205663329,-0.017217232225853585,0.016339243038973286,0.052303951087964796,130.57416305541992,134.82220153808595,0.9684915508410089,45.27958561105738,-2.8185847589745947,-3.1914493778686985,0.3728646188941038,0.7166802969372137,4.33,319.7130714285714,15.81,4.2,0
2025-02-11,132.4537353515625,134.12934755153938,130.67837780772868,132.23430777027943,178902400,-0.005764865155850174,0.1192582571601426,-0.0032275011066653647,0.022154602448865173,0.05211261390238278,130.55271911621094,134.74020446777342,0.9689217827143491,40.011177901039055,-2.256001789166845,-3.004359860128328,0.748358070961483,0.5934248381715854,4.33,319.7168571428571,16.02,4.2,0
2025-02-12,130.79808044433594,131.89521852186024,128.7434538800678,129.68100547013307,160278600,-0.012499873279013807,0.05054881541255707,-0.004705481294707492,0.01962677884458256,0.05213177247113004,130.52180023193358,134.65661010742187,0.9692936732018594,38.97725251565943,-1.9215972693621381,-2.7878073419750904,0.8662100726129522,0.5347810763387303,4.33,319.7206428571429,15.89,4.2,1
2025-02-13,134.93724060058594,136.14409236479662,130.82798788427175,131.21697039655388,197430000,0.031645419735433444,0.05136767903305883,-0.006973227093029277,0.01984155153471612,0.05205620646996519,130.47442245483398,134.59775451660155,0.9693655211665586,44.944135251341244,-1.307511467656326,-2.4917481671113375,1.1842366994550115,0.6573999895344772,4.33,319.7244285714286,15.1,4.2,1
2025-02-14,138.48797607421875,138.8869270481558,135.1467045962306,136.12414513567924,195479600,0.026313977207693018,0.06939325017641673,0.039529849429950525,0.021049336542003846,0.052111547721636765,130.73773422241212,134.6023336791992,0.9712887633434523,69.70105935513395,-0.5282401440054798,-2.099046562490166,1.5708064184846862,0.6523997156575367,4.33,319.7282142857143,14.77,4.2,1
2025-02-18,139.03652954101562,143.06600437599374,137.57036112568994,140.90166414837108,219176600,0.003961018727740573,0.04364744663158793,0.012272047380905704,0.019479890447266363,0.05170474799166597,130.822013092041,134.58537109375,0.9720373917973038,62.44317396319684,0.13207914844556967,-1.652821420303019,1.7849005687485886,0.7292977246093736,4.33,319.7433571428571,15.35,4.2,0
2025-02-19,138.86697387695312,140.99142508356047,136.86222013681927,139.1462426003846,167536000,-0.001219504432556251,0.048418706413740686,-0.011361302005101104,0.018725742088512694,0.05147690895801618,130.74222106933593,134.46767883300782,0.9722947715316894,71.15228456329633,0.6343923400025631,-1.1953786682419025,1.8297710082444656,0.560282871684484,4.33,319.7471428571429,15.27,4.2,1
2025-02-20,139.74468994140625,140.29325896288867,136.43333891646114,139.6648967001902,143903600,0.0063205529720180564,0.06840015898304985,-0.04732457313348004,0.01459973376498785,0.050476882563499796,130.3951271057129,134.3689370727539,0.9704261263532256,71.09718427241023,1.0907302548824873,-0.7381568836170247,1.828887138499512,0.4889142652864997,4.33,319.7509285714286,15.66,4.2,0
2025-02-21,134.07948303222656,141.09116717483585,133.68053207054632,139.6748562571626,228217600,-0.04053969357658638,-0.006356714903473781,-0.08687688960282258,0.02443197570631602,0.05123340950442444,129.75729370117188,134.20915435791017,0.9668289344490911,69.02488934398487,0.9839046483736809,-0.3937445772188837,1.3776492255925645,0.7659642736436312,4.33,319.7547142857143,18.21,4.2,0
2025-02-24,129.9403076171875,138.22863774598196,129.74083213959625,136.20393197137406,251381100,-0.030871057386492096,-0.06172137610308037,-0.08652357076894479,0.021657236192647977,0.05122268100066801,129.14190292358398,134.03899932861327,0.9634651375378934,67.69747891809538,0.5588061526343324,-0.20323443124824048,0.7620405838825729,0.841346486524433,4.33,319.7660714285714,18.98,4.2,0
2025-02-25,126.2998275756836,129.86051900489684,124.11554286315072,129.64109140603463,271428700,-0.0280165570504034,-0.09160687487941588,0.06932955237281657,0.020269215229401536,0.03383027501248372,129.55133285522462,133.87063919067384,0.9677352228870949,59.94020405475891,-0.07102504993252978,-0.17679255498509835,0.10576750505256857,1.0000535528423875,4.33,319.7698571428572,19.43,4.2,1
2025-02-26,130.93771362304688,133.38132271635274,128.1549946612343,129.6510837247691,322553800,0.03672123815516759,-0.05709968347788863,0.017753055524257322,0.0321478997253934,0.028467434508497442,129.66553268432617,133.71045822143554,0.9697486225766226,58.35276375597646,-0.1936993267985656,-0.18017390934779182,-0.013525417450773791,1.2475078418896517,4.33,319.7736428571429,19.1,4.2,0
2025-02-27,119.83672332763672,134.65797047615226,119.69708897132982,134.64800202891726,443175800,-0.08478069448629988,-0.14245955693999368,-0.028698561831606573,0.04349472027229639,0.033180782130575334,129.48849487304688,133.36755432128905,0.9709145191423596,40.70604237387725,-1.1731533356374655,-0.3787697946057266,-0.7943835410317389,1.7219986400830007,4.33,319.7774285714286,21.13,4.2,1
2025-02-28,124.59429168701172,124.76384661623275,116.09650940652436,117.7122806771052,389091100,0.03970042093330339,-0.07074304830765976,0.002166054658192529,0.05231124683523882,0.034368992453351614,129.50195960998536,133.1814405822754,0.9723724194887577,45.030321489848866,-1.547641441123659,-0.6125441239093131,-0.9350973172143459,1.5129748532655933,4.33,319.7812142857143,19.63,4.2,0
2025-03-03,113.76260375976562,123.37746834229016,111.98724605192426,123.18796891235904,411381400,-0.08693566760230031,-0.12450104324119682,-0.05005420856325837,0.06207645147492624,0.03879308996853027,129.20224266052247,132.82357650756836,0.9727357601544516,32.77415159649982,-2.687473136870352,-1.027529926501521,-1.6599432103688312,1.592461039941108,4.33,319.8183548387097,22.78,4.2,1
2025-03-04,115.68757629394533,118.9989197292815,109.82291000037466,110.3615029675652,398163300,0.01692096058424175,-0.08402427370994636,-0.0057432981577002495,0.06466834507702761,0.038481898448230405,129.16882934570313,132.53632766723632,0.9745918844983537,35.45597667422379,-3.3963181306761214,-1.501287567336441,-1.8950305633396805,1.5333023178759364,4.33,319.83503225806453,23.51,4.2,1
2025-03-05,116.99415588378906,117.971596377653,114.2114295961939,117.27342459632162,284337900,0.011294035467766195,-0.10649000470101033,-0.011378013123983566,0.060375174502215495,0.03837227527918776,129.10150527954102,132.3047331237793,0.9757890154901604,37.95264444044932,-3.808747966169747,-1.9627796471031025,-1.8459683190666447,1.0891403034626848,4.33,319.85170967741936,21.93,4.2,0
2025-03-06,110.28170776367188,115.04924353236196,109.93262184934352,113.2339891683523,321181900,-0.05737421727957681,-0.07973361836539195,-0.11423533847574663,0.05401940792757723,0.03838032402533686,128.39036445617677,131.90358200073243,0.9733652605087241,29.406892505081288,-4.623938166338817,-2.4950113509502456,-2.1289268153885716,1.2165339615426338,4.33,319.8683870967742,24.87,4.2,1
2025-03-07,112.3961944580078,113.18413566485783,107.2795646426972,110.95994642430615,341755500,0.01917350335984236,-0.09790253681642391,-0.12426157839371976,0.04937701259935225,0.03788709848737646,127.5929500579834,131.46453048706056,0.9705503802833099,27.671586370868056,-5.041248493802456,-3.004258779520688,-2.036989714281768,1.2727019799069752,4.33,319.88506451612903,23.37,4.2,0
2025-03-10,106.70106506347656,111.5583622176382,105.18502403072868,109.61344966651625,366487400,-0.05067012652869651,-0.06207258328229748,-0.1760627745446658,0.03842178293078068,0.038984325170735946,126.45293083190919,130.81243545532226,0.9666736223644271,24.56859411220009,-5.765063220651925,-3.5564196677469355,-2.2086435529049893,1.3305401557936378,4.33,319.9350967741936,27.86,4.2,1
2025-03-11,108.4764175415039,111.9473394077092,104.4968157267925,106.71102843945869,354865700,0.016638563794758587,-0.062333043732534565,-0.18574538244975847,0.038368570981016446,0.03846048095180989,125.21566467285156,130.18487579345702,0.961829582043852,26.68709297454322,-6.124832245199599,-4.070102183237468,-2.0547300619621307,1.2568896536188745,4.33,319.95177419354843,26.92,4.2,1
2025-03-12,115.44884490966795,116.46628328215824,112.59603885298677,113.83292501602207,323857500,0.06427597376633809,-0.013208445861655482,-0.1283836231327088,0.05153267851471613,0.04185721236508884,124.36542015075683,129.70254989624024,0.958851003702294,32.956118858793374,-5.780698873294227,-4.412221521248821,-1.3684773520454065,1.1183536613044316,4.33,319.96845161290327,24.23,4.2,0
2025-03-13,115.28924560546876,117.46376184203,113.5037476653848,116.73559490158163,299033100,-0.0013824244350306714,0.045406785434696006,-0.11857081377786205,0.04148420482701802,0.04184012635570169,123.58997840881348,129.27527969360352,0.9560217444644883,35.71492704669805,-5.457933368309682,-4.621363890660993,-0.8365694776486894,1.0084689197303078,4.33,319.9851290322581,24.66,4.2,1
2025-03-14,121.36392211914062,121.57339292473428,117.85278046649132,118.31162236591584,277593500,0.05269074736129342,0.07978675527562684,-0.10058986252447777,0.04589052353912814,0.043068543002525404,122.91131248474122,128.95992782592774,0.9530969391565491,43.66629044224698,-4.658266161110831,-4.62874434475096,-0.02952181635987028,0.9236796632536469,4.33,320.00180645161294,21.77,4.2,0
2025-03-17,119.22930145263672,122.58084943008085,117.73307494878492,122.43122525765534,255501500,-0.017588593292233834,0.11741435178465265,-0.1390638752006953,0.034884180277385025,0.04253684335372688,121.94837875366211,128.6657162475586,0.9477923281367973,44.65959643922385,-4.148943745264617,-4.5327842248536925,0.3838404795890753,0.8417636871866364,4.33,320.05183870967744,20.51,4.2,0
2025-03-18,115.1396255493164,118.7205909220559,114.25186503478535,117.70316017412442,299686900,-0.03430092983430688,0.06142540617423231,-0.17187500342958184,0.04354346771902918,0.042896511900970165,120.75353355407715,128.2095213317871,0.9418452880857814,37.96798453905068,-4.028862508666904,-4.431999881616335,0.40313737294943053,0.9744119835608179,4.33,320.0685161290323,21.7,4.2,1
2025-03-19,117.224365234375,120.1469948780257,115.38899756160431,116.97499413034406,273426200,0.018106187814252106,0.015379281846399584,-0.15585137371651192,0.033654670386511286,0.04328498231020747,119.67140312194825,127.67214248657227,0.9373337111072175,47.69364716513674,-3.7225647842205234,-4.290112862137173,0.5675480779166495,0.8739816943311784,4.33,320.0851935483871,19.9,4.2,1
2025-03-20,118.23182678222656,119.89762393291264,116.17701131755275,116.25681189739694,248829700,0.008594301584293307,0.02552346631556257,-0.15394404730655487,0.033588146961846886,0.0433262440266746,118.59575996398925,127.05597183227539,0.9334135047233015,43.98449245361058,-3.359798240917158,-4.10404993789317,0.7442516969760122,0.782243543708677,4.33,320.10187096774195,19.8,4.2,0
2025-03-21,117.4039077758789,117.6931791575635,115.1296446207881,116.64582513098318,266498500,-0.007002505407216808,-0.032629254840447985,-0.12437082004813227,0.020792934509009053,0.042620072084434434,117.76198120117188,126.60855834960938,0.9301265470221287,54.2459147327965,-3.103335961161136,-3.9039071425467635,0.8005711813856276,0.8327778194863451,4.33,320.1185483870968,19.28,4.2,1
2025-03-24,121.10458374023438,121.91254366285412,119.03978374206928,119.57842622721644,228452500,0.0315208925704582,0.015728367647466213,-0.06799832968676456,0.02531604338411968,0.04296580606352145,117.32019500732422,126.23575622558593,0.9293737251248416,56.06529094548483,-2.5718277053790786,-3.637491255113227,1.0656635497341482,0.7164550262235507,4.33,320.1685806451613,17.48,4.2,0
2025-03-25,120.38639068603516,120.98487978418255,118.62083909476824,120.24674348347416,167447200,-0.005930354013186867,0.04556871808195573,-0.046820625199229804,0.016349746566063014,0.042560647456267545,117.0245231628418,125.9323713684082,0.9292648259635564,53.84891593719741,-2.183387034028641,-3.34667041089631,1.163283376867669,0.533839145215666,4.33,320.1852580645162,17.15,4.2,0
2025-03-26,113.4738311767578,118.54104631031402,112.42646947850852,118.43133002412056,293463300,-0.0574197753573753,-0.03199449235761265,-0.13337549559300677,0.03265655718177139,0.043308381914728244,116.15132904052734,125.54419570922852,0.9251827882950807,53.605491817631545,-2.405600519790113,-3.158456432675071,0.7528559128849581,0.9399503371904997,4.33,320.201935483871,18.33,4.2,0
2025-03-27,111.1496810913086,114.1620804707786,110.38162149260252,111.0698805170997,236902100,-0.02048181559877782,-0.05990050127503066,-0.07249065224002771,0.03197923777049929,0.0393780933499533,115.71697692871093,125.13886016845703,0.9247085739228987,48.59870460175314,-2.737687439726926,-3.0743026340854422,0.33661519435851606,0.7847095677838802,4.33,320.21861290322585,18.69,4.2,0
2025-03-28,109.39411163330078,112.58606625933989,108.79562251910656,111.209532925471,229872500,-0.015794642330693054,-0.06822427203929726,-0.12199740331519116,0.031886771296686676,0.038146183036920314,114.95696792602538,124.60904647827148,0.922541108972139,53.32166335080319,-3.1067162090942873,-3.0807853490872112,-0.025930860007076006,0.7820471524362645,4.33,320.2352903225807,21.65,4.2,0
2025-03-31,108.10736083984376,110.68087252083328,103.38926370156524,104.86553641067388,299212700,-0.011762523359304056,-0.10732230357415085,-0.04971091319133425,0.02035942876453446,0.03309872610645107,114.6742057800293,124.10675888061523,0.9239964592930865,49.539243766555785,-3.463083926918884,-3.157245064653546,-0.30583886226533785,1.0377495012675562,4.33,320.2853225806452,22.28,4.2,1
2025-04-01,109.87291717529295,109.92278683325368,106.2021739784294,108.2470125996811,222614000,0.016331508990075072,-0.08733107995704503,-0.05026174205498235,0.02637398332348534,0.03308122601828676,114.38347282409669,123.55719818115234,0.9257532099133093,41.998300790701634,-3.5619819591169346,-3.2381924435462244,-0.32378951557071023,0.7963270241442187,4.33,320.302,21.77,4.2,1
2025-04-02,110.14221954345705,111.69830029652356,106.5213541109438,107.0200962834212,220601200,0.002451035023803394,-0.02936017581103001,-0.05856648384333041,0.015073738641523855,0.03295227505957187,114.04087600708007,122.9507862854004,0.9275327100581681,42.636976396405394,-3.5773909753830537,-3.3060321499135905,-0.2713588254694632,0.7982265572113199,4.33,320.31260000000003,21.51,4.203333333333333,0
2025-04-03,101.5439224243164,105.36428217323731,101.3444209635382,103.24961996040646,338769400,-0.07806540629724779,-0.08642182840903634,-0.0792315019103631,0.036216443121132466,0.035025476161404306,113.6039867401123,122.04793334960938,0.9308145055983112,23.556036917865185,-4.234599621843401,-3.491745644299553,-0.7428539775438479,1.221919992936174,4.33,320.32320000000004,30.02,4.206666666666667,0
2025-04-04,94.07276153564452,99.87812106911886,91.87829866162578,98.66119636165205,532273800,-0.07357565780699837,-0.1400564424254831,-0.1630253854298339,0.04397618262978136,0.03788456736959598,112.68781509399415,120.99266555786133,0.9313607116135844,20.619764282211236,-5.297239177889097,-3.852844351017462,-1.4443948268716347,1.8561036673939815,4.33,320.3338,45.31,4.21,1
2025-04-07,97.39437103271484,101.49403230771996,86.40209687721266,87.23998007579976,611041300,0.03530894004649543,-0.09909584068932864,-0.08722212871282176,0.052734827141386297,0.037685547749202866,112.22248039245605,120.09559051513672,0.9344429708958519,28.896777663577467,-5.804452440803743,-4.2431659689747185,-1.5612864718290247,2.0436360041315447,4.33,320.36560000000003,46.98,4.22,0
2025-04-08,96.05775451660156,105.58372634261488,94.2223791915971,103.54885717389794,476243400,-0.013723755304752783,-0.1257376523156336,-0.11448260650892961,0.0492241203626479,0.037426596592353825,111.60154724121094,119.65452102661133,0.932698123595268,24.37197079623097,-6.24231882254017,-4.642996539687809,-1.599322282852361,1.5611158784763357,4.33,320.37620000000004,52.33,4.223333333333334,1
2025-04-09,114.04239654541016,114.8104562069238,97.28465510127192,98.6412345329499,612918300,0.18722738335196376,0.03541037231789468,-0.012182437731258933,0.10879226154936122,0.05530103214415481,111.53122482299804,119.36229461669922,0.9343924325613159,46.405342055384175,-5.079566693995204,-4.730310570549288,-0.34925612344591617,1.9182527314372535,4.33,320.3868,33.62,4.226666666666667,0
2025-04-10,107.29939270019533,110.58111717003516,98.9005761841806,109.09486759895934,437812400,-0.05912716717181454,0.05667961349600836,-0.06930267314451433,0.10516655421733205,0.05690298951746109,111.13173217773438,119.04073287963867,0.9335605509930703,42.12897947656682,-4.6485951998076445,-4.71396749640096,0.06537229659331523,1.341098619663257,4.33,320.3974,40.72,4.23,1
2025-04-11,110.65094757080078,111.26939065397995,107.20962934859612,108.22706011361764,313417300,0.031235543708714397,0.17622727093936463,-0.08827149255956912,0.09275553788188537,0.05601038773268199,110.59608345031738,118.76725189208985,0.9312001556692019,41.812495749925816,-3.9906035243724176,-4.5692947019952515,0.5786911776228338,0.9548150930812598,4.33,320.408,37.56,4.233333333333333,0
2025-04-14,110.43150329589844,114.00249947758738,108.7956293956101,113.82295197096047,264705000,-0.0019832118903629903,0.13385919663472556,-0.07378889291096924,0.09432947940106,0.05590799563513775,110.15619354248047,118.58074310302734,0.9289551630383416,42.14173256040709,-3.4471115439025795,-4.344858070376717,0.8977465264741378,0.8052857997954637,4.33,320.4398,30.89,4.243333333333333,1
2025-04-15,111.9177474975586,113.33418114021704,110.22202704858428,110.69084593782598,228966900,0.013458516431473333,0.1651089291101009,-0.02798235652049974,0.0920265654756333,0.0554930163762619,109.99509963989257,118.49198120117188,0.9282915056770502,48.65655428328507,-2.8634546252379067,-4.048577381348956,1.1851227561110491,0.7041378863156343,4.33,320.4504,30.12,4.246666666666667,0
2025-04-16,104.22714233398438,106.52135948725392,100.1973044637503,104.2869965726397,397016900,-0.06871658280776227,-0.08606671298351287,-0.1108747560663208,0.044523006535586676,0.05736391490029544,109.34523849487304,118.20971130371093,0.9250106212842125,44.53026259171528,-2.9870371706690833,-3.836269339212982,0.8492321685438986,1.1981693114398992,4.33,320.461,32.64,4.25,0
2025-04-17,101.23468780517578,104.20719461222582,99.79831546993584,104.1872406628714,292517500,-0.028710894895492833,-0.056521334766217235,-0.1437611127193199,0.03907757130197779,0.05752636552451824,108.49538154602051,117.74431457519532,0.9214490053082933,43.676555661247974,-3.288535114023901,-3.7267224941751658,0.4381873801512648,0.8770158277045528,4.33,320.4716,29.65,4.253333333333333,0
2025-04-21,96.6662139892578,99.18984822876097,94.80091547691984,98.52152791683338,288501100,-0.04512755375617816,-0.12638602640609786,-0.17663546452140966,0.03290693763720181,0.05818098216864404,107.45849685668945,117.11074920654296,0.917580133205106,41.56244732205289,-3.851711925454623,-3.7517203804310575,-0.09999154502356555,0.8621303701104096,4.33,320.514,33.82,4.266666666666667,1
2025-04-22,98.64122772216795,99.55891150664588,97.03527729423074,98.53150383378456,241004800,0.02043127222433294,-0.1067655082276543,-0.18548724849465348,0.03814355088681328,0.05783488039244632,106.33532905578613,116.49354476928711,0.9128001836185936,41.74242764191161,-4.091502212976394,-3.819676746940125,-0.2718254660362689,0.7188485540194459,4.33,320.5246,30.57,4.27,1
2025-04-23,102.4516143798828,104.53636058197964,101.76334775853866,104.25705857766792,247526000,0.03862874323145227,-0.08458116187410125,-0.1489767755636584,0.04499475940414962,0.05879739833999271,105.43859024047852,115.87814224243164,0.9099092218779944,44.62567565391717,-3.9287828220948313,-3.8414979619710667,-0.08728486012376457,0.7295862682648027,4.33,320.53520000000003,28.45,4.273333333333333,1
2025-04-24,106.16226196289062,106.2719858525715,102.85061415392688,103.21968611105362,220815000,0.036218536969549575,0.01856636942712453,-0.06443396806156976,0.03869843372900451,0.058252500335591186,105.07301177978516,115.3523127746582,0.9108877772138496,53.46400453310288,-3.460517591026374,-3.7653018877821287,0.3047842967557548,0.6578990883532421,4.33,320.5458,26.47,4.276666666666666,1
2025-04-25,110.73074340820312,111.63845023877658,105.46402708737592,106.5812047250048,251064700,0.04303300778302388,0.09380238936778595,-0.0037691307702566457,0.03665065880627339,0.05890741714038004,105.05206489562988,114.95096603393554,0.9138858812601598,63.06320309707633,-2.6897697580443634,-3.5501954618345755,0.8604257037902121,0.746450568525368,4.33,320.5564,24.84,4.28,0
2025-04-28,108.45648956298828,110.0923634818257,105.75329995750924,109.4140737391222,207708500,-0.020538594569268986,0.12196893916876372,-0.008571046981536767,0.02608149941630217,0.05898973519952134,105.00518379211425,114.4213510131836,0.9177062048499636,58.81980309896975,-2.2366768080836295,-3.287491731084386,1.0508149230007566,0.619587944045832,4.33,320.58820000000003,25.15,4.29,1
2025-04-29,108.74574279785156,109.92277466025524,107.16972327513623,107.39914041879526,170444300,0.0026669979457087933,0.10243703681531513,0.00590507392880979,0.027768692164497805,0.05891168934452245,105.03710289001465,113.82650634765625,0.9227824542835705,60.28792633551765,-1.833125927605849,-2.996618570388679,1.1634926427828303,0.518385918847643,4.33,320.5988,24.17,4.293333333333333,0
2025-04-30,108.64599609375,108.64599609375,103.81817538074748,104.20719367744805,235044600,-0.0009172469793781168,0.06046153348934946,-0.011166728918150959,0.026750058971667844,0.05881503222600615,104.9757568359375,113.21869567871094,0.9271945433273225,43.83684992441108,-1.5040202634264404,-2.6980989089962315,1.1940786455697912,0.7135112353052924,4.33,320.6094,24.7,4.296666666666667,1
2025-05-01,111.32923126220705,114.6508560442669,111.02001354244472,112.7955345052894,236121500,0.024697046047989613,0.048670489906503134,0.010777081882589634,0.024558723081509186,0.059053617772250426,105.035107421875,112.66794082641601,0.9322537240979607,55.072834010064625,-1.0149868633698986,-2.3614764998709648,1.3464896365010661,0.7150957643640565,4.33,320.62,24.6,4.3,1
2025-05-02,114.2119598388672,115.109697289772,113.08480524563224,113.89276514634568,190194800,0.025893725699682957,0.03143857183213106,0.12475426507177367,0.0194161316584097,0.056126817970517266,105.66850929260254,112.15728622436524,0.9421457388084247,54.53620937885045,-0.3903129812744339,-1.9672437961516587,1.5769308148772248,0.5892636359356608,4.33,320.6462903225806,22.68,4.293548387096774,0
2025-05-05,113.53367614746094,114.38153638068395,112.3765981799359,112.62596928442515,133163200,-0.005938814922388236,0.04681311929724563,0.20687087626786216,0.014941796743173632,0.05294349894027094,106.64155502319336,111.74637008666993,0.95431784442289,53.906053668467294,0.04944378836081853,-1.5639062792491631,1.6133500676099817,0.4397562674123454,4.33,320.7251612903226,23.64,4.274193548387097,0
2025-05-06,113.25437927246094,114.4513575039754,110.54122049681273,111.19956385128708,158525600,-0.002460035510849168,0.04146034923859521,0.162843171238497,0.01566741846342404,0.05269254884339225,107.43455543518067,111.4126515197754,0.9642940363564669,51.73575643392534,0.3711390134213559,-1.1768972207150594,1.5480362341364153,0.5657878408379247,4.33,320.7514516129032,24.76,4.267741935483871,1
2025-05-07,116.7655258178711,117.38396890879066,111.99755142427854,112.7656187028628,206758800,0.03100230267443549,0.07473381455414896,0.21557625831957816,0.017402688711480065,0.05263483271834413,108.46994400024414,111.22196548461915,0.9752564929743525,68.2650649490079,0.8990413898015532,-0.761709498611737,1.6607508884132902,0.7752155738698194,4.33,320.7777419354839,23.55,4.261290322580645,1
2025-05-08,117.07474517822266,118.38144728921776,115.55856464909375,117.95252869863282,198428100,0.002648207663911606,0.05160831392506027,0.02658966072854363,0.017005822600093413,0.032416884768338275,108.62156143188477,110.94470611572265,0.9790603376657315,75.03156392116009,1.3270617032921308,-0.34395525823096346,1.6710169615230943,0.8066614129982964,4.33,320.8040322580645,22.48,4.254838709677419,0
2025-05-09,116.3565673828125,117.9325947048464,114.92018728068513,117.05480348234514,132972200,-0.00613435283858077,0.01877743405306198,0.0844103070361617,0.015604591241030391,0.02917692801066484,109.07442016601563,110.87510299682617,0.9837593582135199,85.42721238367108,1.5899915070677793,0.04283409482878514,1.5471574122389942,0.576273774962855,4.33,320.83032258064515,21.9,4.248387096774193,1
2025-05-12,122.69058990478516,122.69058990478516,119.97743092665668,121.66318211752385,225023300,0.05443631300271834,0.0806537237940832,0.10880740380719045,0.026035267252140035,0.03071766576900041,109.67640228271485,110.83702896118164,0.9895285295054843,87.40311043334094,2.283149229646895,0.4908971217924072,1.792252107854488,0.994247921375416,4.33,320.9091935483871,18.39,4.229032258064516,1
2025-05-13,129.60313415527344,130.88989748886456,124.1568781333485,124.66559728217727,330430100,0.05634127487570817,0.14435428446860854,0.1736065369680344,0.028802801450124073,0.032663824774237994,110.63498382568359,111.1538395690918,0.9953320933813924,88.51166040172934,3.3516307561550036,1.0630438486649265,2.2885869074900773,1.4390840663635183,4.33,320.93548387096774,18.22,4.22258064516129,1
2025-05-14,134.99954223632812,135.099296769805,131.34874548490453,132.8649261154048,281180800,0.04163794429993817,0.1561592455541898,0.2062389143354859,0.029495849959760886,0.03348436115375042,111.78907356262206,111.54007888793946,1.0022323336792038,89.03597734530234,4.581047630897572,1.7666446051114557,2.814403025786117,1.210827100901555,4.33,320.9617741935484,18.62,4.216129032258064,0
2025-05-15,134.49081420898438,135.9571173935552,132.32627503661865,133.9521641466833,226632600,-0.003768368536044231,0.14876025571739881,0.2903626751851587,0.031069359789871576,0.028182770306929766,113.30225715637206,111.89001205444336,1.0126217262470356,86.13474239196518,5.451478016267885,2.503611287342742,2.947866728925143,1.0130965013301685,4.33,320.98806451612904,17.83,4.209677419354838,1
2025-05-16,135.0594024658203,136.00702496804118,133.12429521702722,135.87734710554645,226542500,0.004227710718982092,0.1607372536306917,0.3341217856644112,0.02841345865353618,0.02651782264273343,114.9934928894043,112.38556594848633,1.0232051769184785,92.67201785742691,6.116671506590322,3.2262233311922577,2.890448175398064,1.0278505449932027,4.33,321.01435483870966,17.24,4.203225806451613,1
2025-05-19,135.2289581298828,135.52819125301625,132.05695004104146,132.05695004104146,193154600,0.0012554154762043357,0.1021950276286725,0.3989268075080541,0.027175034793365718,0.022758158424885686,116.92163009643555,112.84222122192382,1.0361514407491932,92.6437700583242,6.58165464734833,3.897309594423472,2.684345052924858,0.895740430204863,4.33,321.09322580645164,18.14,4.183870967741935,0
2025-05-20,134.04196166992188,134.24145551049554,132.286379343903,133.95217650431997,161514200,-0.008777679547163797,0.03424938404136446,0.3588837524149975,0.020033283780781595,0.02346398818710623,118.69166679382325,113.38903915405274,1.046764904961989,89.50966097679435,6.776263890197768,4.473100453578332,2.3031634366194362,0.7630750629292599,4.33,321.11951612903226,18.09,4.177419354838709,0
2025-05-21,131.4684600830078,137.05436414816955,130.26149714159004,132.72528507307794,270608700,-0.01919922354800585,-0.02615625279038991,0.28322487526192375,0.009238073309180233,0.02404657837488624,120.14250907897949,113.84888000488282,1.0552805532546894,81.43885934002532,6.64621956481092,4.907724275824849,1.738495288986071,1.2715593988160827,4.33,321.1458064516129,20.87,4.170967741935484,1
2025-05-22,132.495849609375,133.9122755767364,131.21907084385478,131.89735290411087,187344000,0.007814722449160039,-0.01483346361863358,0.2480503632796498,0.010989567872119398,0.023422355201871706,121.45918846130371,114.18982009887695,1.063660388957021,80.29756649139252,6.550549590445257,5.236289338748931,1.314260251696326,0.8872855299792172,4.33,321.1720967741936,20.28,4.164516129032258,0
2025-05-23,130.95970153808594,132.3462040479136,128.83507041838283,129.67295354222074,198821300,-0.011593933514279398,-0.030354798354538026,0.18268601390410444,0.01068485573539007,0.02271327146299971,122.47063636779785,114.5032292175293,1.0695823795076762,78.07775993942062,6.278402618056532,5.444711994610452,0.8336906234460804,0.953439058621037,4.33,321.1983870967742,22.29,4.158064516129032,1
2025-05-27,135.15911865234375,135.31871978851976,132.974625664691,133.81250879901197,192953600,0.03206648354369168,-0.0005164535651600577,0.24620591351380017,0.020429067069967867,0.02219342097473571,123.80576782226562,114.77913314819335,1.078643516695825,81.33559969335599,6.32862954489444,5.62149550466725,0.7071340402271904,0.9285859278953366,4.33,321.3035483870968,18.96,4.132258064516129,0
2025-05-28,134.4708709716797,136.904735369061,134.45091702175245,135.68780317037033,304021100,-0.005092129095887188,0.0031998136733779603,0.23656216337267377,0.020094122502981183,0.022418853628382564,125.09202423095704,115.08396453857422,1.086963111954909,77.55357433323717,6.240957042450717,5.745387812223943,0.49556923022677335,1.417534278868763,4.33,321.3298387096774,19.31,4.125806451612903,1
2025-05-29,138.83985900878906,143.12904506361895,137.56308016740775,141.8921589021039,369241900,0.03249021892651771,0.05606971376349135,0.27791049832140113,0.020525111069550902,0.022733833674694098,126.60171737670899,115.55796920776368,1.095568901432402,80.07168807885267,6.449669004551083,5.886244050689371,0.5634249538617118,1.6694057049806281,4.33,321.3561290322581,19.18,4.119354838709677,0
2025-05-30,134.7900848388672,139.26878048564038,132.5856374053386,138.37105052724368,333170900,-0.029168671005820546,0.017315525250459318,0.2107339942140103,0.027500370025940437,0.02435535520281193,127.77476005554199,115.90928359985351,1.1023686462997297,73.32157530319463,6.21663036296016,5.95232131314353,0.26430904981662984,1.4739850221281863,4.33,321.3824193548387,18.57,4.112903225806451,1
2025-06-02,137.034423828125,137.77255260816483,135.05939358324852,135.14917875467413,197663100,0.016650623760202876,0.04638619528521448,0.19982551758551592,0.026443632731808553,0.024122154453664293,128.91588325500487,116.28533554077148,1.1086168574523734,70.24214017209009,6.142241029085156,5.9903052563318555,0.1519357727533004,0.8730411925787097,4.33,321.4594666666667,18.36,4.1066666666666665,1
2025-06-03,140.86473083496094,141.64276735349586,137.60295298700936,138.4308667634816,225578800,0.027951421984596214,0.042214038087161176,0.2407308176298424,0.025612369394480656,0.024176600865020312,130.28243598937988,116.75455200195313,1.1158660091231427,67.4067351451709,6.319513294781586,6.056146864021802,0.2633664307597847,0.9764119384329998,4.33,321.4839333333333,17.69,4.113333333333333,1
2025-06-04,141.56300354003906,142.03182248964907,139.18898547353783,141.8323286265058,167120800,0.004957044257559717,0.05274103244153916,0.24995611162615483,0.024648787348697344,0.024013723909918554,131.6978672027588,117.16372039794922,1.124049891514575,61.86871822379389,6.442087242444188,6.1333349397062795,0.30875230273790866,0.722034880874968,4.33,321.5084,17.61,4.119999999999999,0
2025-06-05,139.6378631591797,143.6377705971572,138.48077746536077,141.81237210270294,231397900,-0.013599177275967267,0.005747658893402674,0.19588262187064087,0.022965312692971158,0.024176487259867038,132.84148406982422,117.54874984741211,1.1300969533258611,58.85386891684817,6.311134410459488,6.168894833856921,0.1422395766025666,0.9944470116413456,4.33,321.5328666666667,18.48,4.126666666666666,1
2025-06-06,141.36351013183594,142.90961421188257,141.1540316815974,142.1515162209299,153986200,0.012358016182824949,0.04876786969031777,0.20746374392392264,0.015442079572382408,0.024134241453796862,134.0559223175049,118.10654342651367,1.1350422967963243,60.429071529760066,6.274272726119733,6.189970412309484,0.084302313810249,0.6681458891048312,4.33,321.5573333333333,16.77,4.133333333333333,1
2025-06-09,142.2711944580078,144.6352274429253,141.58292783698045,142.8297832459712,185114500,0.006420923796568001,0.03821500089970842,0.2227173562961542,0.014954916339198227,0.02386126863488524,135.35165367126464,118.72897369384765,1.1400052528061089,61.372440018214824,6.24629867208813,6.201236064265213,0.045062607822917045,0.7942270267501181,4.33,321.6307333333333,17.16,4.153333333333333,1
2025-06-10,143.59786987304688,143.92702635161132,141.17397471532814,142.33106034435926,155881900,0.009324975586893158,0.01940257878523277,0.17040654857464577,0.010181622051997456,0.021490981536289606,136.39701766967772,119.41304885864258,1.1422287511571723,65.36243971603369,6.259030444378851,6.212794940287941,0.04623550409090971,0.6788749879010997,4.33,321.6552,16.95,4.16,0
2025-06-11,142.4805908203125,144.6353103750697,141.52293261104455,144.25623511410478,167694000,-0.007780610211851613,0.0064818296965132305,0.0993606886821965,0.01137251878698496,0.018491369333521118,137.0408905029297,120.10051345825195,1.141051662119383,68.57314182624876,6.108549823654869,6.191945916961328,-0.08339609330645903,0.7571478875608252,4.33,321.67966666666666,17.26,4.166666666666666,1
2025-06-12,144.64529418945312,144.64529418945312,141.5030059559913,141.62270753548705,162365000,0.015192970191081123,0.035860123586718196,0.07145025674412508,0.008944091189764981,0.016572727387171308,137.52317810058594,120.79596099853515,1.1384749702206818,69.7342579695346,6.093721687877718,6.172301071144606,-0.07857938326688796,0.7532927240826057,4.33,321.70413333333335,18.02,4.173333333333333,0
2025-06-13,141.62271118164062,143.2287733742275,140.50545582034982,142.13145812905782,180820600,-0.020896518097945127,0.0018335781954124108,0.05302887795425226,0.014621807724263945,0.017394958788798917,137.87977294921876,121.42557083129883,1.1355085424369171,66.52203415477223,5.77154234796609,6.092149326508903,-0.3206069785428127,0.8479286590588745,4.33,321.7286,20.82,4.18,1
2025-06-16,144.33604431152344,145.82238955213242,142.84968384945327,142.9993260342438,183133700,0.01915888424422807,0.014513478019087644,0.0686856425864224,0.0168600749701868,0.01777878907413547,138.3436050415039,122.28141326904297,1.1313543190502793,64.90584630758607,5.6697983017243985,6.007679121552003,-0.3378808198276042,0.867605991187958,4.33,321.802,19.11,4.199999999999999,0
2025-06-17,143.76744079589844,144.86475600350525,143.4282761758971,144.1365460319819,139108000,-0.0039394422809438945,0.001180873525501891,0.06314093359955275,0.016658395151379363,0.01785075125396366,138.7705291748047,123.27530685424804,1.1256960758481591,65.15910013774214,5.4801125343145145,5.902165804104506,-0.42205326978999125,0.667578443514474,4.33,321.82646666666665,21.6,4.206666666666666,1
2025-06-18,145.12411499023438,145.29369730081095,142.76988753620614,143.65770976302605,161494100,0.009436588610226115,0.01855357389172907,0.08267674676085601,0.016334646824818524,0.01767031715088288,139.32463684082032,124.22990173339844,1.1215064561494679,61.36351721751722,5.377271626241651,5.797186968531935,-0.4199153422902837,0.7750129387498335,4.33,321.85093333333333,20.14,4.213333333333333,0
2025-06-20,143.49810791015625,145.84235000620308,142.3010312756641,145.09418472037632,242956200,-0.01120425147941495,-0.007931030772382552,0.09150215815681606,0.015990201277907085,0.017198975054921344,139.92611923217774,125.17870880126954,1.1178108527570836,67.25916095937018,5.105708849981852,5.658891344821918,-0.5531824948400663,1.1737389862419754,4.33,321.89986666666664,20.62,4.226666666666667,1
2025-06-23,143.8173065185547,144.42581484809375,141.68254233682853,142.1513937655616,154308900,0.002224409875831057,0.015496069229315568,0.08544763434143543,0.01175761376675548,0.017188161301090882,140.49219207763673,125.77420700073242,1.117019104535627,64.55422502516163,4.860224411702063,5.499157958197947,-0.6389335464958839,0.7514740374729186,4.33,321.97326666666663,19.83,4.246666666666666,1
2025-06-24,147.53819274902344,147.59805875973225,145.14406985038545,145.20392063963206,187566100,0.02587231203630358,0.02218536923866865,0.12659231058277975,0.01417893863223924,0.017410963065958733,141.32111663818358,126.57898300170899,1.1164658878344405,64.38699541302512,4.909328959506553,5.381192158459669,-0.4718631989531161,0.9159446215311331,4.33,321.9977333333333,17.48,4.253333333333333,1
2025-06-25,153.93251037597656,154.07216728635598,148.8948611020321,148.90484638085596,269146500,0.04334008372889908,0.07070494907472913,0.13889844733244905,0.021192651744929427,0.01844682806094245,142.25978622436523,127.4446142578125,1.1162479250522315,71.40887742360763,5.401942430625894,5.385342212892914,0.016600217732980482,1.290322750759378,4.33,322.0222,16.76,4.26,1
2025-06-26,154.64076232910156,156.33660039378947,153.6232534017049,155.59840525486092,198145700,0.004601055042856794,0.06557591989110545,0.14999450224182587,0.02155639678409404,0.01824737943043632,143.26828079223634,128.32879943847655,1.116415655870934,77.1085998250898,5.782831289665268,5.464840028247385,0.31799126141788303,0.9746720451301396,4.33,322.0466666666666,16.59,4.266666666666667,1
2025-06-27,157.3640899658203,158.32174817747665,154.880175871103,155.65826650868465,263234500,0.017610671311378168,0.09662832672571198,0.13342156272183048,0.016807612334881067,0.01744643040929314,144.1944923400879,129.2377262878418,1.1157306498795403,77.90520553136274,6.232592785121938,5.618390579622296,0.6142022054996419,1.3295049753182375,4.33,322.0711333333333,16.32,4.273333333333333,1
2025-06-30,157.60350036621094,158.27185945851633,155.57846775508057,158.01248577811177,194580300,0.00152137886377135,0.0958590741363774,0.16925143681462695,0.016982242212969498,0.015378022872354232,145.33516311645508,130.30525344848633,1.1153438504604156,77.37789427221553,6.533041592304329,5.801320782158703,0.7317208101456263,1.0183993036081365,4.33,322.1445333333333,16.73,4.293333333333333,0
2025-07-01,152.9249725341797,156.81542555199195,151.1194029227986,155.90764810734902,213143600,-0.02968543097811993,0.03651108695847771,0.11596026941365745,0.026521872228361634,0.017362231389811952,146.12969055175782,131.3390591430664,1.1126141111805903,64.87428927118876,6.320769445036717,5.905210514734306,0.415558930302411,1.111055364094236,4.33,322.169,16.83,4.3,1
2025-07-02,156.8653106689453,157.21446053326332,152.59578228626097,152.6057523429847,171224100,0.025766479270643128,0.01905250739954445,0.1135882611576553,0.021214595068521754,0.017220773386892107,146.92971954345703,132.54304107666016,1.1085434463396378,71.04496044011681,6.396756765534462,6.003519764894337,0.39323700064012534,0.9053673695794859,4.33,322.20519354838706,16.64,4.3,1
2025-07-03,158.9501953125,160.58618269349765,157.3840439934681,157.98256705200242,143716100,0.013290922222789714,0.02786738062133476,0.12282299285592102,0.021631801696076664,0.017306691238555338,147.79907913208007,133.7492204284668,1.105046284820236,70.97717738521341,6.549709062099339,6.112757624335337,0.4369514377640016,0.764647063798233,4.33,322.2413870967742,16.38,4.3,0
2025-07-07,157.85289001464844,158.92026447090194,156.95508262544374,157.81297934590498,140139000,-0.006903453598746667,0.003106172754751668,0.13044475504974318,0.021027204352118842,0.016970096667587233,148.7098304748535,134.85724594116212,1.1027203576420004,75.22480711338608,6.507368597618125,6.191679818991895,0.3156887786262299,0.7641668931900923,4.33,322.38616129032255,17.79,4.3,1
2025-07-08,159.60858154296875,159.82804456030718,158.0025195823342,158.94022243433284,138133000,0.011122327428768619,0.012722313730968882,0.12906492909038136,0.021541857562153488,0.016949060730502147,149.62208404541016,135.92617233276368,1.100759930759451,74.46469329581547,6.540092986991823,6.2613624525918805,0.27873053439994244,0.7564981550181278,4.33,322.4223548387097,16.81,4.3,1
2025-07-09,162.48155212402344,164.01777813022636,160.7657585360006,160.8256093227867,183656400,0.018000100954980613,0.06249194903538591,0.14205516262802464,0.012093062918319667,0.017152693618822153,150.63260192871093,136.96118850708007,1.099819617299277,77.91668297959322,6.720383617759154,6.353166685625336,0.3672169321338181,1.006213018748358,4.33,322.4585483870968,15.94,4.3,1
2025-07-10,163.69854736328125,164.09756270376434,161.21463348761435,163.91801036698482,167704100,0.007490051783410223,0.0435611714610189,0.1399789391583952,0.009464642669608695,0.017143397071530026,151.63763580322265,138.06602966308594,1.0982979388431366,77.82426988646233,6.8821336339676975,6.458960075293809,0.42317355867388873,0.9158478461677552,4.33,322.49474193548383,15.78,4.3,1
2025-07-11,164.51654052734375,167.47927598463818,163.07009082840767,163.31947923241253,193633300,0.004996948215106656,0.035019429852855444,0.15465930889366963,0.00915883321526373,0.01680976374578886,152.73943328857422,139.1814456176758,1.0974123210944475,82.26645503379223,6.9956849972589055,6.566305059686829,0.4293799375720768,1.0500125643632146,4.33,322.53093548387096,16.4,4.3,0
2025-07-14,163.66864013671875,165.08516454052796,161.62365204151925,164.96544774793,136975800,-0.005153891444028225,0.036842848563181985,0.1315172128748916,0.008507959968915341,0.016925412855847196,153.6906005859375,140.28189849853516,1.095583979336738,79.98799536964258,6.937288057026876,6.640501659154839,0.29678639787203753,0.7479253689780005,4.33,322.63951612903224,17.2,4.3,1
2025-07-15,170.28240966796875,171.97824787505814,168.78607915204378,170.77121644956358,230627400,0.040409509883660544,0.06687502652936272,0.20236654310035163,0.01732154768623367,0.01728222219512226,155.12358551025392,141.46096206665038,1.0965822884561345,81.59648898929984,7.340072205411758,6.780415768406224,0.5596564370055344,1.2423947378713098,4.33,322.6757096774193,17.38,4.3,1
2025-07-16,170.9507598876953,171.32983513615645,168.48680121561864,170.64152069930245,158831500,0.003924951620251083,0.05212411903357039,0.18439410407236045,0.01747898122968346,0.01716467824788356,156.4543212890625,142.59573806762694,1.0971879202649313,78.11473087390232,7.625311972182516,6.949395009161482,0.6759169630210335,0.8612663863695728,4.33,322.71190322580645,17.16,4.3,1
2025-07-17,172.5767822265625,173.7339481189201,170.4120926228971,171.59918390717252,160841100,0.009511641480478783,0.05423526968494463,0.20038849736195607,0.01742004571853784,0.016907603470905273,157.8947883605957,143.77660018920898,1.0981953123999821,78.75884267344411,7.891603463525854,7.137836700034358,0.7537667634914964,0.8670544396115457,4.33,322.7480967741935,16.52,4.3,0
2025-07-18,171.98822021484375,173.82371518980958,170.8410244393951,173.21520688358655,146456400,-0.003410435657248967,0.04541597862166413,0.1851112423763419,0.018485878940934376,0.017144862285340328,159.23799362182618,144.95127700805665,1.0985621990275771,75.17172802755843,7.9633527795862165,7.30293991594473,0.6604128636414863,0.7927231787649323,4.33,322.78429032258066,16.41,4.3,0
2025-07-21,170.96075439453125,172.9558617527255,170.58167912560677,172.32739806402674,123126100,-0.005974047635524227,0.044554132372097044,0.19137985081705255,0.018646435646763077,0.016863403677228064,160.61112594604492,146.03518157958985,1.099811183913317,72.38387569084932,7.846853086792777,7.41172255011434,0.4351305366784368,0.6887807553942799,4.33,322.89287096774194,16.65,4.3,0
2025-07-22,166.6213836669922,170.97071815657463,164.17738028748298,170.9208374301641,193114300,-0.025382262396461908,-0.02149973099461744,0.15856281625949809,0.013289667488986606,0.01849217567900205,161.7513298034668,147.02611434936523,1.1001537415258853,73.21612947946261,7.319994943668945,7.393377028825261,-0.07338208515631628,1.0687025519928042,4.33,322.929064516129,16.5,4.3,1
2025-07-23,170.3622283935547,170.84104993206878,167.55910478842375,169.1152862046913,154082200,0.022451168296855117,-0.0034426959817391856,0.15469916785111448,0.01792019413339239,0.0183288465118671,162.89253158569335,148.10622756958008,1.0998358020372012,73.03375585001058,7.122210565349917,7.339143736130193,-0.21693317078027619,0.8606714672099633,4.33,322.9652580645161,15.37,4.3,1
2025-07-24,173.31497192382812,173.4047480967394,170.88093864849802,172.01814916975516,128984600,0.01733214902221336,0.004277456606512242,0.12591532159457652,0.01930676507292904,0.016471498238427095,163.86165466308594,149.11871520996092,1.0988671303422028,73.80955994006953,7.121632994263081,7.295641587756771,-0.17400859349369036,0.7498342828250444,4.33,323.0014516129032,15.39,4.3,0
2025-07-25,173.0755615234375,174.29257821699642,172.53688923976992,173.18529303585547,122316800,-0.001381360177560742,0.006322184782396434,0.11921047799223583,0.019211889316501866,0.016553807042258322,164.78339462280275,149.98816375732423,1.0986426561593,75.97008436874425,7.020924004984238,7.240698071202265,-0.21977406621802675,0.7270979407883548,4.33,323.0376451612903,14.93,4.3,1
2025-07-28,176.31761169433594,176.56700011257405,173.54441370124516,173.594294429185,140023500,0.018731992791827023,0.031333842195399475,0.12044375392525919,0.019999246045727333,0.016597836744214615,165.7310707092285,150.81452514648439,1.0989065578945785,77.12993863176332,7.120635505592645,7.216685558080341,-0.09605005248769594,0.8639933686063189,4.33,323.1462258064516,15.03,4.3,0
2025-07-29,175.0806427001953,178.9411858321479,174.5918511336965,177.52466141853475,154077500,-0.007015572535573056,0.05076934812946776,0.11089311019979964,0.013267459863517125,0.016822801246621267,166.60492782592775,151.62632171630858,1.0987863184971538,71.60452931769277,7.018934619008604,7.177135370265994,-0.15820075125738953,0.9627416437630663,4.33,323.1824193548387,15.98,4.3,1
2025-07-30,178.83145141601562,179.4499298230835,175.60934208925488,176.07819353379378,174312200,0.021423320465204787,0.049713032650031685,0.16940646417997995,0.013032651291678379,0.014994135442911574,167.90025177001954,152.5017626953125,1.1009725317435977,73.8747626365923,7.158476390394128,7.173403574291621,-0.014927183897492924,1.1025525372525036,4.33,323.2186129032258,15.48,4.3,0
2025-07-31,177.43487548828125,182.85160010862035,175.49961883405416,182.45256948733228,221685400,-0.007809453631763663,0.023771192521462092,0.13112883104376571,0.014206072413127602,0.01477372881184232,168.92873001098633,153.34588104248047,1.1016189601088082,70.01549007944575,7.074818144220018,7.153686488277301,-0.07886834405728305,1.3801697633450645,4.33,323.2548064516129,16.72,4.3,0
2025-08-01,173.29502868652344,176.1081221843386,170.47194991004753,173.6641186818972,204529000,-0.02333164092101625,0.0012680424732074425,0.09024734663471867,0.019128634220078454,0.016071933403700365,169.6459716796875,154.1309423828125,1.100661353632294,63.53435511144349,6.59840503674431,7.042630197970703,-0.44422516122639255,1.2496999923256693,4.33,323.291,20.38,4.3,1
2025-08-04,179.5596466064453,179.75915428060495,174.09305718288007,174.7314908730668,148174600,0.03615001519318861,0.01838747066135271,0.13751257002505635,0.024212352976562854,0.01730683749715749,170.73130950927734,155.09276611328124,1.1008334804253446,63.17278955663087,6.649693005562028,6.964042759488968,-0.31434975392693953,0.9031497780199051,4.319354838709677,323.38332258064514,17.52,4.309677419354839,0
2025-08-05,177.8238983154297,179.8190055048738,175.4696712230272,179.18057181311008,156407600,-0.009666694738044379,0.015668526074192446,0.11412492108112082,0.024537540476148346,0.017642246502911626,171.6420753479004,155.99932708740235,1.1002744598490084,59.47208116703691,6.47563165870784,6.866360539332743,-0.39072888062490296,0.9480513127842084,4.315806451612903,323.4140967741935,17.85,4.312903225806451,1
2025-08-06,178.98109436035156,179.4599159046609,175.81885075769642,175.89865688532507,137192300,0.006507539514566174,0.0008367820266013126,0.10154717271369917,0.022623468809150043,0.01740141711567327,172.4670524597168,156.95975494384766,1.0987979212978312,58.94152039059407,6.357774371636822,6.764643305793559,-0.4068689341567371,0.8434568955349208,4.312258064516129,323.4448709677419,16.77,4.316129032258065,1
2025-08-07,180.32778930664065,183.43018196887525,178.3626072705472,181.1258353228625,151878400,0.007524230149010824,0.016304087966914294,0.10158454189856458,0.022274099186591522,0.017401677213071266,173.29851455688475,157.8631283569336,1.097777019628366,61.402093067309146,6.300411428802107,6.671796930395269,-0.37138550159316175,0.9383116020597603,4.308709677419355,323.47564516129034,16.57,4.319354838709677,1
2025-08-08,182.2530517578125,182.85159004607544,179.95867528141935,181.10587113034643,123396700,0.010676460120619513,0.05169232573597582,0.10780989664392338,0.016500776747027993,0.017448043656260657,174.1853401184082,158.81877197265624,1.096755364336891,65.06919941747384,6.337251581617068,6.6048878606396295,-0.26763627902256193,0.7792573327455278,4.30516129032258,323.5064193548387,15.15,4.32258064516129,0
2025-08-11,181.6146240234375,183.39026839012567,179.80905426349312,181.6046539661726,138323200,-0.003502974179128593,0.011444539214850558,0.10964827392546161,0.008544545752377678,0.017399942815869207,175.08263931274413,159.6742672729492,1.0964987803166535,72.2008959012945,6.242966849808397,6.5325036584733835,-0.28953680866498654,0.8731475711505384,4.294516129032258,323.5987419354839,16.25,4.332258064516129,1
2025-08-12,182.71194458007807,184.02870758664503,179.02099882862018,182.51243687865423,145485700,0.006042027521412363,0.027488129047636756,0.07299365175971784,0.005320783487663189,0.015330112926790545,175.7041160583496,160.63270446777344,1.0938252994028363,69.83974769098317,6.185487667299327,6.463100460238573,-0.27761279293924623,0.9437198691467036,4.290967741935484,323.62951612903225,14.73,4.335483870967742,0
2025-08-13,181.1457672119141,183.51994981646104,178.9112567337155,182.1732462738988,179871700,-0.008571838977268209,0.012094421811972511,0.059637098606150074,0.008112376463223948,0.015570680151413045,176.21386642456054,161.5149313354492,1.0910066640128968,63.16670694681133,5.9450270058526655,6.359485769361392,-0.41445876350872624,1.1588628639182048,4.287419354838709,323.66029032258064,14.49,4.338709677419355,1
2025-08-14,181.57472229003903,182.57227595462552,179.02098734413144,179.3102712094187,129554000,0.0023680104963377246,0.006914813230910477,0.05213876367021286,0.007616017287303854,0.015495566844336521,176.66376342773438,162.32913116455077,1.0883059753991586,64.19998643738026,5.723100943933133,6.232208804275741,-0.509107860342608,0.8431781896485127,4.283870967741936,323.691064516129,14.83,4.341935483870968,0
2025-08-15,180.008544921875,181.45499460438236,177.6044370814236,181.43505449173975,156602200,-0.008625525339712725,-0.012315331975456423,0.046632988567545164,0.006558395612657574,0.01564620645032005,177.06477966308594,163.0980419921875,1.0856339996501458,56.532445233258656,5.359069499169067,6.057580943254407,-0.6985114440853399,1.0158624103105343,4.280322580645161,323.7218387096774,15.09,4.345161290322581,1
2025-08-18,181.5647430419922,182.4924758960302,180.14821861780752,180.15820389652,132008000,0.008645134711758207,-0.00027465289050110364,0.062025864854279966,0.00813517042866147,0.015575862517639188,177.594979095459,163.93657958984375,1.0833151425983603,61.34774007618186,5.136928821267304,5.873450518856987,-0.7365216975896827,0.8538625511433481,4.269677419354839,323.8141612903226,14.99,4.354838709677419,0
2025-08-19,175.2103271484375,182.0535459787435,175.06070018553257,181.98370991508045,185229200,-0.03499807169107183,-0.041057071823527136,0.051547666286405835,0.01668750090427293,0.016615918184710997,178.02442626953126,164.6135159301758,1.0814690717440478,44.19200447969985,4.397441508653088,5.578248716816208,-1.1808072081631193,1.2011744752531568,4.266129032258064,323.844935483871,15.57,4.358064516129033,0
2025-08-20,174.9709014892578,175.56943975883806,168.38705663117767,174.74146841521826,215142700,-0.0013665042641969327,-0.03408782781787323,0.02705220012182874,0.016960182504123483,0.015962532280958338,178.2548599243164,165.26751007080077,1.0785838054191768,45.89562917893264,3.7488583307028023,5.2123706395935265,-1.4635123088907243,1.3680721194006618,4.26258064516129,323.87570967741937,15.69,4.361290322580645,0
2025-08-21,174.5519256591797,176.46722675550242,173.38478976711397,174.42225404103465,140040900,-0.0023945457588205876,-0.03867717126198578,0.007137027584063649,0.01644273611400473,0.015533640827636312,178.31670761108398,165.88659118652345,1.0749314114881297,52.389938420758234,3.164564511610706,4.802809413996963,-1.6382449023862566,0.8873874313441932,4.259032258064516,323.90648387096775,16.6,4.364516129032258,1
2025-08-22,177.55458068847656,178.15310374912357,170.78118284108405,172.1877371490149,172789400,0.017202073354147362,-0.01363248747143353,0.025878980981566935,0.019810176579493584,0.015966815984326314,178.54065856933593,166.58807098388672,1.0717493606526323,45.64752519323866,2.9102490772048384,4.424297346638538,-1.5140482694336992,1.0776692301757662,4.255483870967741,323.93725806451613,14.22,4.367741935483871,1
2025-08-25,179.37013244628906,181.4650013525793,176.13806812642193,177.91371253514103,163012800,0.010225316354963043,-0.012087206794303418,0.01731262533912359,0.02004527997798104,0.015589647163919034,178.6932846069336,167.28256774902343,1.068212229232575,53.344881902239464,2.8226642009892373,4.103970717508678,-1.2813065165194404,1.0094567211611805,4.24483870967742,324.0295806451613,14.79,4.37741935483871,1
2025-08-26,181.32534790039065,181.9438263494094,178.3725821273594,179.61952430455025,168688200,0.010900451638385489,0.03490102924568217,0.035667593537959785,0.00848405620800707,0.015621096585905957,179.00551986694336,168.07662048339844,1.065023317056904,54.90194702056918,2.8778480612501767,3.858746186256978,-0.9808981250068012,1.039897307426921,4.241290322580645,324.06035483870966,14.62,4.380645161290323,0
2025-08-27,181.15573120117188,182.0435532539336,178.66184732021665,181.5347912004848,235518900,-0.0009354274026374121,0.035347761595054594,0.012997041441828339,0.00838043833078825,0.014932992339499173,179.12173385620116,168.8130142211914,1.0610659058637655,51.820903135738774,2.874756613240578,3.6619482716536984,-0.7871916584131204,1.4249989313365667,4.237741935483871,324.0911290322581,14.85,4.383870967741935,0
2025-08-28,179.72923278808594,184.01871637210732,175.9784366795831,180.3776517699909,281787800,-0.007874431593344555,0.029660555787938803,0.012930700875410484,0.010098362603466419,0.01493495997112924,179.2364517211914,169.53225006103514,1.0572410361843398,44.3248265720032,2.725779034260512,3.4747144241750614,-0.7489353899145494,1.6745009029949876,4.234193548387097,324.1219032258065,14.43,4.387096774193549,0
2025-08-29,173.75389099121094,177.714180280125,172.72641192849127,177.67428483075477,243257900,-0.03324635455335401,-0.02140575412094836,0.002647867674943738,0.018055207134485052,0.015909105308964753,179.25939483642577,170.1048455810547,1.0538170986493678,35.745351531522175,2.1013302574255874,3.2000375908251666,-1.0987073333995792,1.4290952942668673,4.230645161290322,324.15267741935486,15.36,4.390322580645162,0
2025-09-02,170.3622283935547,171.95832048388473,166.8109394751057,169.5841376854209,231164900,-0.01951992314133455,-0.0502196432030384,-0.05122207793741829,0.016988555137885678,0.014060587909218018,178.79952392578124,170.64212799072266,1.0478041151450133,29.32539064196328,1.317582999893716,2.8235466726388765,-1.5059636727451604,1.3257329163025533,4.2156666666666665,324.2584098360656,17.17,4.401639344262295,0
2025-09-03,170.2025909423828,171.9882204164984,168.46685741418958,170.64151696331535,164424900,-0.000937047212150155,-0.061341434536323236,-0.04285873521638783,0.013861165292094371,0.013962556899999255,178.4184585571289,171.16983367919923,1.0423475604440604,30.774682925364615,0.6757862008804807,2.3939945782871974,-1.7182083774067167,0.9408154753754524,4.211333333333333,324.2718196721312,16.35,4.403278688524591,1
2025-09-04,171.2400665283203,171.43957421789176,168.99557077235426,170.15273668191406,141670100,0.006095533447482593,-0.05473558361695052,-0.04325053358119402,0.015578288849890334,0.013949496009485191,178.03140716552736,171.64387115478516,1.0372138892450289,32.22382964070354,0.24801426889780487,1.964798516409319,-1.716784247511514,0.8095786799402351,4.207,324.2852295081967,15.3,4.4049180327868855,0
2025-09-05,166.61141967773438,168.61649709218636,163.66863936987482,167.61894341349085,224441400,-0.02703016265075109,-0.07298653038717651,-0.07606353785872744,0.016888205427129453,0.014806388010582774,177.34558868408203,171.89744934082032,1.0316941255623853,29.152542694839624,-0.4591978398977403,1.4799992451479071,-1.9391970850456475,1.2565263354665894,4.2026666666666666,324.2986393442623,15.18,4.406557377049181,1
2025-09-08,167.8982391357422,170.54176523233733,166.94059623139324,167.14010390134433,163769100,0.007723476941117413,-0.03370083870964913,-0.07876308508208552,0.015673498953843592,0.014668063511787155,176.62784805297852,172.16259887695313,1.0259362324056038,28.55355863501056,-0.9053961126469403,1.0029201735889377,-1.908316286235878,0.9066091154658334,4.189666666666667,324.33886885245903,15.11,4.411475409836066,1
2025-09-09,170.34225463867188,170.5617176578999,166.3320999523285,168.6763418810487,157548400,0.014556528499109156,-0.00011724285994119121,-0.062067520417909305,0.01612586858048358,0.015244188388212605,176.06422958374023,172.42216217041016,1.0211229656761323,41.29194161910046,-1.0496995498931199,0.5923962288925262,-1.642095778785646,0.8675553100348177,4.185333333333333,324.3522786885246,15.04,4.413114754098361,1
2025-09-10,176.8961944580078,178.85139113084074,175.04074401948455,176.2078799889887,226852000,0.03847512663982333,0.039327271568333044,-0.031830158315245494,0.023465563699916217,0.017780533995757946,175.77344207763673,172.8080160522461,1.0171602341901436,52.80932999652663,-0.6279740003253664,0.3483221830489477,-0.9762961833743141,1.2218105122443212,4.181,324.3656885245901,15.35,4.414754098360656,0
2025-09-11,176.7465362548828,179.84910351407555,176.05818301908454,179.25053151190707,151159300,-0.0008460227399664788,0.0321564330019215,-0.02428558516570145,0.023806618871011608,0.01770176660109011,175.55348052978516,173.28444732666014,1.0130942692095595,53.22767851131728,-0.3023443922201636,0.2181888679951254,-0.520533260215289,0.8204784910942037,4.176666666666667,324.37909836065575,14.71,4.416393442622951,1
2025-09-12,177.39501953125,178.17315412234487,176.028283464474,177.34513598621658,124911000,0.0036690013287277168,0.06472305364406372,-0.023019188497573895,0.015472734744862025,0.01771748406336604,175.3444953918457,173.69504150390625,1.009496263529793,49.74786941579099,0.007954899905485036,0.17614207437719734,-0.1681871744717123,0.6788606070006539,4.172333333333333,324.39250819672134,14.76,4.418032786885246,0
2025-09-15,177.32516479492188,178.4225418052247,174.0929031464731,175.2501343169162,147061600,-0.00039378070766982187,0.05614666185723505,-0.014906959711927792,0.016518013173703605,0.017626741037920196,175.21032638549804,174.06254089355468,1.0065940982249895,46.57996316070721,0.24540376918679385,0.18999441333911665,0.0554093558476772,0.8013211356502974,4.1593333333333335,324.43273770491805,15.69,4.422950819672131,0
2025-09-16,174.4620361328125,177.07576937869646,173.96323114864717,176.57696439453113,140737800,-0.01614620612602058,0.024185317394556316,-0.03911941707502642,0.020203804378110146,0.0178129113970419,174.85519104003907,174.39472381591796,1.0026403735964349,38.859988646844506,0.20024485590062113,0.19204450185141758,0.008200354049203551,0.7650439362185609,4.154999999999999,324.4461475409836,16.36,4.424590163934426,0
2025-09-17,169.88296508789062,172.7860132411964,168.00746902672788,172.2273541922408,211843800,-0.026246805015137875,-0.039646016080815194,-0.030405525446188797,0.012693559983137247,0.01704658859113963,174.5888229370117,174.60021148681642,0.9999347735623701,33.99402027905364,-0.20270007240452514,0.11309558700022906,-0.3157956594047542,1.1433023418361412,4.150666666666666,324.4595573770492,15.72,4.426229508196721,1
2025-09-18,175.8187713623047,176.67671647107687,172.54661216194535,173.56416328312818,191763300,0.034940562000098874,-0.005249126303896623,0.004845776445284722,0.023348256921147583,0.018884954086222316,174.63121643066407,174.86695587158204,0.9986518925788868,45.07790430841825,-0.04257608183675643,0.08196125323283197,-0.1245373350695884,1.0415002972890148,4.146333333333333,324.4729672131148,15.7,4.427868852459016,1
2025-09-19,176.24774169921875,177.65437533147113,174.76129744715922,175.34989886544702,237182100,0.00243984378681672,-0.0064673621337443254,0.009715252545252406,0.02329538429361652,0.018878093897160966,174.71600723266602,175.1179397583008,0.9977047895481781,53.648416066362024,0.11758224057655298,0.08908545070157617,0.028496789874976808,1.2550696376773882,4.142,324.4863770491803,15.45,4.429508196721312,1
2025-09-22,183.1711578369141,184.10891359634735,174.2924356467209,174.88102184557565,269637000,0.03928229701524755,0.03296764477141845,0.03163296112473679,0.02951527977946133,0.020474963285965344,174.9968360900879,175.49103210449218,0.9971839243950082,66.98395009573942,0.7940177435874602,0.23007190927875298,0.5639458343087073,1.391160629839969,4.129,324.526606557377,16.1,4.434426229508197,0
2025-09-23,178.0035400390625,181.98400930831284,175.78885990523673,181.53508786527135,192559600,-0.028211962291861292,0.020299567658111917,-0.007618840375421931,0.032233915403447194,0.021420332899559615,174.92850646972656,175.77773010253907,0.9951687643689726,59.13098612428312,0.9027083248233794,0.3645991923876783,0.538109132435701,0.9859735296586712,4.124666666666666,324.5400163934426,16.64,4.436065573770492,0
2025-09-24,176.54702758789062,179.35030900890538,174.98077271717747,179.34033838980653,143564100,-0.008182491487822352,0.03922737336584792,-0.02635219161484781,0.02875959047352455,0.021326287787204187,174.68959045410156,175.9030224609375,0.9931016989369503,56.151437747372874,0.8613884613127709,0.46395704617269684,0.3974314151400741,0.7398580982798894,4.120333333333333,324.5534262295082,16.18,4.437704918032787,1
2025-09-25,177.2653045654297,179.82915407834395,172.7162058826927,174.06297010669513,191586700,0.004068473920816773,0.00822741048590414,-0.02147559235331009,0.02455002337959264,0.021357888750969375,174.49506912231445,176.0293133544922,0.9912841548777275,63.58028029083275,0.8764974045048746,0.5464651178391324,0.33003228666574214,0.9986476663017562,4.116,324.5668360655738,16.74,4.439344262295082,1
2025-09-26,177.7641143798828,179.3403398828169,174.51189629291883,177.74415791919978,148573700,0.002813916776754244,0.00860364317888318,-0.010933771750531784,0.024552728746256847,0.02130704014325945,174.3968132019043,176.1330599975586,0.990142413947283,62.83363847554864,0.918137417509115,0.620799577773129,0.29733783973598604,0.802296897701485,4.111666666666666,324.58024590163933,15.29,4.440983606557377,1
2025-09-29,181.41537475585935,183.56023005067576,179.88903275637574,179.99875523700084,193063500,0.02053991824341872,-0.009585477876478787,0.04409388314093032,0.017980037234538785,0.020305229416388595,174.7798873901367,176.3216030883789,0.991256229122024,63.965410932805526,1.2315668888295477,0.7429530399844128,0.4886138488451349,1.056864619361145,4.0986666666666665,324.62047540983605,16.12,4.445901639344262,1
2025-09-30,186.13406372070312,186.9022276338177,181.04624695721463,181.6448190078555,236981000,0.026010413787662667,0.045676190933373606,0.092578240352162,0.013967255958143798,0.020275996334126294,175.56847915649413,176.62506927490233,0.9940178926879077,62.21631575612607,1.8395159716598073,0.9622656263194918,0.8772503453403155,1.2952151027412009,4.094333333333333,324.63388524590164,16.28,4.447540983606557,1
2025-10-01,186.79248046875,187.6903232769056,183.46045188172369,184.79726069745416,173844900,0.003537325381961498,0.058032429210731706,0.09747142763521865,0.011026058555025262,0.02023597138318463,176.3979736328125,177.0284912109375,0.9964383271087494,63.10854167421608,2.3473894840159346,1.2392903978587804,1.1080990861571542,0.9477063361955613,4.09,324.64729508196723,16.29,4.449180327868852,1
2025-10-02,188.4385528564453,190.59339411626704,187.6105347272827,189.14686265639136,136805800,0.008812305418101074,0.06303121932634892,0.10043494304109402,0.010425890907572505,0.02025384938205293,177.25789794921874,177.3900177001953,0.9992552018840212,64.04461371097725,2.8498558225268766,1.5614034827923997,1.288452339734477,0.7467797647967277,4.083225806451613,324.6607049180328,16.63,4.450819672131148,0
2025-10-03,187.17156982421875,189.90502650703215,184.93693332773543,188.7378247179256,137596900,-0.006723587148282584,0.052921004203537736,0.12340180634828357,0.013127557396106455,0.019036565176080975,178.28590545654296,177.66714965820313,1.0034826685717095,62.15214559961309,3.1099791698147783,1.8711186201968755,1.2388605496179028,0.7693335185142941,4.0764516129032256,324.67411475409835,16.65,4.452459016393443,0
2025-10-06,185.09654235839844,186.7825055997528,182.8918329061041,185.0566446584491,157678100,-0.011086232101216398,0.02029137611678755,0.1024328981124798,0.014580464988276573,0.019408254809864377,179.14582061767578,177.90756927490236,1.0069600824058256,63.3851793779934,3.112808898538276,2.1194566758651554,0.9933522226731206,0.8831155491201699,4.056129032258064,324.71434426229507,16.37,4.457377049180328,0
2025-10-07,184.5977325439453,188.6081286768816,183.56022492696124,185.7848907820332,140088000,-0.0026948629515038958,-0.008253895853598814,0.08368726793896197,0.00794106223435146,0.019347497396429495,179.85859451293945,178.07317169189454,1.0100263436882793,70.64090934581156,3.0397612204758957,2.3035175847873037,0.736243635688592,0.7884529975627905,4.049354838709677,324.72775409836066,17.24,4.459016393442624,1
2025-10-08,188.65802001953125,189.14685437964263,186.0941551173159,186.1240974206304,130168900,0.021995326917785052,0.009987230460775098,0.06648998638755632,0.013375298402052194,0.018123250461658007,180.44668579101562,178.34471923828124,1.0117859758433667,69.01032264769472,3.271786556565246,2.497171379142892,0.774615177422354,0.7531163656774484,4.04258064516129,324.7411639344262,16.3,4.460655737704919,1
2025-10-09,192.1097412109375,194.8332119113436,190.60334055524348,191.77054228398893,182997200,0.01829618052309101,0.019482151071755105,0.0869222406367256,0.01512956038694716,0.018391856193800064,181.21484603881837,178.6102850341797,1.0145823685581166,71.55637414492568,3.6916384498919683,2.7360647932927074,0.955573656599261,1.0491018719302194,4.035806451612904,324.7545737704918,16.43,4.462295081967214,0
2025-10-10,182.7222442626953,195.15245586263572,181.61489659616785,193.0474982342752,268774400,-0.04886528340035956,-0.023771374924631994,0.03003029479363062,0.028445471197917568,0.02190756216452983,181.48120727539063,178.71603240966797,1.0154724499444128,49.4282227093925,3.2296521316996802,2.834782260974102,0.3948698707255782,1.479828098952228,4.029032258064516,324.7679836065574,21.66,4.463934426229509,1
2025-10-13,187.8699188232422,189.6556339904095,185.51555866051007,187.52074924116,153482800,0.028172128584115885,0.014983405035593478,0.059465637832709195,0.03142509376442929,0.02268078709173429,182.00844497680663,179.00753021240234,1.0167641817125992,62.573107829941435,3.241532592285523,2.916132327236386,0.325400265049137,0.8435601502156018,4.008709677419355,324.8082131147541,19.03,4.468852459016394,0
2025-10-14,179.59971618652344,184.35831986008523,179.2705030798172,184.32839277968645,205641400,-0.044020898547892484,-0.027075177406266637,0.029448699370903775,0.038139797907829516,0.024695142057966756,182.26532897949218,179.0083316040039,1.018194669188322,53.31455657299824,2.5541688386212513,2.8437396295133595,-0.28957079089210813,1.1104247351095615,4.001935483870968,324.8216229508197,20.81,4.470491803278689,0
2025-10-15,179.40020751953125,184.42815520469404,176.86626960360738,184.35833042053704,214450500,-0.0011108517943591023,-0.0490719265422247,0.05602234707121334,0.03536775558354754,0.02381975475288803,182.7411911010742,179.03985778808592,1.0206732364441957,52.34445194018466,1.9706134246955003,2.6691143885497874,-0.6985009638542872,1.1571778082790443,3.9951612903225806,324.8350327868852,20.64,4.472131147540984,1
2025-10-16,181.37545776367188,182.84194556906476,179.34034021746592,181.79445210488132,179723300,0.011010300776411297,-0.0558757894295393,0.031604625366859596,0.03406191716530531,0.022705895510554887,183.01902542114257,179.08774505615236,1.0219516995077333,53.84124982917715,1.6485245765689172,2.4649964261536135,-0.8164718495846963,0.9729498964094276,3.9883870967741935,324.8484426229508,25.31,4.473770491803279,1
2025-10-17,182.7821044921875,183.66000615888444,179.32039659193174,179.74936158304564,173135200,0.007755441369297289,0.00032760231100348314,0.03707487386771846,0.026988254433556957,0.022744805657883085,183.34574356079102,179.1368313598633,1.023495515517256,51.526636110082826,1.4896002941112272,2.2699171997451364,-0.7803169056339092,0.953820193242916,3.9816129032258063,324.8618524590164,20.78,4.475409836065574,0
2025-10-20,182.20347595214844,184.7573549226016,181.2956472677441,182.69231029505525,128544700,-0.0031656739134645617,-0.030161522965393095,-0.005282938079297583,0.02211359613659452,0.021003451014829123,183.29735946655273,179.13583984375,1.0232310833300169,45.162082763796505,1.301953063417784,2.076324372479666,-0.7743713090618818,0.7368019248318132,3.961290322580645,324.9020819672131,18.23,4.480327868852459,0
2025-10-21,180.72702026367188,182.35311411361403,179.37027013728058,182.35311411361403,124240200,-0.008103334367036585,0.006276758678046335,0.015300146412884352,0.007907863285277138,0.02004389542557008,183.43353347778321,179.1180877685547,1.024092741068142,42.681771017820495,1.0223189894243205,1.8655232958685968,-0.8432043064442762,0.7263509607721126,3.954516129032258,324.91549180327866,17.87,4.481967213114754,0
2025-10-22,179.84912109375,183.0015721983185,176.33752979723928,180.7070662621498,162249600,-0.004857597766183885,0.0025023024244266168,0.018703761547135045,0.008355572413040638,0.019977817595858247,183.59863815307617,179.06083129882813,1.0253422639743868,39.44076181786736,0.7215502627470585,1.6367286892442892,-0.9151784264972307,0.9434139773535897,3.947741935483871,324.92890163934425,18.6,4.483606557377049,1
2025-10-23,181.724609375,182.59252505160657,179.36026373857848,179.98876279946896,111363700,0.01042812035913343,0.0019250212549872803,0.025156106100414855,0.008175086038848362,0.020077595032942718,183.82160339355468,179.07240814208984,1.0265210888753808,43.402597325790886,0.627294054734989,1.4348417623424292,-0.8075477076074402,0.6629968091361925,3.940967741935484,324.94231147540984,17.3,4.485245901639344,1
2025-10-24,185.8148193359375,187.0219340442129,183.06142142022415,183.40060514170608,131296700,0.022507738357533613,0.0165919680822999,0.0452886961136052,0.012826881542093046,0.02062416619023549,184.22413864135743,179.1572100830078,1.0282820242400625,50.82949040781119,0.872582503407358,1.3223899105554149,-0.4498074071480569,0.7857074722598796,3.9341935483870967,324.9557213114754,16.37,4.48688524590164,1
2025-10-27,191.0323181152344,191.54109366524804,187.97961914819695,189.53590332097465,153452700,0.02807902404094098,0.048455948038031105,0.0530106302859783,0.016056146962202235,0.021037501301336848,184.70498580932616,179.377685546875,1.0296987902715415,56.70060371009842,1.4710268315885173,1.3521172947620355,0.11890953682648187,0.9293078368129026,3.913870967741935,324.99595081967215,15.79,4.491803278688525,1
2025-10-28,200.54953002929688,202.6644582837766,191.4513320204045,192.58860677151608,297986200,0.04981990486196941,0.1096820482997225,0.07744668557940249,0.020390940353235316,0.023002074841021885,185.42575912475587,179.7573812866211,1.0315334914069347,61.11940243138925,2.682337419956667,1.618161319800962,1.0641761001557053,1.7718705028527841,3.907096774193549,325.0093606557377,16.42,4.49344262295082,1
2025-10-29,206.54515075683597,211.68285096872197,204.29055782184227,207.482906515472,308829600,0.029895959998825328,0.14843569710396376,0.10574660306730355,0.014305053748130936,0.023718776426267664,186.41339263916015,180.38407775878906,1.0334248729449034,62.88512472313789,4.079085119365487,2.1103460797138673,1.96873903965162,1.765494235696444,3.900322580645162,325.02277049180327,16.92,4.495081967213115,0
2025-10-30,202.4050750732422,205.66726375798945,200.9286166610889,204.65966800141675,178864400,-0.020044409991827217,0.11380112891351302,0.07411711672099686,0.02569642338289305,0.02436327037847999,187.11171875,180.93276123046874,1.0341505732710319,69.38493415998526,4.796655369278142,2.6476079376267223,2.1490474316514194,1.0103722160689348,3.893548387096774,325.03618032786886,16.91,4.49672131147541,0
2025-10-31,202.0060272216797,207.4729250244422,201.58703290468912,205.9565537660584,179802200,-0.001971530859184778,0.08713625718124152,0.07925593299982814,0.027831109643303126,0.024277598219044908,187.85344161987305,181.48184326171875,1.0351087372909569,65.3587426847262,5.272358666728593,3.1725580834470968,2.099800583281496,1.0037050105758958,3.886774193548387,325.0495901639344,17.44,4.498360655737705,1
2025-11-03,206.38555908203125,210.8348911017148,205.06870659183733,207.58268802254912,180267300,0.02168020390572556,0.08036986159344761,0.11501574503974976,0.02734614666810297,0.02430428208320744,188.9178924560547,182.05846282958984,1.0376770709795864,81.79021076280767,5.9343411858790205,3.7249147039334813,2.209426481945539,0.9999963942564388,3.869333333333333,325.1275333333333,17.17,4.493333333333333,0
2025-11-04,198.21511840820312,203.4824975937368,197.4569251230167,202.51481474882632,188919300,-0.039588238199265935,-0.011640075251000304,0.07376789344374024,0.028794883910443356,0.02629662010323471,189.59876174926757,182.43536254882812,1.0392654094050553,68.77735388873693,5.733587593729936,4.126649281892773,1.6069383118371636,1.0339872009402467,3.864,325.1598,19.0,4.49,0
2025-11-05,194.74343872070312,202.43500266122365,194.18476438007545,198.29492759193727,171350300,-0.01751470682650169,-0.057138654637440056,0.03225634775845654,0.02285743680330752,0.026349356680648583,189.90303268432618,182.70372436523436,1.0394042778498593,62.954364788325854,5.234018877302816,4.348123200974782,0.8858956763280341,0.9273778873178035,3.8586666666666662,325.1920666666667,18.01,4.486666666666666,0
2025-11-06,187.63047790527344,197.1476699621838,185.9345440647224,195.95054108781363,223029800,-0.03652477773914087,-0.07299519126495435,-0.0233161695884323,0.02544192377210812,0.02738713845816189,189.67906951904297,182.8332192993164,1.037443142148688,54.230489325617846,4.215556269443255,4.321609814668477,-0.10605354522522248,1.1941400827749757,3.8533333333333335,325.22433333333333,19.5,4.483333333333333,1
2025-11-07,187.7002868652344,187.86989393508227,178.48238160939712,184.45805485831957,264942300,0.0003720555463073705,-0.07081838375419502,0.027243768938073565,0.025756616746316886,0.02494520169444272,189.92797164916993,182.99264038085937,1.037899509258275,54.83925914960238,3.3751437584454322,4.1323166034238685,-0.7571728449784363,1.4200036113464454,3.848,325.2566,19.08,4.48,1
2025-11-10,198.5742645263672,199.46213677715232,193.3268264223904,194.6436788693004,198897100,0.05793266405042896,-0.037848067424908094,0.056977432950275686,0.039732990154843155,0.027379946798679188,190.46318893432618,183.4890478515625,1.0380084869610613,63.4815325214394,3.54567754463784,4.014988791666664,-0.46931124702882343,1.053205247093152,3.832,325.3534,17.6,4.47,0
2025-11-11,192.6983184814453,194.95291121797476,190.84276358812392,194.69353814212133,176483300,-0.02959067258255743,-0.027832387211739085,0.07293219929879124,0.037896202579793106,0.02623840254341082,191.11811904907228,183.9357696533203,1.0390481384305466,59.024643792968554,3.1701436180467795,3.846019756942687,-0.6758761388959074,0.9417896507748327,3.826666666666666,325.3856666666667,17.28,4.466666666666667,1
2025-11-12,193.3367919921875,195.42179292552223,190.67317551912151,195.2522010776849,154935300,0.003313332029950544,-0.007223076360138636,0.07768432748963772,0.03732603693210512,0.026213010659340553,191.81494827270507,184.3984536743164,1.0402199392164515,58.300050213702704,2.890727247722168,3.6549612550985833,-0.7642340073764151,0.8401417753785118,3.8213333333333335,325.41793333333334,17.51,4.463333333333334,0
2025-11-13,186.41339111328125,190.9824463944715,183.4105907203728,190.5933791327836,207423100,-0.035810053573176126,-0.006486615637181559,0.02777626814413714,0.03715648084094295,0.027613991986189006,192.06684494018555,184.7019201660156,1.03987465191239,50.41118789991451,2.0865744402020994,3.3412838921192867,-1.2547094519171873,1.1163744583240156,3.816,325.4502,20.0,4.46,1
2025-11-14,189.7154693603516,190.55345800755305,180.14839424900484,182.4229435613052,186591900,0.017713739487007718,0.010736171631767766,0.03793240529441677,0.03808591207156184,0.02781737503361824,192.41351318359375,185.16400115966798,1.0391518436549363,49.070943963821705,1.6961752125358487,3.012262156202599,-1.3160869436667504,1.0006350232581325,3.810666666666666,325.48246666666665,19.83,4.456666666666667,0
2025-11-17,186.15402221679688,188.54828000089623,183.87947275520656,185.5255230789849,173628900,-0.01877257113277353,-0.06254708956971167,0.02168205762268749,0.022570128697312047,0.028193030645119223,192.61104049682618,185.52911682128905,1.0381714945711664,38.91194564664492,1.08687319408034,2.6271843637781473,-1.5403111696978073,0.9199969299683335,3.794666666666666,325.5792666666667,22.38,4.446666666666667,0
2025-11-18,180.92654418945312,184.3583249108488,179.22062444838815,182.94172058465784,213598900,-0.028081466976070946,-0.061089138632653306,0.0011040071677723695,0.022295001884758754,0.0288944607633988,192.62101669311522,185.7408026123047,1.0370420176075774,30.03112589634138,0.18010700428769155,2.137768891880056,-1.9576618875923644,1.1056093763611528,3.789333333333333,325.61153333333334,24.69,4.443333333333333,1
2025-11-19,186.0742034912109,187.41099710874653,182.39302051116812,184.3483273978252,247246400,0.028451653265247456,-0.03756444092270894,0.034612804108261175,0.028636429101772113,0.029525544978595022,192.9322708129883,185.92436279296874,1.0376922524554946,37.467470177483065,-0.12173535970347871,1.6858680415633491,-1.8076034012668278,1.2522262475811676,3.784,325.6438,23.66,4.44,0
2025-11-20,180.208251953125,195.53154064523628,179.42014682895694,195.4816571057099,343504800,-0.03152479724769042,-0.033286981815514816,-0.008344260180776608,0.027615770038271682,0.030381700714696203,192.85645294189453,185.9935971069336,1.0368983445758901,34.5670364354922,-0.8247733988065136,1.1837397534893768,-2.0085131522958903,1.6431506866515964,3.7786666666666666,325.67606666666666,26.42,4.4366666666666665,0
2025-11-21,178.4524688720703,184.1188859589464,172.51667761994415,180.80682891210236,346926200,-0.009743078144453632,-0.0593678550634581,-0.039621976816373694,0.024120049802528406,0.02997835791396369,192.48833541870118,186.01474609375,1.03480148461826,29.460082755550232,-1.5062500182584984,0.6457417991398018,-2.1519918173983,1.5781280420681059,3.773333333333333,325.7083333333333,23.43,4.433333333333334,1
2025-11-24,182.11370849609372,183.06143495137792,176.05820849098825,179.06102433247585,256618300,0.020516609532861718,-0.02170414408772625,-0.04668639163851218,0.027498451593345612,0.02963004086874986,192.04240493774415,186.11051696777344,1.0318729326349563,37.31930506625979,-1.730940504878447,0.170405338336152,-1.901345843214599,1.140564911827197,3.757333333333333,325.80513333333334,20.52,4.423333333333334,0
2025-11-25,177.39501953125,177.73420328176402,169.14478047484366,174.49197074476177,320600300,-0.025910674181592097,-0.019519107458909835,-0.11545532165876626,0.027037975058892768,0.02741927984642142,190.8846794128418,186.1691766357422,1.0253291273148075,36.60041117595285,-2.263673874726294,-0.3164105042763372,-1.9472633704499567,1.4178138502815183,3.752,325.8374,18.56,4.42,1
2025-11-26,179.8291473388672,182.4728225932506,177.81398638784032,181.1958831941039,183852000,0.013721511539890763,-0.03356218129741295,-0.12934703777878243,0.023196444929553056,0.026536589614750722,189.54887924194335,186.36810028076172,1.0170671856202314,43.504959812837626,-2.4610852781336234,-0.7453454590477945,-1.715739819085829,0.8361694070340844,3.746666666666667,325.86966666666666,17.19,4.416666666666667,0
2025-11-28,176.57696533203125,178.86148547381688,176.0781603452176,178.58215589898683,121332800,-0.018084843613852986,-0.020150501332415693,-0.12760603819773186,0.02016500445366628,0.026487788869708068,188.25747375488282,186.38326416015624,1.010055675348169,41.20525220333777,-2.847139098691713,-1.165704186976578,-1.6814349117151348,0.5591437045192106,3.736,325.9342,16.35,4.41,1
2025-12-01,179.48995971679688,179.86905632530258,173.26486886531237,174.34228931397226,188131000,0.016497023715908332,0.005813821749198311,-0.11146235493346879,0.021625812284323212,0.02697043087615511,187.13167037963868,186.44810852050782,1.0036662311275508,32.73771256117389,-2.884781268165426,-1.5095196032143479,-1.3752616649510783,0.8653124007006634,3.72,326.031,17.24,4.4,1
2025-12-02,181.02630615234372,185.2162648499111,179.56978894419797,181.32557695606167,182632200,0.008559511841057521,-0.005971007634350212,-0.12287319443512079,0.019536357889610858,0.026427392893923162,185.86370773315429,186.4052114868164,0.9970950181631568,38.542888921573834,-2.758840445764548,-1.759383771724388,-0.99945667404016,0.8395639431971936,3.71741935483871,326.0489677419355,16.59,4.396774193548388,0
2025-12-03,179.16078186035156,182.0139471586436,178.68193330759738,180.64722628696225,165138000,-0.010305266298823001,0.00995384387773357,-0.09612958234906765,0.015373476734448397,0.02526609692751242,184.9109909057617,186.42835632324218,0.9918608657641675,36.41231013499655,-2.777545836740302,-1.9630161847275711,-0.8145296520127308,0.7633151491811769,3.7148387096774194,326.06693548387096,16.08,4.393548387096774,1
2025-12-04,182.95188903808597,184.089227004522,179.53987513877786,181.1959881613664,167364900,0.02116036298998414,0.017365047576710868,-0.06054915000000771,0.017050507321875498,0.025712915333964064,184.32141342163087,186.5564535522461,0.9880194971116917,46.47020399881623,-2.458123609375093,-2.0620376696570757,-0.3960859397180174,0.7743217336137792,3.712258064516129,326.08490322580644,15.78,4.390322580645162,0
2025-12-05,181.9841461181641,184.22889322931675,180.4876480440623,183.4606866221248,143971100,-0.005289603321452563,0.030622231931358046,-0.030092828468730626,0.013599767295611364,0.02447590086136041,184.0390968322754,186.6508303833008,0.986007383167479,41.72204581204265,-2.2570500902721733,-2.1010401537800956,-0.15600993649207773,0.6784978661200144,3.709677419354839,326.1028709677419,15.41,4.387096774193549,1
2025-12-08,185.1168212890625,187.5610985176648,181.97416608957425,182.21361127014936,204378100,0.017214000437512533,0.03134917173720364,-0.013763780649023616,0.013739539454355909,0.024821700150561298,183.9099235534668,186.79788452148438,0.9845396484258074,48.879174281853025,-1.8238924751737216,-2.045610618058821,0.2217181428850994,0.9771248443735651,3.701935483870968,326.1567741935484,16.66,4.37741935483871,0
2025-12-09,184.5381774902344,185.2864265695677,182.89203560496765,185.12679644575,144719700,-0.0031258304609959042,0.01939978455360647,-0.07068432089934307,0.014237088090653521,0.02067841930751737,183.20811920166017,186.86034057617186,0.9804548072466832,54.33874995783925,-1.5098984931635187,-1.9384681930797605,0.42856969991624183,0.7009784171630407,3.6993548387096777,326.1747419354839,16.93,4.374193548387097,0
2025-12-10,183.35096740722656,185.0469957406681,181.61502392815052,184.53819180758595,162785400,-0.006433411769608877,0.023387850306107127,-0.048507694036358684,0.013346650151214222,0.01976614265598086,182.74075164794922,186.80467864990234,0.9782450470120747,46.38446578339616,-1.3413912091143914,-1.819052796286687,0.47766158717229557,0.7911076386081837,3.696774193548387,326.1927096774194,15.77,4.370967741935484,0
2025-12-11,180.50759887695312,180.89670300875093,176.20766331092784,179.85912243695617,182136600,-0.01550779126219859,-0.013360289275963666,-0.06635670832767715,0.012056192693745842,0.0199323283189498,182.0992919921875,186.6789810180664,0.9754675700450942,50.43211225315108,-1.420904744435461,-1.7394231859164417,0.31851844148098074,0.8793388353143932,3.694193548387097,326.21067741935485,14.85,4.367741935483871,0
2025-12-12,174.61141967773438,182.3932136047752,174.21234434473615,180.6871989054384,204274900,-0.032664437596546914,-0.04051301499440796,-0.06331074911015888,0.0182112973306205,0.01967249851965697,181.50919342041016,186.40243835449218,0.9737490293728012,45.04739003611061,-1.9373595045884144,-1.7790104496508365,-0.1583490549375779,0.9869705807975026,3.691612903225807,326.2286451612904,15.74,4.364516129032258,1
2025-12-15,175.87843322753906,178.0034654802094,174.6213802569945,177.52459033283526,164775600,0.007256189498619836,-0.04990571897892282,-0.07293572938182502,0.015014311107290776,0.019224595223437693,180.81734161376954,186.1765756225586,0.9712142411532265,41.431248896495596,-2.21883882546922,-1.8669761248145134,-0.3518627006547066,0.8003446460198171,3.683870967741936,326.2825483870968,16.5,4.354838709677419,1
2025-12-16,177.3050994873047,178.0733061224419,174.4916756985292,175.84850127733236,148588100,0.008111661183153096,-0.03919556430707938,-0.047535490364998045,0.017024808086581623,0.019047190764453,180.37489547729493,186.02074676513672,0.969649346183036,49.86413538414435,-2.300277009705411,-1.953636301792693,-0.34664070791271806,0.726134959569345,3.6812903225806455,326.30051612903225,16.48,4.351612903225806,0
2025-12-17,170.54092407226562,175.71880987812392,169.91239000563186,175.68888113429998,222775500,-0.03814992030459552,-0.06986624350069315,-0.05740241247471367,0.021647299665117047,0.019880433413015895,179.85561447143556,185.7396105957031,0.9683212638090689,37.589832646748555,-2.8774602126889874,-2.138401083971952,-0.7390591287170354,1.0862456112959928,3.678709677419355,326.3184838709678,17.62,4.348387096774194,1
2025-12-18,173.73345947265625,175.7387615308714,171.41888356310693,174.1225483861358,176096000,0.01872005454267267,-0.03752827829101313,-0.0663216275389703,0.026084033491648603,0.019183108669323726,179.23857727050782,185.4411193847656,0.9665524985244057,46.19467378484077,-3.0422025168450944,-2.319161370546581,-0.7230411462985136,0.8737951395095744,3.6761290322580646,326.33645161290326,16.87,4.345161290322581,1
2025-12-19,180.56748962402344,181.02640724251643,175.9283357789888,176.25756723043006,324925900,0.03933629234179148,0.03411042620970428,0.0019934584959622192,0.0283848426208886,0.0202026347376837,179.25653915405275,185.21027435302733,0.9678541850889641,51.30504591140317,-2.591440349714759,-2.3736171663802166,-0.21782318333454231,1.6197610651545182,3.6735483870967744,326.35441935483874,14.91,4.341935483870968,1
2025-12-22,183.26116943359372,183.73007341419412,181.9243013805983,183.4906282252173,129064400,0.014917856005967955,0.04197635873014294,0.02694667432688025,0.02860438418330673,0.02031008660795552,179.4969741821289,185.2210528564453,0.969095960820648,52.63293381999754,-1.9938665832542029,-2.297667049755014,0.30380046650081116,0.6803317350176619,3.665806451612904,326.4083225806452,14.08,4.332258064516129,1
2025-12-23,188.76829528808597,188.88801027625053,182.4730132178061,182.54285710968043,174873600,0.030050696890744133,0.06465237510894073,0.03654083400391017,0.030153917554537394,0.020883063507582237,179.8297035217285,185.23902038574218,0.9707981781983661,60.42433212805131,-1.0636449991075665,-2.0508626396255245,0.987217640517958,0.9421012908547617,3.663225806451613,326.42629032258066,14.0,4.329032258064516,0
2025-12-24,188.169677734375,188.4689804086018,186.154389299292,187.50124372172945,65528500,-0.003171176350336813,0.10336963844900549,0.06073822270544027,0.016118888698962313,0.019878126981923507,180.36843643188476,185.41041961669922,0.9728063654931702,56.082804394594135,-0.37047057137868933,-1.7147842259761576,1.3443136545974683,0.379068408084205,3.6606451612903226,326.44425806451613,13.47,4.325806451612904,1
2025-12-26,190.085205078125,192.240166195598,187.5611125998212,189.47662851874145,139740300,0.010179787555644415,0.09411972601652097,0.05703223248860456,0.01672562162681037,0.019794505228451137,180.88123931884766,185.6241195678711,0.974449008781484,59.23988428542136,0.3296422933961196,-1.3058989221017023,1.635541215497822,0.8188149849500441,3.655483870967742,326.4801935483871,13.6,4.319354838709677,0
2025-12-29,187.7805938720703,188.31932652162573,185.47598909796272,187.2717899684254,120006100,-0.012124095639676424,0.03994686010790738,0.06344898112260577,0.01634481207802924,0.019503645902006476,181.4414207458496,185.75222229003907,0.9767927323235011,53.09673416084151,0.6905635323418835,-0.9066064312129851,1.5971699635548686,0.7034549223646526,3.647741935483871,326.5340967741936,14.2,4.309677419354839,0
2025-12-30,187.1021728515625,188.5487999407664,186.49359631469855,187.8005508490403,97687300,-0.0036128388270515455,0.020959177712551957,0.04241024482247546,0.016476091722363702,0.019302730666603932,181.8220314025879,185.83862365722655,0.9783866659384697,52.973840454594004,0.9113478571467226,-0.5430155735410436,1.4543634306877662,0.5882186465948641,3.645161290322581,326.55206451612906,14.33,4.306451612903226,0
2025-12-31,186.06460571289065,190.1151249886817,186.0546345387688,189.1274459397885,120100500,-0.005545457451715419,-0.014322794890260115,0.02783186415076555,0.008119954876302163,0.01931797180829003,182.07394638061524,185.9158462524414,0.9793352748070245,53.15836676558709,0.9911724098815569,-0.23617797685652347,1.2273503867380804,0.7370546871128427,3.6425806451612894,326.57003225806454,14.95,4.3032258064516125,1
2026-01-02,188.4091339111328,192.4795957147097,187.8204997023152,189.39681300359115,148240500,0.012600613583971576,0.001272554535039605,0.05162040461505657,0.010638998177276376,0.019256977287187938,182.5363639831543,186.06948852539062,0.981011800643746,59.30453231983435,1.229445492255735,0.05694671696592821,1.1724987752898068,0.9144909999373849,3.64,326.6161290322581,14.51,4.3032258064516125,0
2026-01-05,187.68081665039065,193.17796293683364,185.7154145267434,191.31231822272787,183529700,-0.0038656154594165493,-0.012649003517902102,0.02584792995124663,0.009124546909134033,0.01880174518113972,182.77281036376954,186.22612243652344,0.981456349798987,67.52267369115341,1.3440165246861966,0.3143606785099819,1.0296558461762146,1.1265718735676513,3.64,326.7005161290323,14.9,4.312903225806451,0
2026-01-06,186.80288696289065,191.7213703933745,186.3838692947835,190.0752284670132,176862600,-0.004677780623340899,-0.005206645101174523,0.02647890460522695,0.007651806631980025,0.018790705771946605,183.01374740600588,186.32768798828124,0.9822144490813207,64.80128574340625,1.3484294493860318,0.5211744326851919,0.8272550167008399,1.0747967245981445,3.64,326.7286451612904,14.75,4.316129032258065,1
2026-01-07,188.66851806640625,190.9232365533545,186.12446806753155,188.12978540958392,153543200,0.00998716419134471,0.008371603552067786,0.0191862454887215,0.008826795588095964,0.018539939317492083,183.19133224487308,186.38476196289062,0.9828664656681894,65.21504798571158,1.485345424865642,0.7140086311212819,0.77133679374436,0.9477231170490811,3.64,326.7567741935484,15.38,4.319354838709677,0
2026-01-08,184.60801696777344,189.1074981045344,183.28113525242412,188.6685228499072,172457000,-0.021521879433025637,-0.00782840314812383,0.000378455442060055,0.01366887180380672,0.01920573844922889,183.19482421875003,186.25627593994142,0.9835632291811818,70.30526808695468,1.2517741450813276,0.821561733913291,0.43021241116803655,1.0554310771352327,3.64,326.7849032258065,15.45,4.32258064516129,0
2026-01-09,184.42843627929688,185.9049768874807,183.2412119543349,184.64792389684447,131327500,-0.0009727675505442068,-0.021127944007818256,0.005876537698747075,0.011314567311438959,0.019145278376807722,183.24869766235355,185.9338540649414,0.9855585395349789,66.90848316596276,1.0401859462256198,0.8652865763757568,0.17489936984986298,0.8115317689560356,3.64,326.81303225806454,14.49,4.325806451612904,1
2026-01-12,184.5082550048828,186.6831584288149,182.59273912358012,182.79226917353867,137968500,0.00043278968903170956,-0.016904027284885714,0.022163366821231767,0.011508919181501983,0.018773418578409702,183.44873046875003,185.49311614990233,0.9889786439325318,57.92213751884969,0.868925051200506,0.8660142713407066,0.002910779859799373,0.8643652574014312,3.64,326.8974193548387,15.12,4.335483870967742,1
2026-01-13,185.37620544433597,187.6708389078061,182.9718281779948,184.5680989064521,160128900,0.00470412795042785,-0.0076373633285341525,0.06164995271482954,0.011993040692175213,0.01699416634918827,183.9869697570801,185.1525387573242,0.993704817616507,54.58870156672204,0.7940822192004475,0.8516278609126549,-0.05754564171220733,1.017266361683716,3.64,326.9255483870968,15.98,4.338709677419355,0
2026-01-14,182.71246337890625,184.029389177148,180.37792970729708,183.889716612774,159586100,-0.014369384997631629,-0.03156888466894958,0.03885655578092284,0.011086150887993144,0.017401107539471515,184.32867126464845,184.76666748046875,0.9976294630314388,35.01235265372455,0.5139030582065516,0.7840829003714342,-0.27017984216488267,1.0154919924091088,3.64,326.95367741935485,16.75,4.341935483870968,1
2026-01-15,186.6133270263672,189.25713440169068,185.895006678512,186.06460797964908,206188600,0.021349740325986355,0.01086252965354051,0.05249836336336733,0.012852169470506145,0.017888700269093137,184.7940826416016,184.37122283935548,1.0022935238793451,46.689318453437785,0.5997130314907793,0.7472089265953034,-0.1474958951045241,1.2884248095226982,3.64,326.9818064516129,15.84,4.345161290322581,0
2026-01-16,185.7952423095703,189.99542077422677,185.64559857342888,188.63859508159712,187967200,-0.0043838493736371165,0.007411037353282968,0.08944667281643648,0.013151651332812781,0.015224043098464002,185.55679855346682,184.12282531738282,1.0077881340002912,40.42741543928126,0.594848411709819,0.7167368236182066,-0.12188841190838762,1.1874778572544056,3.64,327.00993548387095,15.86,4.348387096774194,0
2026-01-20,177.65431213378906,181.9542482267672,177.19537928172147,181.4753578011745,223345300,-0.0438166772979951,-0.0371470797927842,0.022568206913245348,0.024273723018548844,0.018249894740257847,185.75284118652345,183.78104278564453,1.010729063079584,32.07348499991893,-0.06516073076446105,0.5603573127416731,-0.6255180435061342,1.390229169177893,3.64,327.1224516129032,20.09,4.361290322580645,1
2026-01-21,182.89202880859372,184.947217101084,177.9835016341843,178.6319932794081,200381000,0.02948263181397026,-0.013400730853174059,0.012873519975331149,0.029338888841443585,0.017275272669892802,185.86906814575198,183.68627380371095,1.0118832741110182,43.58271606316524,-0.16369578592923517,0.4155466930074915,-0.5792424789367266,1.2975830418567196,3.64,327.1505806451613,16.9,4.364516129032258,1
2026-01-22,184.40847778320312,185.7353746560278,183.5005985718231,184.31869154642928,139636600,0.008291498456701074,0.009282423174272969,0.006260509813155624,0.028762133933303603,0.01705199966084649,185.92643356323245,183.6204376220703,1.0125584927855817,47.5119797980168,-0.11805984785954138,0.30882538483408495,-0.4268852326936263,0.9011432032342304,3.64,327.17870967741936,15.64,4.367741935483871,1
2026-01-23,187.23187255859372,189.15737478680413,186.38386606278428,187.06227125943187,142748100,0.015310547591580237,0.00331458391575179,-0.00813919904901117,0.027869049818241412,0.01599085266513092,185.8496124267578,183.39358978271486,1.0133920855519152,48.25647272045211,0.1442682890964022,0.2759139656865484,-0.1316456765901462,0.9308727317011379,3.64,327.2068387096774,16.09,4.370967741935484,0
2026-01-26,186.03468322753903,188.6784906596197,185.55580805974404,186.7230748442759,124799600,-0.00639415348837058,0.0012887354648714044,-0.011346113425616755,0.02798000179483572,0.016037628585970173,185.74286270141602,183.26031707763673,1.0135465531401846,47.59546610926923,0.2526496658398969,0.2712611057172181,-0.018611439877321223,0.7983994598503265,3.64,327.2912258064516,16.15,4.380645161290323,1
2026-01-27,188.07989501953125,189.55643562401056,185.2664711415707,186.80288446054917,143711600,0.010993712336375028,0.05868465989100691,-0.010549532551834107,0.012929037760874845,0.0160670203237918,185.64259719848633,183.1551791381836,1.0135809321473026,51.80383329123163,0.4978354496487043,0.3165759745035154,0.18125947514518892,0.9182216472672061,3.64,327.31935483870967,16.35,4.383870967741935,1
2026-01-28,191.0728759765625,191.9009400606663,189.39679023846315,190.82345963399504,148552700,0.015913348721937837,0.04473047415604148,0.017532600342797577,0.009068042304954055,0.01621332930203851,185.80721130371094,183.2483688354492,1.0139637939727555,53.29143940001604,0.9230155509185067,0.43786388978651364,0.4851516611319931,0.940575304411142,3.64,327.3474838709677,16.35,4.387096774193549,1
2026-01-29,192.06057739257807,193.0283141326731,185.62563804704837,190.8933105997472,171764400,0.005169239280915727,0.04149537863639341,0.026501052689266835,0.009220022777642879,0.01620087664423986,186.0551315307617,183.29527099609376,1.0150569107411767,61.13931354728049,1.324406164291588,0.6151723446875286,0.7092338196040595,1.0626224697321822,3.64,327.3756129032258,16.88,4.390322580645162,0
2026-01-30,190.68380737304688,194.0359639826301,189.0276790286862,190.76362243793776,179489500,-0.007168415497976088,0.018436683708180412,0.024825794473151586,0.010302149570447418,0.01624169095580699,186.28609161376954,183.38586669921875,1.0158148769409128,59.026821165221634,1.5139652340168368,0.7949309225533903,0.7190343114634465,1.090382970368461,3.64,327.4037419354839,17.44,4.393548387096774,0
2026-02-02,185.1766815185547,189.8557348322644,184.44839001538196,186.7629659025267,165794100,-0.028880930847569264,-0.004612052409253886,-0.01715655884338807,0.017910574681486293,0.017341195398460185,186.1244689941406,183.4708694458008,1.0144633290088796,50.83394633319474,1.2059121266453303,0.8771271633717783,0.328784963273552,1.0018429611471111,3.64,327.56117857142857,16.34,4.396428571428571,0
2026-02-03,179.91897583007812,185.8351396091497,175.81857039871747,185.8052108647954,204019600,-0.02839291451472381,-0.043390704724742934,-0.04135660190977952,0.01997245226707954,0.018409664412726942,185.736376953125,183.3477648925781,1.0130277675429877,43.86357436134122,0.5313992710581772,0.8079815849090581,-0.27658231385088095,1.225242826254347,3.64,327.6623571428571,18.0,4.392857142857143,0
2026-02-04,173.78335571289062,179.16077214377114,171.50867959294058,179.04105715530034,207014100,-0.0341021289659974,-0.0904865234026867,-0.06969662761468154,0.016863751279724483,0.01976519141532419,185.08540039062498,183.21926696777345,1.0101852466377337,40.686766945246546,-0.49257222652573773,0.5478708226220991,-1.0404430491478367,1.2320714567056368,3.64,327.7635357142857,18.64,4.389285714285714,0
2026-02-05,171.47874450683594,176.40721432559468,170.63072277473634,174.52161198787914,206312900,-0.013261403525100302,-0.10716323550185003,-0.09111097991197437,0.011514826096141158,0.019618389752137998,184.22591171264645,183.07979248046874,1.0062602170160313,33.67059198508015,-1.4730593681183564,0.14368478447400795,-1.6167441525923643,1.2089142446166175,3.64,327.8647142857143,21.77,4.385714285714286,1
2026-02-06,184.9771728515625,186.5634574188361,174.1924107166939,176.27752805781466,231346200,0.07871779317924998,-0.02992721091581796,0.001999674173703392,0.04754264342095095,0.026618165227979353,184.2443695068359,183.13706176757813,1.006046333432296,49.306977279278605,-1.1476625955062332,-0.11458469152204027,-1.0330779039841929,1.3326077361353021,3.64,327.9658928571428,17.76,4.382142857142857,1
2026-02-09,189.5963287353516,193.20788788877485,183.5205500126207,183.8298238555102,196387400,0.024971491414758518,0.023867190947333583,0.028021126027596432,0.04692812398086148,0.027172558076443,184.50276412963865,183.38108795166016,1.0061166404371762,60.75856168338079,-0.5111636564850244,-0.1939004845146371,-0.3172631719703873,1.1104297073253258,3.64,328.26942857142853,17.36,4.371428571428572,0
2026-02-10,188.099853515625,192.0306581643501,187.6808358171596,190.9332352083219,136764800,-0.007892954624746151,0.04546978798541623,0.01946578764536655,0.04402282910137006,0.027257095177710817,184.68234405517575,183.54650207519532,1.0061883063263994,55.03085730053604,-0.12603386530432203,-0.1803271606725741,0.05429329536825206,0.7735699716739999,3.64,328.3706071428571,17.79,4.367857142857143,1
2026-02-11,189.6063232421875,192.80882083578368,188.329312674443,192.00071425091676,144192700,0.00800888303954661,0.09104995967184659,0.022819097994331017,0.037022749165307504,0.027288739452831567,184.89384994506833,183.80708923339844,1.005912507054012,55.02218544960036,0.2973165061477516,-0.08479842730850895,0.3821149334562606,0.8192761226732084,3.64,328.4717857142857,17.65,4.364285714285715,0
2026-02-12,186.5035858154297,193.1580126884611,186.07458174632157,192.5793648877844,189932500,-0.016364103125372176,0.08761926355248528,0.020749117856626365,0.037699806426248254,0.02735327366839133,185.0834060668945,183.9473617553711,1.0061759206584011,49.30010361557656,0.37810123029447595,0.007781504212088036,0.37031972608238795,1.069937098294762,3.64,328.57296428571425,20.82,4.360714285714286,0
2026-02-13,182.3832244873047,187.0622780376601,181.16607138035292,187.042320465516,161888000,-0.02209266545793198,-0.014023072816338078,-0.022667740865392805,0.019171190394970807,0.027408634890984773,184.87190093994138,183.9745001220703,1.0048778543617491,46.677553500243825,0.10839546685193113,0.027904296740056657,0.08049117011187448,0.923478435821891,3.64,328.67414285714284,20.6,4.357142857142858,1
2026-02-17,184.5381774902344,186.71308084037668,178.76168607280786,181.3256935584433,162276900,0.011815522008602919,-0.026678529478161073,-0.0067658611905755395,0.014842495898789788,0.02753604528804298,184.80904769897458,184.08204803466796,1.0039493240762385,46.7838294419485,0.06775733941015005,0.03587490527407534,0.031882434136074715,0.9325299293923212,3.64,329.07885714285715,20.29,4.342857142857143,1
2026-02-18,187.5411376953125,189.92555739322245,186.3239846890322,188.3093443160685,164749100,0.016272839831405594,-0.0029703150208253426,0.05565204380785205,0.017487926919504543,0.02572010879521264,185.30338897705076,184.1738330078125,1.0061330969269144,46.7934725687962,0.2746985682935019,0.08363963787796067,0.19105893041554126,0.9629489697383378,3.64,329.18003571428574,19.62,4.339285714285714,0
2026-02-19,187.4613342285156,187.9900957055448,185.22657333636724,186.62329889396,126554500,-0.00042552512892690686,-0.01131285590582376,0.02498362257604958,0.016860908140067753,0.024958729443625476,185.53185424804684,184.28337677001954,1.0067747699217893,45.754271280620756,0.4273354531921427,0.1523788009407971,0.27495665225134563,0.7560152073428659,3.64,329.28121428571427,20.23,4.335714285714285,1
2026-02-20,189.3768615722656,189.88566546751952,185.5059147845697,186.13444888465776,178422300,0.010218253015392254,0.015406008116537695,0.02694227428580298,0.015388604888810657,0.024989923073436608,185.78027343749997,184.3685775756836,1.0076569222390235,48.80539344246745,0.6948584365521526,0.2608747280630682,0.4339837084890844,1.0536580958396042,3.64,329.38239285714286,19.09,4.332142857142857,1
2026-02-23,191.10281372070312,193.4972046328596,189.13741163084848,190.9531547742145,171584800,0.009113849147716069,0.04780916259107704,0.020674584456222833,0.006131130262151085,0.024849278038485294,185.97382049560548,184.49987030029297,1.0079888955635226,55.81897449405074,1.0342203933443272,0.41554386111932007,0.6186765322250072,1.0047249384778363,3.64,329.6859285714286,21.01,4.321428571428571,1
2026-02-24,192.39979553222656,193.31764595479845,186.96250644177093,191.04296985904048,175123600,0.006786827395534711,0.04260158059926744,0.03421465392505518,0.006047504101028025,0.02480892718262472,186.29207611083984,184.68084686279298,1.0087243982005558,63.28876683022625,1.3917792174671604,0.6107909323888882,0.7809882850782722,1.0105572847451776,3.64,329.7871071428572,19.55,4.317857142857143,1
2026-02-25,195.10345458984372,197.16862939564908,193.3375824661624,193.9960453222018,250637100,0.014052296937936637,0.04032350975079013,0.03734348942284926,0.005367493188087561,0.024876813384917155,186.64325408935548,184.9727639770508,1.0090310058431735,74.4900541810859,1.8717336715332067,0.862979480217752,1.0087541913154547,1.4030261694501736,3.64,329.8882857142857,17.93,4.314285714285714,0
2026-02-26,184.4583740234375,193.8364236513225,183.8897126034445,193.8164813019665,360807900,-0.05456121004512626,-0.016019091176516898,-0.034617691911102866,0.029010835616134635,0.027656586634680784,186.31252899169922,185.16970306396485,1.0061717759915596,62.512043072942106,1.377255849090659,0.9658347539923335,0.4114210950983255,1.9064832326146064,3.64,329.9894642857143,18.63,4.310714285714286,0
2026-02-27,176.77635192871094,182.16373952566903,175.96824531148394,180.82687141264745,311636500,-0.04164637217148226,-0.06653669059113831,-0.07958023281699123,0.03224903735971558,0.029018875863866738,185.54831771850587,185.18766143798828,1.0019475178730435,41.09615638853004,0.3613383470382132,0.8449354726015095,-0.48359712556329626,1.5879831879996977,3.64,330.0906428571429,19.86,4.307142857142857,1
2026-03-02,182.05398559570312,183.03170868955397,174.23229218389588,174.6014235260267,209095300,0.029854862425945372,-0.04735057505864282,-0.0452572344565193,0.036850676276517266,0.029954568097318047,185.11682662963867,185.28263916015624,0.9991050832864365,41.926521620252245,-0.017718415858610115,0.6724046949094856,-0.6901231107680957,1.0574948496542063,3.64,330.3611935483871,21.44,4.3,0
2026-03-03,179.62966918945312,180.4776756968921,176.50697142699124,178.07331350693755,178099400,-0.013316469827987176,-0.06637286857529157,-0.02995524211586953,0.03576429386973593,0.0294137453581193,184.8394760131836,185.4644140625,0.9966304153145746,41.10993025700554,-0.507891052634136,0.43634554540076137,-0.9442365980348975,0.8979396626881571,3.64,330.4293870967742,23.57,4.3,1
2026-03-04,182.6126708984375,184.26879914121503,179.6396322236537,180.01874995283958,177731200,0.01660639760928495,-0.06402133533547616,0.014971711882705518,0.036264226277904404,0.028934281612864477,184.97416076660156,185.64199829101562,0.9964025515208732,42.880328072573626,-0.6481812607570987,0.2194401841691894,-0.8676214449262881,0.9020612617931292,3.64,330.4975806451613,21.15,4.3,1
2026-03-05,182.91197204589844,183.63029235671348,177.46472744924466,180.74703993972412,198779700,0.0016389944136319112,-0.008383473971979027,0.05252871482174215,0.02771326946096889,0.02772153537685227,185.43059158325195,185.68888793945314,0.9986089832349828,46.12233507321403,-0.7268326854348004,0.03018561024839142,-0.7570182956831918,1.0110039796325978,3.64,330.5657741935484,23.75,4.3,0
2026-03-06,177.40489196777344,182.3333469017365,176.40722643712078,179.4201653790109,189021900,-0.030107816435017698,0.003555566297215984,0.03455907889914167,0.02371290575924381,0.028484676982312003,185.72689895629884,185.5717623901367,1.000835992309196,44.78143312409588,-1.2194824097428807,-0.21974799374986304,-0.9997344159930177,0.9656212754133952,3.64,330.63396774193546,29.49,4.3,1
2026-03-09,182.2235870361328,182.4829897940845,175.1501427003192,176.4171820751478,177213600,0.027162131860685834,0.0009315997113423791,-0.014886084444805214,0.02290885464364899,0.02298659186165411,185.58921966552734,185.44086822509766,1.0007999932369256,47.70204740154972,-1.2071669756451229,-0.41723179012891504,-0.7899351855162078,0.9179913321746396,3.64,330.83854838709675,25.5,4.3,1
2026-03-10,184.3386383056641,186.00473767957752,181.58507208744064,181.97416098047236,179118500,0.011606901740507825,0.026214873842719477,-0.0277309717163694,0.02186691454201128,0.02239391547874565,185.32633514404296,185.36424743652344,0.9997954713867168,46.76345905034493,-1.0150392040600877,-0.5367932729151497,-0.4782459311449381,0.9320277238942569,3.64,330.90674193548386,24.93,4.3,1
2026-03-11,185.60574340820312,187.1921136401388,184.02934488988055,185.4860219488843,145280400,0.006873790075621278,0.016390278369184275,-0.013259500530204749,0.021035257378003012,0.022403794608985513,185.20162963867188,185.274658203125,0.9996058361938898,48.16863475280909,-0.7518647400338239,-0.5798075663388845,-0.17205717369493934,0.7542829569357692,3.64,330.974935483871,24.23,4.3,0
2026-03-12,182.72235107421875,184.51824924312825,181.33552155955925,183.63027948516628,155762700,-0.015535038307747384,-0.0010366788437013996,-0.03630665924139953,0.022735262209520078,0.022555348480396253,184.85743103027343,185.17349334716798,0.9982931557255769,43.55548685769141,-0.7671198647751964,-0.617270026026147,-0.14984983874904945,0.80628443721755,3.64,331.04312903225804,27.29,4.3,0
2026-03-13,179.83892822265625,185.6656060713691,179.5296376335348,184.49827615888316,160988400,-0.015780351087926303,0.013720231882472289,-0.03573474238382213,0.01850035395810125,0.022535609774616747,184.52419815063476,185.02822845458985,0.9972759275264921,39.33076296918106,-1.0003464165943399,-0.6938853041397857,-0.3064611124545542,0.8396244073767309,3.64,331.11132258064515,27.19,4.3,1
2026-03-16,182.8021697998047,188.4492658789173,180.9962999229416,182.55273992235968,217307400,0.01647719771483347,0.0031751255316752047,0.0022970605639729413,0.01533925142229509,0.02233666142687557,184.54514541625977,184.96297973632812,0.9977409840571124,41.187239255826874,-0.9352898693684892,-0.7421662171855263,-0.1931236521829629,1.1172067840778623,3.64,331.31590322580644,23.51,4.3,0
2026-03-17,181.5150909423828,184.97717862722425,181.26566108165355,184.6379576703901,182497800,-0.007040829213523114,-0.015317175982386133,-0.016381903132275055,0.01426223874298926,0.022225154559597757,184.39399108886718,184.82509887695312,0.9976674824431018,37.18959259680162,-0.976334023337813,-0.7889997784159837,-0.18733424492182937,0.9333942067128935,3.64,331.38409677419355,22.37,4.3,0
2026-03-18,179.98858642578125,182.9618014097589,179.91875397930713,182.0638447517288,156683100,-0.008409793966310586,-0.03026391791157046,-0.04027143784208809,0.01321618694680967,0.02192289096088977,184.01636352539063,184.67125427246094,0.9964537483126416,44.91119449656035,-1.1191372504405308,-0.8550272728208932,-0.2641099776196376,0.8030200089120747,3.64,331.45229032258067,25.09,4.3,0
2026-03-19,178.1527862548828,179.56954607641802,175.38909905828712,177.60403750119184,170968500,-0.01019953657814543,-0.025008242245525003,-0.04965582909105748,0.012453035922288263,0.021998940331931293,183.550936126709,184.4982522583008,0.9948654465828459,51.807690550375106,-1.3647120174964869,-0.9569642217560119,-0.4077477957404749,0.8663739151513161,3.64,331.5204838709677,24.06,4.3,0
2026-03-20,172.30613708496094,177.85345450506617,171.32837633709812,177.59405294207926,241323500,-0.03281817417975763,-0.041886321344003274,-0.0901415534378287,0.017465737557767803,0.022799207680585427,182.69739990234376,184.1710046386719,0.991998714785646,37.38653339404104,-2.0079609907962777,-1.1671635755640652,-0.8407974152322124,1.2037101487848862,3.64,331.58867741935484,26.78,4.3,1
2026-03-23,175.23944091796875,177.96321071223454,174.36144294367455,176.85574153065542,182836300,0.017023791970691482,-0.04137111113132974,-0.08300962447323623,0.01766097742737784,0.023113544236223374,181.90423126220702,183.9836331176758,0.9886978976323465,44.39301401951117,-2.2550524904259532,-1.3847413585364428,-0.8703111318895105,0.9094268346232228,3.64,331.7932580645161,26.15,4.3,0
2026-03-24,174.80044555664062,175.81812366395545,173.58322660302642,174.4312942297872,147667800,-0.0025051173356209766,-0.03699221563827759,-0.0914728101810175,0.017856514887250634,0.022976883777882737,181.02426376342774,183.79107330322265,0.9849458981327665,39.329199920299665,-2.457963665792505,-1.5993858199876554,-0.8585778458048496,0.7395487168135277,3.64,331.86145161290324,26.95,4.3,1
2026-03-25,178.2725067138672,180.8067226806179,176.44669348987364,176.69612335614488,162602100,0.019862999468737152,-0.009534380740423787,-0.08626678554390232,0.02154513129981658,0.023259236049937758,180.1827163696289,183.66635833740236,0.9810327705122031,44.16835832071306,-2.311955136334632,-1.7418996832570506,-0.5700554530775812,0.8326992575962342,3.64,331.9296451612903,25.33,4.3,0
2026-03-26,170.8494873046875,176.10745794358192,170.74970926821888,175.66847416549638,186152200,-0.04163861015929882,-0.04099458169431325,-0.07377754894999144,0.028196752358379804,0.021929251051362387,179.5022720336914,183.37582397460938,0.9788764306168609,42.138731898763,-2.7633636187015327,-1.946192470345947,-0.8171711483555857,0.9979301035285968,3.64,331.9978387096774,27.44,4.3,0
2026-03-27,167.13795471191406,170.58008352629554,166.62910808502988,169.61229451028825,196212700,-0.021723990228629808,-0.029994186280773882,-0.05452311415886546,0.026116808015223734,0.020516795985573547,179.02035217285157,183.06433380126953,0.977909505666964,31.415756864868115,-3.3816165838688903,-2.233277293050536,-1.1483392908183543,1.0854446017216903,3.64,332.0660322580645,31.05,4.3,0
2026-03-30,164.79331970214844,169.0635577295173,163.89537828689438,168.3950875250076,185627000,-0.014028142284060685,-0.05961056004915155,-0.09481070044731876,0.022817317300998945,0.01916545054570742,178.15731887817384,182.62793365478515,0.9755206408617536,26.05722839094024,-4.014502280048333,-2.5895222904500956,-1.4249799895982376,1.0335941052723951,3.64,332.2706129032258,30.61,4.3,1
2026-03-31,174.0022735595703,174.22177306603788,166.57925331681818,166.58922503111532,226181300,0.055881839591958915,-0.004566189717243541,-0.03132776258663417,0.03846840043376669,0.02333766330197532,177.87594909667968,182.39207427978516,0.975239465854323,38.1011021007103,-3.7299861812487336,-2.8176150686098236,-0.91237111263891,1.2427693839494383,3.64,332.33880645161287,25.25,4.3,1
2026-04-01,175.3491973876953,176.96549806235143,174.3514779146501,175.5986272559566,168132000,0.007740840395765725,-0.016397981831623,-0.0397752985869303,0.03724004256036812,0.023061556776443688,177.51277542114258,182.34597198486327,0.9734943606863885,42.19311485357941,-3.357120827737674,-2.925516220435394,-0.4316046073022801,0.9262560383525928,3.64,332.407,24.54,4.3,1
2026-04-02,176.98544311523438,177.0852211444685,170.9791680862979,171.7873183615289,143143200,0.009331355671513775,0.035914394051439036,-0.03240098974591399,0.030255987063442864,0.0231853224029899,177.21644897460936,182.2278402709961,0.9724993102649181,46.89669546839146,-2.8962053408499457,-2.9196540445183046,0.023448703668358828,0.8008637542673267,3.639666666666667,332.4594,23.87,4.3,1
2026-04-06,177.23487854003906,177.3845303646084,175.35916114415525,176.75597747742694,107564300,0.0014093555967893412,0.060410717873917275,-0.0009583356233787699,0.026174803773479666,0.022180082115246975,177.20794830322265,182.08436828613281,0.9732188983117583,43.56548232517225,-2.482186046969474,-2.8321604450085385,0.3499743980390644,0.6158385793362011,3.6383333333333336,332.669,24.17,4.3,1
2026-04-07,177.69383239746094,177.8235255680002,173.26395579650787,175.32922705160684,132534900,0.0025895233556876285,0.07828298330678218,-0.024858223418539493,0.022880758869860063,0.02126891380886748,176.98146057128906,181.89360748291017,0.9729943950224714,45.49730481968004,-2.09291323211815,-2.684311002430461,0.591397770312311,0.7686337126010643,3.638,332.7214,25.78,4.3,1
2026-04-08,181.66476440429688,184.837505037226,179.8888249511496,184.079243714486,147732700,0.02234704465123949,0.044036728302307315,-0.014505227585187463,0.008337423232036258,0.02173560921862927,176.8477668762207,181.80620910644532,0.9727267717940177,51.867506174585735,-1.4473070406537545,-2.4369102100751197,0.9896031694213652,0.8646422421549256,3.6376666666666666,332.7738,21.04,4.3,1
2026-04-09,183.49058532714844,183.6601958045732,180.20807985372045,181.42529878487736,116428500,0.010050495641456214,0.046429570598219394,-0.011395973218365385,0.008336112712070314,0.02180388439465558,176.74200897216798,181.71442291259766,0.9726361074661567,55.948407616018585,-0.779347164143303,-2.1053976008887565,1.3260504367454535,0.6872290271148191,3.637333333333333,332.8262,19.49,4.3,1
2026-04-10,188.1998291015625,189.56669990817065,183.87970195572368,183.88967366981893,160459500,0.025664770571296014,0.0633633240617788,0.02997705532542594,0.011151871747395221,0.022235517084882656,177.01588287353516,181.65696197509766,0.974451410773903,68.17250330001853,0.1285308426388383,-1.6586119121832374,1.7871427548220757,0.9458146598310331,3.637,332.8786,19.23,4.3,1
2026-04-13,188.87826538085935,189.2274732756209,185.3164148846483,185.605746824658,133648200,0.0036048719201053903,0.06569466990206396,0.05026351773522375,0.0106418888330948,0.021852095874050046,177.4678497314453,181.59331573486327,0.9772818399910634,66.44214857485949,0.8924868093478153,-1.148392167877027,2.0408789772248426,0.7941770263151562,3.636,333.0358,19.12,4.3,1
2026-04-14,196.0618438720703,196.0618438720703,190.33494396561244,190.4047764107204,161307000,0.03803284870668322,0.10336887457930599,0.07253564925835909,0.01351440659272547,0.023066213444059885,178.1308334350586,181.70087646484376,0.9803520869065488,72.0463487114933,2.0539060155058735,-0.5079325312004469,2.5618385467063205,0.9747522330254084,3.635666666666667,333.0882,18.36,4.3,1
2026-04-15,198.41647338867188,199.94298301571828,195.2936216855987,196.09178511161636,185338400,0.012009626504063453,0.09221220768543703,0.09311282251266895,0.013840894023413297,0.022989989667655423,178.97590255737305,181.9656723022461,0.9835695947095613,71.3831907036803,3.128277195267401,0.21930941409312277,2.9089677811742782,1.1190097083111248,3.6353333333333335,333.1406,18.17,4.3,0
2026-04-16,197.8976593017578,199.39423847906176,195.36344336942167,196.97974400923292,134012900,-0.0026147732496876186,0.07851669309857368,0.09950115855463659,0.016528345118958634,0.02285202052910298,179.87135620117186,182.3252459716797,0.9865411410392997,83.64356548392914,3.892984235779494,0.954044378430397,2.938939857349097,0.8146995339941694,3.635,333.193,17.94,4.3,1
2026-04-17,201.2200469970703,201.2400056483541,198.8155547450397,199.44410763257105,160324400,0.01678841329925218,0.0691829421825958,0.12948021317603886,0.015592260988239378,0.022703522307561563,181.02471923828125,182.8739797973633,0.989887787419888,92.80702911010755,4.712782967022974,1.7057920961489126,3.006990870874062,0.9778176814677377,3.6346666666666665,333.2454,17.48,4.3,1
2026-04-20,201.59918212890625,201.70893187328167,197.3888049886708,199.52392392325544,119381400,0.00188418170800575,0.0673498177378753,0.17000581371922618,0.015883299866646206,0.02079866195059519,182.4893714904785,183.47638854980468,0.9946204682404775,98.62905329640488,5.331612889858519,2.430956254890834,2.900656634967685,0.756227783931444,3.6336666666666666,333.4026,18.87,4.3,0
2026-04-21,199.42417907714844,202.28762917830335,198.54618104306965,201.66904795828867,107945300,-0.010788749382758311,0.017149360317513018,0.13800967426334565,0.011103552989744941,0.021097235389756896,183.6986083984375,183.7653286743164,0.9996369267458654,91.25654859954813,5.5821875102890886,3.061202505970485,2.5209850043186037,0.7003986963646914,3.633333333333333,333.455,19.5,4.3,1
2026-04-22,202.03819274902344,202.03819274902344,198.54617460274403,200.53164182940824,107501000,0.013107807107300529,0.01825311829455356,0.15582195517663577,0.011323733720252596,0.021027637382726595,185.06049575805665,184.01416595458986,1.005686137249482,91.60193209505968,5.923417292026244,3.6336454631816366,2.289771828844607,0.7067252333732931,3.633,333.5074,18.92,4.3,0
2026-04-23,199.1847076416016,203.3651545152774,196.7702284327844,201.99828375930824,113561800,-0.014123493526625008,0.006503605673684465,0.11730468883403944,0.013817121891376028,0.021344772865555153,186.10610580444336,184.23586303710937,1.0101513502121857,83.33836706391133,5.895630790037075,4.086042528552724,1.8095882614843504,0.7588014748284998,3.6326666666666663,333.5598,19.31,4.3,1
2026-04-24,207.79502868652344,210.46890943516505,199.3543156614425,199.5039827094276,214134400,0.04322782178848095,0.032675579732614146,0.21624613550023963,0.023119259795378384,0.01980260630733568,187.95338287353516,184.5996371459961,1.0181676723713529,86.68266733482649,6.493537280209807,4.5675414788841415,1.9259958013256657,1.4175590000552434,3.632333333333333,333.6122,18.71,4.3,1
2026-04-27,216.1160125732422,216.33551207209095,206.90706623150768,209.17187844164343,187172400,0.040044191332756496,0.07200837965232232,0.2930397104939375,0.027103245674180862,0.01940398553929034,190.40228576660155,185.19188568115234,1.0281351424566194,88.79712751284082,7.5517643015909925,5.164386043425512,2.38737825816548,1.2427907342397437,3.631333333333333,333.7694,18.02,4.3,0
2026-04-28,212.6838531494141,214.2402930542568,207.72518626919629,209.0122528840405,180275400,-0.015881097300298075,0.06648980145549999,0.2906096772237139,0.028348476804177902,0.019544287470511658,192.79681243896485,185.79789825439454,1.037669501379329,81.6663411035438,8.021009058873858,5.735710646515182,2.285298412358676,1.1991263741033178,3.631,333.8218,17.83,4.3,0
2026-04-29,208.77279663085935,212.23488436877423,207.10660696252424,212.2149257168926,123711800,-0.018389061795900274,0.03333332074595319,0.19982798132453827,0.031696694403562126,0.01796267498477094,194.53533859252929,186.28259063720702,1.0443023039731867,74.75578077389352,7.985250339494257,6.185618585110997,1.7996317543832605,0.8519188468033452,3.6306666666666665,333.8742,18.81,4.3,0
2026-04-30,199.1148834228516,209.82040915320692,198.24685712515333,209.4512425942353,225239200,-0.04626040060709802,-0.0003505500978300269,0.13553347485595046,0.03937343721415086,0.02184805285031985,195.7236228942871,186.51406555175782,1.0493772805567505,59.743510741672765,7.095802422082301,6.367655352505258,0.7281470695770427,1.52115843744651,3.630333333333333,333.9266,16.89,4.3,0
2026-05-01,197.99742126464844,202.5370477944956,196.67045257290908,200.8209691272831,128647000,-0.005612147816344004,-0.047150345625715295,0.11872150488519706,0.03138634389828089,0.02200475258603673,196.77422180175782,186.72478729248047,1.053819499033817,58.077062490252274,6.228935392434721,6.339911360491151,-0.11097596805642951,0.8730944726876751,3.63,333.979,16.99,4.3,1
2026-05-04,198.02734375,201.2699318245734,194.2958829090753,199.04502180842945,125368100,0.00015112563163932613,-0.08369888287251226,0.11731587699462742,0.01790949552941865,0.022019923704326972,197.81384506225587,186.89779693603515,1.0584065104307072,51.9935172887261,5.481168027383518,6.168162693869624,-0.6869946664861057,0.84573192859788,3.63,333.84245161290323,18.29,4.290322580645161,0
2026-05-05,196.05186462402344,199.7833407086998,195.58293528206715,198.8454820247872,113406600,-0.009975789648880573,-0.07820052288457646,0.10331271479079662,0.018210267811257945,0.022293647833310233,198.73174667358398,186.99677795410156,1.0627549246990917,47.5830960364004,4.675258873463406,5.869581929788381,-1.1943230563249747,0.7700078354261752,3.63,333.7969354838709,17.38,4.287096774193548,1
2026-05-06,207.3560333251953,207.7950323152332,198.15705885791613,199.43413852494055,188362800,0.05765907262779835,-0.00678614900277974,0.14142130976881262,0.037391066537292725,0.0249645012032268,200.0163101196289,187.29590270996093,1.067916100809564,57.921123062988286,4.892326311671184,5.674130806164942,-0.7818044944937581,1.2615441275528334,3.63,333.7514193548387,17.39,4.283870967741936,1
2026-05-07,211.0176696777344,213.7115092245668,206.02907228582572,207.86487247229027,168307900,0.017658692123978748,0.05977848591863122,0.15001905575431818,0.02761470523352015,0.025072304524807024,201.3926643371582,187.61418701171874,1.073440487336807,58.158873747414546,5.298736733698377,5.5990519916716295,-0.30031525797325287,1.1079792982830912,3.63,333.7059032258064,17.08,4.280645161290322,1
2026-05-08,214.709228515625,217.30330524675068,212.40449895841252,212.5441790763045,136421400,0.017494074517685254,0.08440416619688773,0.14085772309472522,0.02580990930759066,0.024822802026499242,202.71813430786133,188.2192041015625,1.077032151291402,60.34647031678856,5.851248319406693,5.649491257218642,0.2017570621880509,0.9052312499713842,3.63,333.6603870967742,17.19,4.27741935483871,1
2026-05-11,218.93955993652344,221.79303819063415,213.402213909002,213.55186573785767,160685800,0.019702606404692125,0.10560266976526278,0.15915698132364597,0.0241211245043664,0.024970849117003206,204.22119903564453,189.06246826171875,1.0801784241647665,64.91762275406359,6.5549092099403765,5.83057484776299,0.7243343621773866,1.0567593029507367,3.63,333.5238387096774,18.38,4.267741935483871,1
2026-05-12,220.2765045166016,223.23973257586303,214.42986778297356,218.0515943496244,159176600,0.00610645504387497,0.12356240497398341,0.12350521736565567,0.0197087454063374,0.023928822897538633,205.4319320678711,189.8269186401367,1.0822065360356898,64.21903818371814,7.13816150708908,6.092092179628208,1.046069327460872,1.0475678210670138,3.63,333.4783225806452,17.99,4.264516129032258,1
2026-05-13,225.3149871826172,227.32039781394545,221.0647077692387,224.41703053540263,150405400,0.02287344570440042,0.08660926605042141,0.13556593026051145,0.006341873442620989,0.024191670559240198,206.77685775756837,190.740625,1.084073504307582,69.7006196614824,7.9157092288439515,6.456815589471358,1.4588936393725938,1.0013536430387648,3.63,333.43280645161286,17.87,4.2612903225806456,1
2026-05-14,235.202392578125,236.0005559723521,228.7770767762568,229.32582552778115,180782900,0.043882590852662995,0.11460994208364372,0.18850517690805169,0.013764048664931472,0.025455417781496865,208.64209442138673,191.79241943359375,1.087853706823001,70.27306696548192,9.223430418705561,7.010138555318199,2.2132918633873624,1.18514627386365,3.63,333.3872903225806,17.26,4.258064516129032,0
2026-05-15,224.80616760253903,230.9720668751014,223.7286287034134,229.23602944473367,180977600,-0.04420118716323329,0.047026106687255265,0.11721556056396376,0.033016242831825936,0.027996768450977105,209.82140045166017,192.63030334472657,1.0892439912539038,56.23658820020051,9.313559496257483,7.470822743506056,1.842736752751427,1.1784448905291052,3.63,333.3417741935484,18.43,4.254838709677419,0
2026-05-18,221.81300354003903,229.4754818886306,217.8719993892805,229.34577348371204,146280900,-0.013314421461033787,0.01312436913798809,0.10026737806013375,0.03380117784041908,0.028316752043698563,210.83209152221679,193.51846557617188,1.089467565250149,56.59318183220733,9.039265093384955,7.784511213481836,1.2547538799031193,0.9442459687519638,3.63,333.2052258064516,17.82,4.245161290322581,0
2026-05-19,220.1068878173828,223.96805720569677,217.4130483552105,219.1191400841904,140948200,-0.007691684867105919,-0.0007700172090119306,0.10371214180720356,0.03405355105893428,0.02823324287183872,211.86622695922853,194.27613159179688,1.0905417213288509,58.45489382423308,8.585250103647468,7.944658991514963,0.6405911121325047,0.9002342491164882,3.63,333.15970967741936,18.06,4.241935483870968,1
2026-05-20,222.9603729248047,225.61431038954527,219.9971448577806,222.6710257508039,184201600,0.012964088201498525,-0.010450322400897827,0.10355556982125291,0.03267242786227027,0.028231175388452413,212.91233596801757,195.04856628417969,1.091586265021866,69.79786324591419,8.359331187452057,8.027593430702382,0.3317377567496749,1.1483647571288862,3.63,333.1141935483871,17.44,4.238709677419354,0
2026-05-21,219.0093994140625,226.8814055684356,217.43300079554024,221.78305837384477,203381800,-0.017720518937572316,-0.06884705970277838,0.09952918578534664,0.02057474552901174,0.028372637427629927,213.90357055664063,195.71663940429687,1.092924808067926,66.66139132147639,7.771888780032327,7.976452500568371,-0.20456372053604355,1.233406424560593,3.63,333.0686774193548,16.76,4.235483870967742,0
2026-05-22,214.83892822265625,220.50596731800164,214.3101381389001,220.39621757095847,169275700,-0.019042430153974776,-0.044337037040305005,0.033898306329354755,0.013034927482867347,0.027371558002145035,214.25576553344726,196.35897094726562,1.091143249019104,62.50928178617217,6.89038618595842,7.759239237646382,-0.868853051687962,1.040726626146689,3.63,333.02316129032255,16.7,4.232258064516129,0
2026-05-26,214.37001037597656,217.6824311685512,211.5165320236786,216.04617181279932,187202600,-0.0021826484173934624,-0.03355526071634907,-0.008079004311047577,0.013056106708237893,0.025871860755808794,214.168465423584,197.04959259033203,1.08687596156995,63.942897786135916,6.08382077906046,7.424155545929198,-1.3403347668687378,1.150932600583088,3.63,332.84109677419355,17.01,4.219354838709678,0
2026-05-27,212.1151580810547,213.66161102691768,208.30386252985457,213.63168066177133,167601200,-0.010518506254522997,-0.03630840368320809,-0.0026738986525690622,0.013168629590980372,0.025726963518428913,214.14003067016603,197.63585235595704,1.0835080179910055,54.20116293228764,5.202690766892374,6.979862590121834,-1.7771718232294598,1.034452355678342,3.63,332.7955806451613,16.29,4.216129032258064,1
2026-05-28,213.76138305664065,215.02849096688144,210.7382944698381,210.79815519844968,143996000,0.007760996387428776,-0.04125840725637142,0.023894810560984414,0.01122983857284406,0.02539599024319346,214.38945999145508,198.2807781982422,1.081241772095061,52.511401111870285,4.584379607070787,6.500765993511625,-1.9163863864408386,0.8832297099248918,3.63,332.75006451612904,15.74,4.212903225806452,0
2026-05-29,210.6584930419922,217.3631692496548,210.64852132770383,214.0906505321041,289410600,-0.014515671494445215,-0.038130356023131085,0.05797461957992334,0.010636395705282497,0.023147212904877073,214.9666404724121,198.8941763305664,1.080809123918907,46.25185134984406,3.8001801546793956,5.96064882574518,-2.160468671065784,1.7408990451783148,3.63,332.70454838709674,15.32,4.209677419354839,1
2026-06-01,223.8483428955078,224.3571743491113,215.20808855445492,215.23801892090276,212850700,0.06261247606516585,0.041935671283531706,0.1305619106842122,0.03136145582987462,0.02657337361873441,216.2591865539551,199.8080874633789,1.0823345005671572,53.89610672722772,4.194653732662573,5.607449807128658,-1.412796074466085,1.2487411428258313,3.63,332.568,16.05,4.2,0
2026-06-02,222.3118438720703,231.75026086454596,220.84519513709748,226.6618858382332,193362900,-0.006864017859425142,0.03704731591030308,0.12263205505967067,0.03183136924570117,0.026707340963354406,217.4734115600586,200.8082015991211,1.0829906837879395,51.610350049642825,4.333342183826318,5.35262828246819,-1.0192860986418726,1.1122273226025177,3.63,332.57616666666667,15.77,4.196666666666667,0
2026-06-03,214.26025390625,222.31185725112732,214.02079575535723,221.2143597561905,160907000,-0.0362175484022057,0.010112883230983583,0.09287536906188332,0.037139732974631884,0.028146305731547416,218.38383102416992,201.58861785888672,1.0833142929579485,41.651596166995965,3.7503263328056846,5.032167892535689,-1.2818415597300046,0.9130667733170029,3.63,332.5843333333333,16.06,4.193333333333333,1
2026-06-04,218.4156036376953,221.35231998810903,210.73419644349,213.67091279390368,169022200,0.019393936372648524,0.021772971874070457,0.05333613946576299,0.037903877234670445,0.025546111546748806,218.93680953979492,202.4609210205078,1.0813781170027288,36.12125463144603,3.582289660778798,4.742192246184311,-1.1599025854055132,0.9644085827937301,3.63,332.5925,15.4,4.19,0
2026-06-05,204.87075805664065,214.6298267834636,204.101614447126,214.2902104723603,219655500,-0.06201409311178452,-0.027474491542089474,-0.02912984315712186,0.04846235023227927,0.02909109580143336,218.62946395874025,202.99288604736327,1.077030176849294,34.333722725837106,2.3293126815194114,4.259616333251332,-1.9303036517319203,1.2352178936724743,3.63,332.60066666666665,21.51,4.1866666666666665,1
2026-06-08,208.40679931640625,210.2347557268212,205.76975069388217,209.9450713288228,138372800,0.017259863209897475,-0.06898216613696206,-0.02935332236434407,0.0351487670823666,0.029083273694837743,218.3143424987793,203.74403228759766,1.0715128195294314,39.55384143089198,1.6031680526049854,3.728326677122063,-2.1251586245170775,0.7777034018285243,3.63,332.62516666666664,18.92,4.176666666666667,0
2026-06-09,207.95730590820312,211.16370951624515,199.11719156565087,210.3845825512031,180962500,-0.0021568077897530236,-0.06456938017268898,-0.05016112223622071,0.035439091790066816,0.0286686831113158,217.76522979736328,204.56041931152345,1.064552128560757,40.34390767619532,0.9801245751360739,3.1786862567248653,-2.1985616815887914,1.0113098206489501,3.63,332.6333333333333,19.87,4.173333333333334,0
2026-06-10,200.19598388671875,206.98838641050185,199.696542748819,204.20149632565037,161746600,-0.03732170883628583,-0.06564105924043706,-0.09116051970204309,0.035624861053623176,0.02963640249021473,216.76120376586914,205.26847259521483,1.0559887791113336,33.216885092427745,-0.13832121177574663,2.515284763024743,-2.6536059748004894,0.9032730080408066,3.63,332.6415,22.22,4.17,1
2026-06-11,204.64100646972656,205.43013200106668,199.31696212361035,201.26479475008583,158643200,0.022203355415576276,-0.0630659940890389,-0.09175590568298242,0.03627903083104806,0.029604366683148375,215.7275047302246,205.88124725341797,1.0478249360160858,39.483469343765954,-0.6584313947655573,1.8805415314666827,-2.53897292623224,0.8839089225557568,3.63,332.64966666666663,19.44,4.166666666666667,1
2026-06-12,204.96066284179688,206.8385664547524,203.21261880599852,204.6310298517525,112001800,0.001562034792462752,0.0004388365914640424,-0.1285774749348394,0.023400935418212518,0.02740349133017965,214.2154182434082,206.4734765625,1.037496059105513,42.337981800958104,-1.032921982586572,1.297848828656032,-2.330770811242604,0.6362290130877589,3.63,332.6578333333333,17.68,4.163333333333333,1
2026-06-15,212.2125396728516,212.47225882321928,208.1071328472061,208.68648640498935,149936700,0.035381798294886524,0.018261114171555404,-0.056019939595043367,0.027692467543565115,0.027418917890822722,213.58573684692382,207.17801849365233,1.0309285627879863,48.48589013922463,-0.7360578015349972,0.8910675026178261,-1.6271253041528233,0.8592950719684058,3.63,332.6823333333333,16.2,4.153333333333333,0
2026-06-16,207.1781768798828,211.2536184019877,207.05830064217733,210.9439520928381,125694100,-0.02372321070531358,-0.003746581659719306,-0.06597821780775137,0.030423186038749675,0.027731571580842433,212.853995513916,207.77688446044922,1.0244353988974804,46.665329569122036,-0.8966853719275889,0.533516927708743,-1.430202299636332,0.7246342263000553,3.63,332.6905,16.41,4.15,0
2026-06-17,204.42124938964844,208.9761653200819,202.8530121596522,208.29691745433288,128363500,-0.013307036154839746,0.02110564568228579,-0.07126373274037823,0.024440420980684233,0.027809446919953077,212.0697135925293,208.31143280029298,1.0180416443865534,43.78449237880258,-1.232240386448467,0.18036546487730104,-1.412605851325768,0.7427177486244387,3.63,332.69866666666667,18.44,4.1466666666666665,1
2026-06-18,210.4545135498047,211.1537281092123,206.26919428756835,207.09826842291383,241272000,0.02951387968799768,0.02840831942906874,-0.05609005407977907,0.025942501252131912,0.028555775816855908,211.4444206237793,208.88722778320312,1.0122419779692333,49.869354630639506,-0.999810958992839,-0.05566981989672698,-0.9441411390961121,1.37333743845519,3.63,332.7068333333333,16.4,4.1433333333333335,0
2026-06-22,208.41677856445312,213.7508214450341,207.48782537372824,211.2036686200953,122041400,-0.009682543514892727,0.016862336775930187,-0.04836605587682019,0.026881391569162267,0.028386268817813986,210.91478958129883,209.3857516479492,1.0073024927499388,38.46910399005763,-0.968868631937454,-0.23830958230487237,-0.7305590496325816,0.711130870994217,3.63,332.7395,17.28,4.13,0
2026-06-23,199.81640625,203.5422481594977,199.77645766483005,201.94403040148532,153496200,-0.041265258841880814,-0.05841376500164208,-0.06992458069371443,0.02609549024302993,0.02949783183003401,210.163663482666,209.61808319091796,1.0026027348568547,34.79583095874706,-1.6196544163725264,-0.5145785491184032,-1.1050758672541232,0.8985477849736554,3.63,332.74766666666665,19.49,4.126666666666666,0
2026-06-24,198.77757263183597,201.44458647582783,196.36027935647692,199.89631590195677,151810700,-0.0051989405557835155,-0.040547727441956005,-0.07273609641942702,0.02526217237335457,0.029500045570110534,209.384041595459,209.8160693359375,0.9979409215802876,38.439739098236934,-2.1939416367791864,-0.8504511666505599,-1.3434904701286265,0.8979832764473222,3.63,332.7558333333333,18.63,4.123333333333333,0
2026-06-25,195.52122497558597,200.5755669254449,191.9152592982058,199.8563704571445,149550000,-0.016381866490950747,-0.04353766763795719,-0.07823077452639071,0.025460672951500445,0.029603935833868958,208.55434494018556,209.80525695800782,0.9940377470233139,32.67312714852828,-2.8786452078325055,-1.2560899748869492,-1.6225552329455564,0.8893589847736746,3.63,332.764,18.89,4.12,0
2026-06-26,192.31480407714844,195.33143282930595,191.0062707295152,192.90414096411192,179304100,-0.01639934947644639,-0.08619301704053706,-0.10032952946327767,0.013957704485111433,0.029606820019118563,207.48201599121094,209.68322357177735,0.989502223673069,38.73454377385054,-3.638071664711674,-1.7324863128518944,-1.9055853518597798,1.0552251799337014,3.63,332.77216666666664,18.41,4.116666666666666,1
2026-06-29,194.7520751953125,195.96071419295149,189.58785574691487,193.6333319429392,148835700,0.012673341139074923,-0.06556431523057438,-0.07550807763306722,0.019630334596265096,0.02976373667561467,206.68669509887695,209.62031188964843,0.9860050929018948,37.502290400429054,-3.9971782107923843,-2.1854246924399927,-1.8117535183523916,0.9137107723497877,3.63,332.7966666666667,17.65,4.1066666666666665,1
2026-06-30,199.8663482666016,200.4057532237791,194.8919188665145,197.0195429632178,166476700,0.02626042914387483,0.00024993951967644534,-0.10713501077870835,0.01880408888039929,0.026438328216570602,205.48759536743165,209.59323791503905,0.9804113787808761,43.17721818351667,-3.8250014054731025,-2.513340035046615,-1.3116613704264877,1.0367678756013317,3.63,332.8048333333333,16.45,4.103333333333333,0
2026-07-01,197.35916137695312,199.62662840490705,193.23377271109229,195.9806989625188,146147600,-0.012544317296997565,-0.007135670468770283,-0.11224180439741327,0.0196004904088608,0.026486320496175823,204.2399612426758,209.5084375,0.9748531547455018,47.37523492631446,-3.8465188009872406,-2.77997578823474,-1.0665430127525006,0.9237452667548669,3.63,332.813,16.59,4.1,0
2026-07-02,194.61224365234372,199.8363939026278,192.1350197738411,196.9196593659626,142068700,-0.01391836946126268,-0.00464901610224544,-0.09170161005458022,0.019151742922831456,0.0255835025434966,203.2575607299805,209.4121987915039,0.9706099353474097,40.41986456376782,-4.038669527059909,-3.0317145359997744,-1.0069549910601348,0.9033420847319357,3.63,332.85551612903225,16.15,4.1,1
2026-07-06,195.33143615722656,197.3292007505161,193.77318221313823,194.20269428466304,108999000,0.003695515201847188,0.015685906732733734,-0.1056891865599513,0.017049117785723805,0.025047582936730137,202.10335235595704,209.27806365966796,0.9657168497345303,40.87121029107178,-4.085818761889044,-3.2425353811776283,-0.8432833807114157,0.7065518178837554,3.63,333.02558064516126,15.57,4.1,1
2026-07-07,196.7098846435547,198.18824142626733,190.92636281467173,192.15498377986225,124154600,0.007056972054506172,0.010052829713258493,-0.03983425204503677,0.016446027345638575,0.021291850122664574,201.69530868530273,209.22856719970704,0.9639950766989965,33.46120737929725,-3.96623530580149,-3.387275366102401,-0.578959939699089,0.8304994662156605,3.63,333.0680967741935,16.13,4.1,1
2026-07-08,203.891845703125,204.9306918075912,194.84197470333905,194.9618356993413,147419100,0.03651042281166639,0.020140946544706884,-0.021664137773291126,0.02037780476420746,0.022594780719707018,201.46956100463868,209.15050354003907,0.9632755245366647,46.64763747109899,-3.2544253305443647,-3.360705358990794,0.10628002844642914,0.983146556355109,3.63,333.1106129032258,16.9,4.1,0
2026-07-09,202.5533447265625,204.36131918975943,198.7376223952696,204.23147485952867,132037400,-0.006564759723208469,0.02631843038534476,-0.02598591647473092,0.019299316094886176,0.02262964877039688,201.19936294555663,208.87925018310546,0.9632328858380305,48.037780283326484,-2.7664269910168855,-3.2418496853960126,0.4754226943791271,0.8951690866617552,3.63,333.15312903225805,15.84,4.1,1
2026-07-10,210.7242126464844,210.7641612313501,201.69430829342892,201.7742207048944,148421000,0.040339338414540515,0.08279010966505873,0.052589610217770755,0.02093688156181399,0.022744911939212402,201.72577438354492,208.84005737304688,0.9659342988170423,50.27113977497012,-1.7007587485897204,-2.9336314980347544,1.232872749445034,1.010810360770443,3.63,333.1956451612903,15.03,4.1,0
2026-07-13,203.3025054931641,210.33464515051216,202.7730991138312,208.3069001369788,121411000,-0.035220001821865354,0.0408079185447725,-0.0065407270988988575,0.031379796645945764,0.023769354143839287,201.6588493347168,208.73065155029298,0.9661199629136775,45.36063980368933,-1.4384966364277432,-2.6346045257133524,1.1961078892856092,0.8374785859606815,3.63,333.32319354838705,17.16,4.1,1
2026-07-14,211.5632781982422,212.31243993744155,203.5722196467825,207.96729575339148,124379600,0.040632911458909016,0.07550913662321745,0.03221406129790716,0.03445582875073371,0.025455496449286352,201.98898010253907,208.97961944580078,0.9665487028744698,60.722116046983004,-0.5576484793552652,-2.2192133164417354,1.6615648370864702,0.8543085660781605,3.63,333.3657096774193,16.5,4.1,1
2026-07-15,212.26248168945312,213.57101502024952,205.80969553973085,211.7230919717581,124797200,0.00330493787563535,0.04105429502323554,0.00023533961130906,0.03244858114512555,0.024214728058516523,201.99147720336913,209.26492065429687,0.9652428919850193,62.38532238665651,0.19460660573383848,-1.7364493320066208,1.9310559377404592,0.8646418535676769,3.63,333.4082258064516,15.67,4.1,0
2026-07-16,207.16818237304688,210.8440771529852,205.61992700554663,209.93509060438328,122986100,-0.023999998849817294,0.0227833198840246,-4.824111779755391e-05,0.03528489152593939,0.02422924882467123,201.99097747802733,209.4477374267578,0.9643979923567422,60.347879748525706,0.37537965734975387,-1.314083534135346,1.6894631914851,0.8528939744066828,3.63,333.45074193548385,16.73,4.1,0
2026-07-17,202.58331298828125,206.4190172896336,197.74872640584337,202.4135048295048,144281900,-0.0221311464542836,-0.03863295800687372,-0.008990926368246055,0.03036544604549646,0.024567574481267035,201.899080657959,209.57836639404297,0.9633584044564714,58.90506017055932,0.1469885684367398,-1.0218691136209288,1.1688576820576686,0.9950853308228933,3.63,333.4932580645161,18.77,4.1,1
2026-07-20,203.05279541015625,207.50781723343968,202.05391309694545,205.639896943356,88701500,0.002317478251045113,-0.0012282685961104711,-0.035170156319297985,0.02613958357241853,0.023570769192415703,201.52899475097655,209.4923016357422,0.9619875917989008,57.4529229373062,0.0038261869201221543,-0.8167300535127187,0.8205562404328408,0.6457312300225729,3.63,333.6208064516129,18.65,4.1,1
2026-07-21,207.0583038330078,208.4167843613107,203.78197113093623,207.308024406286,108685600,0.019726438214064723,-0.021293744375680657,-0.006518067982828946,0.018606669160910264,0.023949420897812622,201.4610710144043,209.41311431884765,0.9620270042288959,56.588583806463916,0.21114606206285202,-0.6111548303976045,0.8223008924604566,0.7950771255668099,3.63,333.6633225806451,17.05,4.1,1
2026-07-22,211.82298278808597,214.15038042761168,204.7209288682105,205.57996827489495,137645600,0.023011291345846452,-0.0020705444403978923,0.06008804163489945,0.022302346621685235,0.022390264673982762,202.0613998413086,209.3553894042969,0.9651597716985327,62.724080636141615,0.7512582904337819,-0.33867220623132727,1.089930496665109,1.0128025945645898,3.63,333.7058387096774,16.64,4.1,0
2026-07-23,208.5266571044922,210.63429930291463,205.72979894313585,209.22588688656515,110505300,-0.015561699869421242,0.006557352175823539,0.04904519329609136,0.020280137279700124,0.022711445248602826,202.5488540649414,209.14713134765626,0.9684515047364105,62.12356451502684,0.9029070382960072,-0.09035635732586039,0.9932633956218675,0.8256498963298708,3.63,333.74835483870964,18.7,4.1,0
2026-07-24,206.6088104248047,211.6731509810223,204.5810805834776,207.21812923496967,114836800,-0.009197129548412897,0.01987082438895804,0.05670783543118252,0.017090843301616986,0.022450043878655693,203.10323333740234,208.87377746582033,0.972373056118247,59.62488331485818,0.858440002619858,0.09940291466328328,0.7590370879565747,0.869286091016048,3.63,333.7908709677419,18.58,4.1,0
2026-07-27,196.2903594970703,208.51668459839084,195.22156333884288,207.96729627325772,154353700,-0.049941969592287916,-0.033303830658554356,0.020672123703628476,0.029729103391265464,0.025074962488848034,203.30201110839843,208.29328491210939,0.9760372793303583,49.689353270886116,-0.009305925579496943,0.07766114661472724,-0.08696707219422418,1.1795582826333484,3.63,333.9184193548387,18.67,4.1,1
2026-07-28,196.789794921875,198.4779084345641,192.52457850774027,194.78204700134697,134111500,0.002544370625660486,-0.04959235500844417,0.010463147694415698,0.026804376852897396,0.024935540460210088,203.40389709472657,207.52503295898438,0.9801415000132908,44.163524637239185,-0.6492167935509485,-0.0677144414184079,-0.5815023521325406,1.0306676489831637,3.63,333.96093548387097,18.21,4.1,0
2026-07-29,189.7976226806641,196.84974460884013,189.7976226806641,195.63110696844683,147680800,-0.03553117296548214,-0.10398003001145872,-0.050377292992349276,0.02103906009542798,0.02543995478599686,202.90046081542968,206.82486206054688,0.9810254859787197,40.40859991505001,-1.7009531020177633,-0.394362173538279,-1.3065909284794843,1.1432065966255152,3.63,334.0034516129032,20.66,4.1,1
2026-07-30,194.82199096679688,197.02952748682716,191.3059363552755,193.23377181769484,129010200,0.02647224035353868,-0.06572141100803208,-0.01285559987413143,0.030357966245827515,0.02609834787329455,202.7736022949219,206.28504180908203,0.9829777307973208,37.448743246055514,-2.1047746416433597,-0.7364446671592952,-1.3683299744840645,1.005344816528557,3.63,334.04596774193544,17.09,4.1,1
2026-07-31,200.52561950683597,201.77422236802423,194.73209918257555,198.2182038580375,139961200,0.029276102311320384,-0.029443037329633603,0.03038542562129809,0.03596266442363797,0.02669448164522963,203.06927108764648,205.8934164428711,0.9862834596461796,47.7471693852914,-1.9421826920974183,-0.9775922721469199,-0.9645904199504984,1.0915796342280282,3.63,334.0884838709677,15.99,4.1,1
2026-08-03,206.40904235839844,208.50670133078404,196.62999113475112,197.46904862701152,128406900,0.029340005860756913,0.05154956609817174,0.056711845359367796,0.028038943770144646,0.027395149930082897,203.62315139770507,205.56238983154296,0.9905661807326376,45.650704950750026,-1.3233298239000248,-1.0467397824975408,-0.276590041402484,0.9939433862001783,3.637741935483871,334.131,15.86,4.106451612903226,1
2026-08-04,211.7031097412109,212.8218530009649,208.8163406042335,211.06382570110384,134922000,0.02564842761888375,0.07578296844740584,0.0762199882574508,0.028318876926477183,0.02784748625037504,204.3728126525879,205.41626403808593,0.9949203078423013,49.56195411553301,-0.40107414079849946,-0.9176066541577327,0.5165325133592332,1.0400398619508613,3.6416129032258064,334.131,16.5,4.109677419354838,1
2026-08-05,218.9749755859375,221.9716224388697,216.15812022814887,216.6176127852948,158187400,0.034349357709557715,0.15372875852277934,0.07397613097668532,0.0034069262842211646,0.027718795323285757,205.12696914672853,205.49898498535157,0.9981896950067682,58.94100143098546,0.9061533608210084,-0.5528546511619845,1.459008011982993,1.214340165999398,3.645483870967742,334.131,15.81,4.112903225806451,0
2026-08-06,218.7452392578125,223.3800524967045,216.75745800384053,221.2823935806188,113940600,-0.00104914421161717,0.12279542043635527,0.07993891462571656,0.014075270630939512,0.027636087074105906,205.93656387329102,205.58648956298828,1.0017028079571129,63.10334589414772,1.901681373113263,-0.061947446306934995,1.9636288194201978,0.8807935944054982,3.6493548387096775,334.131,15.15,4.116129032258065,1
2026-08-07,223.70968627929688,224.50877992471257,220.41337164588717,221.29237770419127,105669400,0.022695108877927694,0.11561648246981515,0.06162307344622597,0.013704433735914293,0.0266876154790373,206.58583755493163,205.81838012695312,1.0037288089990075,65.60990920269393,3.056006143738557,0.5616432717021634,2.4943628720363935,0.8305794245986293,3.653225806451613,334.131,14.9,4.119354838709677,0
2026-08-10,217.3068389892578,223.88946943306016,216.5277120448001,223.15029107269072,115846600,-0.028621234049048927,0.05279708924736437,0.06888421498850938,0.02554792791982368,0.026222621904187327,207.28605422973632,205.88928924560548,1.006784058506631,57.47377688520227,3.4147969221599226,1.1322740017937154,2.2825229203662074,0.9125696031986011,3.664838709677419,334.131,15.46,4.129032258064516,0
2026-08-11,217.25689697265625,221.9516406634887,215.95834695389817,221.92167541427943,101273100,-0.00022982257177850407,0.02623384813871832,0.026912131551861007,0.024330601461152866,0.024740640469013503,207.57073516845702,206.02125732421874,1.00752096101326,54.255314826883485,3.6530017652152083,1.6364195544780142,2.016582210737194,0.8050955015006339,3.6687096774193546,334.131,15.28,4.132258064516129,1
2026-08-12,223.8395233154297,224.848404158734,219.95387191061064,220.7929293559802,108783600,0.030298814143524755,0.02221508515516679,0.05454115835182849,0.02316652037455108,0.025560071499348306,208.14958724975585,206.0210809326172,1.0103314976676334,61.404557077106666,4.3231096352351415,2.17375757062944,2.1493520646057016,0.87034197835354,3.67258064516129,334.131,14.55,4.135483870967742,1
2026-08-13,225.04818725585935,226.9760227961096,223.45996804263757,224.80845001468583,98867200,0.0053996895745995754,0.028814103655157464,0.08630671311589744,0.022950588702590997,0.02476020294048045,209.0435874938965,206.07580780029298,1.0144013978413204,63.87970614294118,4.895274353316552,2.7180609271668623,2.1772134261496894,0.7987103617043768,3.6764516129032256,334.131,14.63,4.138709677419355,0
2026-08-14,224.9083404541016,227.23573802273876,224.24907448357243,226.51654155338588,75680900,-0.0006214082568848367,0.005358079011868133,0.11020170978797128,0.02097043203658495,0.024000777951782445,210.1598388671875,206.28876953125,1.0187652936450864,75.43953027067391,5.2766090815498785,3.229770558043466,2.0468385235064126,0.6288217886817495,3.680322580645161,334.131,14.25,4.141935483870967,0
2026-08-17,224.7584991455078,227.6652502746616,224.6086728983284,225.72741618855903,93678700,-0.0006662327786121081,0.03429096015067601,0.1068968476474661,0.013364027444463973,0.024030961992582544,211.24512405395507,206.41562744140626,1.023396952413013,75.01785959478585,5.503290156471053,3.6844744777289833,1.8188156787420695,0.7767568054537575,3.691935483870968,334.131,15.19,4.151612903225806,0
2026-08-18,219.4944000244141,221.39227027986857,218.44557057093272,220.203597915372,103128200,-0.023421134867455007,0.010298881568024276,0.06006084258004929,0.019185929318983615,0.0246039597932792,211.8669288635254,206.70810028076173,1.0249570702636068,77.41102509657628,5.198245596889365,3.98722870156106,1.2110168953283047,0.857084075614369,3.695806451612903,334.131,15.84,4.154838709677419,0
2026-08-19,217.31683349609372,222.62089613745684,216.51772459764652,221.4222404106533,96797300,-0.00992082954315987,-0.02914002729600318,0.025936046389753553,0.011248127430509224,0.024309219589050367,212.1416213989258,206.88630096435546,1.0254019739831677,71.91514259941643,4.726302294708432,4.135043420190534,0.5912588745178979,0.8183598748314094,3.699677419354839,334.131,14.89,4.158064516129032,0
2026-08-20,216.60763549804688,219.6142657707553,215.41896310784705,218.1159423024499,92457000,-0.0032634287304742493,-0.037505530974201284,0.03875273552918146,0.00963426165954473,0.02400690558790022,212.54567031860353,207.05930755615233,1.0264965764022145,67.35662742744708,4.246110952190207,4.157256926590469,0.08885402559973876,0.7876748317244585,3.7035483870967743,334.131,16.01,4.161290322580645,0
2026-08-21,214.48001098632807,218.49552214328023,214.2602556586216,218.1758724878036,98869300,-0.009822481589011112,-0.04636701976777824,0.03809711960172235,0.00881726151727656,0.024022902748956965,212.9392303466797,207.34498809814454,1.0269803591581734,59.479115405141755,3.6517789028187053,4.056161321836116,-0.404382419017411,0.8480718345175143,3.7074193548387098,334.131,15.13,4.164516129032258,0
2026-08-24,208.2469787597656,215.3490325607492,207.01835779182304,215.2891020611033,135187300,-0.029061133472991996,-0.07346338602774138,0.060912921517542795,0.010711383381560352,0.022009320454992414,213.53706130981445,207.41710754394532,1.0295055400122795,46.02847074179422,2.6472964768011025,3.7743883528291136,-1.127091876028011,1.1692080880821594,3.719032258064516,334.131,15.85,4.174193548387096,1
2026-08-25,212.81187438964844,214.48998931653267,209.87515802586688,210.79412790131315,122309000,0.021920585148795357,-0.030445084858758853,0.08141722732184431,0.018363303797699,0.022402312457034695,214.33816528320312,207.57413177490236,1.0325861100825213,42.44798824301508,2.1942914186092537,3.4583689659851418,-1.264077547375888,1.0632529399105917,3.7229032258064514,334.131,15.45,4.17741935483871,0
2026-08-26,209.4256591796875,213.3612577394914,208.99613188036045,212.40232405945304,179900000,-0.01591177757196449,-0.03631184105463259,0.10341560774998593,0.018869173841149695,0.020955673223694953,215.3195671081543,207.51839416503907,1.0375926817210765,39.400135646497176,1.5442413258568308,3.07554343795948,-1.531302112102649,1.542302357360715,3.726774193548387,334.131,15.21,4.180645161290323,1
2026-08-27,227.7251739501953,230.21239627098788,220.6530857022795,222.61090164325523,298909800,0.08737952570943941,0.05132569969930123,0.16888844436974293,0.04667910665793646,0.02759327103254128,216.96472625732423,207.9293341064453,1.0434541484476327,53.50416583997902,2.477134980454764,2.9558617464585373,-0.4787267660037733,2.388626546807734,3.7306451612903215,334.131,14.51,4.183870967741935,0
2026-08-28,217.3068389892578,229.003741733446,216.56766062888835,227.10587153371227,195116400,-0.04574959711400217,0.013179913549659084,0.08368616201606982,0.05300336754016203,0.029601910836527315,217.8037872314453,208.1870458984375,1.0461927940401212,50.0,2.3487128613275843,2.8344319694323468,-0.4857191081047625,1.5255800323284756,3.734516129032258,334.131,14.43,4.187096774193549,1
2026-08-31,220.53323364257807,221.0526567078369,215.9683494434545,218.62536478578363,124702700,0.014847184139840763,0.058998478422037204,0.06842816149330844,0.04975300166195372,0.02913383981144387,218.5099967956543,208.38862030029296,1.0485697178702762,52.540274227239266,2.4787074940560387,2.763287074357085,-0.28457958030104624,0.976441987427505,3.746129032258065,334.131,14.92,4.196774193548388,0
2026-09-01,217.1969757080078,220.1636574397174,214.8595947199138,216.50774446342592,109756200,-0.015128141366563264,0.02060552932460169,0.02595080428205665,0.05074761370556789,0.02894393697521896,218.78469009399413,208.56422424316406,1.0490039261906878,44.576758268672734,2.286167527834209,2.66786316505251,-0.3816956372183009,0.8679601877487559,3.75,334.131,16.34,4.2,1
2026-09-02,224.1591796875,227.6952163087265,218.2357997469377,218.5454508199983,157104700,0.03205479246106968,0.07035203119581035,0.023674870097327272,0.05031747683021199,0.028811835734838833,219.04390029907228,209.05107971191407,1.0478008561397003,49.336512255995004,2.664653426989304,2.6672212174398693,-0.0025677904505654325,1.2429277469977982,3.75,334.131,15.2,4.2,1
2026-09-03,228.1946563720703,230.14247379152744,224.49879494304557,225.76737972053164,134681600,0.01800272774996836,0.002061618457596115,0.04319827552050515,0.031187697131722463,0.029035239290961568,219.51637115478516,209.63942138671874,1.0471139907882427,52.317876660876586,3.2527399105439088,2.7843249560606775,0.4684149544832312,1.0568571898275172,3.75,334.131,14.32,4.2,1
2026-09-04,230.1025238037109,234.49759976142684,229.37334400327853,230.8317036041433,135352400,0.008360701613143062,0.05888302859665462,0.02857648960462411,0.017283087750311333,0.028685544388215266,219.83601303100585,210.33104736328124,1.0451905022433885,53.67799149104913,3.828617720860933,2.993183509020729,0.8354342118402043,1.0498936938460333,3.75,334.131,14.53,4.2,0
2026-09-08,225.47769165039065,233.44878317831424,224.59868561283855,232.84944771666764,122965600,-0.020099006637864902,0.02242046663962749,0.03760053157616805,0.02206113554238982,0.02827027715171961,220.2445556640625,210.99430511474608,1.0438412332706601,54.154520386785165,3.867240588840332,3.1679949249846495,0.6992456638556823,0.9511862406068254,3.75,334.131,15.72,4.2,0
2026-09-09,223.4199981689453,225.9271872095504,223.21024142511232,225.0281992525124,82955500,-0.009125929338658745,0.028651515246250536,0.02836780457683119,0.02084653642713994,0.02838059634201931,220.55271072387694,211.56766357421876,1.042468905681828,54.244820967564976,3.689283064220689,3.2722525528318576,0.4170305113888313,0.6462713472567074,3.75,334.131,16.46,4.2,0
2026-09-10,218.3600006103516,220.9900054931641,217.1999969482422,220.52999877929688,105768000,-0.02264791692804269,-0.025870807901925086,-0.0244796925222025,0.01777662928765394,0.028047203091318158,220.27873458862305,211.93753662109376,1.03935686948387,51.14923745423536,3.1041680124602635,3.2386356447575393,-0.13446763229727576,0.8249629765807325,3.75,334.131,17.84,4.2,0
2026-09-11,218.2899932861328,222.0,218.1499938964844,221.2400054931641,89060100,-0.00032060507429521046,-0.043404447954241254,-0.030029986253757635,0.013095064034370607,0.028009003195422474,219.94082489013672,212.35615325927733,1.0357167499714446,52.56797141869239,2.604784774961445,3.11186547079832,-0.5070806958368754,0.6973126597769863,3.75,334.131,15.84,4.2,0
2026-09-14,210.9600067138672,212.7700042724609,208.92999267578125,211.2400054931641,132267200,-0.03357912317427003,-0.08319125220101131,-0.06201785897344669,0.012810678753827123,0.02893004200837279,219.243408203125,212.6831085205078,1.030845419404732,51.80196569230668,1.5991176711567334,2.809315910870003,-1.2101982397132698,1.0131663862469347,3.75,334.131,17.1,4.2,1
2026-09-15,212.1699981689453,213.94000244140625,211.16000366210935,213.3800048828125,88059700,0.005735643802473378,-0.059020000533264616,-0.05600900977903733,0.016111001912068743,0.028990335528515196,218.61398315429688,213.01987976074219,1.026260945221816,49.55378641913654,0.8895018207614669,2.425353092848296,-1.5358512720868291,0.6759918444676105,3.75,334.131,17.2,4.2,1
2026-09-16,213.8999938964844,216.75999450683597,212.5,214.13999938964844,96563600,0.008153818836165172,-0.04261034979179479,-0.025487694115692405,0.01854741697581714,0.02864806695550737,218.3342628479004,213.36368194580078,1.0232962838697275,53.18373896879997,0.46140357070262894,2.0325631884191626,-1.5711596177165337,0.7431446576117117,3.75,334.131,17.71,4.2,1
2026-09-17,219.33999633789065,219.91000366210935,217.1499938964844,218.3800048828125,94191300,0.025432457207263504,0.004487981886791559,0.00930973827130277,0.021610023828445814,0.029149047027091816,218.43542098999023,213.6726449584961,1.0222900597894469,42.69698877751964,0.5547011071994348,1.7369907721752171,-1.1822896649757824,0.725615283454821,3.75,334.131,15.44,4.2,1
2026-09-18,222.2700042724609,222.72999572753903,218.02999877929688,219.3500061035156,190287400,0.013358292985728992,0.018232677212606463,0.02614113191990919,0.022244232007797175,0.0292620632496638,218.71853942871093,214.06697814941407,1.0217294667281667,54.971047840753336,0.8552089142529553,1.5606344005907649,-0.7054254863378095,1.4126714852124778,3.75,334.131,14.81,4.2,1
2026-09-21,227.3800048828125,228.5,221.55999755859372,222.94000244140625,109806100,0.022990059441793553,0.07783464944242424,0.060145436570808064,0.008774694503002679,0.029501490298941512,219.36353912353516,214.40009399414063,1.023150386909486,56.60830126702192,1.4885389096163806,1.546215302395888,-0.057676392779507424,0.8118916742324408,3.75,334.131,14.87,4.2,1
2026-09-22,228.8699951171875,229.97999572753903,226.5,226.8500061035156,95746700,0.006552863938686704,0.07871045431665813,0.09903152727710252,0.008560873095341233,0.028501301378865293,220.39468994140626,214.9114437866211,1.025513979424145,61.68282045698128,2.0866338373912185,1.6542990093949541,0.43233482799626444,0.7184134782765286,3.75,334.131,14.21,4.2,0
2026-09-23,225.50999450683597,228.9499969482422,224.0200042724609,228.02999877929688,89547300,-0.014680826154739646,0.054277704261974646,0.05966828755963993,0.01609765339565171,0.028540234282354394,221.02959594726562,215.19037811279296,1.0271351251188936,51.457005764033134,2.263413189809114,1.7761218454777863,0.4872913443313278,0.6802587552910134,3.75,334.131,15.18,4.2,0
2026-09-24,224.5800018310547,224.94000244140625,221.08999633789065,222.0800018310547,77469900,-0.004123953254555612,0.023889876815224698,0.07236144181532578,0.014716766311391946,0.028243183995932928,221.78731307983398,215.436728515625,1.0294777246570954,45.82124400590448,2.30193419902227,1.881284316186683,0.4206498828355869,0.6123347150600625,3.75,334.131,15.67,4.2,1
2026-09-25,225.07000732421875,226.94000244140625,223.1300048828125,225.1300048828125,89947700,0.0021818750074313886,0.012597305070123577,-0.011659521781975934,0.01392292809033094,0.02029007897489789,221.65455474853516,215.79476501464845,1.0271544573080305,43.984920856381585,2.344970365820302,1.974021526113407,0.37094883970689496,0.7749602268093899,3.75,334.131,14.87,4.2,1
2026-09-28,228.8600006103516,233.2100067138672,228.0399932861328,229.75,142344300,0.0168391752023771,0.006508908856351914,0.053165200298481485,0.011775268955010423,0.017570080166053,222.23221282958986,216.32029876708984,1.027329446640906,54.12500190745723,2.6543004980650267,2.110077320503731,0.5442231775612956,1.2549209240325878,3.75,334.131,16.07,4.2,0
2026-09-29,227.2100067138672,232.82000732421875,227.02999877929688,230.97000122070312,101494900,-0.007209621131189392,-0.0072529752205847675,0.030275586862841264,0.01186432988164161,0.01746205143484502,222.5660514831543,216.80344299316405,1.0265798753489903,54.66865205270169,2.7347812823199433,2.2350181128669737,0.4997631694529696,0.9040371160176616,3.75,334.131,16.04,4.2,1
2026-09-30,228.3800048828125,232.3699951171875,228.1699981689453,229.2700042724609,121732200,0.00514941302923666,0.012726754671130713,0.051487959896084234,0.009365673211317461,0.017020475151089544,223.12520294189454,217.22987701416017,1.0271386515002727,63.651244465565554,2.860003616426212,2.3600152135788215,0.49998840284739066,1.0785425824359596,3.75,334.131,16.34,4.2,1
2026-10-01,230.8600006103516,232.2899932861328,228.16000366210935,229.97999572753903,98591400,0.010859075551783226,0.027963303624964686,0.02989313635155688,0.00908217277922679,0.0157021147473733,223.46024398803712,217.61061737060547,1.026881163649609,66.07008673057341,3.1233540659549988,2.512682984054057,0.6106710819009415,0.8967611863548157,3.75,334.131,16.39,4.2,1
2026-10-02,233.9499969482422,237.8800048828125,233.6000061035156,236.05999755859372,134914600,0.013384719439145876,0.0394543445819131,0.02522118908335802,0.009414987479461297,0.01548047440205999,223.7480110168457,218.11908416748048,1.025806668274121,82.96531914837749,3.54058442156051,2.718263271555348,0.8223211500051621,1.2270173440459424,3.75,334.131,15.31,4.2,1
2026-10-05,238.8999938964844,240.09829711914065,235.1499938964844,236.07000732421875,126384437,0.021158354403985502,0.043869585158424096,0.03823282746902068,0.010577529411222603,0.01603945539984967,224.18788452148436,218.76490783691406,1.0247890611807495,84.61540589556432,4.221997312318507,3.0190100797079795,1.2029872326105275,1.1541441582573393,3.75,334.131,15.31,4.2,0
