Date,close,high,low,open,volume,return_1d,return_5d,return_20d,volatility_5d,volatility_20d,sma_20,sma_50,sma_ratio,rsi_14,macd,macd_signal,macd_hist,volume_ratio,fed_rate,inflation,vix,unemployment,target
2021-12-15,175.1392822265625,175.33463817394934,168.31148231582245,171.0465102933484,131063300,0.028509276758456714,0.024103430991073926,0.1874171477022537,0.022218123007177817,0.018990890047369237,162.34131393432617,151.47984771728517,1.071702384051193,68.94367438446434,6.53245105444438,5.563128759314268,0.9693222951301115,1.107705271271509,0.08,281.61183870967744,19.29,3.945161290322581,0
2021-12-16,168.2626495361328,176.93659123544322,166.78769490587976,175.11975249855263,150185800,-0.039263793953054904,-0.013175809123885163,0.12228791504561976,0.030019951301734116,0.021700864528776766,163.25803451538087,152.07504669189453,1.0735359815219598,66.18479468620774,6.109253848536866,5.672353777158788,0.4369000713780782,1.23723160471672,0.08,281.6666129032258,20.57,3.9483870967741934,0
2021-12-17,167.16864013671875,169.44457351876034,165.75229083845704,165.98671202152144,195432700,-0.006501795867532301,-0.046307961120965246,0.08405661898019612,0.02483012284117049,0.021194968193884726,163.90613861083983,152.62320098876953,1.0739267526101783,61.99910027899606,5.620796554513191,5.662042332629669,-0.041245778116477894,1.5726605317954203,0.08,281.7213870967742,21.57,3.9516129032258074,0
2021-12-20,165.8108673095703,166.6216085377041,163.57401445003114,164.37497819410103,107499100,-0.008122174266883886,-0.03408460809985103,0.05730272424302685,0.02399950545591796,0.021145216231566368,164.35546188354493,153.1518081665039,1.0731539108233095,55.32930784439034,5.065735069514005,5.5427808800065375,-0.47704581049253214,0.8684794772339933,0.08,281.88570967741936,22.87,3.961290322580645,1
2021-12-21,168.97572326660156,169.18084181030284,165.1955175809284,167.57889907243998,91185900,0.01908714433730352,-0.007686358438717011,0.07433878015225281,0.02654745901601559,0.02144877012619155,164.9400749206543,153.7454675292969,1.0728126010558603,59.24429020712065,4.825595804967094,5.39934386499865,-0.5737480600315559,0.7445909899622678,0.08,281.94048387096774,21.01,3.964516129032258,1
2021-12-22,171.56417846679688,171.77907444050894,168.15516043354702,169.02450690730925,92135300,0.015318503452187437,-0.020412917732190006,0.08816034072811196,0.023307475387688247,0.02159817624593958,165.63506240844725,154.4162564086914,1.072653011157473,62.88502592253736,4.7889464164634035,5.277264375291601,-0.4883179588281976,0.7535453463154648,0.08,281.9952580645161,18.63,3.967741935483871,1
2021-12-23,172.1893768310547,172.7461569911751,171.2028195021509,171.76936224404878,68356600,0.0036441078192719356,0.0233368920895225,0.08855128838942283,0.012356625025395116,0.021597297707124912,166.33542404174804,155.11125274658204,1.0723620697816416,66.10888533772021,4.755530993941619,5.172917699021605,-0.417386705079986,0.5593201124243523,0.08,282.0500322580645,17.96,3.970967741935484,1
2021-12-27,176.1453857421875,176.2332936859138,172.96104046356876,172.9805656257053,74919600,0.022974755957298587,0.05369874157094978,0.14999044651913596,0.012711538228535539,0.020194386249620225,167.48413467407227,155.82977416992188,1.0747890482818905,66.5344645539108,4.9907357926380485,5.136481317744894,-0.1457455251068458,0.6135332213184279,0.08,282.2691290322581,17.68,3.983870967741936,0
2021-12-28,175.12950134277344,177.12217071968058,174.38714279522745,175.9793227997058,79144300,-0.005767306336942335,0.05620038170239572,0.118883873735109,0.011860487305557674,0.020083244452575654,168.4145294189453,156.50690856933593,1.0760836755288283,59.99506372872533,5.037099363257397,5.116604926847395,-0.07950556358999794,0.6506890113114585,0.08,282.3239032258065,17.54,3.987096774193549,1
2021-12-29,175.21739196777344,176.43838502161353,174.00616149267194,175.16854926467977,62348900,0.0005018607620423943,0.036938257049647705,0.08517825324155859,0.011622426598626652,0.0191671019092791,169.10219116210936,157.15244323730468,1.076039211854697,55.84873043252112,5.023032474275283,5.097890436332973,-0.07485796205769013,0.5372748199278962,0.08,282.37867741935486,16.95,3.990322580645161,0
2021-12-30,174.06478881835938,176.3798020768136,173.95734081982604,175.30532209148024,59773000,-0.006578132093337241,0.014575364006108371,0.0815075315331577,0.011981680032713386,0.019250966689492006,169.75810852050782,157.7318148803711,1.0762451991645303,54.863716743228416,4.862823321708987,5.050877013408177,-0.1880536916991895,0.5364049899403311,0.08,282.43345161290324,17.33,3.9935483870967743,0
2021-12-31,173.44944763183594,175.07091555859822,173.14662874511,173.9573701608435,64062300,-0.0035351272977187653,0.007317935774967088,0.08433101564132084,0.012304288344129194,0.01918702587951173,170.43258743286134,158.28912658691405,1.0767169615992511,47.16534487185225,4.63279949417273,4.967261509561087,-0.3344620153883575,0.5942768353065319,0.08,282.4882258064516,17.22,3.996774193548387,1
2022-01-03,177.78639221191406,178.6362137085352,173.58618706197944,173.70339765267045,104487900,0.025004084125328063,0.009316204695412278,0.12462927917953892,0.013190501048209185,0.019336620705877407,171.41768493652344,158.9288851928711,1.0785810567317347,59.25050138812257,4.7457530488537145,4.9229598174196125,-0.177206768565898,0.9754103709238411,0.08,282.66925806451616,16.6,3.9935483870967743,0
2022-01-04,175.53001403808594,178.69483440178558,174.9634712930882,178.3920304132724,99310400,-0.01269151224542886,0.002286951611474075,0.086982835484394,0.014498622776914372,0.019411579702583497,172.12000045776367,159.5389270019531,1.0788589574484009,57.71779112455367,4.600170788097813,4.858402011555253,-0.25823122345743954,0.9306337223718348,0.08,282.7323870967742,16.91,3.990322580645161,0
2022-01-05,170.86090087890625,175.98907226585013,170.58739959731207,175.44206970266174,94537600,-0.026600084234976507,-0.02486334855200023,0.02184835851906386,0.01891119114319144,0.01913770988208996,172.3026611328125,160.0565621948242,1.0765110706493999,43.67048831428228,4.061222146168177,4.698966038477838,-0.6377438923096612,0.8967772210906033,0.08,282.79551612903225,19.73,3.987096774193549,0
2022-01-06,168.0087127685547,171.2321387270322,167.65706602936248,168.69246617678775,96904000,-0.016693041507331086,-0.034792079954345856,-0.01759161625377792,0.019664253722918412,0.018833871825944305,172.15223770141603,160.50388763427733,1.0725736319464143,49.57354011418731,3.3651622253557605,4.432205275853423,-1.067043050497663,0.9280701128506785,0.08,282.8586451612903,19.61,3.983870967741936,1
2022-01-07,168.17471313476562,170.09899955917385,167.06116796216358,168.8780063916408,86709100,0.0009880461761504478,-0.030410788671212607,-0.013691537173853296,0.019959752966155632,0.018829761140450204,172.0355110168457,160.96370178222656,1.068784509252891,51.743951687560376,2.794708900937138,4.104706000870166,-1.3099970999330282,0.8393602577717498,0.08,282.9217741935484,18.76,3.9806451612903215,1
2022-01-10,168.1942901611328,168.4970941484729,164.26757109809446,165.15645789652865,106765600,0.0001164088583964773,-0.053952959680670376,-0.040456658734585926,0.011682460027992843,0.017597784688240047,171.68093719482422,161.35134002685547,1.0640192834236735,54.33248162994504,2.3174857012773202,3.747261940951597,-1.4297762396742768,1.0378495826947562,0.08,283.11116129032257,19.4,3.970967741935484,1
2022-01-11,171.01718139648438,171.11485190283432,166.8560422275084,168.32123396506768,76138300,0.01678351406963441,-0.02570974922056568,-0.0037557219827069055,0.01688056463885252,0.01748918429947606,171.6487014770508,161.8494711303711,1.06054533436681,53.75758811538373,2.142370692383537,3.4262836912379853,-1.2839129988544484,0.768941658051564,0.08,283.17429032258065,18.41,3.967741935483871,1
2022-01-12,171.456787109375,173.06849253983535,170.76327115991117,172.03309245435602,74805200,0.0025705353655165464,0.0034875517301120595,0.006883743402978482,0.011885975720999864,0.017394918685501092,171.7073112487793,162.37278045654296,1.05748827337926,49.785351440505934,2.015826104764244,3.1441921739432375,-1.1283660691789934,0.7809434236946298,0.08,283.2374193548387,17.62,3.964516129032258,0
2022-01-13,168.1942901611328,172.52148374355693,167.80356331883507,171.7009797317892,84505800,-0.019028100335048204,0.001104570051874365,-0.03965410830247407,0.012756794013607834,0.01659376359130971,171.3600616455078,162.81016296386719,1.0525145268943568,42.77637560132034,1.633452940760975,2.8420443273067852,-1.2085913865458102,0.9041885881684397,0.08,283.3005483870968,20.31,3.961290322580645,1
2022-01-14,169.0538787841797,169.7473947274692,167.11981439919933,167.36401309283474,80440800,0.005110688491406945,0.005227692279216489,0.004702346303402161,0.012945346865333485,0.0141149905733594,171.39962310791014,163.23606048583986,1.0500107794673128,35.56083724022656,1.3838291503944902,2.5504012919243264,-1.1665721415298362,0.8940536907022898,0.08,283.3636774193548,19.19,3.958064516129032,0
2022-01-18,165.85971069335938,168.5361181103695,165.478761430844,167.53002095796475,90956700,-0.018894379199060563,-0.01388025399397852,-0.007829993964710513,0.01578968919335193,0.01469090103632491,171.33417663574218,163.60841400146484,1.047221059390064,32.66342901139268,0.917679391148539,2.2238569117691687,-1.3061775206206296,1.0732440095094569,0.08,283.6161935483871,22.79,3.945161290322581,0
2022-01-19,162.3726043701172,167.11006537282074,162.08934042059263,166.05512514217625,94815000,-0.021024432688714456,-0.050548003164230026,-0.020736053041890523,0.012924642797351301,0.015322611521130798,171.16226348876953,163.90047576904297,1.0443060807825804,28.68721966395627,0.26383073471544094,1.8318516763584232,-1.5680209416429822,1.1272052591261392,0.08,283.6793225806452,23.85,3.941935483870968,0
2022-01-20,160.6925048828125,165.74253213798244,160.37016081486053,163.1051891966637,91420500,-0.010347185683337368,-0.06278131305292567,-0.04902016824464306,0.01084405732604409,0.014699110865751989,170.74810256958008,164.17534637451172,1.0400349768720742,28.19368856472873,-0.3854755020437892,1.3883862406779808,-1.77386174272177,1.0866983065869165,0.08,283.7424516129032,25.59,3.938709677419354,0
2022-01-21,158.6412353515625,162.4702688967568,158.5337873352943,160.60458738914824,122848900,-0.012765184865006107,-0.05679773552608913,-0.07532425026437195,0.010298069533894998,0.01425123835988477,170.10195541381836,164.40196350097656,1.0346710695630343,26.932400048109443,-1.053432368071185,0.9000225189281478,-1.953454886999333,1.434103185727948,0.08,283.8055806451613,28.85,3.935483870967742,0
2022-01-24,157.8695831298828,158.53381139617989,151.11016437480347,156.30672027070835,162294600,-0.004864133968508488,-0.06615817238109722,-0.08316304968814592,0.0065334434399123625,0.014143550008253687,169.38596572875977,164.66960601806642,1.0286413493342292,15.097583697794832,-1.6263117723227083,0.3947556606779766,-2.021067433000685,1.7961004067920971,0.08,283.9949677419355,29.9,3.925806451612903,0
2022-01-25,156.07225036621094,158.98309429431202,153.37630245676536,155.29081165334586,115798400,-0.01138492119912149,-0.059010475095084725,-0.1139577701192599,0.005831526751313234,0.012674774470221988,168.38230895996094,164.9022787475586,1.0211035907983403,15.344456293571369,-2.1999924175155456,-0.12419395496072783,-2.075798462554818,1.253183799096494,0.08,284.0580967741936,31.16,3.92258064516129,0
2022-01-26,155.9843292236328,160.575260779249,154.15772812433738,159.70591419723806,108275300,-0.0005633361623980093,-0.039343306534165956,-0.10932008583561603,0.005118848786592031,0.012732114728309624,167.4250503540039,165.09177642822266,1.014133192920095,18.336802928099814,-2.6313998242111722,-0.6256351288108167,-2.0057646954003556,1.1535840406418438,0.08,284.1212258064516,31.96,3.9193548387096775,0
2022-01-27,155.52523803710938,160.03802433796417,154.60704872462142,158.68028043462846,121954600,-0.002943187875400266,-0.03215624057557276,-0.1123869823053062,0.005331178527501728,0.012667006562724887,166.4404426574707,165.27189697265624,1.0070704439545932,20.41662478095884,-2.976032276539115,-1.0957145583564765,-1.8803177181826387,1.2593385804655504,0.08,284.1843548387097,30.49,3.916129032258064,1
2022-01-28,166.37744140625,166.39698147337538,159.0221785798324,161.86465470605705,179935700,0.06977776408579572,0.04876541737426221,-0.04416371320296897,0.03365541745858831,0.021124589784165333,166.05607528686522,165.64952575683594,1.0024542752426957,47.17276778127583,-2.346425726533681,-1.3458567919919173,-1.0005689345417639,1.749524676310997,0.08,284.24748387096776,27.66,3.9129032258064513,1
2022-01-31,170.72412109375,170.93901705041793,165.5764105212587,166.2113358131228,115541600,0.02612541490457554,0.08142504533816042,-0.01571251206213531,0.033081299841500836,0.022036249927713334,165.91980895996093,166.06544342041016,0.9991230297077488,53.50274629506858,-1.4796606683922562,-1.3726175672719851,-0.10704310112027104,1.095988230194181,0.08,284.4368709677419,24.83,3.903225806451613,0
2022-02-01,170.55809020996094,170.78274877423786,168.31145985308757,169.97200754131524,86213900,-0.0009725098171563529,0.092814961082192,-0.04065722866650723,0.031183827057655503,0.021199452421038587,165.5583938598633,166.3924740600586,0.9949872720812226,49.31387264808625,-0.7969536344424739,-1.257484780706083,0.460531146263609,0.824945506876946,0.08,284.5,21.96,3.9,1
2022-02-02,171.75953674316406,171.7986168687593,169.30778797894317,170.69483434355706,84914300,0.007044207235928246,0.1011332843372652,-0.021480527507414027,0.030204501253030983,0.021128185012239634,165.3698699951172,166.6911767578125,0.9920733251249702,50.4423953968225,-0.15714522474550563,-1.0374168695139674,0.8802716447684618,0.8181451571915832,0.0842857142857142,284.6133571428571,22.09,3.892857142857143,0
2022-02-03,168.88778686523438,172.15029228212393,168.12588824034546,170.43112418107953,89418100,-0.01671959491963393,0.08591884504903713,-0.011548072165850742,0.03327120581517112,0.02060410921788525,165.2712142944336,166.9232632446289,0.9901029436036474,51.025083869268144,0.11683453874061911,-0.8065665878630501,0.9234011266036692,0.8636691244380285,0.0885714285714285,284.7267142857143,24.35,3.8857142857142857,0
2022-02-04,168.60418701171875,170.27664070855118,166.93173331488632,167.90977257243412,82465400,-0.0016792206161238,0.013383699055881104,0.003544305728860442,0.015631618375667063,0.02024908599047901,165.3009880065918,167.14205841064452,0.9889849962268057,49.32377890821648,0.3075362507214834,-0.5837460201461434,0.8912822708676268,0.8021076366521095,0.0928571428571428,284.84007142857143,23.22,3.878571428571429,0
2022-02-07,167.89019775390625,170.12990075671365,167.19578341710826,169.0638417050099,77251200,-0.004234706566112023,-0.016599431420048494,-0.0016917845468918946,0.008602400819186628,0.020274310053948034,165.28676223754883,167.33621948242188,0.9877524587850012,53.29944053072717,0.3964853292773114,-0.3876997502614524,0.7841850795387638,0.754863333017224,0.1057142857142857,285.18014285714287,22.86,3.857142857142857,1
2022-02-08,170.9906005859375,171.499185164809,167.66525824555538,167.9586729996618,74829200,0.018466848413484005,0.0025358537694937233,0.01662547772653733,0.013127134892096503,0.02068588599987956,165.42657775878905,167.69260803222656,0.9864869996356546,64.18204800997987,0.7089820089998682,-0.16836339840918832,0.8773454074090565,0.7427866510391605,0.11,285.2935,21.44,3.85,1
2022-02-09,172.40875244140625,172.77062217708496,171.05905354274313,172.1838075995271,71285000,0.00829374158935714,0.0037797941852451,0.008137024792238101,0.01329192873364433,0.020430982856175138,165.49615631103515,168.01035095214843,0.9850354777139335,69.44830003789176,1.0588649458683221,0.07708227044631377,0.9817826754220084,0.7093139987846586,0.1142857142857143,285.4068571428571,19.96,3.842857142857143,0
2022-02-10,168.34007263183594,171.62628436106874,167.78259814649985,170.31571564595043,90865900,-0.023599032833052203,-0.0032430659644766546,-0.01817784253446242,0.015700019139914357,0.02112427024342712,165.3403205871582,168.1478692626953,0.9833030969238694,65.08892314660557,0.9963558666300969,0.26093698968307044,0.7354188769470265,0.8969843451054966,0.1185714285714285,285.5202142857143,23.91,3.835714285714286,0
2022-02-11,164.93655395507812,169.2790510191681,164.3497243806945,168.54552151303656,98670700,-0.02021811339122681,-0.021752918012562183,-0.019368887034950655,0.018046926782121244,0.021180184140762115,165.17743377685548,168.22767150878906,0.9818683947499433,60.162221298709504,0.6645212706008863,0.3416538458666336,0.3228674247342527,0.9672669652589228,0.1228571428571428,285.63357142857143,27.36,3.8285714285714287,1
2022-02-14,165.1712646484375,165.8558891027738,162.9022065441299,163.69441590726865,86185500,0.0014230362386697948,-0.016194710244216703,-0.02296672613290862,0.01822526229139004,0.02114231724814428,164.98330307006836,168.3318994140625,0.9801071789978603,63.699961081287725,0.41568736867392886,0.35646055042809266,0.0592268182458362,0.8425025067933305,0.1357142857142857,285.97364285714286,28.33,3.8071428571428574,1
2022-02-15,168.99537658691406,169.1518664311418,166.5111637354937,167.2153531108256,62527400,0.023152404545766947,-0.011668617995295394,0.018905530948090776,0.01967587288533932,0.02135392779926649,165.14008636474608,168.55011810302733,0.9797684405287878,67.60897345350585,0.5210522170292791,0.38937888374832996,0.1316733332809491,0.6198468687559207,0.14,286.087,25.7,3.8,0
2022-02-16,168.76065063476562,169.53329496166765,166.31555287107355,168.0760262456703,61177400,-0.0013889489575930059,-0.0211596090974584,0.03934189692546486,0.018845090389653967,0.020722909668952256,165.45948867797853,168.69565704345703,0.9808165282841582,68.02207537808303,0.5789405297627752,0.4272912129512191,0.15164931681155613,0.6167469540398138,0.1442857142857143,286.2003571428571,24.29,3.792857142857143,0
2022-02-17,165.1712646484375,168.1347222265384,164.7702649952927,167.27404295611913,69589300,-0.021269093078435275,-0.01882384826059036,0.02787161584724318,0.018263017588738523,0.02120726955445829,165.68342666625978,168.6549285888672,0.9823811735152366,47.95266111579037,0.33136422282680655,0.4081058149263366,-0.07674159209953002,0.7093557203452892,0.1485714285714285,286.3137142857143,28.11,3.7857142857142856,0
2022-02-18,163.62594604492188,166.7947832093295,162.54032203615824,166.09060878011084,82772700,-0.009355856218724257,-0.007946133702497526,0.03142128011240475,0.01634646967735894,0.021099285396208724,165.93266220092772,168.50710388183595,0.9847220584675556,36.685507488625674,0.010344672407597955,0.32855358642258886,-0.3182089140149909,0.8613335655954824,0.1528571428571428,286.4270714285714,27.75,3.778571428571429,0
2022-02-22,160.7113800048828,163.02932772220805,158.58902218443671,161.35687442039574,91162800,-0.017812370901366115,-0.027001577139022515,0.018000914543886415,0.017697817152828428,0.021507760295386966,166.07475204467772,168.31114654541017,0.9867127368172905,33.25637608689786,-0.47378525401975935,0.16808581833411923,-0.6418710723538785,0.9850994772952134,0.17,286.8805,28.81,3.75,0
2022-02-23,156.5547637939453,162.50122982841887,156.24178404281724,161.904625236065,90009200,-0.025863857374699983,-0.07361510737289645,0.0030916029377561216,0.009775686289818385,0.02218343625008445,166.09887771606446,167.9365264892578,0.9890574801586665,26.506497340046806,-1.1792719852383016,-0.10138574238036493,-1.0778862428579365,0.9863777620411812,0.1742857142857143,286.9938571428571,31.02,3.742857142857143,1
2022-02-24,159.1660614013672,159.27364628099374,148.6619178836396,149.22918225588046,141147500,0.016679770989650677,-0.05685323680200305,0.020397768119211346,0.01688413088024153,0.022477835634437136,166.25796432495116,167.6866098022461,0.9914802650075654,34.85668922275384,-1.5102561166808357,-0.3831598172404591,-1.1270962994403766,1.5194163098962312,0.1785714285714285,287.1072142857143,30.32,3.7357142857142858,1
2022-02-25,161.2297821044922,161.4938419663862,157.33717500506495,160.24195287546036,91974200,0.012965833827608186,-0.02386300396945351,0.03667921772298888,0.018779602244076685,0.022602957804714358,166.5431915283203,167.50551361083984,0.9942549826463906,39.11661765692762,-1.5877359799072508,-0.6240750497738174,-0.9636609301334333,1.0063169573130804,0.1828571428571428,287.2205714285714,27.59,3.7285714285714286,1
2022-02-28,161.49383544921875,161.7872502076219,158.8629074909049,159.47907699118204,95056600,0.0016377454666249847,-0.01303039430627817,-0.029352572775216412,0.018738415139537716,0.01603727802757821,166.29901123046875,167.23260467529298,0.9944173957785508,40.43298856136059,-1.609281634651694,-0.8211163667493928,-0.7881652679023012,1.09068780790357,0.1957142857142857,287.56064285714285,30.15,3.707142857142857,0
2022-03-01,159.61598205566406,162.94132403155473,158.41299811175085,161.08304074169718,83474400,-0.011628019040672122,-0.006815932693661542,-0.06506484828811099,0.01764547111222716,0.01480565371607792,165.74360427856445,167.05967132568358,0.9921221738515608,32.34122913783537,-1.757623012246114,-1.0084176958487372,-0.7492053163973769,0.9757434683893957,0.2,287.674,33.32,3.7,1
2022-03-02,162.9021759033203,163.6846100998314,159.3714544632476,160.77983303222933,79724800,0.020588125357711595,0.040544356208344734,-0.04488742983235805,0.013078459294224916,0.015736203764273933,165.3608085632324,166.97434204101563,0.9903366382040489,36.05041012071436,-1.5916684796395657,-1.125067852606903,-0.4666006270326628,0.9354617208924885,0.2041935483870967,287.70261290322577,30.74,3.7,0
2022-03-03,162.5794677734375,165.20062084345977,161.9144082164394,164.7702811660162,76678400,-0.00198099336668367,0.021445566611482336,-0.05344721547225484,0.012655419821440103,0.015586582928275156,164.90180511474608,166.90971405029296,0.9879700894164742,40.50307225651493,-1.4692515487317905,-1.1939045918318805,-0.27534695689991007,0.9040847786994691,0.2083870967741935,287.7312258064516,30.48,3.7,0
2022-03-04,159.58668518066406,161.91442370014718,158.54019079561948,160.8777043364537,83737200,-0.01840812147905435,-0.010191026139099058,-0.05507267196290644,0.01487761277393699,0.01567127677462057,164.43675003051757,166.7219332885742,0.9862934455414377,41.059127081071175,-1.5953377322163647,-1.2741912199087775,-0.3211465123075872,0.9906299879189734,0.2125806451612903,287.7598387096774,31.98,3.7,0
2022-03-07,155.80165100097656,161.39603654297554,155.5473512521712,159.7724878532729,96418800,-0.023717731685463317,-0.035247069539270925,-0.07593249158072424,0.017445179351534487,0.016354781927656343,163.79662322998047,166.4066827392578,0.984315176131676,36.002285054639344,-1.977882765152657,-1.4149295289575536,-0.5629532361951033,1.1313187348925358,0.2251612903225806,287.84567741935484,36.45,3.7,0
2022-03-08,153.9824676513672,159.30300237550088,152.37848423515257,155.33216629168248,131148300,-0.01167627774110025,-0.035294175005183726,-0.08283824957383779,0.017448372741624495,0.016449246420375117,163.10123672485352,166.04254455566405,0.9822858181396728,26.142295687462777,-2.4001775993006333,-1.6119791430261696,-0.7881984562744637,1.491647716580758,0.2293548387096774,287.87429032258063,35.13,3.7,1
2022-03-09,159.37149047851562,159.82139509337992,155.9092381504341,157.9337716080875,91454900,0.034997639077649856,-0.021673654174515722,-0.06795174745048205,0.02334564729961153,0.01799050056236583,162.52028121948243,165.70706665039063,0.9807685604764721,37.17949145338323,-2.2737893652075343,-1.7443411874624428,-0.5294481777450915,1.030442334094434,0.2335483870967742,287.9029032258064,32.45,3.7,0
2022-03-10,155.0387420654297,156.8676701680238,152.55451471855633,156.681840375499,105342000,-0.02718647105625216,-0.04638178369802626,-0.10074900566245804,0.025390108362691666,0.018522423669133405,161.6517807006836,165.30525146484376,0.9778986406554835,36.43974242157535,-2.4944874670023296,-1.8943704433704203,-0.6001170236319093,1.1645674853713246,0.237741935483871,287.9315161290322,30.23,3.7,0
2022-03-11,151.3319854736328,155.78206635482195,151.1070406596988,155.43974670100266,96970100,-0.023908582734969208,-0.05172549136969862,-0.10103409658970652,0.02600073164399338,0.018538788256152225,160.80137634277344,164.82754333496095,0.975573457501544,34.44689861471289,-2.934667560152974,-2.102429866726931,-0.8322376934260429,1.0684102475168054,0.2419354838709677,287.96012903225807,30.75,3.7,0
2022-03-14,147.312255859375,150.7353929741164,146.8036862331013,148.12403016599976,108732100,-0.0265623265410615,-0.05448847998118034,-0.1068550159020738,0.026395886701326702,0.018861675251589733,159.92016143798827,164.29249267578126,0.9733869079068546,33.509866569117065,-3.566756689996396,-2.3952952313808242,-1.1714614586155716,1.1913995173133642,0.254516129032258,288.04596774193544,31.77,3.7,1
2022-03-15,151.68406677246094,152.15353624322603,147.07751138372214,147.58608092484786,92964300,0.0296771703588552,-0.014926380346820256,-0.08165583707725244,0.031969287919292405,0.020400135687719718,159.24580154418945,163.85718505859376,0.9718573005342712,44.037277522901505,-3.6725879674338557,-2.6507537785914304,-1.0218341888424254,1.0148595375354028,0.2587096774193548,288.0745806451613,29.83,3.7,1
2022-03-16,156.08526611328125,156.48626575095446,151.06793536575267,153.60105321090987,102300200,0.029015567913421636,-0.020619901058636203,-0.07639327616157099,0.030277829431431137,0.02084885769362715,158.6002960205078,163.4231625366211,0.9704884764114601,46.38682483035867,-3.362558531201927,-2.7931147291135296,-0.5694438020883972,1.0930470802130443,0.2629032258064516,288.1031935483871,26.67,3.7,1
2022-03-17,157.09263610839844,157.4642957434988,154.16830873861088,155.12678288189394,75615400,0.006453972371652794,0.013247618083110924,-0.06913942605980639,0.02737879230230854,0.02096921018682366,158.01689529418945,163.05441497802735,0.9691052849779214,45.0246517667283,-3.000978220797748,-2.8346874274503735,-0.1662907933473745,0.8017438831236111,0.2670967741935484,288.1318064516129,25.67,3.7,1
2022-03-18,160.37884521484375,160.86786475806085,156.25151907619613,156.98504839102176,123511700,0.020918925214150397,0.05978154395382074,-0.02901484979118063,0.02344846072066776,0.02119438364452382,157.77727432250975,162.8447738647461,0.968881411285294,48.74997177377692,-2.4213418868239387,-2.752018319325087,0.3306764325011482,1.2731881259807,0.2712903225806451,288.16041935483867,23.87,3.7,1
2022-03-21,161.74810791015625,162.6968070121453,159.4301451412394,159.9191646814939,95811400,0.00853767648394177,0.09799491540311345,-0.011476408113479053,0.011009398165478865,0.021212232842857913,157.6833824157715,162.7195617675781,0.9690499452118726,52.41792389849672,-1.830388283237454,-2.5676923121075603,0.7373040288701063,0.9810538346577264,0.2838709677419355,288.2462580645161,23.53,3.7,1
2022-03-22,165.11256408691406,165.69937857870127,161.2884277154457,161.8752422072329,81532000,0.020800590623456516,0.08852938611276162,0.02738564053085435,0.009445902897225416,0.021297558786081604,157.90344161987304,162.6583187866211,0.9707676975747818,52.502235187306624,-1.078141653412871,-2.269782180368623,1.191640526955752,0.838977703014015,0.2880645161290323,288.2748709677419,22.94,3.7,1
2022-03-23,166.4720458984375,168.84867380689855,163.9682532045546,164.30079784879288,98062700,0.008233666644579696,0.06654554938976687,0.06334704779437539,0.007229085772659119,0.020328865236721335,158.39930572509766,162.62387390136718,0.9740224600796821,54.30546844990039,-0.36803942965764236,-1.889433630226427,1.5213942005687846,1.0049173599664285,0.292258064516129,288.30348387096774,23.57,3.7,1
2022-03-24,170.24729919433594,170.31575418142768,166.47206709718986,167.30339150441574,90131400,0.0226780014357586,0.0837382541398084,0.06962060690202865,0.0072035782408888145,0.0205797795600904,158.9533676147461,162.6084762573242,0.9775220288222,61.59076897962,0.49366245506163864,-1.4128144131688138,1.9064768682304525,0.9484316579738972,0.2964516129032258,288.3320967741936,21.67,3.7,1
2022-03-25,170.8830108642578,171.43071043053845,168.95627243907444,170.06146151483682,80546200,0.003734048486703001,0.0654959551263925,0.05987249150724172,0.008408248781617247,0.020461178554788118,159.43602905273437,162.59700073242186,0.9805594711744446,67.6027019595048,1.2138712733960233,-0.8874772758558465,2.1013485492518695,0.8526958502135995,0.3006451612903226,288.3607096774193,20.81,3.7,1
2022-03-28,171.7436981201172,171.87083307439428,168.22275085370143,168.38901573521346,90371900,0.005036704652536139,0.061797262045952595,0.06346906457690449,0.008978058717729179,0.02046242020838794,159.9485221862793,162.66798889160157,0.9832821028657674,71.20505948347099,1.8329629631750208,-0.343389228049673,2.176352191224694,0.9590931035152459,0.3132258064516129,288.44654838709675,19.63,3.7,1
2022-03-29,175.02984619140625,175.0787361969188,172.46737415339234,172.8096937341149,100589400,0.01913402417240806,0.06006376413167325,0.09656842590090253,0.008596984336278552,0.020438968320248496,160.7192153930664,162.7875082397461,0.9872945235844902,69.68276217635781,2.5592607091369075,0.23714075938764306,2.3221199497492644,1.0579208549742665,0.3174193548387097,288.47516129032255,18.9,3.7,0
2022-03-30,173.86602783203125,175.66561632731086,172.81951875433575,174.6288971925018,92633200,-0.006649256596513831,0.04441575697402511,0.06730328719008516,0.012019732542554687,0.02023935683972555,161.26740798950195,162.94763458251953,0.9896885487333252,75.71478887182255,3.0062918294801193,0.7909709734061383,2.2153208560739808,0.9676751464938318,0.3216129032258065,288.50377419354834,19.33,3.7,0
2022-03-31,170.7754364013672,174.12032889178556,170.57004158960083,173.9344990439243,103049300,-0.017775706210127584,0.00310217671311408,0.050412076876467316,0.013812937012502309,0.02076404222075805,161.67720642089844,163.11569122314452,0.9911811991142029,77.01099817954733,3.0757272446307695,1.2479222276510646,1.8278050169797049,1.0618589871568802,0.3258064516129032,288.5323870967742,20.56,3.7,0
2022-04-01,170.4820098876953,171.0394993928561,168.1640617684755,170.20816010667752,78751300,-0.0017182009301516254,-0.002346640397628774,0.06827214121715053,0.013728089214110457,0.020200203142682432,162.22197265625,163.3114813232422,0.9933286462276603,85.90492431712325,3.0716699449301643,1.6126717711068848,1.4589981738232796,0.8135731304423915,0.33,288.561,19.63,3.7,1
2022-04-04,174.5213165283203,174.57022147286082,170.60915974417932,170.73630961524591,76468400,0.023693448025899455,0.01617304412683862,0.12015062361069861,0.017570982397193437,0.019611200152527236,163.1579559326172,163.62908294677734,0.9971207623628044,85.75815814170406,3.355710254731065,1.9612794678317211,1.3944307868993437,0.7982145174114511,0.374,288.8347,18.57,3.69,0
2022-04-05,171.21551513671875,174.38436705774205,170.589570736433,173.6019328264619,73401800,-0.018942106657011792,-0.02179246075847141,0.11191564694474843,0.01726123858612868,0.020016491315929644,164.01960830688478,163.89600158691405,1.0007541777637887,74.53220436939131,3.276296594364908,2.2242828931383585,1.0520137012265494,0.790014334533914,0.3886666666666666,288.9259333333333,21.03,3.686666666666667,0
2022-04-06,168.0564727783203,169.81694627331598,166.3938091700385,168.57483234577828,89058800,-0.018450678116851082,-0.03341397469161389,0.05449520660017604,0.01843352967199667,0.019431565251000014,164.453857421875,164.13568603515625,1.001938465634162,66.61731375868416,2.9247378222472094,2.3643738789601287,0.5603639432870806,0.9597662216794561,0.4033333333333333,289.01716666666664,22.1,3.6833333333333336,1
2022-04-07,168.3596649169922,169.55287391806212,166.11996174699982,167.401190693142,77594700,0.0018041086645428361,-0.01414589554142498,0.0859199621597857,0.01753391242379745,0.018110509923833354,165.11990356445312,164.38319274902344,1.004481667517886,63.29862673755457,2.64015595974422,2.419530295116947,0.2206256646272733,0.848912609253681,0.418,289.1084,21.55,3.68,0
2022-04-08,166.35467529296875,168.00756384278074,165.48422104719532,168.00756384278074,76575500,-0.011908966586575032,-0.024209795493644326,0.0992697596104255,0.017974709756971637,0.01730831025688431,165.87103805541992,164.59978149414061,1.0077233186444088,57.516776651920075,2.2271635224224156,2.381056940578041,-0.1538934181556253,0.8472138959652469,0.4326666666666667,289.19963333333334,21.16,3.6766666666666663,0
2022-04-11,162.11001586914062,165.31798361672782,161.8655060412837,165.00501879739264,72246700,-0.025515720651390295,-0.07111624474346467,0.10045165572572334,0.010358221079342467,0.017209526216502635,166.6109260559082,164.51443298339845,1.0127435206412638,45.23739334205621,1.539607857976904,2.2127671240578137,-0.6731592660809098,0.8157863045862891,0.4766666666666667,289.4733333333333,24.37,3.666666666666667,1
2022-04-12,163.97801208496094,166.13946978275985,162.98040818860537,164.3301066999282,79265200,0.011523015439886208,-0.042271303777455804,0.08104968157889636,0.01506043769859208,0.016290197752078975,167.2256233215332,164.37951080322264,1.0173142778221163,46.1067980081547,1.132393199539706,1.9966923391541924,-0.8642991396144863,0.902013362941768,0.4913333333333333,289.5645666666667,24.26,3.6633333333333336,1
2022-04-13,166.65786743164062,167.28381189911025,163.10759541750994,163.7139749230824,70618900,0.016342772501054537,-0.008322234327293954,0.0677360623563672,0.017204425563585223,0.015494209505071193,167.75425338745117,164.30150634765624,1.0210147010611639,44.19847181398964,1.0142232446640662,1.8001985202561672,-0.785975275592101,0.8183732879817832,0.506,289.6558,21.82,3.66,0
2022-04-14,161.6600799560547,167.5087646523774,161.41557017548345,166.8730302686766,75329400,-0.029988308098541583,-0.039793289944124455,0.029074843740635847,0.021090542213421725,0.017168110710704752,167.98262557983398,164.09951721191408,1.0236631309701256,36.935360039840155,0.5113979458439246,1.5424384053737188,-1.0310404595297942,0.8731060168123796,0.5206666666666666,289.7470333333333,22.7,3.6566666666666663,0
2022-04-18,161.4449005126953,162.94129894819648,159.97784205250275,160.3201467390001,69023900,-0.0013310610969502479,-0.029513897169567316,0.0066471067080167145,0.0211195664839635,0.016558690708579463,168.03592834472656,163.95065948486328,1.024917672626016,35.1395897733978,0.0944532923596455,1.2528413827709042,-1.1583880904112587,0.8261081380518414,0.5793333333333334,290.11196666666666,22.17,3.6433333333333335,1
2022-04-19,163.72377014160156,164.1345597736567,160.31042259224273,161.39604679422817,67723800,0.0141154636762717,0.009954685796611074,0.012214437973782744,0.01921879035961405,0.016747757968255724,168.13471145629882,163.85305114746095,1.026131099047918,33.19774305453197,-0.051498967663803796,0.9919733126839626,-1.0434722803477663,0.8244047609990295,0.5940000000000001,290.2032,21.37,3.64,0
2022-04-20,163.55747985839844,165.17125338034182,162.45230578739907,165.05387853639598,67929800,-0.0010156758732058346,-0.002564564731670327,-0.009418327654926562,0.01849141685506214,0.016069180579329115,168.05695724487305,163.76639678955078,1.026199272496884,34.21209944320145,-0.17852746785035833,0.7578731565770984,-0.9364006244274568,0.8338155742551902,0.6086666666666667,290.2944333333333,20.32,3.6366666666666663,0
2022-04-21,162.76527404785156,167.7630547165198,162.266479452362,165.20059691129774,87227800,-0.004843592669884211,-0.0233567934342237,-0.022266632398134867,0.01595639878636858,0.01596726004448591,167.87161865234376,163.60189025878907,1.0260982827692318,36.80307864646548,-0.3392126256144934,0.5384560001387801,-0.8776686257532735,1.0778595539404898,0.6233333333333333,290.3856666666667,22.68,3.633333333333333,0
2022-04-22,158.23696899414062,164.18344962427105,157.95334416856102,162.8044255775631,84882400,-0.02782107596476413,-0.02117474495153404,-0.07054637728194213,0.015101276567662927,0.016017977871790406,167.27110214233397,163.31845458984375,1.024202087647822,32.29640192670253,-0.8224721965164576,0.2662703608077326,-1.0887425573241902,1.0522904646187254,0.638,290.4769,28.21,3.63,1
2022-04-25,159.3030242919922,159.58664908398902,154.98009296481885,157.5816658069576,96046400,0.006737081129827738,-0.013266917777528087,-0.06776558133952981,0.01589204473295289,0.016103489901721016,166.6921028137207,163.13771362304686,1.0217876609383332,25.92821614900116,-1.106680016664967,-0.008319714686807339,-1.0983603019781598,1.1793599243020243,0.6819999999999999,290.7506,27.02,3.62,0
2022-04-26,153.3565216064453,158.7748512209157,153.2782766938566,158.6868312906376,95623200,-0.037328247294585726,-0.06332158443572256,-0.10706172462183694,0.018782472858199683,0.017650316473177788,165.77274398803712,162.9061129760742,1.0175968289930528,23.929185104797185,-1.791103109740476,-0.3648763936975411,-1.426226716042935,1.1703900253598458,0.6966666666666667,290.84183333333334,33.52,3.6166666666666663,0
2022-04-27,153.1316375732422,156.28091074335643,151.9677682876558,152.4861279810132,88063200,-0.0014664132366032367,-0.063744209645334,-0.1251112829877996,0.018712398667982782,0.01671350202690337,164.6778335571289,162.6653204345703,1.0123721092927616,26.171179160153883,-2.3248600644028556,-0.756873127838604,-1.5679869365642516,1.086185087427877,0.7113333333333334,290.93306666666666,31.6,3.613333333333333,1
2022-04-28,160.0463104248047,160.906989569117,155.43973990755873,155.75271956865106,130216800,0.04515508983736449,-0.01670481396570822,-0.07948486302670665,0.03244446950443867,0.020318925896183143,163.9868476867676,162.48633911132814,1.0092346752572927,39.040683663855084,-2.1649537465418405,-1.0384892515792514,-1.126464494962589,1.5697307204345399,0.726,291.0243,29.99,3.61,0
2022-04-29,154.18789672851562,162.55013611076737,153.79668696009873,158.2858839707605,131747600,-0.03660449079231698,-0.02558866168483631,-0.09713071166667364,0.03431214047282304,0.021401248230053693,163.157470703125,162.19488403320312,1.0059347535876952,35.440054868081404,-2.4823370260237425,-1.3272588064681496,-1.1550782195555929,1.5611795646344853,0.7406666666666667,291.11553333333336,33.4,3.606666666666667,1
2022-05-02,154.49102783203125,154.75508758420054,149.90402310354906,153.2684792337658,123055300,0.0019659850737141493,-0.030206560618339928,-0.09379864811658478,0.0339792380522436,0.021445688490223096,162.3579216003418,161.981279296875,1.0023252211928546,39.932666422570016,-2.6785289999695863,-1.597512845168437,-1.0810161548011492,1.4208801849501034,0.7841935483870968,291.4160322580645,32.34,3.6,1
2022-05-03,155.9777069091797,157.18070602041826,152.88711399336617,154.67691281994897,88966500,0.00962307713276922,0.017092101954822914,-0.10625412406931667,0.029187976654324866,0.020682648651480708,161.43074111938478,161.82831451416016,0.9975432395995165,39.32120304598717,-2.6831206315224847,-1.8146344024392467,-0.868486229083238,1.0199084866384955,0.7983870967741936,291.53406451612904,29.25,3.6,1
2022-05-04,162.37405395507812,162.8239435793619,155.76250015329012,156.16349976201118,108256500,0.04100808489012353,0.06035602131803319,-0.05163936909911793,0.03320087818836011,0.022847303513039954,160.98866806030273,161.86156799316407,0.9946071204938641,44.79808157671803,-2.145891283561838,-1.8808857786637652,-0.2650055048980726,1.216739486821901,0.8125806451612904,291.6520967741935,25.42,3.6,0
2022-05-05,153.3272247314453,160.47668960295778,151.5471860479713,160.2517447433381,130525300,-0.055715978035109415,-0.04198213426804509,-0.08764463399338407,0.03842753646109923,0.025581162955337255,160.252205657959,161.79701721191407,0.9904521629596438,40.78720598793991,-2.4222148802521417,-1.9891515989814406,-0.43306328127070115,1.433620135416245,0.8267741935483871,291.77012903225807,31.2,3.6,1
2022-05-06,154.05197143554688,156.16764300878287,151.01559010660912,152.80803283291047,116124600,0.0047267972492879284,-0.0008815561782263837,-0.08498290542749387,0.035015094768835825,0.025625956233234954,159.5368209838867,161.69473541259765,0.9866543927778194,41.91745748308683,-2.5532895863888143,-2.1019791964629153,-0.451310389925899,1.2490217531130732,0.8409677419354838,291.88816129032256,30.19,3.6,0
2022-05-09,148.93914794921875,152.63177739233632,148.38085428930862,151.75023984870148,131577900,-0.0331889520055072,-0.03593658454294657,-0.10468913670793656,0.038004296290615865,0.02639669056409105,158.66604461669922,161.44892272949218,0.9827631051000837,34.779425971859396,-3.034746690261244,-2.288532695222581,-0.746213995038663,1.3745756486245249,0.8835483870967742,292.24225806451614,34.75,3.6,1
2022-05-10,151.33883666992188,153.52307898712107,149.7912627423493,152.32811702969943,115366700,0.01611187356544641,-0.02974059775066995,-0.06644363792989527,0.03880382034135356,0.02635004433989163,158.1274856567383,161.24582275390625,0.9806609743811647,37.974080538537535,-3.185944504005363,-2.4680150569791373,-0.7179294470262256,1.1786718153597682,0.8977419354838709,292.3602903225806,32.99,3.6,0
2022-05-11,143.49325561523438,152.25956414663153,142.81741468212965,150.3495886480442,142689800,-0.05184116137881467,-0.11627965108925131,-0.12492380050999108,0.03278589611230501,0.028240810045862978,157.10324783325194,160.92336822509765,0.9762612451256789,33.34445451651469,-3.8939555874665075,-2.7532031630766114,-1.140752424389896,1.4120741863986062,0.9119354838709678,292.4783225806452,32.56,3.6,0
2022-05-12,139.63412475585938,143.1994175279536,135.95129962230052,139.8398213340432,182602000,-0.026894161978754938,-0.08930638377867717,-0.16215101688413114,0.027995205427470412,0.02807325855655589,155.7520606994629,160.45800720214845,0.9706717876861272,33.73464528186294,-4.7121404583053845,-3.144990622122366,-1.5671498361830185,1.7121782123583127,0.9261290322580644,292.59635483870966,31.77,3.6,1
2022-05-13,144.09072875976562,145.06041547307086,140.17282438448345,141.6224448185645,113990900,0.03191629561683662,-0.0646615722146009,-0.10868082708523386,0.035263325196103014,0.028969563126708463,154.87359313964845,160.088232421875,0.9674264672466081,37.443635386284484,-4.943956314539292,-3.5047837606057515,-1.439172553933541,1.0498137721143888,0.9403225806451612,292.7143870967742,28.87,3.6,0
2022-05-16,142.55299377441406,144.4923678765716,141.2209052249836,142.56279810396367,86643800,-0.01067199117241846,-0.042877606477123575,-0.11701767400696361,0.033393446284326986,0.02897691805138288,153.9289978027344,159.74755859375,0.963576527602449,40.3827189404555,-5.191905359542147,-3.842208080393031,-1.3496972791491162,0.7915349307709092,0.9829032258064516,293.0684838709677,27.47,3.6,1
2022-05-17,146.17703247070312,146.69615365751025,143.66956086149628,145.80482673464496,78336300,0.025422396263553804,-0.034107597975507886,-0.1071728170913887,0.035298591342934615,0.029491684811632293,153.05166091918946,159.55506622314454,0.9592403710023235,44.1623108066741,-5.037903315215999,-4.081347127357625,-0.9565561878583742,0.7121893593120475,0.9970967741935484,293.18651612903227,26.1,3.6,0
2022-05-18,137.9298553466797,144.33562356857507,137.02872402723415,143.83609605190958,109742900,-0.05641910349819379,-0.03877116206403808,-0.15668879548588133,0.03679896941312585,0.03160098592210263,151.77027969360353,159.23401397705078,0.9531272615879485,31.841670608798836,-5.517728910720564,-4.368623484030213,-1.149105426690351,0.9791104097144029,1.011290322580645,293.3045483870968,30.96,3.6,0
2022-05-19,134.5310516357422,138.7525913397019,133.7964445425997,137.00912503429328,136095600,-0.024641537558310223,-0.03654603148793001,-0.17346588562747578,0.036512229250979994,0.031806114497658675,150.35856857299805,158.73720520019532,0.9472169324347727,33.18183159311299,-6.101910184302113,-4.715280824084593,-1.38662936021752,1.1883205357726387,1.025483870967742,293.4225806451613,29.35,3.6,1
2022-05-20,134.76612854003906,137.81230015984903,129.8883411847853,136.23534285932448,137426100,0.0017473802623158008,-0.06471339481718452,-0.14832716149265135,0.030495455032747643,0.031571381563236474,149.18502655029297,158.3317529296875,0.9422306251895257,33.10392926892452,-6.471312053753422,-5.0664870700183595,-1.4048249837350628,1.1730293414179027,1.0396774193548386,293.5406129032258,29.43,3.6,1
2022-05-23,140.1728057861328,140.31972120246527,134.8248604473741,134.96198648449013,117726300,0.0401189624178262,-0.016696864269633127,-0.12008697632001586,0.038766191037622584,0.033204818242754175,148.228515625,158.1085693359375,0.9375109536919212,37.31370887142605,-6.2556804383501685,-5.304325743684721,-0.9513546946654472,0.995665004057676,1.082258064516129,293.89470967741937,28.48,3.6,0
2022-05-24,137.479248046875,139.0562049598391,134.5114370469514,137.92000924521287,104132700,-0.01921597933458996,-0.05950171704006468,-0.10353177936779068,0.03567144113073819,0.03254144117116157,147.43465194702148,157.9119091796875,0.9336512534925786,28.754517985214292,-6.230319186811528,-5.489524432310082,-0.7407947545014455,0.8775399585081752,1.0964516129032258,294.01274193548386,29.45,3.6,1
2022-05-25,137.63601684570312,138.87994101283223,135.5007506936718,135.58889997563415,92482700,0.0011403088179147147,-0.0021303473438583076,-0.10119150407522792,0.025446999961219748,0.03256131359256509,146.65987091064454,157.63094818115235,0.9304002329675791,34.21357154589988,-6.126942698812769,-5.617008085610619,-0.5099346132021498,0.7779152538730288,1.1106451612903223,294.1307741935484,28.37,3.6,1
2022-05-26,140.82908630371094,141.37759058232152,134.3253649583187,134.57023400738558,90601500,0.023199374198596523,0.04681472858044233,-0.12007289683896005,0.022802065263021802,0.031126508000145728,145.69900970458986,157.32582458496094,0.9260972258620375,37.32632424427408,-5.721409223544583,-5.637888313197412,-0.08352091034717102,0.7750040524513374,1.1248387096774193,294.2488064516129,27.5,3.6,1
2022-05-27,146.56881713867188,146.6079896103765,142.27870662441157,142.4060433122878,90978500,0.04075671429538841,0.08757904323953491,-0.049414252036000916,0.025981855924680997,0.03190844001530509,145.31805572509765,157.11534820556642,0.924913176114192,47.755098147799174,-4.880612055533675,-5.486433061664664,0.6058210061309897,0.7920396353684697,1.1390322580645162,294.36683870967744,25.72,3.6,0
2022-05-31,145.78524780273438,147.567901829154,143.8262952175465,146.01053811087894,103718400,-0.005346084871491796,0.040039449771481994,-0.05635136325691448,0.02382146658340194,0.0319019827473561,144.8827667236328,156.82347625732422,0.9238589156504957,44.574191182389825,-4.22875528055107,-5.234897505441946,1.0061422248908762,0.9106153025590599,1.1958064516129032,294.8389677419355,26.19,3.6,0
2022-06-01,145.65789794921875,148.62570934761555,144.649023812494,146.82346195823692,74286600,-0.0008735441715470582,0.05949006863606909,-0.0661620763919154,0.01960019108375255,0.031779742370589545,144.36677627563478,156.50167205810547,0.9224615582511777,52.49042535710925,-3.6800093023631177,-4.923919864826181,1.2439105624630633,0.656443534722738,1.21,294.957,25.69,3.6,1
2022-06-02,148.1065673828125,148.16533354946895,143.84584095281429,144.79593383540592,72348100,0.016811099625009263,0.07607420482712302,-0.08786801970352243,0.018707015956591265,0.030451707721625695,143.65340194702148,156.16155212402344,0.9199024983622858,60.07452883320173,-3.0128072358338898,-4.541697339027722,1.5288901031938327,0.6496202495047245,1.225666666666667,294.95553333333334,24.72,3.5966666666666667,0
2022-06-03,142.39627075195312,144.93311080828775,141.4951543400914,143.88506398253034,88570300,-0.03855532358737279,0.011128272499492109,-0.07129167046907614,0.029269643192908944,0.02913537410514532,143.1068542480469,155.68003662109376,0.9192370284210013,48.04346493184687,-2.91125882678881,-4.2156096365799405,1.3043508097911305,0.8105482749780056,1.2413333333333334,294.9540666666667,24.79,3.5933333333333333,1
2022-06-06,143.14064025878906,145.52077501341512,141.92608448379778,144.01237341190438,71598400,0.005227450851803539,-0.023389537739390676,-0.07082889673581982,0.02075094694364474,0.029142833987801237,142.561287689209,155.13790344238282,0.918932669102076,50.69119990810803,-2.7391414650054458,-3.9203160022650416,1.1811745372595959,0.6688577853726595,1.288333333333333,294.94966666666664,25.07,3.583333333333333,1
2022-06-07,145.65789794921875,145.94193944320352,141.1425125135875,141.3873815394989,67808200,0.017585904924545925,-0.0008735441715470582,-0.02203080952980041,0.02294815771726933,0.028605001007491766,142.397225189209,154.63340118408203,0.9208697739222163,49.373061894797054,-2.372269511494153,-3.6107067041108643,1.2384371926167113,0.6528978370223217,1.304,294.9482,24.02,3.58,0
2022-06-08,144.92332458496094,146.79411301945456,144.43358641921046,145.5305951278923,53950200,-0.005043141323609612,-0.005043141323609612,-0.04239171006021092,0.0230650767722849,0.028339698515440524,142.07644958496093,154.0969937133789,0.9219936493324701,60.31796488068438,-2.116398254906187,-3.3118450142699287,1.1954467593637417,0.5352921148687971,1.3196666666666663,294.9467333333333,23.96,3.5766666666666667,0
2022-06-09,139.71246337890625,144.91347882072873,139.60472041542363,144.06133943857793,69473000,-0.035955987215845475,-0.05667610931937894,-0.026348222570585556,0.024987292567499698,0.02705633023815494,141.88740997314454,153.39064605712892,0.9250069259132001,57.25650762579843,-2.3074920588612144,-3.1109744231881864,0.803482364326972,0.7152901203981956,1.3353333333333333,294.94526666666667,26.09,3.5733333333333333,0
2022-06-10,134.3155517578125,137.8710395567264,134.24698126233585,137.40089525066517,91437900,-0.03862870563277587,-0.056748108299948474,-0.03808934962958399,0.025007281406040353,0.027765696969701065,141.6214813232422,152.59963653564452,0.9280590998666106,49.44868282449746,-2.8614360851940432,-3.0610667555893576,0.19963067039531435,0.9877978666792269,1.351,294.9438,27.75,3.5700000000000003,0
2022-06-13,129.1732940673828,132.4251464748058,128.74232225475177,130.1429657001856,122207100,-0.038284901659800474,-0.09757778200624356,-0.10352806749457011,0.02535915188382449,0.02774679417226835,140.87560958862304,151.76759368896484,0.9282324781226747,36.45355077888925,-3.6730374476805707,-3.1834608940076006,-0.48957655367297015,1.314362512601068,1.398,294.9394,34.02,3.56,1
2022-06-14,130.03526306152344,131.14207601932122,128.7815346427886,130.3976794412042,84784300,0.006672965959132249,-0.10725566624023286,-0.08781106858197285,0.021481667064364496,0.02783378573845213,140.2497230529785,150.9586587524414,0.929060473986957,40.399232173156996,-4.198288425051345,-3.38642640021635,-0.811862024834995,0.9127853500536764,1.4136666666666666,294.9379333333333,32.69,3.556666666666666,1
2022-06-15,132.6504669189453,134.5212702217429,129.4475902081577,131.53386454500733,91533000,0.02011149741885432,-0.08468517887761184,-0.09253550522356391,0.02836201003720365,0.02756015007496764,139.57339477539062,150.1212417602539,0.9297378115103234,43.953404276345374,-4.353345852598181,-3.5798102906927163,-0.7735355619054651,0.9784906936323435,1.4293333333333331,294.93646666666666,29.62,3.553333333333333,0
2022-06-16,127.39067840576172,129.67285985675707,126.39160844816745,129.36922461121898,108123900,-0.03965148887412162,-0.08819388532093464,-0.07640968602793274,0.02901309860317779,0.026114090529321458,139.04643592834472,149.24474502563476,0.9316672148453982,34.47963027416634,-4.84480308204013,-3.832808848962199,-1.0119942330779308,1.1568490332227954,1.4449999999999998,294.935,32.95,3.55,1
2022-06-17,128.85989379882812,130.34870189215334,127.145810351483,127.40048374314352,134520300,0.011533146784780346,-0.04061821499882301,-0.042155010073580246,0.028749169515375702,0.025834278267501124,138.76287803649902,148.4608134460449,0.9346767999956406,27.30922257870894,-5.0574341212495995,-4.077733903419679,-0.9797002178299206,1.4404857291626232,1.4606666666666666,294.93353333333334,31.13,3.546666666666667,1
2022-06-21,133.08140563964844,134.2469845261448,130.58375367786297,130.68169231513036,81000500,0.032760478969591666,0.030254795315717287,-0.012501085537157786,0.02752261610645443,0.026966409772250916,138.6786418914795,147.75524826049804,0.938569990062105,35.04030655405556,-4.829632035080493,-4.228113529751842,-0.6015185053286514,0.894399706638707,1.5233333333333332,294.92766666666665,30.19,3.533333333333333,0
2022-06-22,132.57208251953125,134.93260831981635,131.1616346888571,132.02356340545535,73409200,-0.0038271546477072205,0.019508704010600342,-0.0542239503873404,0.027883861631851324,0.025236082392216398,138.29860572814943,147.0795964050293,0.9402976966791594,34.72789361567999,-4.636745839999122,-4.309839991801298,-0.326905848197824,0.8309073276388981,1.539,294.9262,28.95,3.53,1
2022-06-23,135.4321746826172,135.74559928638683,132.84635818263115,134.0119372202921,72433800,0.02157386463823996,0.02097020710354225,-0.014890053541461334,0.02809950925860109,0.02545953882985538,138.1962520599365,146.54603958129883,0.9430227691910423,35.34875311764685,-4.20462826856388,-4.288797647153815,0.08416937858993467,0.8348438126975237,1.5546666666666666,294.92473333333334,29.05,3.526666666666667,1
2022-06-24,138.75257873535156,138.99744774415504,136.901369626622,137.02869134817942,89116800,0.024517099134793385,0.08918941693206306,0.008112425186644012,0.014044495795484873,0.02606529735797691,138.25208015441893,146.04153091430663,0.9466627697537741,45.541656117930756,-3.5532830870951955,-4.1416947351420905,0.588411648046895,1.0291217737744673,1.5703333333333331,294.9232666666667,27.23,3.523333333333333,0
2022-06-27,138.75257873535156,140.5450216732672,138.07673787975503,139.77122723590202,70207900,0.0,0.07677086054383664,-0.014744877090810626,0.016036576314780157,0.025523266528301922,138.14825477600098,145.48342514038086,0.9495807143851475,44.531243165860545,-3.0024766561770377,-3.91385111934908,0.9113744631720424,0.8204222899779984,1.6173333333333333,294.9188666666667,26.95,3.513333333333333,0
2022-06-28,134.61920166015625,140.47646473111445,134.50166930718802,139.212947099847,67083400,-0.02978955139334072,0.01155530341084443,-0.08152904357009194,0.022008310073331084,0.024380741913694947,137.5507740020752,144.9426075744629,0.9490016517842056,36.77540795348893,-2.8664449837504264,-3.7043698922293498,0.8379249084789233,0.7950100831868097,1.633,294.9174,28.36,3.51,1
2022-06-29,136.37245178222656,137.78289974267364,133.8649953839291,134.63878986432783,66242400,0.013023774472354699,0.028666437084409635,-0.06456617636130435,0.022088246548538765,0.024670008010961742,137.08013420104982,144.4411585998535,0.9490379025607514,39.99995360352499,-2.587341014319435,-3.480964116647367,0.8936231023279322,0.8028723462857864,1.6486666666666667,294.9159333333333,28.16,3.506666666666667,0
2022-06-30,133.91400146484375,135.53013138802967,131.0245493574635,134.4331227102609,98964500,-0.018027470249700528,-0.011209841541208743,-0.08062656848493943,0.022147201085132937,0.0248879672078679,136.49293937683106,143.84496322631836,0.9488892507280913,42.75224055951525,-2.5353001403476867,-3.291831321387431,0.7565311810397444,1.181797468517683,1.6643333333333332,294.91446666666667,28.71,3.5033333333333334,1
2022-07-01,136.07861328125,136.1863562547321,132.87573705664798,133.2479278277153,71051600,0.01616419338327746,-0.019271464923197756,-0.0812114838261947,0.019836195300865035,0.024860041994959153,135.89154167175292,143.2953858947754,0.9483315936742076,52.397453981225226,-2.292959480054236,-3.0920569531207924,0.7990974730665563,0.8491292617516156,1.68,294.913,26.7,3.5,1
2022-07-05,138.65464782714844,138.70362462604172,134.11966825992553,134.94243962271915,73353800,0.01893048792740304,-0.0007057952298668013,-0.02627613002114637,0.022369913420264276,0.023952619657864875,135.7044605255127,142.81317337036134,0.9502236896143088,63.860318539506046,-1.871465215706479,-2.84793860563793,0.976473389931451,0.8846866206733859,1.7638709677419355,294.9367419354839,27.54,3.5129032258064514,1
2022-07-06,139.9867401123047,141.16210859174285,138.1845074474581,138.44897021265854,74064300,0.009607267452129475,0.03987201220891712,-0.022033575794982663,0.014927845088033525,0.024032971540998024,135.54676551818847,142.4481687927246,0.9515514777548434,64.35032321122642,-1.413643655755351,-2.561079615661414,1.1474359599060633,0.89192933309513,1.7848387096774192,294.9426774193548,26.73,3.5161290322580645,1
2022-07-07,143.34634399414062,143.5422362397496,140.3393449670909,140.34913434840425,66253700,0.023999443655454034,0.051138570296079155,-0.01586974676707209,0.016578131759823832,0.024332641774165848,135.43118782043456,142.12903518676757,0.9528748833232311,65.09959769733639,-0.7708390623052708,-2.2030315049901854,1.4321924426849146,0.7986166441941461,1.805806451612903,294.9486129032258,26.08,3.5193548387096776,1
2022-07-08,144.0221405029297,144.52168281438622,142.02401609395528,142.27867446652914,64547800,0.004714431425029586,0.07548231646815218,-0.006218350873554046,0.007618507565675358,0.02433490872862852,135.386128616333,141.94234756469726,0.9538106910245658,76.96956260424804,-0.20452304608278382,-1.8033298132087052,1.5988067671259214,0.7731158745562068,1.826774193548387,294.9545483870968,24.64,3.52258064516129,0
2022-07-11,141.89669799804688,143.63037488194183,140.82907263468897,142.6802818681296,63141600,-0.014757748339669918,0.0427553204468063,0.015633785034745884,0.015045823781238903,0.023118957405119062,135.49534034729004,141.71764877319336,0.9560936236257943,70.69991781862726,0.07195161633546832,-1.4282735272998706,1.5002251436353389,0.7591517001308944,1.889677419354839,294.9723548387097,26.17,3.532258064516129,1
2022-07-12,142.8663787841797,145.40321819395862,142.07300556646354,142.768425199881,77588800,0.006833709309755465,0.030375692578886726,0.06366222611202454,0.013876172797694288,0.021166727772364623,135.9228816986084,141.37405014038086,0.9614415203047547,67.32579854491694,0.3650963106699123,-1.069599559705914,1.4346958703758264,0.9406819849824388,1.9106451612903224,294.9782903225806,27.29,3.535483870967742,0
2022-07-13,142.50401306152344,143.4443019452147,139.20316774910646,140.05532229787818,71185600,-0.002536396076809999,0.01798222422494633,0.10320027131294407,0.014164088121930258,0.018852707010848957,136.58941764831542,141.140372467041,0.9677558253589821,67.67800932652901,0.561700770683899,-0.7433394936279515,1.3050402643118506,0.8905952631765952,1.9316129032258065,294.9842258064516,26.82,3.5387096774193547,1
2022-07-14,145.42282104492188,145.8929653987599,140.30995449187216,141.12292146669557,78140700,0.02048228622262238,0.014485734291668662,0.11833373210556086,0.012934859218283492,0.01916394082293842,137.35879554748536,140.95900833129883,0.9744591507386898,67.74542736388605,0.9421738389353607,-0.4062368271152891,1.3484106660506496,0.9816895310922938,1.9525806451612904,294.9901612903226,26.4,3.541935483870968,1
2022-07-15,147.08795166015625,147.763792686889,145.15838218653053,146.7059565075189,76259900,0.011450270344570024,0.021287082295268434,0.10883855199720349,0.013503206692414569,0.018919411950207392,138.0806697845459,140.78121322631836,0.9808174444595027,65.73029792905014,1.3623591826390111,-0.052517625164429094,1.4148768078034402,0.9673414027673789,1.9735483870967745,294.9960967741935,24.23,3.545161290322581,0
2022-07-18,144.0515594482422,148.45920196700573,143.6891431225671,147.64623499784832,81420900,-0.02064337818048878,0.015186128222835604,0.1307857156503447,0.015663069194435265,0.016910591344269275,138.91371383666993,140.41476333618164,0.9893098883347623,58.97188409721052,1.4338194414833367,0.2447497881651241,1.1890696533182126,1.0506007306510536,2.036451612903226,295.0139032258065,25.3,3.554838709677419,1
2022-07-19,147.90089416503906,148.1261694879342,143.8948404199678,144.88410592104603,82982400,0.02672192325817857,0.03523932939089014,0.14776514092070525,0.019010427028462635,0.01748911657496184,139.86576385498046,140.3062367248535,0.9968606322843878,72.70608134370445,1.7805364371715768,0.5519071179664147,1.228629319205162,1.1075767913715617,2.05741935483871,295.0198387096774,24.5,3.5580645161290323,1
2022-07-20,149.89901733398438,150.5650688606649,147.2838179131366,148.01842499581136,64823400,0.013509878897119076,0.05189330541356951,0.12637086010252907,0.018319917615813704,0.016502100438649685,140.70664443969727,140.22317764282226,1.0034478379751635,72.93270467032185,2.191284234311297,0.8797825412353912,1.3115016930759058,0.8746488921571438,2.0783870967741938,295.0257741935484,23.88,3.5612903225806454,1
2022-07-21,152.16165161132812,152.37713759641647,148.82163378808133,151.32909076479385,65086600,0.015094390327472729,0.046339567049965114,0.14776541726958858,0.01772021503571994,0.016445471121758353,141.6861228942871,140.28762771606446,1.0099687705964573,81.14353216184205,2.6686183284474794,1.237549698677809,1.4310686297696704,0.8831589187665062,2.0993548387096777,295.03170967741937,23.11,3.564516129032258,0
2022-07-22,150.927490234375,153.0725455912705,150.26145356507448,152.20081233549695,66675400,-0.008110856867573846,0.026103691912781057,0.11441384285581169,0.01920377506660787,0.01640455050088862,142.460888671875,140.27940078735352,1.0155510208361123,76.17409229206743,2.9137348071340057,1.5727867203690482,1.3409480867649575,0.9082657132942127,2.120322580645161,295.0376451612903,23.03,3.567741935483871,0
2022-07-25,149.81088256835938,151.85798424989775,149.1546353044719,150.849124954379,53623900,-0.00739830540004105,0.03998098418494744,0.07969800585904618,0.015230400295761603,0.01601091870365712,143.0138038635254,140.405753326416,1.0185750973540677,70.73173774742347,2.983498561441195,1.8549290885834777,1.1285694728577171,0.7485719606342883,2.183225806451613,295.0554516129032,23.36,3.57741935483871,0
2022-07-26,148.48861694335938,149.94802710334568,147.70503289373295,149.13505995960023,55138700,-0.008826232129008682,0.003973760818947403,0.07016834063010635,0.012299756951127618,0.01624582890239024,143.50060577392577,140.58284317016603,1.0207547559713812,65.80489130465615,2.898676910981692,2.063678653063121,0.8349982579185711,0.7779000633028632,2.2041935483870967,295.0613870967742,24.69,3.5806451612903225,1
2022-07-27,153.5720672607422,154.10099277980115,149.0371026048061,149.4484808165071,78620700,0.03423461287488383,0.02450349570053567,0.14078872379909146,0.01919203309538985,0.015632707059377846,144.44824905395507,140.77246994018554,1.0261114912264548,67.86452504807659,3.2047052510569927,2.2918839726618954,0.9128212783950973,1.1002313446010181,2.2251612903225806,295.0673225806452,23.24,3.583870967741936,1
2022-07-28,154.12057495117188,154.40461645264705,151.24091273921562,153.7581586202447,81378700,0.003571663129978031,0.012873962125802274,0.13014448986579286,0.018350039928160013,0.015574978335482187,145.33565521240234,141.0038215637207,1.0307213918079807,67.7209634602913,3.4517057862379374,2.523848335377104,0.9278574508608335,1.1268923487661522,2.2461290322580645,295.0732580645161,22.33,3.5870967741935487,1
2022-07-29,159.1746826171875,160.27170619819887,156.226464436767,157.93075852013737,101786900,0.032793205369347156,0.05464340770528575,0.18863360721078437,0.021221864947254084,0.015551199261759534,146.59868927001952,141.2637745666504,1.0377656247663978,77.49382783196162,4.009065725492206,2.8208918134001246,1.1881739120920818,1.4067460912509724,2.2670967741935484,295.0791935483871,21.33,3.5903225806451613,0
2022-08-01,158.19517517089844,160.23248719622674,157.5879047882323,157.70543713439503,67829400,-0.006153663573778001,0.055965844795776265,0.16252783120252334,0.020959616537079347,0.015793176336635902,147.70451736450195,141.66908096313477,1.0426023544469645,74.38452964433017,4.321919035739654,3.1210972578680307,1.2008217778716235,0.939528356194515,2.33,295.097,22.84,3.6,0
2022-08-02,156.7259521484375,159.07670355733856,156.35376142488207,156.81411634866453,59907000,-0.009287407285802018,0.05547452306206235,0.13033320270530968,0.021070081122144105,0.01599397365174907,148.60808258056642,142.11297897338866,1.0457038030874999,71.85418305058039,4.400576413364121,3.376993088967249,1.023583324396872,0.8375928130350565,2.3374193548387097,295.13738709677415,23.93,3.596774193548387,1
2022-08-03,162.7203369140625,163.17088746091105,157.4507517614702,157.53890100599065,82507500,0.03824755685610781,0.05956988022950771,0.16239821559898981,0.022219925586443007,0.017518470172312377,149.7447624206543,142.67206314086914,1.0495731198111422,74.28482922791378,4.8902380846768665,3.6796420881091727,1.2105959965676938,1.1468138569223314,2.3448387096774197,295.1777741935484,21.95,3.5935483870967744,0
2022-08-04,162.40695190429688,163.7586338892835,161.05526991931026,162.6028441618955,55474100,-0.001925911755769838,0.053765546590714974,0.1329689155583582,0.022857863230697984,0.017205051442696014,150.69779281616212,143.11674606323243,1.052971067058639,72.35561592589293,5.19314756330607,3.9823431831485525,1.2108043801575175,0.7768828949948183,2.3522580645161293,295.21816129032254,21.44,3.5903225806451613,0
2022-08-05,162.18133544921875,162.67175374212067,159.87636348602825,160.08234575425365,56697000,-0.001389204417869272,0.01888901414845101,0.12608613427683135,0.019472130343287628,0.01729045753818538,151.60575256347656,143.6107878112793,1.0556710597723589,78.82197348816922,5.353290741732366,4.2565326948653155,1.0967580468670501,0.7983979375177607,2.359677419354839,295.2585483870968,21.15,3.5870967741935487,0
2022-08-08,161.71054077148438,164.59420304327227,161.05338198319762,163.18179581085533,60276900,-0.0029028906219716877,0.022221699219260538,0.1396356860517658,0.019103378804058598,0.01673213774247854,152.59644470214843,144.09227828979493,1.0590188906254236,74.59616029551407,5.380196611030755,4.481265478098404,0.8989311329323506,0.8505250265538172,2.381935483870968,295.3797096774193,21.29,3.57741935483871,1
2022-08-09,161.75961303710938,162.6423751902944,160.12161727807143,160.8768658503071,63135500,0.00030345743320681073,0.03211759647760459,0.1322440899931443,0.017804134464543358,0.01679275628124346,153.5411064147949,144.51088882446288,1.0624881464904767,72.70081843690933,5.343878522855363,4.653788087049795,0.6900904358055673,0.9000384332683845,2.3893548387096777,295.42009677419355,21.77,3.574193548387097,1
2022-08-10,165.9967803955078,166.09485506907728,163.70161153159123,164.46666283077084,70170500,0.026194222889408092,0.02013542709892313,0.1648568824784029,0.012430226933670201,0.017215070150557475,154.71574478149415,144.89944808959962,1.0677455768211384,74.6191989234553,5.592532932244268,4.84153705608869,0.750995876155578,1.001051331797505,2.3967741935483877,295.4604838709677,19.74,3.570967741935484,0
2022-08-11,165.26116943359375,167.713261012407,164.9669154508603,166.80107516257124,57149200,-0.0044314772862544816,0.01757447877587648,0.13641839875010886,0.01277732630478423,0.017150206961428414,155.70766220092773,145.2889665222168,1.07171016442682,75.96709152166054,5.664933855091476,5.006216415889247,0.6587174392022295,0.8276827325296033,2.404193548387097,295.50087096774195,20.2,3.567741935483871,1
2022-08-12,168.80201721191406,168.87066800455992,166.15374591104305,166.56571053244468,68039400,0.021425769831207253,0.04082271085237399,0.14762640519957548,0.014524660559264409,0.017442704703173974,156.79336547851562,145.7518489074707,1.0757555849466756,81.62665190793683,5.939561365506222,5.192885405812643,0.7466759596935795,0.9913048077177344,2.4116129032258065,295.5412580645161,19.53,3.564516129032258,1
2022-08-15,169.87109375,170.0672580774187,168.06635799154176,168.2330984181666,54091700,0.006333316128229738,0.05046395206882304,0.17923814501317348,0.01330911352672834,0.01618615481876234,158.0843421936035,146.18713943481444,1.0813833747947033,85.91188566601882,6.172320519262485,5.3887724285026115,0.7835480907598731,0.8041014574977206,2.433870967741936,295.6624193548387,19.95,3.554838709677419,0
2022-08-16,169.71417236328125,170.38114909928225,168.3704308785935,169.46896318920653,56377100,-0.0009237674477430291,0.04917518765544404,0.14748577634629623,0.01354112983574389,0.0157126789155498,159.1750061035156,146.73349746704102,1.0847898322553728,82.48663701003137,6.271823899256219,5.565382722653333,0.706441176602886,0.8549824778721337,2.4412903225806453,295.7028064516129,19.69,3.5516129032258066,1
2022-08-17,171.20504760742188,172.7743773350279,169.26299514755854,169.45915949271176,79542000,0.008784624309096323,0.03137571222468738,0.14213589023046325,0.010028601485853472,0.015645306320303153,160.2403076171875,147.29478561401368,1.0878885287704454,83.12666055208734,6.397238830131386,5.731753944148944,0.6654848859824414,1.1929735415200295,2.448709677419355,295.74319354838707,19.9,3.548387096774193,0
2022-08-18,170.81271362304688,171.54834118381174,169.8024529702403,170.4203849105247,62290100,-0.002291602904574641,0.03359255055788446,0.12257399820659032,0.009490696393673365,0.015642124962858335,161.17286071777343,147.79788192749024,1.0904950640418851,77.54587427660073,6.391298086848309,5.8636627726888175,0.5276353141594914,0.936192264635533,2.4561290322580644,295.7835806451613,19.56,3.545161290322581,0
2022-08-19,168.23312377929688,170.4105825645676,168.02714147630917,169.71418188591318,70346300,-0.015101860915591403,-0.003370181482505674,0.11466190498528794,0.009346181283711091,0.016044918022600836,162.03814239501952,148.26407791137694,1.0929022368579115,72.08579338333001,6.108029105722267,5.9125360392955075,0.19549306642675912,1.054364767646101,2.4635483870967745,295.82396774193546,20.6,3.541935483870968,0
2022-08-22,164.35877990722656,166.60488891273792,163.93701242863682,166.43814850327874,69026800,-0.023029613818221772,-0.03244998145997657,0.09710841488587407,0.012546354906561153,0.017058209385828322,162.7655372619629,148.75700424194335,1.094170577657208,65.18667258478092,5.507423081076922,5.8315134476517905,-0.3240903665748682,1.0227817679179396,2.4858064516129037,295.945129032258,23.8,3.532258064516129,0
2022-08-23,164.02529907226562,165.4769480040651,163.4564120530002,163.8781795700326,54147100,-0.002028980959515314,-0.03352031955727497,0.10463214250849062,0.012432496946212911,0.016839135689211804,163.5423713684082,149.3511991882324,1.0950188030448298,53.351364653804914,4.947497689394055,5.6547102960002436,-0.7072126066061886,0.8028965730049639,2.493225806451613,295.98551612903225,24.11,3.5290322580645164,1
2022-08-24,164.31956481933594,164.88845187937156,163.06409508904346,164.11359750144874,53841500,0.0017940265845250991,-0.04021775575142239,0.06998341397818209,0.010492865925027826,0.015386984731232367,164.0797462463379,150.05412460327148,1.0934704172920857,54.916743483633084,4.47590215505673,5.4189486678115415,-0.9430465127548118,0.813306680054232,2.5006451612903224,296.0259032258064,22.82,3.5258064516129037,1
2022-08-25,166.7716522216797,166.8795448504242,165.12385385508654,165.54560642521002,51218200,0.01492267463731256,-0.02365784908894475,0.08208558315147663,0.01481999413324397,0.015597701945176725,164.7123001098633,150.78885238647462,1.0923373810664905,60.588248958706565,4.251019154209558,5.185362765091146,-0.9343436108815872,0.7917151716167092,2.5080645161290325,296.06629032258064,21.78,3.52258064516129,0
2022-08-26,160.48452758789062,167.77215348287845,160.4256797689523,167.30135596498863,78961000,-0.03769900069966303,-0.04605868343484809,0.008228978058359093,0.020962147379564915,0.016690954275670345,164.77779235839844,151.34553359985352,1.08875226403482,47.77030117084997,3.524847098380775,4.853259631749072,-1.3284125333682972,1.2424743021064126,2.515483870967742,296.1066774193548,25.56,3.5193548387096776,0
2022-08-29,158.28741455078125,159.77827539995786,156.7573118566176,158.06181135805244,73314000,-0.01369049758336427,-0.03693970811825409,0.0005830732813638662,0.019806954519235344,0.016933403958263354,164.78240432739258,151.9634683227539,1.0843553792639995,44.142880823168824,2.740471403835187,4.430701986166295,-1.6902305823311083,1.1486605423258942,2.537741935483871,296.2278387096774,26.21,3.509677419354839,0
2022-08-30,155.86476135253906,159.44480926961938,154.6975633016655,159.02305667853338,77906200,-0.015305406340217709,-0.04975170151118713,-0.005494883164485653,0.019806819707761398,0.017162136938816873,164.73934478759764,152.50356567382812,1.080232741180224,31.794183675819497,1.901441514472907,3.924849891827618,-2.023408377354711,1.2036380347468363,2.545161290322581,296.2682258064516,26.21,3.5064516129032257,0
2022-08-31,154.20713806152344,157.50274977749038,154.12866933419335,157.23791969354875,87991100,-0.010635009970383025,-0.06154122163681963,-0.05231797705184904,0.018706661759121303,0.014714337817369612,164.3136848449707,152.92608032226562,1.0744647642750513,30.774485404057543,1.0901810079744507,3.3579161150569847,-2.267735107082534,1.353713708437651,2.5525806451612905,296.3086129032258,25.87,3.503225806451613,1
2022-09-01,154.93296813964844,155.38414463005734,151.70600708998924,153.63825654168207,74229900,0.004706851364010278,-0.07098738858984732,-0.04602009752053415,0.015193221065123873,0.014804323342640351,163.9399856567383,153.37329803466798,1.0688952233372582,23.260173479582434,0.5000553067451676,2.7863439533946215,-2.286288646649454,1.125760236102101,2.56,296.349,25.56,3.5,0
2022-09-02,152.8241424560547,157.2869518100939,152.0002433352291,156.6886409081276,76957800,-0.013611213345457673,-0.04773285778369296,-0.05769586843791852,0.00823215649188293,0.01501771353198654,163.47212600708008,153.72113739013673,1.0634329720850022,18.400051592260482,-0.13621793600597698,2.2018315755145017,-2.3380495115204787,1.149471143767686,2.5773333333333333,296.4042666666667,25.47,3.5033333333333334,0
2022-09-06,151.56869506835938,154.07963464254792,150.7447958267751,153.4715206737186,73714800,-0.008214980745312017,-0.04244632778600599,-0.06271604593454794,0.007928363919853191,0.015065423945856856,162.96503372192382,153.9774597167969,1.0583694134301043,17.680002174267543,-0.7333199213849468,1.614801276134612,-2.348121197519559,1.0900926333553724,2.6466666666666665,296.62533333333334,26.91,3.5166666666666666,1
2022-09-07,152.97128295898438,153.6676685648947,150.66631095885003,151.85312983190147,87449600,0.009253809897831644,-0.018564031846878715,-0.05432956912495124,0.010064639897505376,0.015303674787294247,162.52561721801757,154.26183380126952,1.0535698507732898,17.42028252142684,-1.080890591915363,1.075662902524617,-2.1565534944399802,1.2703641429400805,2.664,296.6806,24.64,3.52,0
2022-09-08,151.50001525878906,153.36359865770876,149.75411248649127,151.67655864828822,84923800,-0.00961793397908417,-0.017555106960446487,-0.08733160427677222,0.009898343503715138,0.013765558156453144,161.80077896118163,154.5994500732422,1.046580559533218,16.773555711550273,-1.4582520381650852,0.5688799143866765,-2.0271319525517617,1.220592538678634,2.6813333333333333,296.73586666666665,23.61,3.523333333333333,1
2022-09-09,154.35426330566406,154.79565178409123,151.78447599724632,152.49067960307377,68028800,0.018839919203964772,-0.003735194909986861,-0.0659979967787434,0.013996304958769771,0.014719306585265693,161.25543365478515,154.95908630371093,1.0406323210936708,26.34572664531737,-1.5095980331893486,0.1531843248714715,-1.66278235806082,0.9701787767402844,2.6986666666666665,296.79113333333333,22.79,3.526666666666667,1
2022-09-12,160.29812622070312,161.11222243462,156.24728104104713,156.53171708379904,104956000,0.03850792837039152,0.04890577918209238,-0.050377899101378354,0.020048370316862088,0.016604696125856064,160.83023910522462,155.48676879882814,1.0343660772403727,43.53531226269293,-1.0584686738669404,-0.08914627487621091,-0.9693223989907296,1.45841719852891,2.7506666666666666,296.9569333333333,23.87,3.536666666666666,0
2022-09-13,150.89190673828125,157.46350930410847,150.43091231518306,156.8357744463717,122656600,-0.058679534840420544,-0.004465225024025465,-0.1117269959988042,0.03694135016653204,0.020662500313361202,159.88127975463868,155.78303466796876,1.0263073902457016,33.77758645256671,-1.4433111154586413,-0.359979242992697,-1.0833318724659442,1.6268762202158569,2.768,297.0122,27.27,3.54,1
2022-09-14,152.333740234375,154.08944624806267,150.66632089509483,151.82370097735972,87965400,0.009555406431403846,-0.004167728166209583,-0.10241002202045102,0.03696117081203334,0.020921261340427065,159.01225814819335,156.05661651611328,1.0189395470571085,35.60320947314362,-1.6133598023112086,-0.6106553548563993,-1.0027044474548092,1.1428033208896327,2.785333333333333,297.0674666666667,26.16,3.543333333333333,0
2022-09-15,149.45008850097656,152.2651001071562,148.4790697119515,151.68639505914092,90481100,-0.01892982952405531,-0.013530868325728251,-0.12706961278577522,0.03777502809448249,0.020865600082002226,157.92451019287108,156.24588348388673,1.010743493982403,29.407669322853707,-1.9582378598906018,-0.8801718558632399,-1.078066004027362,1.1671922601439713,2.802666666666666,297.1227333333333,26.27,3.546666666666667,0
2022-09-16,147.8120880126953,148.44964084888636,145.52673670084437,148.31232430924803,162278800,-0.010960184130439976,-0.042384156762896974,-0.1346540612961037,0.0359435931737808,0.020862242037803003,156.77447891235352,156.33519836425782,1.0028098633749272,33.062386224444225,-2.3367920709067107,-1.171495898871934,-1.1652961720347768,1.9665452169383957,2.8200000000000003,297.178,26.3,3.55,1
2022-09-19,151.5196533203125,151.5981220543988,146.24276190884032,146.44872924023372,81474200,0.025082964170689115,-0.05476341556422293,-0.09934708506578405,0.03186102001249726,0.021947374200459804,155.9388053894043,156.48514862060546,0.9965086576201186,41.30546263755393,-2.3109898234209822,-1.3993946837817437,-0.9115951396392385,0.9807172661559183,2.872,297.3438,25.76,3.56,1
2022-09-20,153.8932342529297,155.0506290557297,150.14644676638997,150.46030665039189,107689800,0.015665168713126842,0.019890579816544962,-0.0636750020911826,0.018445731691036634,0.02197865460198713,155.41552810668946,156.72507934570314,0.9916442777092167,47.463983167282976,-2.075092833490686,-1.534534313723532,-0.5405585197671539,1.2668004442103,2.889333333333333,297.39906666666667,27.16,3.563333333333333,0
2022-09-21,150.7742156982422,155.69802002410492,150.6565200858437,154.32483969180942,101696800,-0.020267418316527563,-0.010237551666055,-0.08078682647720903,0.02089304877068187,0.02230983847409173,154.7529739379883,156.88323608398437,0.9864213525984658,45.74416406816904,-2.115436069862369,-1.6507146649512996,-0.4647214049110695,1.1637551084677922,2.9066666666666667,297.4543333333333,27.99,3.566666666666667,0
2022-09-22,149.8130340576172,151.50987771041477,148.01810072789718,149.4599321736332,86652500,-0.006374973573390674,0.0024285402590327188,-0.08828243172179895,0.019000709633157465,0.0222736195284072,154.02764739990235,157.02941650390625,0.9808840332541818,43.689578570520474,-2.1996119435382866,-1.760494120668697,-0.43911782286958956,0.973324817595318,2.924,297.5096,27.35,3.5700000000000003,0
2022-09-23,147.5472412109375,148.5673196468233,145.71308157487604,148.29268659863374,96029900,-0.015124136968004298,-0.0017917803971151391,-0.11527385352750663,0.019713531067722823,0.02191408825051457,153.06642684936523,157.07190490722655,0.9744990801491384,43.52118190793603,-2.421241907053286,-1.892643677945615,-0.528598229107671,1.0521760086418113,2.9413333333333336,297.56486666666666,29.92,3.5733333333333333,1
2022-09-26,147.88072204589844,150.82323152103234,146.77237202102398,146.79199294144382,93339400,0.0022601631330008143,-0.024016232842886454,-0.07853595440899819,0.014291372970370668,0.020644723333051965,152.4362365722656,157.08776031494142,0.9703890122734573,45.367134844275384,-2.540688656225683,-2.0222526736016286,-0.5184359826240543,1.0147040078837377,2.993333333333333,297.73066666666665,32.26,3.583333333333333,1
2022-09-27,148.85174560546875,151.75502830388234,147.0764338903238,149.81297617549825,84442700,0.006566261958532493,-0.032759651013475,-0.05961098658469388,0.011306658420741,0.020634826701034795,151.964453125,157.18376403808594,0.9667948471330583,44.76827377722657,-2.527858005882507,-2.1233737400578043,-0.40448426582470276,0.9124673152858458,3.010666666666667,297.78593333333333,32.6,3.586666666666667,0
2022-09-28,146.96856689453125,147.75323924438212,142.06438341593866,144.81072915722658,146691400,-0.012651371357974228,-0.0252407136464734,-0.05707636787693249,0.009346116401750853,0.020559000856536138,151.5196434020996,157.1651174926758,0.9640793441913771,44.30474130243422,-2.639223085763774,-2.2265436091989983,-0.4126794765647759,1.528313697119017,3.028,297.8412,30.18,3.59,0
2022-09-29,139.74961853027344,143.9083718149734,137.98410935439225,143.30025780798485,128138200,-0.049118995420553646,-0.06717316414186913,-0.09375389306221316,0.021926262190167765,0.022994356828153116,150.7967674255371,156.96212951660155,0.9607207030762643,33.45920144889466,-3.2722688373977746,-2.4356886548387537,-0.8365801825590209,1.3076677564901475,3.045333333333333,297.8964666666667,31.84,3.5933333333333333,0
2022-09-30,135.55162048339844,140.35772899315157,135.35545614892226,138.5725991267457,124925300,-0.030039424014353222,-0.08130020344053601,-0.12509505167925705,0.02316288108346502,0.02355551781647128,149.82770004272462,156.62992889404296,0.9565713341035869,20.818814296556482,-4.065837075751773,-2.7617183390213578,-1.3041187367304152,1.242733063120989,3.062666666666667,297.9517333333333,31.62,3.5966666666666667,1
2022-10-03,139.7201690673828,140.32829792951577,135.05139229305564,135.5614315097669,114311700,0.030752480635190205,-0.055183345507217596,-0.08574544033472975,0.031104967039176652,0.02489097915324147,149.17250137329103,156.40578247070312,0.9537531094877072,34.96959845489778,-4.308710457212669,-3.0711167626596203,-1.2375936945530488,1.116408707917018,3.1251612903225805,298.05725806451613,30.1,3.6,1
2022-10-04,143.3002471923828,143.41794280659562,141.49549629829846,142.2507447443845,87830100,0.025623202068081108,-0.037295487469795385,-0.05455247782035322,0.03473560223205465,0.025737539950622938,148.7590789794922,156.2755697631836,0.9519023299989773,38.50760512000821,-4.1643034787878435,-3.289754105885265,-0.8745493729025786,0.8519079957871195,3.147741935483871,298.0823870967742,29.07,3.6,1
2022-10-05,143.59451293945312,144.55574385560058,140.26947652199397,141.30917618434017,79471000,0.002053490854591944,-0.022957657044444302,-0.061297583691217405,0.03476917727471289,0.025614793861061847,148.2902404785156,156.17768768310546,0.9494969651452775,42.02512800285619,-3.9802334676768965,-3.4278499782435916,-0.5523834894333048,0.7738231587546833,3.1703225806451614,298.10751612903226,28.55,3.6,0
2022-10-06,142.64306640625,144.71263233032042,142.43709909152813,143.0157891213956,68402200,-0.00662592541822471,0.020704513589421936,-0.058461702709467156,0.024789198498439132,0.02558185815069815,147.84739303588867,155.95910766601563,0.947988195421725,42.826006022006716,-3.866559154296482,-3.51559181345417,-0.35096734084231196,0.6714451936500015,3.192903225806452,298.1326451612903,30.52,3.6,0
2022-10-07,137.4054412841797,140.3577700080511,136.77770625059352,139.80848875807743,85925600,-0.03671839966727486,0.01367612422610831,-0.1098046899289139,0.02717127897806861,0.026131142967641754,146.99995193481445,155.6248049926758,0.9445791880139721,31.209195536795676,-4.151250979427999,-3.6427236466489363,-0.5085273327790629,0.8361129373670882,3.215483870967742,298.1577741935484,31.36,3.6,1
2022-10-10,137.7290802001953,139.17091126885134,135.91454138275128,137.7290802001953,74899000,0.0023553573496866154,-0.014250547222192766,-0.14079419736593857,0.022488960885231165,0.024100273014138467,145.87149963378906,155.19589294433592,0.9399185562604337,27.23757765576707,-4.301175077277037,-3.7744139327745567,-0.5267611445024802,0.7396330136887753,3.283225806451613,298.2331612903226,32.45,3.6,0
2022-10-11,136.31666564941406,138.64125855443186,135.57123522583825,137.21903351996755,77033700,-0.010255020571750317,-0.048733911349037595,-0.0965939221256421,0.015993223046818075,0.020882143256343005,145.1427375793457,154.75832275390624,0.9378670884805913,28.612852197561082,-4.4822919833204935,-3.9159895428837443,-0.5663024404367492,0.7782444303591067,3.305806451612903,298.25829032258065,33.63,3.6,0
2022-10-12,135.68893432617188,137.67022848780448,135.51239091855444,136.4638036366148,70433700,-0.004604949220637589,-0.05505487954553423,-0.1092653924376441,0.015002014111980334,0.020605975989335466,144.31049728393555,154.33758239746095,0.9350314747855584,28.89794500280179,-4.623187875854569,-4.05742920947791,-0.5657586663766594,0.7179247672103687,3.3283870967741933,298.2834193548387,33.57,3.6,1
2022-10-13,140.2498779296875,140.8383711075261,131.79505342070354,132.4031824941024,113224000,0.03361323180969156,-0.016777460951005185,-0.06156042236956549,0.02530452474909161,0.022107221764576787,143.8504867553711,153.88817321777344,0.9347728532185666,39.797128757060555,-4.317054536951446,-4.109354274972617,-0.20770026197882885,1.1408591911894361,3.350967741935484,298.3085483870968,31.94,3.6,0
2022-10-14,135.72817993164062,141.75051634248345,135.5418185741853,141.54453406151188,88598000,-0.03224029899201608,-0.012206658898392342,-0.08175182587243357,0.023855932627064747,0.023007395734477167,143.24629135131835,153.3545977783203,0.9340854035454882,34.79013480216628,-4.388714530111429,-4.165226326000379,-0.22348820411104953,0.9271407860531438,3.373548387096774,298.33367741935484,32.02,3.6,1
2022-10-17,139.6809539794922,140.16155437004147,137.5819641011487,138.36663643162046,85250900,0.029122721971534427,0.014171834854772358,-0.07813309416563474,0.027815891330342332,0.02329215416264848,142.65435638427735,152.9045901489258,0.9329632043441931,39.3192218357979,-4.079523551931089,-4.148085771186522,0.06856221925543249,0.8903553806845262,3.4412903225806453,298.40906451612904,31.37,3.6,1
2022-10-18,140.9952850341797,143.88875049899616,137.91545818930572,142.70194639396894,99136600,0.009409522323855724,0.034321697662399675,-0.08381102185136813,0.026823229748924114,0.023057823161189442,142.00945892333985,152.4902850341797,0.9312688929101901,42.94979045588227,-3.6859426894280602,-4.0556571548348295,0.3697144654067692,1.0400220264790885,3.4638709677419355,298.4341935483871,30.5,3.6,1
2022-10-19,141.10316467285156,142.1722730567363,138.78838952105372,138.974750883936,61758300,0.0007651294058927949,0.03990178251134946,-0.0641426054223101,0.026342593521327992,0.02275998671197028,141.52590637207032,152.07715606689453,0.9306191017263434,51.91984881185196,-3.326970786781743,-3.909919881224212,0.5829490944424691,0.6617572130682217,3.4864516129032257,298.4593225806452,30.76,3.6,0
2022-10-20,140.64215087890625,143.09424222902763,139.9163264513743,140.2792461483292,64522000,-0.003267210873789894,0.0027969575090498466,-0.061215522643936815,0.022273843408874852,0.02274677977069171,141.06736221313477,151.5700634765625,0.9307072846541905,58.07651766524138,-3.044586826256392,-3.7368532702306485,0.6922664439742565,0.6996667739665446,3.509032258064516,298.48445161290323,29.98,3.6,1
2022-10-21,144.44781494140625,145.0167019837592,139.916339525803,140.13212478208789,86548600,0.02705919981113425,0.06424336504149153,-0.021006331559261238,0.01486673210632765,0.023497569904699412,140.9123908996582,151.15379638671874,0.9322451322303644,57.5881501509886,-2.485063948195176,-3.4864954058235544,1.0014314576283785,0.9433694497260424,3.531612903225806,298.5095806451613,29.69,3.6,1
2022-10-24,146.58604431152344,147.3510957532076,143.2021606323234,144.3693587197694,75981900,0.014802780997307252,0.049434730615063316,-0.008754878367263852,0.011994066470987148,0.023749484361184306,140.84765701293946,150.70947692871093,0.934564035940246,55.52984717408677,-1.847800501976053,-3.1587564250540545,1.3109559230780015,0.836102988190148,3.599354838709677,298.5849677419355,29.85,3.6,1
2022-10-25,149.420654296875,149.56778877679034,146.4977652190575,147.21377179556336,74732300,0.019337516055262904,0.059756390156258554,0.003821981993507473,0.012722469511976288,0.0241091056984367,140.87610244750977,150.30046813964844,0.9372964980828786,59.03277729832849,-1.1013397347167881,-2.7472730869866013,1.6459333522698132,0.8267695607043754,3.621935483870968,298.61009677419355,28.46,3.6,0
2022-10-26,146.48797607421875,149.07738452163943,145.20306734701933,148.06712385627637,88194300,-0.019626993580348584,0.03816222983979056,-0.003270024539719363,0.018892436353214668,0.02435807179034093,140.85207290649413,149.83594421386718,0.9400419481820064,55.61608431570604,-0.7379007612102839,-2.345398621831338,1.607497860621054,1.00832816274508,3.644516129032258,298.6352258064516,27.28,3.6,0
2022-10-27,142.02516174316406,146.1937178528811,141.36800292889205,145.23250204640354,109180200,-0.030465396892326413,0.009833544606755895,0.016283001247675566,0.025563391154121012,0.022672255689135234,140.96585006713866,149.25234649658202,0.9444799587815316,56.90408647268083,-0.8007539820376337,-2.036469693872597,1.2357157118349633,1.2619366820557625,3.667096774193548,298.6603548387097,27.39,3.6,1
2022-10-28,152.7555389404297,154.48180643716302,144.98731275555542,145.36002058759684,164762400,0.07555264902053249,0.05751367026488685,0.12691783687778413,0.041545693716965565,0.026943080203149807,141.82604598999023,148.8912030029297,0.9525481904206224,67.1287921586744,0.015111948800182518,-1.6261533653380411,1.6412653141382236,1.8615153741406674,3.6896774193548394,298.68548387096774,25.75,3.6,0
2022-10-31,150.40151977539062,151.28428192484714,149.0087332370563,150.22497632532892,97943200,-0.015410368627988391,0.026028913473908677,0.07644816621182682,0.04318638998943528,0.02671732769413608,142.36011352539063,148.53457092285157,0.9584308396415813,65.71803189360851,0.4663659276152998,-1.207649506747373,1.6740154343626727,1.1169077013253295,3.7574193548387096,298.76087096774194,25.88,3.6,0
2022-11-01,147.7630157470703,152.4710340362063,146.27215501250635,152.1081293130579,80379300,-0.017543067598390305,-0.011093771189833124,0.031142783366564286,0.04346139435895261,0.026624033407475517,142.583251953125,148.20265563964844,0.9620829757586336,62.89537867535738,0.6041188269620932,-0.8452958400054797,1.449414666967573,0.9205262185053722,3.78,298.786,25.81,3.6,0
2022-11-02,142.2506866455078,149.2538571921174,142.2212627539721,146.09556312537444,93604600,-0.037305201668312526,-0.02892585140615289,-0.0093584794184437,0.04595253040658194,0.028027066575461893,142.51606063842775,147.7671633911133,0.9644636695177885,52.09434545096188,0.26543038584745204,-0.6231505948348934,0.8885809806823455,1.0633800144821606,3.790666666666666,298.78753333333333,25.86,3.5966666666666667,0
2022-11-03,136.21856689453125,140.06344386766708,136.09105337060134,139.33761952846183,97918500,-0.04240485507116565,-0.04088426851527449,-0.04503898909058546,0.04787444076301346,0.029565056905211613,142.1948356628418,147.20514343261718,0.9659637723727443,50.49757852754657,-0.4841433915806306,-0.5953491541840409,0.11120576260341031,1.0940448890410654,3.801333333333333,298.78906666666666,25.3,3.5933333333333333,0
2022-11-04,135.9533233642578,140.16808578570755,132.02346880241154,139.5982550752952,140814800,-0.0019471907267883948,-0.10999414942802344,-0.010568125296571251,0.01667151969347417,0.028409019558361833,142.1222297668457,146.58877685546875,0.9695300882889083,45.91177244329725,-1.087058018572236,-0.69369092706168,-0.39336709151055604,1.5265169482214451,3.812,298.7906,24.55,3.59,1
2022-11-07,136.48387145996094,136.70983394000362,133.29086405936027,134.70561435237354,83374600,0.0039024282935815613,-0.09253662021643316,-0.009041000915887998,0.02061729904466286,0.02841831253083658,142.059969329834,146.10876373291015,0.9722891748610135,44.96561785691907,-1.5047159777423644,-0.855895937197817,-0.6488200405445474,0.8996974681933163,3.844,298.7952,24.35,3.58,1
2022-11-08,137.0537109375,138.94985902565782,135.07896394018204,137.9477566640864,89908500,0.0041751415126456415,-0.0724762198133645,0.005406861182927658,0.023149018970426306,0.02832930082089681,142.0968215942383,145.68408966064453,0.9753763909651192,45.527243726410944,-1.7693358338384542,-1.0385839165259445,-0.7307519173125097,0.963511806753022,3.854666666666666,298.7967333333333,25.54,3.5766666666666667,0
2022-11-09,132.50486755371094,136.12034157773795,132.22977893126608,136.07121539704306,74917800,-0.03319022412945427,-0.06851157854923884,-0.023465928067553432,0.02219879559654366,0.02931221390841647,141.93761825561523,145.21689178466798,0.9774180986195783,41.7565108083484,-2.3193664088731225,-1.2947404149953803,-1.0246259938777422,0.800938318454815,3.865333333333333,298.7982666666667,26.09,3.5733333333333333,1
2022-11-10,144.29444885253906,144.29444885253906,137.0536956773793,138.7631880310501,118854000,0.0889747034692836,0.05928620556007358,0.028838320450298438,0.04551881809086878,0.034826649232174885,142.1398468017578,145.0186380004883,0.9801488192247345,49.86626544081311,-1.7833910987074546,-1.3924705517377953,-0.3909205469696593,1.2668430629859355,3.876,298.7998,23.53,3.5700000000000003,1
2022-11-11,147.07479858398438,147.37935990276293,141.83826577346156,143.26284999283982,93979700,0.019268584159371827,0.08180362895527726,0.08359810511021704,0.044832709836686205,0.03405854271391972,142.707177734375,144.861474609375,0.985128572791288,50.421471728590674,-1.1213495967961649,-1.3382463607494692,0.21689676395330437,0.9988476229067165,3.8866666666666654,298.80133333333333,22.52,3.566666666666667,0
2022-11-14,145.6797332763672,147.64466090619808,144.8446330372058,146.35763570725214,73374100,-0.009485413687787991,0.06737691214382036,0.042946293864485785,0.04616264902998421,0.0336851969128671,143.00711669921876,144.71858642578124,0.9881738084317164,46.69192782623503,-0.7011644606152458,-1.2108299807226246,0.5096655201073788,0.7847977018060516,3.9186666666666654,298.8059333333333,23.73,3.556666666666666,1
2022-11-15,147.40882873535156,150.89657743758315,145.95478683657723,149.55060713210176,89868300,0.011869155853711844,0.07555517998760175,0.04548764662319815,0.04588279996333503,0.03371572684118026,143.32779388427736,144.63538909912108,0.9909593687755933,50.83201463377376,-0.22603556276970949,-1.0138710971320417,0.7878355343623322,0.9660051550630452,3.929333333333333,298.80746666666664,24.54,3.553333333333333,0
2022-11-16,146.18075561523438,147.2418181251695,144.70706018330316,146.51480463978805,64218300,-0.008331068977706857,0.10321045795528905,0.035984954371188094,0.04029621606579152,0.033805187743266726,143.5816734313965,144.4995785522461,0.9936476968995607,53.98778863187167,0.05082637966711445,-0.8009316017722106,0.851757981439325,0.6893787665504396,3.94,298.809,24.11,3.55,1
2022-11-17,148.076904296875,148.82357118211542,143.5870387733641,143.86212736220023,80389400,0.01297126064002252,0.02621345085978599,0.052862910382891704,0.013243199023384741,0.03385944459751317,143.95341110229492,144.43111633300782,0.9966925047535361,44.5936438874405,0.4184215128220501,-0.5570609788533585,0.9754824916754086,0.8556866598742018,3.9506666666666654,298.8105333333333,23.93,3.546666666666667,1
2022-11-18,148.6369171142578,150.022194440957,147.3400729082456,149.63903422199823,74829600,0.0037819052204119963,0.010621252215289756,0.029000799870533278,0.01071750696288553,0.033389709976288075,144.1628662109375,144.3167694091797,0.9989335737012942,47.87272984800351,0.7463284485857287,-0.29638309336554103,1.0427115419512698,0.8015056347229136,3.961333333333333,298.8120666666667,23.12,3.543333333333333,0
2022-11-21,145.4144287109375,147.7330433535175,145.12952086958856,147.5267343973142,58724100,-0.02168026938316525,-0.0018211494451763066,-0.007992681745992325,0.01468407460274763,0.033645957134639894,144.1042854309082,144.01909545898437,1.000591518587534,47.208034168871514,0.7376658225107633,-0.08957331019028017,0.8272391327010434,0.634866116603098,3.993333333333333,298.81666666666666,22.36,3.533333333333333,1
2022-11-22,147.54641723632812,147.78221396265934,144.35340964940343,145.53237828985053,51804100,0.014661464782347755,0.000933380328417055,-0.012543360015162763,0.015301649455563898,0.03352142005295155,144.01057357788085,143.9521856689453,1.0004056062689441,56.8456735649197,0.8925455753605718,0.10685046691989022,0.7856951084406816,0.5670823372320625,4.004,298.8182,21.29,3.53,1
2022-11-23,148.4207763671875,149.16744327173927,146.7211036243146,146.82917521495273,58301400,0.005925993644826377,0.015323636428923093,0.01319425897446691,0.014608363163870533,0.03322410552670364,144.1072135925293,143.87392639160157,1.0016214696212067,68.20049761615823,1.0734680978572158,0.3001739931073554,0.7732941047498604,0.6488217518556775,4.014666666666666,298.8197333333333,20.35,3.526666666666667,0
2022-11-25,145.5126953125,146.2691965387926,144.5400508786952,145.70918504900035,35195900,-0.019593490385018675,-0.01731673819459445,0.02455574439438224,0.016287771346110765,0.03276509983535826,144.2815902709961,143.79517852783204,1.0033826707414248,63.216522683881315,0.9709995843640229,0.43433911135868886,0.536660473005334,0.408503527177296,4.036,298.8228,20.5,3.52,0
2022-11-28,141.69093322753906,144.06849387144769,140.8656672171658,142.5947981424062,69246000,-0.026264114459246368,-0.046731216050312385,-0.07243341740429787,0.01839123633556204,0.028292536779624976,143.72835998535157,143.6727554321289,1.0003870222510554,56.598619829775906,0.5747825532330069,0.4624277997335525,0.11235475349945434,0.8508728739697853,4.068,298.8274,22.21,3.51,0
2022-11-29,138.6944122314453,142.27057984792378,137.8887997144492,141.7596944766532,83763800,-0.021148290351660548,-0.04621285892372207,-0.0778390242427649,0.018303691256314862,0.028449592694941215,143.14300460815429,143.41625061035157,0.9980947347247303,51.958701589877315,0.018767163875196502,0.37369567256188135,-0.35492850868668485,1.0383083184605968,4.078666666666666,298.82893333333334,21.89,3.506666666666667,1
2022-11-30,145.43411254882812,146.11201495746124,138.0852876520207,138.92037287256267,111380900,0.048593884994703185,-0.014316204534581711,-0.015761069753940538,0.031169944242258444,0.030520317926602876,143.02655944824218,143.24706817626952,0.9984606405503811,64.6679128079621,0.12056861161829602,0.32307026037316433,-0.2025016487548683,1.3546128341535781,4.089333333333333,298.83046666666667,20.58,3.5033333333333334,1
2022-12-01,145.70919799804688,146.51482547786148,144.03901260255705,145.61096061666942,71250400,0.0018914781710954731,-0.018269533656341208,0.024312791973776227,0.030948814643831025,0.029255416854675757,143.19948501586913,143.1457678222656,1.0003752621849793,52.172610999597424,0.22089771777498868,0.30263575185352926,-0.08173803407854058,0.8784880867204048,4.1,298.832,19.84,3.5,0
2022-12-02,145.21795654296875,145.4046270438478,143.09583136119605,143.40040769964443,65447400,-0.0033713826019734494,-0.0020255192778765307,0.06606580772065662,0.029636740926252965,0.02740911156496593,143.64945449829102,143.05386627197265,1.0041633843379392,46.93282923755514,0.25779843737558394,0.2936682889579402,-0.03586985158235628,0.8234225657318929,4.10741935483871,298.8832258064516,19.06,3.5,0
2022-12-05,144.05865478515625,148.2734173934748,143.21373541725012,145.17866278529172,68826400,-0.007983184624068662,0.016710466249911127,0.05961848684773918,0.0265641529570114,0.02750588919660898,144.05472106933593,142.98409454345702,1.0074877316200614,47.30124843837242,0.19129147134114532,0.27319292543458124,-0.08190145409343591,0.9070100069534921,4.129677419354838,299.03690322580644,20.75,3.5,0
2022-12-06,140.40390014648438,144.71691547188212,139.43125562304482,144.49095300364328,64727200,-0.02536990675168005,0.012325571647301636,0.028721552551163043,0.027594386024518962,0.028238311753735052,144.2507225036621,142.83455810546874,1.0099147182374988,39.04093532629998,-0.15454246435018604,0.18764584747762778,-0.34218831182781384,0.8636008643853835,4.137096774193548,299.08812903225805,22.17,3.5,0
2022-12-07,138.4684295654297,140.85580904494128,137.54491133359693,139.69650913090825,69721100,-0.013785020067358489,-0.047895798731950046,0.010322366452192089,0.010483222314779862,0.028443129191029787,144.3214584350586,142.62689178466798,1.0118811160306922,38.19550937263968,-0.5781303239719477,0.03449061318771268,-0.6126209371596605,0.9429288853903034,4.144516129032258,299.13935483870966,22.68,3.5,1
2022-12-08,140.1484375,141.00319109284194,138.62563079391435,139.86352962985669,62128300,0.012132786800882034,-0.03816341435165549,0.057685201211123305,0.013796798433074523,0.027370498859028994,144.70363693237306,142.49048919677733,1.0155318979397945,37.78385606956149,-0.7693950474252915,-0.12628651893488815,-0.6431085284904033,0.8475717829589345,4.151935483870967,299.1905806451613,22.29,3.5,0
2022-12-09,139.6670379638672,143.0172426533997,138.42912415381502,139.84387422747133,76097000,-0.0034349261734210046,-0.038224739634447946,-0.032069223213159304,0.013791871160278996,0.01847443527502773,144.47226638793944,142.48883758544923,1.013919888996924,36.1456902573694,-0.9488805339543092,-0.2908053219387724,-0.6580752120155368,1.0693237153170994,4.159354838709677,299.2418064516129,22.83,3.5,1
2022-12-12,141.95620727539062,141.9660265170688,138.58634846990296,140.1975885864345,70462700,0.016390190161515772,-0.014594385272451271,-0.03480264027470936,0.01747659229870455,0.01831491757629178,144.21633682250976,142.61692932128906,1.0112147099845175,44.5000815385153,-0.8960778158261746,-0.4118598207162528,-0.4842179951099218,1.006785180621428,4.181612903225807,299.3954838709677,25.0,3.5,1
2022-12-13,142.9189910888672,147.34007759813417,141.71056497387187,146.87831847453648,93886200,0.0067822593457205205,0.01791325554175338,-0.018950763605961818,0.012229593652584067,0.018308052611271577,144.07829971313475,142.68090576171875,1.0097938399252224,42.35632395396398,-0.7676931846982598,-0.48302649351265425,-0.2846666911856055,1.32209085817224,4.189032258064516,299.44670967741934,22.55,3.5,0
2022-12-14,140.69863891601562,144.0881358235322,138.68458524913544,142.8011107216781,82291200,-0.015535739203972887,0.016106265937912756,-0.045520949300689395,0.012861144582146114,0.018335614226027516,143.74279022216797,142.6288735961914,1.0078098956956658,37.787469075205045,-0.8354804056124294,-0.5535172759326094,-0.28196312967982007,1.1650272663937786,4.196451612903226,299.49793548387095,21.14,3.5,0
2022-12-15,134.10629272460938,139.3133532425607,133.6445335943197,138.63545090272245,98931900,-0.04685437074726273,-0.04311246620491671,-0.08259953808425002,0.024491216358546897,0.020865941196602115,143.13906707763672,142.43910919189454,1.0049140849708573,33.843574907042154,-1.404954073670325,-0.7238046354801525,-0.6811494381901725,1.3670244333825017,4.203870967741936,299.54916129032256,22.83,3.5,0
2022-12-16,132.1511993408203,135.23613504981998,131.38487878191776,134.2929782040358,160156900,-0.014578684892914695,-0.05381254398042923,-0.1075502289278395,0.024418524346202175,0.02058754345856926,142.342781829834,142.22927185058595,1.000798077482723,35.733154426127754,-1.9910738946599054,-0.9772584873161031,-1.0138154073438024,2.0974303819640543,4.211290322580645,299.60038709677417,22.62,3.5,0
2022-12-19,130.0487060546875,132.82907992971283,129.01713123497163,132.74066180080095,79592600,-0.015909755617960375,-0.08388151141290312,-0.1250578350281678,0.019143108425742326,0.02059256000248487,141.41337127685546,142.0821371459961,0.9952931038160452,36.71493733379164,-2.5953145419682073,-1.300869698246524,-1.2944448437216833,1.0391116336164283,4.233548387096774,299.75406451612906,22.42,3.5,0
2022-12-20,129.97996520996094,130.91330283228723,127.6122238272619,129.08591954394805,77432800,-0.0005285776907126838,-0.09053398558390846,-0.10614121059236847,0.017012133200964688,0.020310778453115262,140.64164810180665,141.9271548461914,0.9909424891538348,20.129109815896996,-3.0446298225785995,-1.649621723112939,-1.3950080994656604,0.998717823211798,4.240967741935484,299.8052903225807,21.48,3.5,1
2022-12-21,133.07473754882812,134.4108891056121,130.42208791158035,130.64805042002772,85928000,0.023809610457027786,-0.0541860349604254,-0.09808221682753848,0.025708131986313304,0.02088132178859711,139.91806411743164,141.86231628417968,0.9862947947159322,27.979481855143263,-3.115084402035194,-1.9427142588973902,-1.1723701431378037,1.0844236453270355,4.248387096774193,299.8565161290323,20.07,3.5,0
2022-12-22,129.9111785888672,132.20032094511618,128.0150307307424,131.99401195090732,77852100,-0.023772798791357075,-0.031282008103504566,-0.12471028808344364,0.018748510904158404,0.02112241661931149,138.99258422851562,141.7467611694336,0.9805697363509714,25.595251128221975,-3.387147999246963,-2.231601006967305,-1.1555469922796582,0.9705315427332772,4.255806451612903,299.9077419354839,21.97,3.5,0
2022-12-23,129.5476531982422,130.09783042542833,127.3665827681792,128.62413499923468,63814900,-0.002798261047076256,-0.019701267605324868,-0.10971580232206968,0.018162785885612643,0.02090412165741634,138.19433212280273,141.53271667480467,0.9764126300233998,26.261648976347843,-3.5907024384883925,-2.5034212932715225,-1.08728114521687,0.7815962126665205,4.263225806451613,299.9589677419355,20.87,3.5,0
2022-12-27,127.749755859375,129.10556058535423,126.46273078933112,129.07608787315525,69007800,-0.013878270230923695,-0.017677609143959883,-0.09839145702976038,0.01784523374670308,0.020437567252875138,137.49727325439454,141.37314819335938,0.9725840798730483,27.96029727083601,-3.8526847362824697,-2.773273981873712,-1.0794107544087574,0.8453214541119506,4.292903225806452,300.163870967742,21.65,3.5,0
2022-12-28,123.82972717285156,128.73221899747332,123.66271014073897,127.39606774936588,85438400,-0.03068521470082919,-0.04731681553518419,-0.10717580340431032,0.021366636853204814,0.020940046208103726,136.75403900146483,141.05612365722655,0.9695009011716783,26.152382221311868,-4.326745124233781,-3.083968210345726,-1.2427769138880551,1.0455182173091082,4.300322580645162,300.2150967741936,22.14,3.5,1
2022-12-29,127.33712768554688,128.19186635387044,125.49009852746012,125.74553370652504,75703700,0.028324382139673032,-0.0431156955028823,-0.12443425098912309,0.02314569955631336,0.0185399727816019,135.84918975830078,140.7829605102539,0.9649547734038896,30.302148740476028,-4.369059687863995,-3.34098650584938,-1.028073182014615,0.9470675181100608,4.307741935483871,300.2663225806452,21.44,3.5,1
2022-12-30,127.65150451660156,127.6711579886276,125.19535270118398,126.15817044916967,77034200,0.0024688544242259525,-0.01739399254791507,-0.12392967451298009,0.02176856572929095,0.01855410187834126,134.94630508422853,140.5139273071289,0.9603767232928382,31.430308415587547,-4.327343776118482,-3.5382579599032007,-0.7890858162152816,0.960238352493841,4.315161290322581,300.3175483870968,21.67,3.5,0
2023-01-03,122.8767318725586,128.60448941700523,121.9925130634904,127.99536673400505,112117500,-0.03740475023874079,-0.051493957327619966,-0.15384615788750322,0.02654191918242899,0.019779149814187023,133.829243850708,140.15861892700195,0.9548413424393797,22.616973680032316,-4.626239454747264,-3.755854258872014,-0.87038519587525,1.3580527376389402,4.345483870967742,300.48645161290324,22.9,3.5064516129032257,1
2023-01-04,124.14411163330078,126.40378110334797,122.88655931785308,124.66481618620304,89113600,0.010314237215037991,-0.028224274886624934,-0.1382391303150462,0.027882952367451003,0.02020491074656945,132.83351669311523,139.75254486083983,0.950490861009978,23.287682831227016,-4.706594783816058,-3.946002363860823,-0.7605924199552354,1.0663105023153414,4.353225806451613,300.5196774193549,22.01,3.509677419354839,0
2023-01-05,122.82762145996094,125.52939692056384,122.57218626779334,124.90062068574456,80962700,-0.010604531749588864,-0.008092610197645067,-0.12518369267652807,0.024580448520262508,0.019771774172466512,131.95470275878907,139.2773764038086,0.9474238111451151,23.902447502739676,-4.820933989548749,-4.120988688998408,-0.6999453005503407,0.9594592224468049,4.360967741935484,300.55290322580646,22.46,3.5129032258064514,1
2023-01-06,127.34695434570312,128.00520329992693,122.699904718632,123.80026688503308,87754700,0.03679410894735424,7.717042417132447e-05,-0.08031776813408142,0.02728261784099137,0.021907281560699935,131.39862899780275,138.83590240478514,0.9464311948266916,39.4929939061357,-4.495059986179825,-4.195802948434691,-0.299257037745134,1.0289538556207067,4.368709677419355,300.5861290322581,21.13,3.5161290322580645,1
2023-01-09,127.8676528930664,131.07049435820306,127.61221771125116,128.1820484933381,70790800,0.004088818221358981,0.0016932693216846761,-0.08762698197711694,0.027324198488804678,0.021669049709382663,130.78458976745605,138.4634959411621,0.9445420172189709,43.03068369564813,-4.146982635190227,-4.186038885785798,0.039056250595571385,0.8258522067906356,4.391935483870967,300.6858064516129,21.97,3.5258064516129037,1
2023-01-10,128.43746948242188,128.958174020526,125.87323874198964,127.9757103650532,63896200,0.004456299747927606,0.045254602113202314,-0.08040242454594393,0.017344608790077758,0.02175826178697839,130.22311134338378,138.19174209594726,0.9423364187200793,47.24091907699318,-3.781557944122298,-4.105142697453099,0.3235847533308007,0.7507621599713166,4.399677419354839,300.71903225806454,20.58,3.5290322580645164,1
2023-01-11,131.14907836914062,131.1687168485226,128.17221470136022,128.94835439070522,69458900,0.021112288319335537,0.056426089354372655,-0.07613002005107472,0.018198840580662706,0.022014773645503388,129.6827548980713,137.7596128845215,0.941369913740824,51.8358232200405,-3.2358511901385327,-3.9312843959901858,0.695433205851653,0.8166038675493636,4.4074193548387095,300.7522580645161,21.09,3.532258064516129,0
2023-01-12,131.0704803466797,131.90556546211644,129.1350257391296,131.53223946571177,71379600,-0.0005993028958977131,0.06710916314052162,-0.08290368307190243,0.015565736435707935,0.021890963972973618,129.0903293609619,137.37299209594727,0.9397067603419427,46.52346320245492,-2.777697294192137,-3.7005669756305766,0.9228696814384394,0.8504362263080907,4.4151612903225805,300.78548387096777,18.83,3.535483870967742,1
2023-01-13,132.39682006835938,132.55401787873402,129.35119119619432,129.71469801537842,57809700,0.010119286342519906,0.03965438944811828,-0.05900425840374823,0.008338034941144016,0.02193652873959167,128.6752384185791,137.06566818237306,0.93878532914143,54.60504109508493,-2.28128526351108,-3.4167106332066774,1.1354253696955974,0.6989542231574977,4.422903225806452,300.8187096774193,18.35,3.5387096774193547,1
2023-01-17,133.55615234375,134.88246968730516,131.77789498509242,132.46561675484807,63646600,0.008756496378025114,0.04448740022967956,-0.0041022711886391505,0.008070698214748862,0.0194420263524686,128.64773139953613,136.89177749633788,0.9397769080979148,57.213663675950386,-1.7738785592310933,-3.0881442184115606,1.3142656591804673,0.7862984287336824,4.453870967741936,300.9516129032258,19.36,3.5516129032258066,0
2023-01-18,132.83892822265625,136.1792989256054,132.6620769549058,134.42069543585905,69672800,-0.005370206527421817,0.03426927327337892,0.005204106245470186,0.010278018756006448,0.019186606606057914,128.68211784362794,136.82418472290038,0.940492487525053,59.52907200660101,-1.4133370135806729,-2.7531827774453834,1.3398457638647105,0.9117044432388324,4.461612903225807,300.98483870967743,20.34,3.554838709677419,1
2023-01-19,132.8979034423828,133.86071392112063,131.42420750930626,131.72876893688178,58280400,0.0004439603700183703,0.013334634867351758,0.02190869462782019,0.0065731617206757,0.0187979287048274,128.8245777130127,136.7630763244629,0.9419543722998995,69.8494852357655,-1.1100504629808654,-2.42455631455248,1.3145058515716146,0.7734135476758803,4.469354838709678,301.018064516129,20.52,3.5580645161290323,1
2023-01-20,135.45228576660156,135.59966433835268,131.86629872212012,132.9077080011768,80223600,0.01922063672980512,0.03343090990688413,0.042101261896793085,0.009453745301465283,0.019213574597677335,129.09819374084472,136.7424446105957,0.9440974534898826,68.53679126186182,-0.6560142568697529,-2.0708479030159346,1.4148336461461817,1.06264432379076,4.477096774193549,301.05129032258066,19.85,3.5612903225806454,1
2023-01-23,138.63546752929688,140.80671912517695,135.4817521326256,135.6978953680963,81760300,0.023500391630011164,0.0471208255433655,0.041786518484985935,0.012186154267692614,0.019195419915679274,129.37623023986816,136.77407974243164,0.9459119043864536,72.1825350112693,-0.038882909110498076,-1.6644549042348473,1.6255719951243492,1.0859971501977295,4.500322580645162,301.15096774193546,19.81,3.570967741935484,1
2023-01-24,140.03054809570312,140.64950501564115,137.83965827143598,137.84947751147084,66435100,0.010062941260766678,0.048476956234027924,0.0778945246802889,0.01218531852089186,0.018251416123074807,129.88219871520997,136.9245933532715,0.948567350352527,90.11942764661693,0.5563561453898274,-1.2202926943099126,1.77664883969974,0.8891793255912545,4.508064516129033,301.1841935483871,19.2,3.574193548387097,0
2023-01-25,139.372314453125,139.93231102042415,136.37579688239575,138.41932337339787,65799300,-0.004700643192000253,0.04918276831862034,0.07583820325829049,0.011982045988713606,0.01829315994802011,130.3734317779541,136.8261506652832,0.9528400173800523,86.66037535544746,0.963862622352309,-0.7834616309774683,1.7473242533297775,0.8795017048546672,4.515806451612903,301.2174193548387,19.08,3.57741935483871,1
2023-01-26,141.43553161621094,141.72043959534744,139.41164307512574,140.65937661953566,54105100,0.014803637086617139,0.06424200798268842,0.10712956486508696,0.010877198068195601,0.017953707287313745,131.0577205657959,136.71336532592773,0.958631369020515,93.24198588159203,1.4367370133542465,-0.3394219021111254,1.7761589154653719,0.7304673092012924,4.523548387096774,301.2506451612903,18.73,3.5806451612903225,1
2023-01-27,143.3709259033203,144.64813175929368,140.57091324840124,140.64951214628343,70555800,0.01368393263696377,0.05846073465576951,0.15780700786969803,0.010298233735001749,0.015903137420500476,132.03478050231934,136.6671891784668,0.9661044563512736,92.31962074032045,1.945240003414625,0.11751047899402473,1.8277295244206004,0.9622334965290843,4.531290322580645,301.2838709677419,18.51,3.583870967741936,0
2023-01-30,140.4923553466797,142.99764160460052,140.3449917396537,142.41799142868322,64015300,-0.020077784519448083,0.013394031487580227,0.10331022774142529,0.014957772998642135,0.016242351030256185,132.692541885376,136.52885971069335,0.9719010483684799,79.6494341371151,2.091842244631181,0.512376832121456,1.579465412509725,0.8800489850167602,4.554516129032258,301.3835483870968,19.94,3.5935483870967744,1
2023-01-31,141.75970458984375,141.80883078137197,139.78495761656453,140.19759064122545,65874500,0.009020770133981726,0.012348423380867057,0.11052122046401225,0.014837244708786935,0.01625354812063119,133.3979518890381,136.44043869018554,0.9777009893081918,80.29503696116232,2.283961977293899,0.8666938611559447,1.4172681161379541,0.9126088168724814,4.562258064516129,301.41677419354835,19.4,3.596774193548387,1
2023-02-01,142.8797149658203,144.03903014040526,138.84180280794712,141.44532609516176,77663600,0.007900766859081143,0.025165690377301875,0.1627890226931472,0.014361200755287582,0.012757815678419505,134.39810104370116,136.33649490356444,0.9857822818370505,78.7573550590462,2.497800635699633,1.1929152160646825,1.3048854196349506,1.1022378251014442,4.57,301.45,17.87,3.6,1
2023-02-02,148.17520141601562,148.52887400177488,145.57166328269082,146.28885767804982,118339000,0.03706254909216544,0.047651885794108395,0.19357414110544635,0.02033980285861211,0.014354348861597345,135.59965553283692,136.3272605895996,0.9946628058569073,83.39099191628057,3.059305049159036,1.5661931826835533,1.4931118664754828,1.6453980189429542,4.572857142857143,301.46325,18.73,3.5964285714285715,1
2023-02-03,151.7906036376953,154.62010318230128,145.23757419868863,145.4340638912413,154357300,0.024399509412706077,0.05872653525340743,0.23580186470659337,0.021424103995261984,0.013969105108735122,137.04780464172364,136.45478408813477,1.004345912512718,84.75359227814008,3.7527744386511586,2.0035094338770745,1.749265004774084,2.0420082144775833,4.575714285714286,301.4765,18.33,3.592857142857143,0
2023-02-06,149.06922912597656,150.41521473457135,148.13589150827315,149.8945101165513,69858300,-0.017928478090872613,0.061048686657238616,0.17057553431003103,0.020635110237627655,0.013955293090532795,138.1339183807373,136.48524032592775,1.0120795336614603,76.32558151578631,4.036234546991892,2.4100544565000384,1.6261800904918537,0.9352334412059744,4.5842857142857145,301.51625,19.43,3.5821428571428573,1
2023-02-07,151.9380340576172,152.5078649107581,147.9983592694092,147.9983592694092,83322600,0.019244782766108193,0.0717998778088782,0.18824449045514613,0.02076099002637982,0.014142104767589017,139.33743743896486,136.55558547973632,1.0203715721290751,80.20532338843921,4.44117223842116,2.816278012884263,1.624894225536897,1.106208354188047,4.587142857142857,301.5295,18.66,3.5785714285714287,0
2023-02-08,149.25587463378906,151.8692315183495,148.5190269025848,151.18150996746658,64120100,-0.017652982286259,0.044626066544813936,0.16208981098164998,0.025323548223913597,0.015311624871612826,140.37835769653321,136.6304490661621,1.027430991085715,73.88816791035464,4.493858028512847,3.1517940160099798,1.3420640125028669,0.8511454239821266,4.59,301.54275,19.63,3.575,0
2023-02-09,148.2243194580078,151.62365104865805,147.78221371418798,151.08329292122983,56007100,-0.006911320430852408,0.0003314862508894123,0.1301971870576637,0.02028704628549827,0.015297077690887447,141.23211975097655,136.7611167907715,1.0326920623721227,69.51965986089968,4.401634710106265,3.401762154829237,0.9998725552770278,0.7501489560087384,4.592857142857143,301.556,20.71,3.571428571428572,1
2023-02-10,148.58837890625,148.913088785703,146.82709018156558,147.06324691592152,57450700,0.0024561384364818473,-0.021096330436161992,0.13365250904120973,0.015578498442689964,0.015240236244497569,142.10801467895507,136.95899612426757,1.0375953292620195,66.64550275352036,4.308260673492413,3.5830618585618725,0.7251988149305402,0.7767296524322496,4.595714285714286,301.56925,20.53,3.567857142857143,1
2023-02-13,151.38282775878906,151.7862414824205,148.49980618651492,148.52932389765635,62199000,0.01880664472624871,0.015520296484912377,0.14340229380605063,0.016113975075399724,0.015473780161029141,143.05731506347655,137.07797042846678,1.0436200260065132,68.13691145718299,4.408926386051718,3.748234764059842,0.6606916219918757,0.8384385785002425,4.604285714285715,301.609,20.34,3.5571428571428574,0
2023-02-14,150.74325561523438,151.30412220458746,148.44078385852455,149.68057287811524,61707600,-0.004224865878273643,-0.007863590244492236,0.12868821817543674,0.013468823554125172,0.01566012451766924,143.9166702270508,137.17865158081054,1.049118565961927,68.17756498695479,4.386531358673011,3.875894082982476,0.5106372756905349,0.8329030418475483,4.607142857142858,301.62225,18.91,3.553571428571429,1
2023-02-15,152.839111328125,153.0063833860837,150.42840282421838,150.6547103127393,65573800,0.013903479159560028,0.02400734110551883,0.15055965425997497,0.011215571382752384,0.015503736468751786,144.91667938232422,137.33107467651368,1.0552358941607252,68.21073766956556,4.486187204818577,3.9979527073496963,0.48823449746888103,0.8875426057008822,4.61,301.6355,18.23,3.55,0
2023-02-16,151.24510192871094,153.82308261470098,150.890874314185,151.04829713189807,68167900,-0.010429329152483402,0.02037980327215405,0.13805483766929738,0.01220144102109042,0.015935918985442922,145.83403930664062,137.47480361938477,1.0608055837664578,62.71313712022594,4.385983061477191,4.075558778175195,0.31042428330199545,0.9165210119284508,4.612857142857143,301.64875,20.17,3.5464285714285717,0
2023-02-17,150.1036834716797,150.54646418705764,148.43094798353164,149.90689371085574,59144100,-0.007546812706498485,0.010198001866523754,0.10816648550563412,0.013308672871873053,0.01594484012823809,146.56660919189454,137.66879928588867,1.0646320005125367,66.44001511706328,4.1664395046063305,4.093734923461422,0.07270458114490808,0.8066260403905605,4.615714285714286,301.66200000000003,20.02,3.5428571428571427,0
2023-02-21,146.09893798828125,148.87372305726493,146.03006833094608,147.7913568926055,58867200,-0.026679861484904976,-0.034904155568603046,0.053835216860412594,0.014525950560660316,0.016847505424126427,146.93978271484374,137.8214094543457,1.066160789507225,56.786647409162455,3.6274847761360434,4.000484893996347,-0.37300011786030396,0.815581774932781,4.627142857142857,301.71500000000003,22.87,3.5285714285714285,1
2023-02-22,146.52203369140625,147.5453493019233,144.80009726904348,146.4826667367167,51011300,0.002895953310481536,-0.028002724941821655,0.04635763898650569,0.015198979140047749,0.016759981509466493,147.2643569946289,137.94888137817384,1.067528460712324,55.823612389915105,3.1976391643230215,3.8399157480616823,-0.6422765837386608,0.7143741410153461,4.630000000000001,301.72825,22.29,3.525,1
2023-02-23,147.00421142578125,147.92913996180903,144.87886065676489,147.68314896878456,48394200,0.0032908206515240845,-0.038176745805705514,0.05475906030980848,0.012255407191739466,0.016676808716384616,147.6459518432617,138.0956248474121,1.0691573466313808,47.78713445705757,2.8628895251681286,3.6445105034829717,-0.7816209783148431,0.6860851563494053,4.632857142857144,301.74150000000003,21.14,3.521428571428572,0
2023-02-24,144.35733032226562,144.82962872471046,143.3832007915086,144.75090982195374,55469600,-0.018005478059735514,-0.04554046060739114,0.020658166110500975,0.013116280959359388,0.017043627179949897,147.79204177856445,138.1436473083496,1.0698432005974094,35.4193267617387,2.356848557171787,3.3869781142207347,-1.0301295570489475,0.7856333019143842,4.635714285714286,301.75475,21.67,3.517857142857143,1
2023-02-27,145.54795837402344,146.77791341877497,145.0854940760689,145.341334334401,44998500,0.008247783809106402,-0.030350521668016106,0.015184616106693527,0.015331603579943587,0.016875915743761072,147.9008934020996,138.19622665405274,1.070223818573141,42.65159176769388,2.0284979162075274,3.1152820746180936,-1.0867841584105662,0.6490753217158921,4.644285714285715,301.7945,20.95,3.507142857142857,0
2023-02-28,145.0460968017578,146.689314426437,144.47539603761436,144.6918692589824,50547000,-0.0034480839021867604,-0.007206357561667431,0.0324127347985681,0.010167045080660929,0.01618401393960381,148.12858047485352,138.2831758117676,1.0711974150527726,34.040876725339274,1.7080918137760932,2.8338440224496937,-1.1257522086736005,0.7362607126465344,4.647142857142858,301.80775,20.7,3.503571428571429,0
2023-03-01,142.9797821044922,144.86899086128216,142.68458995191014,144.4754113339038,55479000,-0.01424591728303981,-0.024175555700888585,0.008606659545309592,0.011193061983264247,0.016465387606053962,148.18958435058593,138.46064559936522,1.0702650107480454,35.04026990144931,1.2727617370034352,2.521627565360442,-1.2488658283570069,0.8142643246801023,4.65,301.821,20.58,3.5,1
2023-03-02,143.57017517089844,144.35734928778834,141.59239813777418,142.0647116163666,52238100,0.0041292066452778275,-0.0233601216017989,0.004832457884195174,0.011350344384590219,0.016398311103053603,148.22410736083984,138.68902511596679,1.068751526927961,38.66803089881796,0.9642836395643712,2.210158780201228,-1.2458751406368567,0.7812750981041425,4.655806451612904,301.85403225806454,19.59,3.496774193548387,1
2023-03-03,148.60806274414062,148.68678165578146,144.96739941181147,145.66600535471582,70732300,0.03509007053341917,0.029445906296449165,0.0029212805111005213,0.018397946618791964,0.016170352967118273,148.2457504272461,139.06021224975586,1.066054394919179,50.039040842168475,1.1134923025181536,1.990825484664613,-0.8773331821464594,1.0969260782244301,4.661612903225807,301.88706451612904,18.49,3.4935483870967743,1
2023-03-06,151.36312866210938,153.79352005595112,150.9990669195326,151.32376170858595,87558000,0.01853914159901371,0.03995363695272425,-0.0028162150050227153,0.019273473345603608,0.01575792528991037,148.2243766784668,139.48787551879883,1.0626326921044156,49.96086775970198,1.4374816438439382,1.8801567165004782,-0.44267507265654005,1.4320359449886757,4.679032258064517,301.9861612903226,18.61,3.4838709677419355,0
2023-03-07,149.16893005371094,151.55995507278075,148.70646582947896,151.2352451910372,56182000,-0.01449625564556467,0.028424296433071428,0.0006688229912970023,0.021428732178605737,0.015570239968949712,148.2293617248535,139.8097593688965,1.0602218499907534,47.05453121154903,1.4999021032571704,1.8041057938518168,-0.30420369059464636,0.9292654523958209,4.68483870967742,302.01919354838714,19.59,3.4806451612903224,1
2023-03-08,150.4185333251953,151.00891757952724,149.39521763366128,150.35949790258118,47204800,0.008377101525327335,0.05202659502772744,-0.010000792374644352,0.01829656863746807,0.015049644411461022,148.15338668823242,140.21990646362303,1.0565788440792288,45.323147552505695,1.631397571995592,1.7695641494805718,-0.13816657748497985,0.8048200408455787,4.690645161290323,302.05222580645164,19.11,3.47741935483871,0
2023-03-09,148.1750946044922,152.0617483379844,147.8208670608722,151.09746808583355,53833600,-0.014914642970576986,0.032074345720567,-0.0072411222134382,0.02159446941677739,0.014896047773347527,148.09934768676757,140.59245529174805,1.0533947030048072,44.21358396797275,1.536865889475365,1.7230244974795306,-0.1861586080041655,0.9259577466072704,4.696451612903226,302.0852580645161,22.61,3.4741935483870967,0
2023-03-10,146.1186065673828,148.51948035027368,145.24287949222287,147.8011910673905,68572400,-0.013878769860741658,-0.016751824435286,-0.014206257774194375,0.01569606674590527,0.015139317301238873,147.99406204223632,140.9598323059082,1.049902370209001,42.73929796662756,1.281238136512286,1.6346672252860817,-0.35342908877379564,1.1668609807057773,4.702258064516129,302.11829032258066,24.8,3.470967741935484,1
2023-03-13,148.05706787109375,150.6842500131036,145.33148332105827,145.43971996424668,84457100,0.013266354978666017,-0.02184191632557886,-0.003575724017363946,0.013943354701786679,0.015444326031901592,147.9674964904785,141.44437911987305,1.046117897446297,53.85815664245848,1.2209940678314126,1.5519325937951478,-0.3309385259637352,1.4048817407757805,4.719677419354839,302.21738709677425,26.52,3.4612903225806453,1
2023-03-14,150.1430206298828,150.94002884188114,147.6929605728649,148.85403055723415,73695900,0.014088842827856052,0.006530117068086039,-0.008189879573935133,0.014578277463639355,0.01517457233669861,147.9055061340332,141.90049697875978,1.04231845048557,56.695772300007164,1.3262806264853282,1.5068022003331838,-0.1805215738478556,1.2142661305364224,4.725483870967742,302.25041935483875,23.73,3.458064516129032,1
2023-03-15,150.53663635253906,150.79246155107444,147.51586009545082,148.76549840164833,77167900,0.002621605193534382,0.0007851627371502357,-0.0013706700299925823,0.01410807592983272,0.015158636608448536,147.89517517089843,142.35819961547853,1.038894672525894,56.55347185303075,1.4250553312097622,1.4904528265084995,-0.06539749529873728,1.2554825136722707,4.731290322580645,302.28345161290326,26.14,3.454838709677419,1
2023-03-16,153.35076904296875,153.9509875803486,149.20827470890512,149.71994010489203,76161100,0.018694005383774526,0.03492944919179197,0.0033476883658745127,0.013051373315252872,0.015424735641550091,147.92075805664064,142.96768035888672,1.0346447370854754,66.58202078766244,1.7106921910570918,1.534500699418218,0.17619149163887382,1.2285217464242566,4.737096774193549,302.3164838709678,22.99,3.4516129032258065,0
2023-03-17,152.514404296875,154.2265068856699,151.80594908869074,153.5770871091514,98944600,-0.005453932518978077,0.043771275128761555,0.008392353550479514,0.009836615598686878,0.015282393665995694,147.98422317504884,143.5350862121582,1.0309968599337056,63.01469049727165,1.8482681306672077,1.597254185668016,0.2510139449991917,1.5573749268784765,4.742903225806452,302.3495161290323,25.51,3.4483870967741934,1
2023-03-20,154.87586975097656,155.28914768903184,151.67798794532857,152.58324769963735,73641400,0.015483556880993898,0.04605522706838694,0.031792599414772305,0.010142348993269407,0.015507892922177767,148.22283248901368,144.1760511779785,1.0280683322782895,67.17087930775291,2.1233716736443,1.7024776832632729,0.42089399038102715,1.1460305208083688,4.760322580645162,302.4486129032258,24.15,3.438709677419354,1
2023-03-21,156.7257537841797,156.84382463636302,154.02968755125636,154.7971931327365,73938300,0.011944301176016303,0.043843084591483894,0.072737118710273,0.009920863216663765,0.014134461718009365,148.7541732788086,144.76362716674805,1.0275659444997463,74.19473184943905,2.462279766390168,1.854438099888652,0.6078416665015158,1.1373136277501061,4.766129032258065,302.4816451612904,21.38,3.435483870967742,0
2023-03-22,155.2990264892578,159.5399085601911,155.27934300701256,156.7454546452784,75701800,-0.009103336627664604,0.031636087082255404,0.05990220430830906,0.012700630856834904,0.014418241125647187,149.19302291870116,145.31225463867187,1.0267064074511751,70.05392154816519,2.5859328780190936,2.0007370555147403,0.5851958225043532,1.1427397447207284,4.771935483870968,302.5146774193549,22.26,3.432258064516129,1
2023-03-23,156.38134765625,158.95934282613845,155.15139299961646,156.28296029217628,67622100,0.00696927206473541,0.01976239592533169,0.06378821490568676,0.010780418803999827,0.014445430144479523,149.6618797302246,145.87113220214843,1.0259869617164754,65.36968338023817,2.7396817864568845,2.1485260017031695,0.591155784753715,1.0061723228623687,4.777741935483872,302.5477096774194,22.61,3.429032258064516,1
2023-03-24,157.68019104003906,157.76874417421377,155.3186840441415,156.31248202721346,59196500,0.008305615748011919,0.03387081218314747,0.09229084999030723,0.009447850917131158,0.013585538620440516,150.3280227661133,146.40175445556642,1.0268184512210783,63.253599484191845,2.9325303261168756,2.3053268665859106,0.627203459530965,0.8783694955101091,4.783548387096775,302.5807419354839,21.74,3.425806451612903,0
2023-03-27,155.74183654785156,158.1919125619432,155.33840766346486,157.375220557246,52390300,-0.012292948653869318,0.005591360347272811,0.07003793311639783,0.011038867916319944,0.014056418282338976,150.83771667480468,146.89518157958983,1.02683910427027,63.94003057498314,2.8955767686261993,2.4233768469939685,0.4721999216322308,0.7731378132765552,4.800967741935484,302.6798387096774,20.6,3.4161290322580644,0
2023-03-28,155.1218719482422,155.9484128704115,153.4786543640599,155.4367475403247,45992200,-0.003980719717652015,-0.010233683981167085,0.06946602058692752,0.009313658056450968,0.014070740105981286,151.3415054321289,147.3496826171875,1.027090813797761,60.248704938854495,2.7841706598697726,2.4955356095691297,0.28863505030064296,0.6810080687970336,4.806774193548387,302.71287096774194,19.97,3.412903225806452,1
2023-03-29,158.19187927246094,158.4673879613573,156.79465234617297,156.81432081388166,51305700,0.0197909378326937,0.018627629860920036,0.10639334417821034,0.012304154861662637,0.013873866006206388,152.10211029052735,147.84239715576172,1.0288125275070976,71.0679349919125,2.9100591001279668,2.5784403076808973,0.3316187924470695,0.7620397254852654,4.81258064516129,302.7459032258065,19.12,3.4096774193548387,1
2023-03-30,159.75634765625,159.86458426430409,158.68383082177425,158.93965597985908,49501700,0.009889688339149938,0.021581857750828215,0.11274049408997655,0.012561309194860065,0.013911107117567252,152.91141891479492,148.38074554443358,1.0305341057139021,79.28997224252237,3.100327474534197,2.6828177410515575,0.4175097334826394,0.7367422391893673,4.8183870967741935,302.778935483871,19.02,3.4064516129032256,1
2023-03-31,162.25563049316406,162.35403288236776,159.31358823359025,159.8350878653574,68749800,0.01564434135845305,0.029017211502256446,0.0918359845153256,0.01353144201293341,0.012318634209251873,153.5937973022461,148.96790008544923,1.0310529799651025,79.777134778354,3.4134397608509346,2.8289421450114327,0.5844976158395019,1.0247267660602353,4.824193548387097,302.8119677419355,18.7,3.403225806451613,1
2023-04-03,163.50526428222656,163.62333513475417,161.58653785817188,161.63573905142377,56976200,0.007701635901720794,0.04984805564424999,0.08021858247408642,0.009059444732590483,0.01189860323603421,154.20090408325194,149.52895965576172,1.0312444120406223,79.04195906238807,3.719541942581543,3.007062104525455,0.7124798380560882,0.869046091952673,4.8453333333333335,302.87760000000003,18.55,3.413333333333333,0
2023-04-04,162.97390747070312,164.16449510354033,162.46224215834394,163.92835343175463,46278300,-0.0032497841207501654,0.05061849385804762,0.09254593038926706,0.008782973820519494,0.011228706051764535,154.89115295410156,150.01572845458983,1.0324994222255004,76.8707056894402,3.8745902089146966,3.1805677254033036,0.6940224835113931,0.7112452574543446,4.853,302.89390000000003,19.0,3.42,0
2023-04-05,161.1339111328125,162.40323287933546,159.20535043705326,162.0982064947886,51511700,-0.011290128379730868,0.01859786908077865,0.07123708475770885,0.010839608000565716,0.011721232796097289,155.42692184448242,150.43779571533204,1.0331640470097763,67.55437259007493,3.805131562034404,3.305480492729524,0.4996510693048801,0.7890652129923242,4.860666666666667,302.91020000000003,19.08,3.4266666666666667,1
2023-04-06,162.0194549560547,162.31464704794055,159.4021080962766,159.82520525050802,45390100,0.005495701165673772,0.01416599298247756,0.09343243807952861,0.01038488489765733,0.010891647783820228,156.11913986206054,150.89073852539062,1.034650246845933,71.39057283686418,3.7779907441158116,3.399982543006782,0.3780082011090298,0.6998191713798487,4.868333333333333,302.92650000000003,18.4,3.433333333333333,0
2023-04-10,159.431640625,159.431640625,157.5129143705151,158.8314221542027,47716900,-0.01597224439346867,-0.01740457239961879,0.09111114847292123,0.010279810508550641,0.011086220947651857,156.7847915649414,151.25066070556642,1.0365891351056513,60.14910568541909,3.507237213706645,3.4214334771467545,0.08580373655989071,0.7477147931475291,4.899,302.99170000000004,18.97,3.46,0
2023-04-11,158.2213897705078,159.75637097122245,157.93603184667683,159.7465367378167,47644200,-0.0075910330581043794,-0.03231623480084567,0.06865137913080677,0.008190200483318782,0.011191527850048986,157.29300765991212,151.54766998291015,1.0379110921180765,53.42963952010659,3.158595636375793,3.3688659089925626,-0.21027027261676956,0.7687482649627475,4.906666666666666,303.00800000000004,19.1,3.466666666666667,0
2023-04-12,157.5325927734375,159.46115319792997,157.2177171858746,158.6346273017189,50133100,-0.004353374711657976,-0.03338764334556921,0.049216887422097955,0.00809429738783521,0.01102163306343861,157.66248626708983,151.8884747314453,1.0380148101813096,55.30119373645087,2.7945012425597042,3.253992975705991,-0.45949173314628666,0.8245820455689515,4.914333333333333,303.02430000000004,19.09,3.473333333333333,1
2023-04-13,162.90504455566406,163.14120127307194,158.83143501847854,159.03807402297244,68445600,0.03410374759687462,0.01099168642031989,0.08216211350810076,0.019349799930564866,0.013098068435436894,158.2809066772461,152.3113815307617,1.0391929026346514,62.8638189990137,2.905967586242525,3.184387897813298,-0.27842031157077285,1.1339171877443588,4.922,303.04060000000004,17.8,3.48,0
2023-04-14,162.56068420410156,163.6528847449455,161.19297496954,161.9506163702145,49386500,-0.002113871626884034,0.003340520113425116,0.0600578348488896,0.01933845953149011,0.012692674614758991,158.74140243530275,152.70500091552734,1.0395298220987184,60.00007503620497,2.9327119860261632,3.1340527154558715,-0.20134072942970827,0.8367281762217834,4.929666666666667,303.05690000000004,17.07,3.486666666666667,1
2023-04-17,162.58033752441406,162.7377753387549,161.39958394505072,162.44258319038994,41516200,0.00012089836117956665,0.01974951074373088,0.06599988554487846,0.017049837653417298,0.012557829519636927,159.24469909667968,152.9931036376953,1.0408619428610904,65.20776608364936,2.9218121426220307,3.0916046008891036,-0.1697924582670729,0.7393548182582504,4.9526666666666666,303.1058,16.95,3.506666666666667,1
2023-04-18,163.80044555664062,164.72537387764507,162.99358808032773,163.4363837761115,49923000,0.00750464693827646,0.03526107180719973,0.05762405609094423,0.015764976065471656,0.012273081935910368,159.6909278869629,153.23330047607422,1.0421424546154507,68.79803545046816,2.977305930074209,3.0687448667261252,-0.09143893665191616,0.908252208956044,4.960333333333333,303.1221,16.83,3.513333333333333,1
2023-04-19,164.94187927246094,165.4633789570219,162.885383237049,163.14122346923992,47720200,0.006968440848505564,0.04703335588261037,0.052423582531275104,0.014477709775569215,0.012129173085466224,160.10173416137695,153.5507534790039,1.0426632923248327,65.95356110396241,3.0779090978007844,3.070577712941057,0.007331384859727397,0.8893878783761583,4.968,303.1384,16.46,3.52,0
2023-04-20,163.97755432128906,165.17799130758831,162.9050374280842,163.4265370188754,52456400,-0.0058464530380362145,0.0065836498099267615,0.05588269307426441,0.005803918576867666,0.011984388445251473,160.53566055297853,153.79154388427733,1.0438523243760132,60.268073548002995,3.044727149369976,3.065407600226841,-0.020680450856865207,0.9993059052725958,4.975666666666666,303.1547,17.17,3.526666666666667,0
2023-04-21,162.37371826171875,163.78077935638615,161.85221862385353,162.4032359760057,58337300,-0.009780826810161125,-0.0011501301393889163,0.03831895999925061,0.00765711363673002,0.012259097931990265,160.83527908325195,154.05390075683593,1.0440195171501694,50.30033164934427,2.8560908129485654,3.0235442427711865,-0.16745342982262112,1.121254571644689,4.983333333333333,303.171,16.77,3.533333333333333,1
2023-04-24,162.67872619628906,162.94440060882783,161.26181601487568,162.3540163618739,41949600,0.0018784316688411629,0.0006051695633872978,0.03170046359837775,0.0077160235982718685,0.012167698558078189,161.08520584106446,154.34298889160155,1.0436833379856219,47.79176878635339,2.700081885314063,2.958851771279762,-0.25876988596569905,0.8198685657049325,5.006333333333333,303.2199,16.89,3.553333333333333,0
2023-04-25,161.1437530517578,163.64301445601814,161.1043860925183,162.54097982284455,48714100,-0.009435610792029037,-0.01621907984349258,0.03468507000844645,0.007388710338690815,0.012011372156510434,161.35530166625978,154.5940963745117,1.0437352101426223,45.35930819678474,2.42463450443762,2.8520083179113334,-0.4273738134737135,0.9555074256940232,5.013999999999999,303.2362,18.76,3.56,0
2023-04-26,161.1339111328125,162.6295403559192,160.1893142654478,160.44513945575562,45498800,-6.107539857380662e-05,-0.023086727012235686,0.038756876184270705,0.005346438051282812,0.011944320272945142,161.6559036254883,154.7891180419922,1.0443621985211726,50.0,2.1804118791121425,2.7176890301514955,-0.537277151039353,0.8928726669161543,5.0216666666666665,303.2525,18.84,3.566666666666667,1
2023-04-27,165.7093505859375,165.85693915334917,162.5409858833323,162.5409858833323,64902300,0.028395260941402656,0.010561178765084112,0.04752122136768411,0.01557510201072055,0.012747904514453,162.03177719116212,155.08843994140625,1.0447701792111592,58.55001750161757,2.3292136888174184,2.63999396188468,-0.3107802730672615,1.2568806451113141,5.029333333333333,303.2688,17.03,3.5733333333333333,1
2023-04-28,166.958984375,167.1262714474298,165.18786139778672,165.7880799666726,55275900,0.007541118136326519,0.028238967256330127,0.045085136361830314,0.014100878144289473,0.012685951962065626,162.39190902709962,155.37083740234374,1.045189121344402,68.5951135959278,2.5189384438243394,2.615782858272612,-0.09684441444827252,1.064506605610913,5.037,303.2851,15.78,3.58,0
2023-05-01,166.87042236328125,167.71663185783257,165.9356597273935,166.56539597816914,52472900,-0.0005304417252552929,0.02576671372466044,0.02844148986442474,0.014302248924290398,0.012299000189043391,162.62264862060547,155.68334381103514,1.0445731999307075,72.61962815606431,2.6318125678228625,2.6189888001826622,0.012823767640200323,1.0266165014737598,5.06,303.334,16.08,3.6,0
2023-05-02,165.83729553222656,167.61828308693612,164.85333147539478,167.36244282313584,48425700,-0.006191192042443228,0.029126431472408454,0.014262728849969486,0.013525789906228833,0.012321079268726007,162.73925018310547,155.9980160522461,1.043213588874115,71.33486108704668,2.60783986856012,2.616759013858154,-0.008919145298033726,0.9554258128745935,5.0606451612903225,303.3559354838709,17.78,3.6,0
2023-05-03,164.76475524902344,168.17911124939818,164.47941231869004,166.78188428598023,65136000,-0.006467425073238164,0.022533085001693154,0.010988555199501704,0.014492334227908256,0.01239723384970653,162.82879257202148,156.37133239746095,1.041295677894124,56.13246091422867,2.4737800973316837,2.5881632305528597,-0.11438313322117599,1.2616452465313037,5.0612903225806445,303.377870967742,18.34,3.6,0
2023-05-04,163.13137817382812,164.36133312270948,161.6751157183002,162.24581661627295,81235400,-0.009913388774963727,-0.015557193381024237,0.012396316994808476,0.006840185653977164,0.012331275144436816,162.92866592407228,156.70351928710937,1.0397256338931182,51.73443617028184,2.210258400515073,2.512582264545302,-0.30232386403022904,1.5294533400886132,5.061935483870967,303.3998064516129,20.09,3.6,1
2023-05-05,170.78663635253906,171.50492585877407,168.0216849384858,168.23815821665508,113453200,0.04692695093002719,0.022925702332627473,0.05411190525768861,0.02380825709374823,0.01608903151707363,163.36702499389648,157.17916778564452,1.0393681764283849,67.03437738344707,2.5892832688264207,2.527922465401526,0.061360803424894694,2.007411376702989,5.06258064516129,303.42174193548385,17.19,3.6,0
2023-05-08,170.71775817871094,171.0621515927804,169.35004878579704,169.7141106701966,55962800,-0.00040329955141193974,0.02305582835437381,0.07078969713582173,0.023801254340837883,0.015500931729620838,163.93133087158202,157.70637634277344,1.039471799892724,65.07944322219555,2.8512380176672423,2.5925855758546694,0.25865244181257285,0.9830200391853356,5.064516129032258,303.48754838709675,16.98,3.6,0
2023-05-09,169.0154571533203,170.75706217667226,168.84818511789587,170.27492954930042,45326900,-0.009971434978712779,0.019164335808142363,0.06822129042393543,0.024292265526052886,0.015599701285164316,164.47103424072264,158.17572631835938,1.0397994563950523,58.66825637409036,2.888184385614892,2.651705337806714,0.23647904780817797,0.7978178462390912,5.06516129032258,303.50948387096776,17.71,3.6,1
2023-05-10,170.7767791748047,171.23924342814053,169.14339542958015,170.24544525293916,53724500,0.010421070659156317,0.036488531280216785,0.08407267453799161,0.02363216911422471,0.015562067655422444,165.13324356079102,158.6903399658203,1.0406004776116708,63.9935734213994,3.0247215088191695,2.7263085720092053,0.29841293680996417,0.9426481228056031,5.065806451612903,303.5314193548387,16.94,3.6,1
2023-05-11,170.96372985839844,171.7902559418124,169.40906507439723,171.06213225532295,49514700,0.0010947078665910492,0.048012539170878554,0.04946860500676986,0.022076127159297552,0.013878209839266577,165.53617782592772,159.25001892089844,1.0394735206163568,68.77416575011623,3.112138722455967,2.803474602098558,0.30866412035740876,0.8834555946460286,5.066451612903226,303.5533548387097,16.93,3.6,0
2023-05-12,170.03750610351562,171.50563041723674,168.49053896760506,171.07208510437357,45533100,-0.00541766230562446,-0.004386351678459688,0.045994035618271756,0.0076661991410847475,0.01395555043469061,165.91001892089844,159.77936553955078,1.038369493836988,65.65802571829872,3.071275228790995,2.857034727437046,0.21424050135394923,0.8152171869670811,5.067096774193548,303.57529032258066,17.03,3.6,0
2023-05-15,169.5448760986328,170.66814597161118,168.95367509817433,170.61887671576198,37266700,-0.0028971843693291754,-0.006870299215447351,0.04283752070063773,0.007710437959961264,0.013997083326916732,166.25824584960938,160.19810180664064,1.0378290627331113,68.70567146978763,2.964961263521019,2.878620034653841,0.0863412288671781,0.6697647752867802,5.069032258064516,303.6410967741936,17.12,3.6,0
2023-05-16,169.5448760986328,170.59916600644908,169.2788341449399,169.4660482962473,42110300,0.0,0.0031323699869192367,0.03506968813467504,0.006031016667637746,0.013947635368042164,166.54546737670898,160.5617367553711,1.037267475690392,68.73579658431433,2.84787811393889,2.872471650510851,-0.02459353657196095,0.7621657878866638,5.069677419354838,303.6630322580645,17.99,3.6,1
2023-05-17,170.15573120117188,170.39219951568867,167.91903983890597,169.19011716888295,57951600,0.0036029110203465997,-0.0036366066665135532,0.031610237204211744,0.0035109552790981782,0.013902422752520445,166.80615997314453,160.98147277832032,1.0361823450506327,62.02917073283499,2.7724210321162843,2.852461526831938,-0.08004049471565367,1.0392592429200962,5.070322580645161,303.6849677419355,16.87,3.6,1
2023-05-18,172.4811248779297,172.66833901247392,170.04737119858373,170.46120584790356,65496700,0.013666267132715904,0.008875537640574693,0.05185813748617796,0.007440708246648857,0.014032921340043546,167.23133850097656,161.422724609375,1.0359838672383814,64.11776408952068,2.8672091840237783,2.855411058270306,0.011798125753472277,1.1609920689610858,5.070967741935484,303.70690322580646,16.05,3.6,1
2023-05-19,172.58950805664062,173.80145343851697,172.37273538217633,173.80145343851697,55809500,0.0006283770400248301,0.015008464965202473,0.06291529136787877,0.006394023286780375,0.013738619614566084,167.74212799072265,161.91101287841798,1.0360143205124865,64.60646571276698,2.9174446086458943,2.867817768345424,0.04962684030047049,0.9914984596637634,5.071612903225806,303.7288387096774,16.81,3.6,0
2023-05-22,171.6436004638672,172.14612580242743,170.9046067635048,171.42682777563832,43570900,-0.00548067842260147,0.012378577362688548,0.05510784647256872,0.007059475070658717,0.01387217828332202,168.19037170410155,162.42151275634765,1.0355178255014033,64.89558427242507,2.8480985993548416,2.8638739345473074,-0.015775335192465878,0.7729571697969277,5.073548387096774,303.7946451612903,17.21,3.6,0
2023-05-23,169.04232788085938,170.83562631420236,168.7664381272472,170.5892951031298,50747300,-0.015155080503892138,-0.002964101477658798,0.04901570603586869,0.0107046418901103,0.014192411961948028,168.58530044555664,162.84121795654298,1.035274131212569,60.17560989774844,2.553801792298799,2.801859506097606,-0.24805771379880692,0.8986473707809138,5.074193548387097,303.8165806451613,18.53,3.6,1
2023-05-24,169.31820678710938,169.8896969643689,168.01758589409968,168.57921320123526,45143500,0.0016320108088221374,-0.004922105227665341,0.05079188854015393,0.01054874807010161,0.014181443558842051,168.9945152282715,163.2247216796875,1.0353487724727548,65.7335547760221,2.316131650604774,2.7047139349990394,-0.38858228439426545,0.799665279052068,5.07483870967742,303.83851612903226,20.03,3.6,1
2023-05-25,170.45135498046875,171.34798918728478,169.17042964019168,169.87986475065702,56058300,0.006692417873195078,-0.01176806968819033,0.02861639598347243,0.008370525609392025,0.012871487442638205,169.23161544799805,163.6230160522461,1.03427757005751,48.72411266225132,2.193921775521545,2.602555503103541,-0.40863372758199557,1.0008481400772833,5.075483870967742,303.86045161290326,19.14,3.6,1
2023-05-26,172.8555450439453,173.19056694623742,170.5695990272421,170.77652387763237,54835000,0.014104845712444192,0.001541443569196499,0.03531742056900211,0.011241324992478525,0.013115292756935579,169.5264434814453,164.01311157226561,1.033615190007236,56.90746982154232,2.264958581867319,2.535036118856296,-0.2700775369889774,0.9793931816659597,5.0761290322580646,303.8823870967742,17.95,3.6,1
2023-05-30,174.6981201171875,176.36332172139132,173.9788370991414,174.36311323589106,55964400,0.010659623749841307,0.017795709511251534,0.04690883886459618,0.011460565751492909,0.01324789125160302,169.91782836914064,164.45678588867187,1.0332065499818632,68.19648069483166,2.4417887512929894,2.516386645343635,-0.07459789405064576,0.9964580978779302,5.078709677419355,303.97012903225806,17.46,3.6,0
2023-05-31,174.6488494873047,176.7180379211288,174.16603484344822,174.72767728843633,99625300,-0.0002820329712177605,0.033166377183333484,0.05313372921814086,0.006017633036117212,0.013111949726295235,170.35840606689453,164.85224548339843,1.0334005798183112,63.925626093427255,2.5485738337720534,2.522824083029319,0.025749750742734445,1.6965206573437923,5.079354838709677,303.99206451612906,17.94,3.6,1
2023-06-01,177.4471435546875,177.47670209655325,174.33351350934285,175.09221783191245,68901800,0.01602240195453586,0.04800982080916416,0.07697270139172696,0.006493138960368057,0.013250528436200372,170.99252548217774,165.26667327880858,1.034646139416805,69.63002523416212,2.8264195210466596,2.583543170632787,0.24287635041387245,1.169579604829915,5.08,304.014,15.65,3.6,1
2023-06-02,178.29452514648438,179.11234656032465,176.62932377666553,178.37335293714096,61996900,0.004775402831636466,0.04601412624096968,0.09295052332910991,0.0067475102858202485,0.012851707924230444,171.75068283081055,165.72658325195312,1.036349627565175,75.11995216768051,3.079492371435947,2.6827330107934193,0.3967593606425277,1.0698404322233415,5.081333333333333,304.03383333333335,14.6,3.5966666666666667,0
2023-06-05,176.94464111328125,182.2358308287415,175.4272324012079,179.949884959394,121946500,-0.007571090767336086,0.023656146340554907,0.03605671317298387,0.009207574763409804,0.008393924971244304,172.05858306884767,166.13784912109375,1.035637478028492,71.39596056392215,3.134991834232551,2.773184775481246,0.3618070587513049,2.0890430700409692,5.085333333333334,304.09333333333336,14.73,3.586666666666667,0
2023-06-06,176.58004760742188,177.4766816655694,174.82615579439974,177.3288889732544,64848400,-0.0020604947601999823,0.01077245415675887,0.03433907222805832,0.008908918719886628,0.008425004373260435,172.3516975402832,166.5158462524414,1.0350468223846667,69.92173153319604,3.1136635344265358,2.841280527270304,0.27238300715623165,1.1025149096081233,5.086666666666667,304.11316666666664,13.96,3.583333333333333,0
2023-06-07,175.21047973632812,178.55073052308683,174.71781728969785,175.82137635899298,61944600,-0.007756073744744962,0.003215768387093032,0.036653585934380395,0.009986487772359168,0.008276408907334911,172.66144866943358,166.90521911621093,1.0344880141178496,63.723989016433926,2.952216705437962,2.8634677629038356,0.08874894253412657,1.0384764331637315,5.088,304.133,13.94,3.58,1
2023-06-08,177.9200897216797,178.1861165677113,174.85572927872582,175.2892595209165,50214900,0.0154648853734618,0.0026652791220977967,0.041828347983792424,0.009773220905247005,0.008621488837063434,173.01861419677735,167.36118347167968,1.0338037208374247,64.46536490503006,3.008234753290509,2.8924211609811703,0.11581359230933863,0.8443165604073846,5.089333333333333,304.1528333333333,13.65,3.5766666666666667,1
2023-06-09,178.30441284179688,179.555764726174,177.97925379814166,178.83648170922714,48900000,0.0021600883897843204,5.5457088793842146e-05,0.04293707787890688,0.009559564998346586,0.008618331210465537,173.38564834594726,167.7634341430664,1.0335127510449404,64.97938660553305,3.0484999142863956,2.9236369116422156,0.12486300264417993,0.8226328676149038,5.0906666666666665,304.17266666666666,13.83,3.5733333333333333,1
2023-06-12,181.0928497314453,181.19138823156916,178.31424143935143,178.60984190485868,54274900,0.015638630840407286,0.023443539132153468,0.0650170887662831,0.010521942005357734,0.008927151741222447,173.93841552734375,168.1901641845703,1.0341770957335257,72.58594656104339,3.267745363080934,2.9924586019299593,0.2752867611509746,0.9063887792953869,5.094666666666667,304.23216666666667,15.01,3.563333333333333,0
2023-06-13,180.6198883056641,181.4475575367352,179.76266053311636,180.11737806569877,54929100,-0.002611706792855717,0.022878239942621947,0.06532201067868537,0.010612838644792249,0.008917125298407078,174.4921661376953,168.5574493408203,1.035208866888316,80.8075820855284,3.3645504828652406,3.0668769781170155,0.29767350474822507,0.9039819055832783,5.096,304.252,14.61,3.56,1
2023-06-14,181.25048828125,181.68403358526143,179.34881869349235,180.67899811094972,57462900,0.0034913097416977568,0.0344728725930743,0.06904137979261282,0.008280307477960984,0.008885165384417625,175.07744674682618,168.91235382080077,1.0364987686606153,81.16318475845566,3.452356765844229,3.1439729356624584,0.3083838301817705,0.933883461418916,5.097333333333333,304.27183333333335,13.88,3.556666666666666,1
2023-06-15,183.2802734375,183.78279874291368,181.08300318978328,181.26036948430115,65433200,0.011198784486033064,0.030126916663572034,0.07713253114472662,0.007333612444218912,0.009055847861003134,175.7336738586426,169.31848114013673,1.0378883195461477,82.00592643124389,3.64372794855322,3.243923938240611,0.39980401031260904,1.0569902805426459,5.0986666666666665,304.2916666666667,14.5,3.553333333333333,0
2023-06-16,182.2062530517578,184.245882524342,181.56579797087076,183.989688464097,101256200,-0.005859988997170662,0.021883026604747613,0.05638372419423221,0.00905239374261855,0.008984022319011192,176.21993026733398,169.73992797851562,1.038176063616797,74.9867891416531,3.6664618307468686,3.3284315167418628,0.3380303140050058,1.5897494833826793,5.1,304.3115,13.54,3.55,1
2023-06-20,182.29493713378903,183.3689525999345,181.7037512704965,181.7037512704965,49799100,0.00048672359233492557,0.006637961709291096,0.056234177769156624,0.0065193494434586385,0.008985867305980407,176.7052017211914,170.14543762207032,1.038553864216399,72.3996936978605,3.649564749770093,3.3926581633475092,0.2569065864225837,0.7855657106043508,5.105333333333333,304.3908333333333,13.88,3.536666666666666,0
2023-06-21,181.2603912353516,182.6891094596189,179.910485779367,182.18658409390272,49515700,-0.005675121397793803,0.0035461373367897675,0.05602766864301967,0.007101636868797968,0.008995372554188611,177.18604125976563,170.58201263427733,1.0387146834739671,68.42405595071679,3.512207936596468,3.416568117997301,0.09563981859916693,0.7774497997327676,5.1066666666666665,304.41066666666666,13.2,3.533333333333333,1
2023-06-22,184.2557373046875,184.3050065515812,180.97460392176268,181.0435838743865,51245300,0.01652509987935913,0.016580639599570013,0.08999763322326282,0.010120037425527032,0.00844571288051997,177.94671173095702,171.10269958496093,1.0399994398837507,68.76706544213286,3.6035120236969647,3.453956899137234,0.14955512455973086,0.804291938450721,5.1080000000000005,304.4305,12.91,3.53,0
2023-06-23,183.9404296875,184.8075203379306,182.29493904669715,182.8270228675936,53117000,-0.001711249927952574,0.0036018947245031185,0.08635942452884438,0.009218933419541475,0.008534991788283933,178.67782287597657,171.6308563232422,1.0410588556376041,66.03251826791103,3.6088281563938267,3.4849311505885523,0.12389700580527441,0.8284841837070912,5.109333333333334,304.45033333333333,13.44,3.526666666666667,0
2023-06-26,182.55113220214844,185.2903339778169,182.51171079012911,184.0882365039062,48088700,-0.007552975100209691,0.0018927953602814185,0.07098668839016353,0.009547769447849042,0.008901245381978415,179.28281173706054,172.02377807617188,1.0421978504487581,65.88503950216138,3.4610398209984226,3.4801528846705265,-0.01911306367210397,0.7547469791059389,5.113333333333333,304.50983333333335,14.25,3.5166666666666666,1
2023-06-27,185.30018615722656,185.6253451571229,182.94526040179292,183.1620330683905,50730800,0.015059090140476128,0.016485641733604117,0.07199445704861507,0.011582613805709517,0.00896357619132155,179.9050437927246,172.47856811523437,1.043057382483188,71.76602144902428,3.5251069412960305,3.4891436959956272,0.03596324530040329,0.7987871475238029,5.1146666666666665,304.5296666666666,13.74,3.513333333333333,1
2023-06-28,186.4727325439453,187.11318769857849,184.8469525145753,185.17209649255776,51216800,0.0063278208783008605,0.028756096536423748,0.06739976605849796,0.010437110724232783,0.008833370446816348,180.4937744140625,172.956416015625,1.0435795246691315,78.39053755168791,3.628666283588842,3.51704821351427,0.11161807007457192,0.8094650424620338,5.116,304.5495,13.43,3.51,1
2023-06-29,186.80772399902344,187.2806907250245,186.1672688971672,186.3052137668684,46347300,0.0017964634856153516,0.01385024277488811,0.06961897858137678,0.008533347214516427,0.008801134626977604,181.10171813964843,173.41656158447265,1.044316162683414,75.45156136934897,3.695173163185274,3.5526732034484714,0.1424999597368024,0.7646996077530703,5.117333333333334,304.5693333333333,13.54,3.506666666666667,1
2023-06-30,191.12347412109372,191.6259844129726,188.4532369978983,188.8178174385461,85213200,0.023102632105794774,0.03905092776937158,0.07707270059374793,0.011840336683045693,0.00945347848562504,181.78553466796876,173.9401934814453,1.0451036705749113,79.96322139493367,4.049445820319903,3.652027726822758,0.3974180934971452,1.38729317454109,5.118666666666667,304.58916666666664,13.59,3.5033333333333334,0
2023-07-03,189.6356201171875,191.0347795474039,188.9458807202263,190.93624105216276,31458200,-0.00778477897991503,0.03880823870867056,0.06360876735494503,0.011915434131371638,0.009793648001124214,182.35258941650392,174.4533547973633,1.0452799238416253,71.26046297203493,4.1621731289278046,3.7540568072437672,0.40811632168403733,0.5252037075559868,5.133548387096774,304.7040322580645,13.57,3.5129032258064514,0
2023-07-05,188.52220153808597,190.1479814937267,187.8226142934088,188.75868490984945,46920300,-0.005871357809326572,0.01738808496460731,0.0654304100534624,0.012352422585408753,0.009702822052872335,182.93146743774415,174.97632446289063,1.0454641106405265,69.0589854560445,4.114240357237236,3.826093517242461,0.28814683999477486,0.8356862833802617,5.147096774193549,304.799064516129,14.18,3.5258064516129037,1
2023-07-06,188.99514770507807,189.20207252866172,186.42344937265383,187.05405664400223,45094300,0.0025087027582613164,0.013526991998888072,0.07030862357256695,0.01225261674048559,0.009625469289648005,183.55222244262694,175.5026528930664,1.0458657998432943,68.82188639391012,4.067528160747003,3.8743804459433697,0.1931477148036329,0.8175459191188968,5.153870967741936,304.8465806451613,15.44,3.532258064516129,0
2023-07-07,187.88169860839844,189.8425000907618,187.4481683880748,188.60099643398277,46815000,-0.00589141631518042,0.0057490910246336124,0.07231998274954243,0.012869107606875487,0.00951969536161124,184.18578338623047,176.03741180419922,1.0462877265606154,61.70416571253382,3.895754538567985,3.8786552644682932,0.017099274099691808,0.8605438309815815,5.160645161290323,304.89409677419354,14.83,3.5387096774193547,0
2023-07-10,185.84210205078125,187.2018550195119,184.2951349736181,186.4825571255489,59922200,-0.010855748977809276,-0.027633298811668983,0.044525676338708964,0.004957407427264719,0.009603364571004743,184.58188400268554,176.5315756225586,1.0456026540959407,58.815125024509314,3.554075142936142,3.8137392401618633,-0.25966409722572115,1.0917373710100076,5.180967741935484,305.0366451612903,15.07,3.5580645161290323,0
2023-07-11,185.3199005126953,186.52199803845545,183.86162393721372,186.3840531601648,46638100,-0.002809920531049781,-0.022757958667391942,0.03934556390998023,0.004902939250002541,0.009669184177116819,184.93265838623046,176.92378662109374,1.0452673544812197,57.18303469845938,3.2042182271615047,3.691835037561792,-0.48761681040028737,0.8514655196730049,5.187741935483871,305.0841612903226,14.84,3.564516129032258,1
2023-07-12,186.98509216308597,188.88676181703667,185.70416691161037,186.8964015042781,60750200,0.008985498296641747,-0.008153466076988636,0.03253713462667718,0.007656410263089826,0.009281038151443193,185.2272705078125,177.32430877685547,1.0445678417441464,63.19849205924831,3.026434299709223,3.5587548899912784,-0.5323205902820556,1.102590889489358,5.194516129032258,305.13167741935484,13.54,3.570967741935484,1
2023-07-13,187.7437744140625,188.38424453327508,186.99493300399135,187.7043680387378,41342300,0.0040574478007842085,-0.006621192693096578,0.039441316098826285,0.007892512028471592,0.009239845886685553,185.5834648132324,177.7417758178711,1.0441184350683914,58.96654412745344,2.91317727913696,3.429639367820415,-0.516462088683455,0.7597126262947381,5.201290322580645,305.1791935483871,13.61,3.57741935483871,1
2023-07-14,187.8916015625,188.3744011257073,186.8471596075647,187.43834550769157,41616200,0.0007873877517317052,5.27084552401913e-05,0.03664052629168557,0.007475954088904875,0.009236293574171875,185.91552047729493,178.18286193847655,1.043397319218547,60.24532371937422,2.8030370238159605,3.304318899019524,-0.5012818752035635,0.776045129597105,5.208064516129032,305.22670967741936,13.34,3.583870967741936,1
2023-07-17,191.1431579589844,191.4683169379724,188.9951421376018,189.08381775872684,50520200,0.017305490875827223,0.028524515433831166,0.04290087729580838,0.007821865824884464,0.009653439873142862,186.30866470336915,178.71042999267578,1.0425170187940613,70.31685793313889,2.944184775363027,3.232292074288225,-0.28810729892519804,0.9553680189930647,5.228387096774194,305.3692580645161,13.48,3.603225806451613,0
2023-07-18,190.8869781494141,191.47817907078496,189.5962050071137,190.5125649317522,48288200,-0.0013402510050884997,0.030040365990469553,0.047642300701888685,0.007442161754440873,0.009507950639346908,186.74270095825196,179.2655419921875,1.0417099621208314,64.97623508045737,3.000782661135162,3.1859901916576128,-0.18520753052245098,0.9613044126990479,5.235161290322581,305.41677419354835,13.3,3.609677419354839,1
2023-07-19,192.2368621826172,195.3209183853995,189.8228045493288,190.26621270882248,80507300,0.007071640225487119,0.028086570746242767,0.05453758181737989,0.007295362076568293,0.009553118521496394,187.23979721069335,179.69454650878907,1.0419893138022152,65.30609102666767,3.1186118374100715,3.1725145208081047,-0.05390268339803317,1.5551747708232784,5.241935483870968,305.4642903225806,13.76,3.6161290322580646,0
2023-07-20,190.2958221435547,193.58680403661177,189.67506258212867,192.22705072486576,59581200,-0.010097127143172901,0.013593248231303479,0.049847795464985634,0.010200115934634033,0.009805048994284865,187.69156875610352,180.08610778808594,1.0422323579615993,58.53437629268579,3.020547606732606,3.1421211379930054,-0.12157353126039938,1.1398597759660107,5.248709677419355,305.51180645161287,13.99,3.6225806451612894,0
2023-07-21,189.1232452392578,192.1087781918613,188.4236580132484,191.25155042374644,71951700,-0.0061618636241645985,0.00655507572725722,0.026417130916913223,0.010977442391171831,0.009398631009248893,187.93494415283203,180.48826354980469,1.0412585309236602,44.216452317398705,2.8157555634746245,3.0768480230893296,-0.26109245961470506,1.3497871532564087,5.255483870967742,305.5593225806452,13.6,3.629032258064516,1
2023-07-24,189.9213714599609,192.04967681854123,189.42870901778204,190.57168949200457,45377800,0.0042201381416302475,-0.006391997035466335,0.032515645323989206,0.007098902293949367,0.009390652136750988,188.23399124145507,180.8711553955078,1.0407076287528936,50.86055806917359,2.6868857629898457,2.998855571069433,-0.3119698080795872,0.8574954175248966,5.275806451612904,305.7018709677419,13.91,3.6483870967741936,1
2023-07-25,190.7786102294922,191.5865838976961,190.08888577789455,190.49287261199652,37283200,0.004513650901641686,-0.0005677072421204077,0.04506944398588031,0.007550995002922984,0.009153374075004722,188.64536514282227,181.2674530029297,1.040701802875629,56.90181128440261,2.6236833338206225,2.923821123619671,-0.3001377897990487,0.7118004495145691,5.28258064516129,305.74938709677417,13.86,3.6548387096774193,1
2023-07-26,191.6456756591797,192.7689453418544,190.48299959942145,190.82785426220883,47471900,0.004544877586876606,-0.0030753026070301503,0.03424437737244901,0.007017524423749688,0.008667807004296856,188.96263961791993,181.69961639404298,1.0399726943183303,57.91645892446833,2.613433848562579,2.861743668608253,-0.24830982004567392,0.9091485370897456,5.289354838709677,305.79690322580643,13.19,3.6612903225806455,0
2023-07-27,190.3844451904297,194.3060333990039,189.7242794267024,193.1433574364322,47460200,-0.00658105362623973,0.00046571199449751965,0.020977397569709177,0.005917346266501158,0.008786479448107462,189.15822525024413,182.1164077758789,1.0386665735414198,57.40966282917027,2.4750099255847715,2.784396920003557,-0.3093869944187855,0.912205843205431,5.296129032258064,305.8444193548387,14.41,3.667741935483871,1
2023-07-28,192.95616149902344,193.7444243627897,191.29096014596897,191.8131810983056,48291400,0.013508016928701405,0.0202667644313983,0.03291318671615606,0.007123233371490133,0.009216812711200789,189.46564712524415,182.5846334838867,1.0376867073097074,70.41862322858336,2.5435040512810474,2.7362183462590552,-0.19271429497800785,0.926450962112247,5.302903225806452,305.8919354838709,13.33,3.674193548387097,1
2023-07-31,193.5670318603516,193.60645326737568,192.39449307660053,193.18275583360523,38824100,0.003165850505018719,0.01919563013033132,0.012785230859238439,0.00713220814319704,0.007734659862839585,189.58782501220702,183.0528594970703,1.0356998821711458,73.5508705147445,2.616912138114486,2.712357104630142,-0.0954449665156556,0.7795111804472179,5.323225806451613,306.03448387096773,13.63,3.6935483870967754,0
2023-08-01,192.7393798828125,193.8429388199064,192.41422090280528,193.36013930235927,35175100,-0.004275789991635581,0.010277722701521164,0.016366966099021774,0.007957133431613143,0.007570997290282068,189.74301300048828,183.45802459716796,1.0342584545817537,67.25770712424469,2.5785797163357245,2.6856016269712586,-0.10702191063553412,0.7036209823081083,5.33,306.082,13.93,3.7,0
2023-08-02,189.75384521484372,192.3156805851802,189.03456234552243,192.1777357193533,50389300,-0.015490008683145207,-0.009871500819566448,0.006533149234993152,0.010900789184796918,0.008290977065951844,189.80459518432616,183.80131134033203,1.0326618118239552,55.318070102346866,2.2809993586216706,2.604681173301341,-0.3236818146796705,1.004471345008606,5.33,306.12051612903224,16.09,3.7,0
2023-08-03,188.3645172119141,189.54690382056828,187.89156557542464,188.75865610470643,61235200,-0.007321738336087957,-0.010609732199997723,-0.0033367549422382847,0.010984430222733871,0.008446712601431237,189.77306365966797,184.13572967529296,1.0306151011230462,51.17407066471203,1.9110284757501859,2.4659506337911106,-0.5549221580409247,1.2013488179009513,5.33,306.1590322580645,15.92,3.7,0
2023-08-04,179.31927490234375,184.6301752435833,179.25029494609427,182.79747042079737,115956800,-0.048019884230076415,-0.07067349646022425,-0.04557348464206368,0.01995397562027576,0.013624330654922173,189.34494247436524,184.34126861572267,1.0271435359874475,27.20361969651502,0.8778293550646481,2.148326378045818,-1.27049702298117,2.130418031667969,5.33,306.1975483870968,17.1,3.7,0
2023-08-07,176.22532653808594,180.44251500174,174.74733950545405,179.45719031331873,97576100,-0.017253852749196996,-0.08959018049507927,-0.05174702291124289,0.01738759853216598,0.013909420167284343,188.86410369873047,184.47941101074218,1.023767924366004,24.520488808135042,-0.18847158455929502,1.6809667855247956,-1.8694383700840906,1.7327817025997647,5.33,306.3130967741935,15.77,3.7,1
2023-08-08,177.16139221191406,177.62449604499406,174.97397007455905,177.05300588853655,67823000,0.0053117545146146306,-0.08082410392920225,-0.044023919062175176,0.019717185492077703,0.014019843993032062,188.4561782836914,184.6136117553711,1.0208141019060504,23.419028586249,-0.9470728187221198,1.1553588646754125,-2.1024316833975325,1.1821811934133353,5.33,306.3516129032258,15.99,3.7,0
2023-08-09,175.57504272460938,178.2748232727554,174.41235154839882,178.21570618554995,60378500,-0.008954261803311825,-0.0747220825706102,-0.06102117182970335,0.020019740948508117,0.013842433131429408,187.88567581176758,184.66800170898438,1.01742410202637,23.71565839382177,-1.6571720602161975,0.5928526796970905,-2.2500247399132878,1.0527617068379862,5.33,306.3901290322581,15.96,3.7,0
2023-08-10,175.35826110839844,178.09746293161143,174.99369573264087,176.8460961883882,54686900,-0.001234694936403713,-0.06904833402823596,-0.06597030098238166,0.020792377653610916,0.01374967991345079,187.2664001464844,184.6812045288086,1.0139981522444128,24.55372506011078,-2.2119255884894358,0.03189702605978528,-2.243822614549221,0.9425571980145024,5.33,306.4286451612903,15.85,3.7,1
2023-08-11,175.41748046875,176.2364063672045,174.19403724396824,174.95376621930987,52036700,0.0003377049930652909,-0.02175892377279931,-0.06638998757802717,0.008842192470255635,0.013742984310107741,186.64269409179687,184.6965771484375,1.01053683275243,22.43470211473928,-2.6166303629377126,-0.4978084517397143,-2.1188219111979985,0.8888972021877414,5.33,306.46716129032257,14.84,3.7,1
2023-08-14,177.06515502929688,177.29208151781367,174.943837241764,175.59503330985302,43675600,0.009392875534091294,0.0047656514969172115,-0.07365161839958922,0.006956060510886643,0.01322143503468937,185.9387939453125,184.68893737792968,1.0067673602172784,24.697188360636318,-2.772449177257414,-0.9527365968432542,-1.8197125804141598,0.7504590753268425,5.33,306.58270967741936,14.82,3.7,0
2023-08-15,175.0819854736328,177.08489459113486,174.68732936330193,176.49291042563854,43622600,-0.011200224885217658,-0.011737358305436763,-0.08279764722038896,0.008189991957528758,0.01331103584108413,185.14854431152344,184.62468658447267,1.0028374197229095,20.647142044385276,-3.0211361424639165,-1.3664165059673867,-1.6547196364965298,0.7525649428114061,5.33,306.6212258064516,16.46,3.7,0
2023-08-16,174.21376037597656,176.15745776554937,174.14468726786023,174.7662850202376,46964900,-0.00495896305555088,-0.007753279324374085,-0.09375466079715455,0.007552412504151852,0.013042741107756084,184.2473892211914,184.57006896972655,0.9982517222302818,20.938799820986745,-3.2508075772112193,-1.7432947202161535,-1.5075128569950658,0.8343662631415409,5.33,306.65974193548385,16.78,3.7,0
2023-08-17,171.6780548095703,175.1412101505236,171.1649897406694,174.77615243783515,66062900,-0.014555139392742888,-0.020986785997799018,-0.09783592264017005,0.009515317444291876,0.013174958449448144,183.31650085449218,184.47202911376954,0.9937360245624841,11.710419952464918,-3.5959818510176262,-2.1138321463764482,-1.482149704641178,1.1669376182993787,5.33,306.6982580645161,17.89,3.7,1
2023-08-18,172.16151428222656,172.76337470680727,169.6652772069575,170.0007364455324,61172200,0.0028160819575484553,-0.018561241318840405,-0.0896861247044124,0.00986857538606283,0.013287570804554229,182.46841430664062,184.4110498046875,0.989465731581137,11.303705469106006,-3.78687111785041,-2.448439940671241,-1.338431177179169,1.0909343176653667,5.33,306.7367741935484,17.3,3.7,1
2023-08-21,173.49351501464844,173.77965356611938,171.42154731254445,172.73380105146174,46311900,0.00773692504956891,-0.020171331926134628,-0.08649819827557315,0.009332510302184687,0.01343293263151182,181.647021484375,184.32251831054688,0.9854846990443988,15.83093628279363,-3.787016540641872,-2.716155260665367,-1.070861279976505,0.8252309674326899,5.33,306.8523225806452,17.13,3.7,1
2023-08-22,174.86492919921875,175.30892111024494,173.89801113995804,174.6971995908385,42038900,0.007904699979446095,-0.0012397407638877755,-0.08341438807595092,0.009572027105497576,0.013572384936811862,180.85133743286133,184.2537286376953,0.9815342070416159,21.95911460967605,-3.6345730304911967,-2.899838814630533,-0.7347342158606636,0.7459298825307132,5.33,306.89083870967744,16.97,3.7,1
2023-08-23,178.70301818847656,179.12728783194132,175.9502562936072,176.1377232252428,52722800,0.021948877953023915,0.02576867523444526,-0.06753430478504607,0.013136023821403898,0.014679183476123571,180.20420455932617,184.20593200683595,0.9782757949002355,33.34071786020614,-3.1675452552415777,-2.953380102752742,-0.21416515248883572,0.931165004467041,5.33,306.9293548387097,15.98,3.7,0
2023-08-24,174.02627563476562,178.68329009610582,173.6612029173666,178.25902046647073,54945800,-0.026170473230499147,0.013678048879339988,-0.08592177548592272,0.017722782976762032,0.015532345156400494,179.38629608154298,184.07405975341797,0.9745332738455672,39.25447128883646,-3.138616401364942,-2.9904273624751823,-0.14818903888975976,0.964053834284287,5.33,306.967870967742,17.2,3.7,1
2023-08-25,176.22650146484375,176.75928869570708,173.47373983758078,175.0129196769248,51449600,0.012643066813058823,0.023611474373729013,-0.08670187002172691,0.01825535413705218,0.015481078963669202,178.549813079834,183.97358001708983,0.9705187726588133,50.002475080440114,-2.9046670461976305,-2.9732752992196723,0.06860825302204177,0.9002169548476885,5.33,307.0063870967742,15.68,3.7,1
2023-08-28,177.785400390625,178.1800564429962,176.16728648764175,177.68672884995053,43820700,0.008845995992789124,0.02473801614783233,-0.0815305753156984,0.018306435851945954,0.0156782015513549,177.76073150634767,183.86368255615236,0.9668071966961673,51.28091244691707,-2.5639151636401323,-2.891403272103765,0.3274881084636325,0.7633965726968138,5.33,307.12193548387097,15.08,3.7,1
2023-08-29,181.6630096435547,182.4325997452445,177.1046659558274,177.30199404892278,53003900,0.021810616869607502,0.03887617989191572,-0.05746812221764108,0.019843319834635824,0.016715758131124126,177.20691299438477,183.85281768798828,0.9638520378573577,61.42241292929849,-1.9584009544096261,-2.704802808564937,0.746401854155311,0.9092558262927659,5.33,307.1604516129032,14.45,3.7,1
2023-08-30,185.1458740234375,185.3432171414265,182.27471834075723,182.47204640358007,60813900,0.019172116473885392,0.03605342484012053,-0.024283941051044144,0.019382390860273293,0.017124932017108283,176.97651443481445,183.90983642578124,0.9623004287007519,66.35887558919046,-1.1838419401853173,-2.4006106348890133,1.216768694703696,1.0339871949212909,5.33,307.1989677419355,13.88,3.7,1
2023-08-31,185.3629608154297,186.5962801694583,184.97816577917948,185.33336235534645,60794500,0.0011725175791101883,0.06514352582282879,-0.015934829132960293,0.008255708711933487,0.017067413869614367,176.82643661499023,183.9918878173828,0.9610556134436509,66.53547282298472,-0.54618516853796,-2.0297255416188027,1.4835403730808427,1.0340447513144018,5.33,307.23748387096776,13.57,3.7,1
2023-09-01,186.9317321777344,187.38558521498555,185.76747101772168,186.961330634287,45766500,0.008463240743477263,0.060746996756479765,0.04245197444355253,0.008475271179651038,0.013009510499811389,177.20705947875976,184.04540771484375,0.9628442332737843,66.44744071335259,0.08477195687999028,-1.6068260419190443,1.6915979987990346,0.8278525586209023,5.33,307.276,13.09,3.7,1
2023-09-05,187.1685333251953,187.44479564304945,185.1064270757959,185.7674844117445,45280000,0.0012667787576898792,0.052777859790252624,0.0620978096740501,0.009739902087647,0.01218799219855041,177.75421981811525,184.10996978759766,0.9654785127779073,71.39371474686888,0.597035642895122,-1.1660537049562112,1.7630893478513332,0.8597154395057851,5.33,307.332,14.01,3.726666666666667,0
2023-09-06,180.46913146972656,186.329866585718,179.04834537431464,185.88585963952747,81755800,-0.03579341963335736,-0.006571938757211293,0.018670768029729112,0.020717167107380103,0.014946731181146384,177.91960678100585,184.06832977294923,0.966595432253186,59.17773123202857,0.457152791412085,-0.841412405682552,1.298565197094637,1.5320050152505666,5.33,307.346,14.45,3.733333333333333,0
2023-09-07,175.19052124023438,175.83185624974686,171.22416252451072,172.84227669356144,112488800,-0.029249380137775338,-0.05377031940740351,-0.002190069148826135,0.020156062911832816,0.016289068702859226,177.9003807067871,183.86613647460936,0.9675538090797591,54.769524669883744,-0.07873746998180309,-0.6888774185424024,0.6101399485605993,2.009778501250966,5.33,307.36,14.4,3.74,1
2023-09-08,175.80223083496094,177.83475336123297,175.4174358773743,175.96997548136457,65551300,0.003491682029347576,-0.051578427202555344,0.0025317867761476265,0.020524576113881168,0.016304224215420722,177.92257919311524,183.6527264404297,0.9687990080061616,54.92651461655042,-0.44889987269132803,-0.6408819093721875,0.19198203668085945,1.1599133063836522,5.33,307.374,13.84,3.7466666666666666,1
2023-09-11,176.9665069580078,177.89396541040293,174.97345890425444,177.6670388917848,58953100,0.0066226470364865175,-0.05330943603652949,0.008830513841143528,0.02011489321710769,0.01636637636242038,178.00003051757812,183.45590209960938,0.9702605829543226,54.72098392999522,-0.6409207553381862,-0.6408896785653873,-3.10767727988992e-05,1.0368153871844574,5.33,307.416,13.8,3.7666666666666666,0
2023-09-12,173.9473419189453,177.72623373133553,172.487096210491,177.09477490699047,90370200,-0.01706065792313405,-0.07063789607881832,-0.017608281594623687,0.01902186600528224,0.016681553461476706,177.84413986206056,183.1123794555664,0.9712294733476268,48.80616541562358,-1.0249056009230628,-0.7176928630369224,-0.30721273788614045,1.5266650972645017,5.33,307.43,14.23,3.773333333333333,0
2023-09-13,171.88523864746094,174.93400012779577,171.65829707262083,174.15453395453247,84267900,-0.011854755863100586,-0.04756432721961412,-0.01825857079198645,0.014844269823189354,0.01670375184155659,177.68430252075194,182.75737182617186,0.9722415065683636,40.699882689597004,-1.478566859423637,-0.8698676623142654,-0.6086991971093716,1.3763242162988156,5.33,307.444,13.48,3.78,1
2023-09-14,173.39480590820312,173.75000241444866,171.2636268707299,171.67802028548886,60895800,0.008782413618648954,-0.010250071289923501,-0.00470085982878754,0.011669496747374011,0.01680543251682311,177.6433547973633,182.45482391357422,0.9736292578458213,49.05714454960107,-1.69672838463498,-1.0352398067784083,-0.6614885778565718,0.9834064950485136,5.33,307.458,12.82,3.786666666666666,0
2023-09-15,172.674560546875,174.14468255030425,171.5004532372104,174.12494522635322,109259500,-0.004153788561056637,-0.01779084527671393,0.005804502726979521,0.01126322674845767,0.016492594564839317,177.69318008422852,182.12841217041014,0.9756477749224994,44.45132526513407,-1.9057721909363181,-1.2093462836099904,-0.6964259073263277,1.7049644325408135,5.33,307.47200000000004,13.79,3.793333333333333,1
2023-09-18,175.59506225585938,176.98624997924455,173.8190795297471,174.12494029407293,67257600,0.016913329327348015,-0.007749741607737448,0.019943760299437008,0.014152501209589604,0.016896693394394022,177.86485748291017,181.88267944335936,0.977909815421977,46.717976342249045,-1.8148602539492913,-1.3304490776778506,-0.4844111762714407,1.0445766389943378,5.33,307.514,14.0,3.8133333333333335,1
2023-09-19,176.68040466308594,177.23292932503867,174.76629061620125,175.1510856525732,51826900,0.0061809392205181,0.015712012118093588,0.01836892663203238,0.011278576422289547,0.016868203414350892,178.02420196533203,181.69944549560546,0.9797729513139195,41.85221707326567,-1.6363707636656386,-1.3916334148754084,-0.24473734879023024,0.8014901835550141,5.33,307.528,14.11,3.82,0
2023-09-20,173.14816284179688,177.3019736755132,173.0593524132158,176.8678428874874,58436200,-0.01999226698639689,0.007347484893255984,-0.009817671074947243,0.014198483093563018,0.017415797726394698,177.93836364746093,181.4560107421875,0.980614325861465,30.412427121001812,-1.7596547468947676,-1.4652376812792802,-0.2944170656154874,0.8923867920609673,5.33,307.54200000000003,15.14,3.826666666666666,0
2023-09-21,171.6089630126953,173.94734650075085,171.53990496478352,172.22069958579337,63149100,-0.00888949558481833,-0.010299287145044356,-0.039697455855497665,0.014146260363752671,0.016687759004712536,177.5836608886719,181.1484881591797,0.9803209659283753,28.474356892450828,-1.9589768882487988,-1.563985522673184,-0.39499136557561476,0.9567414150172363,5.33,307.55600000000004,17.54,3.8333333333333335,1
2023-09-22,172.45748901367188,174.7169382879251,171.7273736602944,172.33909518451154,56725400,0.004944531952645104,-0.0012571135696864966,-0.009014653766343916,0.014381280096110673,0.015727788912956505,177.50522155761718,180.84276245117186,0.981544514979106,26.82466682758877,-2.0251277523286433,-1.656213968604276,-0.36891378372436723,0.858262032018811,5.33,307.57000000000005,17.2,3.84,1
2023-09-25,173.7302703857422,174.6083930174941,171.82601779128095,171.87535356826675,46172700,0.0073802615319849,-0.010619842301715754,-0.014164901750600478,0.011982300885165451,0.015542170483352605,177.38041000366212,180.55953582763672,0.982392922038693,29.174312534051694,-1.95234455630208,-1.715440086143837,-0.236904470158243,0.7013984158163765,5.33,307.612,16.9,3.86,0
2023-09-26,169.665283203125,172.86203732750283,169.36928354767613,172.48711848209095,64588900,-0.023398266597936535,-0.039705147117690576,-0.04567370081940758,0.014016287272188798,0.016170707080380098,176.97440414428712,180.12997833251953,0.982481682297173,31.768276887788176,-2.197344225762947,-1.811820914067659,-0.3855233116952881,0.9659178768886117,5.33,307.62600000000003,18.94,3.8666666666666663,0
2023-09-27,168.15567016601562,170.73084132501634,166.7940959712009,170.3164478696235,66921800,-0.008897595363112965,-0.02883364509239883,-0.074353824171702,0.0124297972601223,0.015198607166419595,176.29903717041014,179.67535217285158,0.9812088026453771,36.398336537292785,-2.4846795455286212,-1.9463926403598517,-0.5382869051687695,0.9904979434621752,5.33,307.64000000000004,18.22,3.873333333333333,1
2023-09-28,168.41220092773438,169.73431545858824,165.38316183381656,167.0802102082604,56294400,0.0015255552278758966,-0.018628176692172205,-0.09038102082461108,0.012647555756922892,0.01428280429572533,175.462353515625,179.1988589477539,0.9791488324531225,35.512632059448364,-2.66102038149819,-2.0893181885875194,-0.5717021929106707,0.835999739819317,5.33,307.654,17.34,3.88,1
2023-09-29,168.92529296875,170.76047278128746,168.0668924554359,169.72448150635748,51861100,0.0030466441159793245,-0.020481546293659947,-0.08867827625523883,0.01234861236024413,0.014328931606348091,174.640470123291,178.77144836425782,0.9768924049183195,33.8230319402023,-2.727923718299337,-2.217039294529883,-0.5108844237694541,0.7753058513719677,5.33,307.668,17.52,3.8866666666666663,1
2023-10-02,171.43138122558594,171.97404472395215,168.64900568223578,168.93514418826848,52164500,0.014835482672802325,-0.013232519324651415,-0.0829198487146674,0.014362502844523242,0.014699194941437729,173.8654525756836,178.41761108398438,0.9744859351011151,44.831807923771315,-2.549337540395385,-2.2834989437029836,-0.2658385966924013,0.7761298179391632,5.33,307.7105806451613,17.61,3.893548387096774,0
2023-10-03,170.099365234375,171.31296207551728,168.54046313149794,169.96123409658216,49594600,-0.0077699659285725975,0.002558461124485323,-0.09119678285432486,0.009614296993503234,0.014660662781356124,173.0119941711426,178.02117095947267,0.9718619040570717,46.218089860555416,-2.486625000990074,-2.3241241551604017,-0.16250084582967217,0.7355326770757851,5.33,307.7251612903226,19.78,3.887096774193549,1
2023-10-04,171.3425750732422,171.88523853747708,168.68846972057472,168.80686354725646,53020300,0.0073087270910987545,0.018952110886776508,-0.05057128785492793,0.008271898597853614,0.012907409405165706,172.55566635131837,177.63245025634765,0.9714197270954558,45.604442652021675,-2.309980203757277,-2.321295364879777,0.011315161122499973,0.803459554215824,5.33,307.7397419354839,18.58,3.8806451612903214,1
2023-10-05,172.57591247558594,173.10869980697885,170.3756599300563,171.47084810780015,48527900,0.007198079063633456,0.02472333669956739,-0.014924373454332507,0.008272803085375046,0.011421075603112818,172.42493591308593,177.2510549926758,0.9727724098466478,49.7932553598508,-2.0468728324761685,-2.2664108583990554,0.21953802592288696,0.7728362038706866,5.33,307.7543225806452,18.49,3.8741935483870966,1
2023-10-06,175.1214599609375,175.61478762599208,170.86896284182788,171.48069938400815,57266700,0.014750305815196985,0.036679924499724015,-0.0038723676644497607,0.009211386986567104,0.01190519996974029,172.39089736938476,176.94579528808595,0.9742582302603724,48.99158517170798,-1.6143447754333238,-2.1359976418059095,0.5216528663725857,0.9180632254492108,5.33,307.76890322580647,17.45,3.867741935483871,1
2023-10-09,176.60147094726562,176.66066786762835,173.45403753652568,174.45055415802327,42390800,0.008451339925205303,0.03015836239968439,-0.002062740667807872,0.00829663010216898,0.011966626174180307,172.37264556884764,176.6187014770508,0.975959194169736,49.83470889530072,-1.139008871143517,-1.936599887673431,0.797591016529914,0.6887256727763448,5.33,307.81264516129033,17.7,3.848387096774193,0
2023-10-10,176.00946044921875,177.32171396949087,175.57532965392068,175.72333700059065,43698000,-0.0033522399041832074,0.03474495749411166,0.011854843583837704,0.006507575469663278,0.011314956554686801,172.47575149536132,176.26755004882813,0.9784883913549803,56.833128784278976,-0.8008404517163115,-1.7094480004820072,0.9086075487656957,0.7379423856776559,5.33,307.8272258064516,17.03,3.841935483870968,1
2023-10-11,177.400634765625,177.4499705441094,175.22999600880442,175.82198018511957,47551100,0.007903974666223279,0.03535641792352684,0.03208766594248513,0.006523006076940715,0.011024492363942408,172.75152130126952,175.96077514648437,0.9817615383738609,63.92970465119864,-0.4157904288994416,-1.4507164861654942,1.0349260572660526,0.8287027407467371,5.33,307.8418064516129,16.09,3.835483870967742,1
2023-10-12,178.2985076904297,179.90674578858014,176.6507798893927,177.6670488234186,56743100,0.005061272334176969,0.03315987227159134,0.028280557520405925,0.006575773444163157,0.01092856222225512,172.99670639038087,175.73166839599608,0.9844367151886806,64.01512239164006,-0.037749517546814104,-1.1681230924417583,1.1303735748949442,0.9924888753392582,5.33,307.8563870967742,16.69,3.829032258064516,0
2023-10-13,176.46331787109375,179.50220314362676,175.7627859383901,178.9990143278533,51427100,-0.010292794051435794,0.007662441316190316,0.02194160687144331,0.008133482561974777,0.011177682450772702,173.1861442565918,175.4936444091797,0.9868513748155588,56.38542190279605,0.11246966692826277,-0.9120045405677542,1.024474207496017,0.9474251629163918,5.33,307.8709677419355,19.32,3.8225806451612905,0
2023-10-16,176.3350372314453,176.6902337432856,174.15452238414363,174.39132507709223,52517000,-0.0007269535742387978,-0.0015086721214223608,0.0042140989961763076,0.007165910490669307,0.010546114095789821,173.2231430053711,175.43395965576173,0.987398012022708,69.09575114087227,0.21864784115271618,-0.6858740642236602,0.9045219053763763,0.9808217110900442,5.33,307.9147096774193,17.21,3.803225806451613,0
2023-10-17,174.78599548339844,176.03905203817294,172.467364361049,174.29266779074965,57549400,-0.008784650925690474,-0.006951131846536729,-0.01072223704320785,0.008098991559882697,0.01063470174686598,173.12842254638673,175.40517303466797,0.9870200493583433,68.94010389651147,0.1757738742062429,-0.5135444765376795,0.6893183507439224,1.0690952007156604,5.33,307.9292903225807,17.88,3.796774193548387,0
2023-10-18,173.49351501464844,175.2103011579656,172.7732606507149,173.23698998157923,54764400,-0.007394645464446015,-0.022024271537351092,0.0019945471391868974,0.006440520843661196,0.009755195712983774,173.14569015502929,175.33181549072265,0.9875314966107276,63.70413046967271,0.037076183231590676,-0.4034203445838255,0.44049652781541615,1.0208398827768828,5.33,307.943870967742,19.22,3.7903225806451615,0
2023-10-19,173.1185760498047,175.466805839834,172.85217485644313,173.69082297603654,59302900,-0.0021611122744967792,-0.029052019042238086,0.008796819295491476,0.00420082120246101,0.009540897569392257,173.22117080688477,175.28268615722655,0.9882389105533639,61.39404829921199,-0.10192228049089636,-0.3431207317652397,0.24119845127434336,1.1094171345680561,5.33,307.9584516129033,21.4,3.783870967741936,0
2023-10-20,170.572998046875,173.0790962513972,170.3361953203569,172.97056355030566,64244000,-0.0147042452694236,-0.03337985421152301,-0.010927278238682225,0.005593752662517005,0.010054918298078221,173.12694625854493,175.1869808959961,0.9882409376146841,47.672583777468304,-0.4127287548035383,-0.35704233637289945,-0.05568641843063887,1.1934601194296084,5.33,307.97303225806456,21.71,3.7774193548387096,1
2023-10-23,170.69137573242188,171.68789221712717,167.66233657820504,168.62926966195786,55980100,0.0006940001459923018,-0.032005332505847695,-0.017492027420281442,0.005998016020673718,0.009888867058182173,172.9750015258789,175.09245880126954,0.9879066335015949,51.718258411042775,-0.6420914050071076,-0.41405215009974106,-0.22803925490736654,1.0305538038606303,5.33,308.01677419354843,20.37,3.758064516129033,1
2023-10-24,171.12550354003906,171.35243005141567,169.1620540054936,170.74070856198065,43816600,0.0025433493974396093,-0.020942707298921226,0.008606476878159297,0.0069664533187619145,0.008356171382927468,173.04801254272462,174.97366577148438,0.9889946111589463,49.33892086009993,-0.7798429280061612,-0.4872103056810251,-0.2926326223251361,0.8223560056822415,5.33,308.0313548387097,18.97,3.751612903225807,0
2023-10-25,168.81675720214844,170.7505934954682,168.37275019582236,169.58634726553433,57157000,-0.01349153860839003,-0.026956384001471934,0.003931399015448811,0.008104985347517598,0.008683704909348727,173.08106689453126,174.84836120605468,0.9898924170673771,39.25549044612655,-1.063054308557895,-0.602379106256399,-0.46067520230149595,1.082651195079702,5.33,308.045935483871,20.19,3.7451612903225806,0
2023-10-26,164.6629180908203,169.0930062294273,163.459197305812,168.0964746462511,70625300,-0.024605608946475233,-0.048843157978331275,-0.022262536896141327,0.011394119313078509,0.0102951727608615,172.89360275268555,174.65734436035157,0.9899017037381086,22.624010761698514,-1.6041893727592367,-0.8027411595569667,-0.80144821320227,1.3198500208231736,5.33,308.0605161290323,20.68,3.738709677419355,1
2023-10-27,165.9751739501953,166.70530437202822,164.60372353518264,164.6826577744484,58499100,0.00796934655713577,-0.026955169630167197,-0.017464045594998256,0.013353829756601534,0.010456468731894238,172.7460968017578,174.54328674316406,0.9897034714142241,21.938456851859158,-1.9051928516818464,-1.0232314979819426,-0.8819613536999038,1.0864957734199856,5.33,308.0750967741936,21.27,3.732258064516129,1
2023-10-30,168.01754760742188,168.88580920893756,166.61649869462795,166.76450604315932,51131000,0.012305296079035521,-0.015664693740541025,-0.01991370304408746,0.015509404479685284,0.010270637041766948,172.5754051208496,174.46040740966797,0.9891952431109943,30.39686983495821,-1.9563857944016547,-1.209862357265885,-0.7465234371357696,0.9505613649444733,5.33,308.11883870967745,19.75,3.712903225806452,1
2023-10-31,168.49111938476562,168.619374328328,165.65940861123508,167.09007075196132,44846000,0.0028185852256947808,-0.015394456704444726,-0.009454743393036313,0.015534713573419354,0.010173293167645606,172.49499282836913,174.3603594970703,0.9893016585072336,27.115980334982538,-1.9364214248994358,-1.3551741707925953,-0.5812472541068405,0.8374151236282487,5.33,308.13341935483874,18.14,3.706451612903226,1
2023-11-01,171.64840698242188,171.9049319155105,167.84977842632566,168.71803982318505,56934900,0.01873859945369749,0.016773511274610575,0.0017849148645570079,0.016733931098729036,0.010923980782828501,172.51028442382812,174.29602905273438,0.9897545306189048,34.69558749888505,-1.646848946132792,-1.4135091258606347,-0.23333982027215727,1.059281149916035,5.33,308.148,16.87,3.7,1
2023-11-02,175.20040893554688,175.40759814141026,173.118565411641,173.17776232760195,77334800,0.02069347461808224,0.06399431618790197,0.015207779708725111,0.007422054023172859,0.011766799614920751,172.64150924682616,174.22597686767577,0.990905675207934,47.30641505798794,-1.1178578289451764,-1.3543788664775431,0.23652103753236675,1.4012728812725515,5.33,308.1677666666667,15.66,3.7033333333333336,0
2023-11-03,174.2926788330078,174.46042350768224,171.0367278993792,171.91485064572058,79829200,-0.005181095797972657,0.05011294571866731,-0.004732607460642191,0.010931469909283481,0.011362037402671974,172.60007019042968,174.23130493164064,0.9906375335830092,45.78414499860152,-0.7630784965483599,-1.2361187924917068,0.47304029594334684,1.4174951156034519,5.33,308.18753333333336,14.91,3.706666666666667,1
2023-11-06,176.8382568359375,177.035584920202,173.85856813665714,174.02629776104038,63841300,0.014605191795626915,0.05249873810279326,0.0013407922788060134,0.011106290312502763,0.011686651061865505,172.61190948486328,174.2435400390625,0.9906359193928599,54.068897500824384,-0.27335537837925017,-1.0435661096692155,0.7702107312899653,1.112419032607206,5.33,308.24683333333337,14.89,3.716666666666667,1
2023-11-07,179.3936767578125,180.00539823599848,176.58170308551922,176.78889227095914,70530000,0.014450605698097307,0.06470701490296249,0.019227468227880573,0.010329337052007972,0.01207872666355222,172.78112030029297,174.27570556640626,0.991424018274631,61.140020270663484,0.3172971481806428,-0.7713934580992439,1.0886906062798867,1.200894617964229,5.33,308.26660000000004,14.81,3.72,1
2023-11-08,180.44940185546875,181.00192645947115,179.16674685036813,179.91661457451394,49340300,0.005884962707361829,0.051273385100207625,0.01718577328582649,0.010033994923689976,0.01202650656100381,172.93355865478514,174.25143341064452,0.992436935926067,63.4943310288187,0.860660563980133,-0.44498265368336853,1.3056432176635016,0.8388258040221401,5.33,308.2863666666667,14.45,3.7233333333333336,0
2023-11-09,179.9757843017578,181.6629563158929,179.38378514108624,180.51844768984608,53763500,-0.002624655714238866,0.027256645091323417,0.009407126470403648,0.009263304627304667,0.012010035394481767,173.01742248535157,174.14803161621094,0.9935077696809631,68.73762802241141,1.2387830870144114,-0.10822950554381255,1.347012592558224,0.9163447553373053,5.33,308.3061333333333,15.29,3.7266666666666666,1
2023-11-10,184.1548614501953,184.3228271167955,181.31943456996743,181.75413731292957,66133400,0.023220219123649466,0.05658403257796385,0.043587209352598855,0.009823125320265969,0.01273552630368959,173.40199966430663,174.12386962890625,0.9958542733621871,73.09238650526078,1.854289416480583,0.2842742788610666,1.5700151376195164,1.1132255267518092,5.33,308.3259,14.17,3.73,0
2023-11-13,182.5741424560547,183.7893232540613,181.9912524470517,183.58186108306091,43627500,-0.008583639778459662,0.03243577336005221,0.035382107393781004,0.012785998284400272,0.01295032646862409,173.7139549255371,174.03671783447265,0.9981454321079387,68.8934259868272,2.189294975173823,0.6652784181236179,1.5240165570502051,0.7399190011080765,5.33,308.3852,14.76,3.74,1
2023-11-14,185.18234252929688,185.8442707665973,184.05607409829287,185.43920547847276,60108400,0.01428570354024794,0.03226794765625596,0.059480435015091926,0.012760452177171387,0.01298348887448604,174.23377227783203,173.9969940185547,1.0013608181027087,76.7434275652032,2.634876031557667,1.0591979408104277,1.5756780907472392,1.01722637747854,5.33,308.40496666666667,14.16,3.743333333333333,1
2023-11-15,185.74545288085935,187.2175115650197,185.5182274044454,185.5873915048758,53790500,0.003040842576410352,0.029349230149471328,0.07061899613467659,0.012854232312773812,0.01275253809460495,174.84636917114258,174.10252044677733,1.0042724753349717,89.03209148040943,2.998871405412558,1.4471326337308539,1.5517387716817042,0.9110580827579923,5.33,308.42473333333334,14.18,3.7466666666666666,1
2023-11-16,187.4250030517578,188.6599471534048,186.3777577905601,187.28668991537344,54412900,0.00904221419608997,0.041390116892116025,0.08263946786298249,0.011954701571833789,0.012737064663677628,175.56169052124022,174.3472100830078,1.0069658725118353,89.17925506415902,3.3838590036279754,1.8344779077102784,1.549381095917697,0.9254321075001926,5.33,308.4445,14.32,3.75,0
2023-11-17,187.4052276611328,188.08691917335904,186.29872264128755,187.95848017105547,50922700,-0.00010551095266375654,0.01765017868842178,0.0986805051619728,0.008750228171283495,0.012002555821678485,176.40330200195314,174.57927001953124,1.0104481590638903,88.23794244345373,3.645347443961981,2.196651814960619,1.448695629001362,0.875995646057691,5.33,308.4642666666667,13.8,3.753333333333333,1
2023-11-20,189.1440277099609,189.598493753426,187.59294582194016,187.60281994734132,46505100,0.009278289995048539,0.035984752087703686,0.1081053562217793,0.005668934658055221,0.012002048420264894,177.32593460083007,174.8228204345703,1.0143180058532266,88.7970556283304,3.947382579811517,2.546797967930799,1.4005846118807184,0.806575383330609,5.33,308.5235666666667,13.41,3.763333333333333,0
2023-11-21,188.34376525878903,189.21317059662823,187.4546116723618,189.1044949293984,38134500,-0.004230968647865652,0.017071944799445404,0.10061774173083049,0.005853162269750649,0.012175726035918837,178.18684768676758,175.11074890136717,1.0175665903132711,84.40984354115888,4.075196777550985,2.8524777298548365,1.222719047696149,0.6646724778412005,5.33,308.5433333333333,13.35,3.7666666666666666,1
2023-11-22,189.00570678710935,190.60618938615343,188.53149251239265,189.1835465620032,39617700,0.0035145391057187503,0.017552267663538457,0.11959090980989395,0.005849627550094312,0.011394276093934981,179.19629516601563,175.45315826416015,1.021334109564559,82.30139552950718,4.181699569747934,3.118322097833456,1.0633774719144782,0.701242848991896,5.33,308.5631,12.85,3.77,0
2023-11-24,187.6818389892578,188.6006300326625,186.97051008307392,188.57099258448807,24048300,-0.007004380028285073,0.0013703397802751205,0.13979419996517572,0.006422432855416798,0.009440487527492228,180.3472412109375,175.73889892578126,1.026222665063484,80.72931842122965,4.111879544777338,3.317033587222233,0.794845957555105,0.4439613344187309,5.33,308.6026333333333,12.46,3.7766666666666655,0
2023-11-27,187.50401306152344,188.37341847212545,186.62473352580105,187.6324520630897,40552600,-0.0009474860684018926,0.0005271219038203157,0.12971120077143805,0.006446402036496912,0.009582198711256613,181.4236831665039,176.03548797607422,1.0306085736028523,77.46373286834299,3.996132675767143,3.4528534049312154,0.5432792708359275,0.761261965641973,5.33,308.6619333333333,12.69,3.786666666666666,1
2023-11-28,188.106689453125,188.77850691885152,187.11873411970524,187.4941619704054,38415400,0.0032142052949224453,-0.0054843828240064285,0.1195657366255698,0.0045987456343363,0.009490531215362252,182.42814025878906,176.28572052001954,1.0348435467186463,74.94399770748814,3.907984582559095,3.543879640456791,0.36410494210230393,0.7298527865304948,5.33,308.6817,12.69,3.79,0
2023-11-29,187.08905029296875,189.77628933979955,186.69387428755175,188.60062037243628,43014200,-0.005409904151281286,-0.0066618343543056735,0.11037929462462026,0.00482467166711334,0.009795718057671324,183.35803680419923,176.4938934326172,1.0388916762958864,69.04982050608534,3.7132080570695223,3.5777453237793377,0.13546273329018454,0.8186497651631449,5.33,308.70146666666665,12.98,3.793333333333333,1
2023-11-30,187.66207885742188,188.0276325161224,185.92328320995225,187.55340318726755,48794400,0.003062865322988273,-0.007108927833596512,0.09329344883835677,0.004714334477197096,0.009276744893321644,184.15872039794922,176.7841717529297,1.0417149825795833,71.92766941055103,3.564001285179984,3.5749965160594668,-0.010995230879482953,0.9359090537247557,5.33,308.7212333333333,12.92,3.7966666666666655,1
2023-12-01,188.93655395507807,189.2526917735191,186.95075439627809,188.0375111237308,45704800,0.0067913299555020235,0.006685329665232498,0.07840247122131139,0.004663466602525211,0.008487593618598176,184.84552764892578,177.13072357177734,1.0435542966323526,66.35116393375897,3.5081535225703817,3.5616279173616503,-0.05347439479126859,0.9040728159118303,5.33,308.741,12.63,3.8,0
2023-12-04,187.1483459472656,187.7608884211111,185.19219887595256,187.69172432124148,43389500,-0.009464595232522521,-0.0018968506777566896,0.07375907697520079,0.006782839550810154,0.008775706840448644,185.48831100463866,177.4245407104492,1.0454490132080954,65.42279368260974,3.2817701236340326,3.505656358616127,-0.22388623498209448,0.8903633828452763,5.33,308.8336129032258,13.08,3.790322580645161,1
2023-12-05,191.0903167724609,192.05850876803487,187.88933609882636,187.91898862751916,66628400,0.021063348464250176,0.015861356807724825,0.08059375946996483,0.0119010264941588,0.009304791291186597,186.20091400146484,177.77174163818358,1.0474157044623944,68.27608147898508,3.381464334185125,3.4808179537299266,-0.09935361954480149,1.363332832361793,5.33,308.8644838709677,12.85,3.787096774193549,0
2023-12-06,190.0035552978516,192.4141533735728,189.79607806848605,192.10788966712872,41089700,-0.005687161406003449,0.015578169862527691,0.059142990610325574,0.011951760479611802,0.009194644134348994,186.7314079284668,178.17850708007813,1.0480018661540629,62.75890762949412,3.334343904771316,3.4515231439382044,-0.11717923916688822,0.8668769774654644,5.33,308.89535483870964,12.97,3.7838709677419353,1
2023-12-07,191.9300842285156,192.65128739108167,191.25826677194576,191.29779342674496,47477700,0.010139436220780063,0.022743035764494435,0.06362272335068364,0.012350735625067683,0.009315346129117346,187.30544204711913,178.65399536132813,1.0484257106497588,63.30206862496869,3.4131111878217837,3.4438407527149204,-0.030729564893136718,1.0036176800849608,5.33,308.9262258064516,13.06,3.7806451612903222,1
2023-12-08,193.35275268554688,193.62937898399056,191.3373152825971,191.86093042429425,53406400,0.007412430743986009,0.02337397733801594,0.07432649028694027,0.012381766160638302,0.009259217654598601,187.9742904663086,179.15280639648438,1.049239999346152,66.21758476039601,3.549416814273229,3.4649559650265824,0.08446084924664676,1.1293690533500547,5.33,308.9570967741936,12.35,3.7774193548387096,0
2023-12-11,190.8531951904297,191.15947399253525,189.11439931154692,190.78404615931,60943700,-0.012927447167934925,0.0197963237367218,0.03637337449299949,0.013424555720390722,0.008748183791851143,188.3092071533203,179.59136444091797,1.0485426609433124,54.47486672717755,3.416364877389384,3.455237747499143,-0.03887287010975893,1.2958688236802567,5.33,309.04970967741934,12.63,3.767741935483871,1
2023-12-12,192.36476135253903,192.3746354774224,189.41076991243543,190.75438957156285,52696900,0.0079200464032112,0.006669331034683701,0.05362544095662902,0.010130863743638752,0.008489315638805202,188.79873809814453,180.01003204345704,1.048823423644332,60.149562773844195,3.3937697502852586,3.442944148056366,-0.049174397771107436,1.1098128602233783,5.33,309.08058064516126,12.07,3.764516129032258,1
2023-12-13,195.5756378173828,195.6151493963814,192.5030962314396,192.74019585543425,70404200,0.016691604232852875,0.029326201348160996,0.05612465608831818,0.011127201026237262,0.008677835318784436,189.31840286254882,180.5195574951172,1.0487417844887506,64.69280270482967,3.5935298701167255,3.473061292468438,0.12046857764828767,1.46683117530337,5.33,309.1114516129032,12.19,3.761290322580645,1
2023-12-14,195.7238006591797,197.2156075489979,193.7972910796132,195.6348883112765,66831600,0.0007575730978068851,0.01976613747611977,0.05372054940543092,0.011012899415308459,0.008689092049406096,189.81732025146485,181.00718200683593,1.0486728656120186,68.98305695226858,3.7209044371922175,3.522629921413194,0.19827451577902355,1.3737356379665293,5.33,309.1423225806452,12.48,3.758064516129032,0
2023-12-15,195.19032287597656,196.01031245444227,194.62718115642724,195.1507962246044,128538400,-0.002725666379900793,0.009503718798449912,0.041431611032570315,0.01115323150435082,0.008632098239247047,190.2055862426758,181.45947021484375,1.0481987300937055,67.84393491124274,3.735739224278575,3.5652517819862704,0.17048744229230461,2.455093331571033,5.33,309.1731935483871,12.28,3.7548387096774194,0
2023-12-18,193.5305633544922,194.2616557044012,192.04863040265064,193.7281513997374,55751900,-0.008503287955207606,0.014028416770235808,0.032684977734106946,0.009768014427501684,0.008942025177844294,190.51185302734376,181.82765228271484,1.0477606163617308,62.0025459813003,3.5723869249910365,3.5666788105872236,0.005708114403812914,1.0599770672508289,5.33,309.2658064516129,12.56,3.7451612903225806,1
2023-12-19,194.5679168701172,194.5777909959987,193.53056080250687,193.7973129513213,40714100,0.005360153443696003,0.011453009907258949,0.02867597367902852,0.009497749119836928,0.008807955951432843,190.78304748535157,182.18698120117188,1.0471826594167444,66.53563257013744,3.4864452396162733,3.550632096393034,-0.0641868567767605,0.7783573820460918,5.33,309.2966774193548,12.53,3.741935483870968,0
2023-12-20,192.4833221435547,195.2989855460905,192.4833221435547,194.5283816611859,52242800,-0.010713969497623044,-0.01581135415606083,0.02197873064222655,0.006590563210700014,0.00914107624839128,190.99002532958986,182.51645843505858,1.0464263166576084,59.99181592277376,3.213087983831997,3.4831232738808264,-0.2700352900488294,0.9854689785842697,5.33,309.3275483870968,13.67,3.738709677419355,0
2023-12-21,192.3351287841797,194.7062305271897,191.16934877699248,193.73803856316968,46482500,-0.0007699023360812074,-0.01731354011922548,0.01761545751007665,0.0063958042900360175,0.009132382681263597,191.15649642944337,182.8151483154297,1.0456272261400432,57.38830908368384,2.9504811139217395,3.376594841889009,-0.42611372796726954,0.8711705021190064,5.33,309.3584193548387,13.65,3.735483870967742,0
2023-12-22,191.2681427001953,193.0563392932213,190.6457260678158,192.8290987313997,37149600,-0.005547536171520928,-0.02009413232167967,0.019108421625934513,0.006438007599689934,0.009071515495414944,191.33581161499023,183.074541015625,1.045125174442798,59.24614445758725,2.625995575367398,3.2264749885846866,-0.6004794132172888,0.6878098417668553,5.33,309.3892903225806,13.03,3.732258064516129,0
2023-12-26,190.72476196289065,191.5546407459069,190.5074106042434,191.27801448490152,28919300,-0.002840936967513641,-0.014497975632211224,0.017176959835576655,0.0059337693917034745,0.009102580733647565,191.4968490600586,183.35976989746095,1.0443776689245852,49.03189254762964,2.298496526796356,3.0408792962270206,-0.7423827694306646,0.5412581280755908,5.33,309.51277419354835,12.99,3.719354838709677,1
2023-12-27,190.82351684570312,191.16930715220508,188.78833180171557,190.1714779527252,48087700,0.0005177874220216871,-0.0192446940104396,0.014443013167031227,0.00446027736380894,0.009086316238191965,191.6326904296875,183.6495394897461,1.0434694852060173,52.29143728982964,2.0235931429061225,2.8374220655628415,-0.813828922656719,0.8919435412983676,5.33,309.5436451612903,12.43,3.7161290322580647,1
2023-12-28,191.2483673095703,192.3153607227681,190.8433020640508,191.80161980345068,34049900,0.0022264051668783313,-0.00641590564954686,0.0222317501216045,0.0030180898510801303,0.008973308546293718,191.84065628051758,183.97878692626952,1.0427324773991402,47.92034982176563,1.819043313409935,2.6337463151322607,-0.8147030017223256,0.636861284004027,5.33,309.57451612903225,12.47,3.712903225806452,0
2023-12-29,190.21104431152344,192.0585160112736,189.42067700828724,191.56453833112627,42672100,-0.005423957404916191,-0.011043663661876812,0.013582741220927064,0.0034996142592310323,0.009077560627681835,191.96810455322264,184.31313751220702,1.0415324004807234,40.185128511678464,1.555304224206509,2.4180578969471105,-0.8627536727406016,0.802724878882358,5.33,309.60538709677417,12.45,3.709677419354839,0
2024-01-02,183.4040069580078,186.17028459685412,181.6750853181039,184.89581391743903,82488700,-0.03578676189994101,-0.04111576361419578,-0.029282565396983373,0.015669606222366125,0.012075090747991487,191.69147720336915,184.5188461303711,1.0388720785080687,31.66337136452546,0.7879352432201756,2.0920333662017234,-1.3040981229815478,1.4998421313548949,5.33,309.73893548387093,13.2,3.706451612903226,0
2024-01-03,182.03076171875,183.6411336613478,181.22063114701328,182.00112426612563,58414500,-0.007487542186426888,-0.045584014129388395,-0.027345067906491827,0.015403283929502153,0.01201366183928584,191.43559799194335,184.7480014038086,1.0361984786699667,24.387821707965188,0.06819428184314802,1.6872655493300084,-1.6190712674868604,1.0478030253362787,5.33,309.77987096774194,14.04,3.712903225806452,0
2024-01-04,179.71893310546875,180.88471299934187,178.70134046081682,179.95603270422265,71983600,-0.012700208423305881,-0.05819295191594942,-0.05950790107555548,0.014423595719063773,0.011035782091720625,190.86702880859374,184.92855255126952,1.032112273499128,8.867062538641719,-0.6809018511424085,1.2136320692355251,-1.8945339203779337,1.2850252506972628,5.33,309.8208064516129,14.13,3.7193548387096778,0
2024-01-05,178.99774169921875,180.5587129492039,177.99991223040004,179.79799818956093,62379700,-0.0040128849742656625,-0.06405610559028563,-0.05792425084562236,0.013113393909852967,0.011020700789176356,190.3167381286621,185.08599731445312,1.0282611374718,7.864574244074674,-1.3175719039671208,0.707391274594996,-2.0249631785621167,1.0928130901348267,5.33,309.86174193548385,13.35,3.725806451612904,1
2024-01-08,183.3249664306641,183.36449308108035,179.3138706884217,179.89676064456037,59144500,0.02417474483402504,-0.03620230310907435,-0.0448346481607651,0.021459632015217733,0.01227193735594151,189.88648223876953,185.37616149902342,1.0243306404840509,24.905898085949033,-1.4561806915182274,0.27467688137235136,-1.7308575728905788,1.0256549433145055,5.33,309.9845483870968,13.08,3.7451612903225806,0
2024-01-09,182.91004943847656,182.9199235647891,180.52907347198328,181.70474272826013,42841800,-0.0022632868848468934,-0.0026932755053947766,-0.05400855742691946,0.014334874574531645,0.012061172225394521,189.364347076416,185.74110412597656,1.0195069527958767,26.290194454020366,-1.581281459585881,-0.09651478681929515,-1.484766672766586,0.7498099957339284,5.33,310.0254838709677,12.76,3.751612903225807,1
2024-01-10,183.9473876953125,184.1548498527509,181.7047250899033,182.12955368013527,46792900,0.005671302697804137,0.010529132320634016,-0.03618387152610525,0.01392365824947761,0.01194780407509673,189.01905670166016,186.1005484008789,1.015682427192501,26.290144236173703,-1.5785239501524018,-0.3929166194859165,-1.1856073306664854,0.8292300449757205,5.33,310.0664193548387,12.69,3.758064516129033,0
2024-01-11,183.3546295166016,184.7970509584636,181.40835627398752,184.2931840827093,49128400,-0.0032224332519075194,0.020229902038196634,-0.04683878571410982,0.011888945168406738,0.011729837087466947,188.56855010986328,186.4072900390625,1.0115942894204828,28.166276408142338,-1.6056601840814437,-0.635465332405022,-0.9701948516764217,0.8733796484359098,5.33,310.1073548387097,12.44,3.764516129032258,1
2024-01-12,183.68063354492188,184.49076406507768,182.95943045197853,183.81894667336303,40477800,0.0017779972568991997,0.026161737021085374,-0.06082048053228284,0.011164759029974766,0.010901780874789303,187.97379989624022,186.71108032226562,1.0067629600331975,29.47502505998105,-1.582616625110461,-0.8248955909461099,-0.7577210341643511,0.7392585717471357,5.33,310.14829032258064,12.7,3.770967741935484,0
2024-01-16,181.418212890625,182.04061439740985,178.75072186869164,179.9659175831278,65603000,-0.012317143133892539,-0.010400948529616927,-0.07309069065885088,0.006728749000281064,0.01105082196338521,187.2585205078125,186.90647644042969,1.0018835305982297,27.893418555384798,-1.7270050385089348,-1.0053174804586749,-0.72168755805026,1.1994735721980592,5.33,310.3120322580645,13.84,3.796774193548387,0
2024-01-17,180.47967529296875,180.7266641293616,178.1283518215105,179.0866697127149,47317400,-0.005173337244932963,-0.013287264166014556,-0.07536566037833192,0.006873859328642871,0.011052674808400147,186.52298812866212,187.01206176757813,0.9973848016310101,27.407286769327598,-1.8953179908306197,-1.183317582533064,-0.7120004082975557,0.9345334413280426,5.33,310.35296774193546,14.79,3.803225806451613,1
2024-01-18,186.3580017089844,186.86185345428623,183.59172402252184,183.8485869578717,78005800,0.03257057287183995,0.013104910289157168,-0.037061648150993665,0.017433278342818003,0.013652965076368444,186.16436004638672,187.25336822509766,0.9941843065946785,42.15282276574847,-1.5366617238126992,-1.253986410788991,-0.2826753130237081,1.5075097876975283,5.33,310.3939032258064,14.13,3.809677419354839,1
2024-01-19,189.252685546875,189.6379874512041,186.54569809210085,187.04954979007,68903000,0.015532919495514497,0.032167478104169644,-0.02731812833659697,0.01784597305236286,0.014115340584291109,185.89859848022462,187.5016567993164,0.9914504311777493,46.7731262697015,-1.0072364594647638,-1.2046364205241458,0.19739996105938196,1.2962839283782577,5.33,310.4348387096774,13.3,3.816129032258064,1
2024-01-22,191.5546417236328,192.977299687494,189.94426985134533,189.9837965031197,60133900,0.01216340032431229,0.04286792802674655,-0.004824731875883059,0.01776635342341267,0.014237831315147984,185.8521644592285,187.7448760986328,0.9899187041546212,52.08714358990404,-0.39733427575319524,-1.0431759915699557,0.6458417158167604,1.1229737059491804,5.33,310.5576451612903,13.19,3.835483870967742,1
2024-01-23,192.82911682128903,193.392258603415,191.4953861517841,192.67105542323813,42355600,0.00665332401339036,0.06289833721128946,0.0025683713642536965,0.013770955184443536,0.014317233782163069,185.876863861084,187.9924703979492,0.9887463230182207,67.67987744839868,0.186704870566075,-0.7971998191427495,0.9839046897088245,0.7940316213387983,5.33,310.5985806451613,12.55,3.841935483870968,0
2024-01-24,192.15728759765625,194.0146482092326,191.999211146671,193.06620457832125,53631300,-0.0034840652423638874,0.06470319877144881,0.004648682655190806,0.013244229698854857,0.01428083001388122,185.92132110595702,188.2361004638672,0.9877027873388479,69.50898589442696,0.5885644930555998,-0.5200469567030797,1.1086114497586794,0.9901185316508557,5.33,310.63951612903224,13.14,3.848387096774193,0
2024-01-25,191.8312530517578,193.9059649333701,190.7840229862772,192.868608992564,54822100,-0.0016967066405574327,0.029369553722304875,0.0058015072478236895,0.008341755237918897,0.014269750864981397,185.97664566040038,188.38962829589843,0.9871915314164321,75.26800942481513,0.8706960341588683,-0.24189835853069006,1.1125943926895583,0.9884679846997075,5.33,310.6804516129032,13.45,3.85483870967742,0
2024-01-26,190.10232543945312,192.414136839442,189.6281111952244,191.930048470854,44594000,-0.009012752535366153,0.004489446953542364,-0.003779363351913978,0.008428930309929276,0.01442342347084912,185.9405860900879,188.5401919555664,0.9862119273428386,72.23101314157594,0.943896651031281,-0.004739356618295859,0.9486360076495768,0.8065910611897914,5.33,310.7213870967741,13.26,3.861290322580645,0
2024-01-29,189.420654296875,189.8849944665396,187.29655655692048,189.69728055859,47145600,-0.003585811699053809,-0.011140358738143452,-0.009556750932868452,0.005670413768008724,0.014432834584463154,185.8492004394531,188.62495819091797,0.9852842498782407,64.28908164177768,0.9361125799304375,0.18343103069145084,0.7526815492389867,0.8427618103355122,5.33,310.84419354838707,13.6,3.8806451612903214,0
2024-01-30,185.77508544921875,189.4898065747188,185.21195883551243,188.64016451675863,55859400,-0.01924588879279565,-0.03658177503663951,-0.023321247608732776,0.0071647759444625776,0.015006532356404659,185.62740249633788,188.62555084228515,0.9841052904415155,55.832601784668135,0.6285313901673817,0.272451102586637,0.35608028758074467,0.986895142589859,5.33,310.885129032258,13.31,3.887096774193549,0
2024-01-31,182.1789093017578,184.84640005696093,182.1295236081413,184.7871100896247,55467800,-0.01935768802778426,-0.05192818040183522,-0.006679775848793201,0.008402875563327456,0.013366272789457066,185.5661476135254,188.52062896728515,0.9843280739622801,46.739455183298205,0.09351177514059827,0.23666323709742929,-0.143151461956831,1.0039401735073625,5.33,310.92606451612903,14.35,3.893548387096774,1
2024-02-01,184.60931396484372,184.6982263171025,181.6059367135455,181.77388729281213,64885400,0.01334075756848585,-0.03764735397399266,0.014165475229278801,0.013513798648132238,0.013582410735042861,185.69507522583007,188.46471069335936,0.9853042224332617,52.166460191587,-0.13285036351047097,0.16276051697584926,-0.2956108804863202,1.167556926708971,5.33,310.967,13.88,3.9,0
2024-02-02,183.61148071289065,185.07365019396585,177.09097033579843,177.6936236133024,102551700,-0.005405107849233981,-0.034143952271797895,0.02165908477287437,0.013513970972189883,0.013295981016904738,185.88970260620118,188.35405975341797,0.9869163576806204,49.883301506471504,-0.3882848869569102,0.05255143618929736,-0.4408363231462076,1.7959371164487863,5.33,311.0145172413793,13.85,3.9,1
2024-02-05,185.41944885253903,186.9705459545833,183.6016146657499,185.8837890630235,69668800,0.009846705296579161,-0.021123385193596467,0.035875911574968944,0.015512642217541629,0.013373387634779346,186.21078796386718,188.29557342529296,0.9889281228257183,56.85744516266705,-0.43976137268276716,-0.04591112558511554,-0.3938502470976516,1.2123374118247305,5.33,311.1570689655172,13.67,3.9,1
2024-02-06,187.0199279785156,187.02980210381148,184.5204024536245,184.60931480628847,43490800,0.008631668014769112,0.006700804503934066,0.02015525555407094,0.01363282815783714,0.01242571475616413,186.39553604125976,188.2558578491211,0.9901181199399792,60.96021487669243,-0.34740687854187513,-0.10621027617646746,-0.2411966023654077,0.7672523863730085,5.33,311.2045862068965,13.06,3.9,1
2024-02-07,187.12863159179688,188.74887780721724,186.33826427512776,188.34381248461148,53439000,0.0005812408038878836,0.02716956814051641,0.02306369806509334,0.00763615230746515,0.012401795128815934,186.6064651489258,188.2447937011719,0.9912968187856135,51.60102863490304,-0.26241880283018304,-0.13745198150721058,-0.12496682132297246,0.934024787950645,5.33,311.2521034482759,12.83,3.9,0
2024-02-08,186.0517425537109,187.257034106798,185.0934247416245,187.1088468471974,40962000,-0.005754806353926112,0.007813411782364721,0.011439982294741968,0.007444008901120566,0.012448720544732006,186.7116828918457,188.21574829101561,0.9920088227854114,42.80651942075491,-0.2787478542101667,-0.16571115604780182,-0.11303669816236486,0.7196145471691683,5.33,311.2996206896552,12.79,3.9,1
2024-02-09,186.81341552734372,187.941120969739,185.9725760341758,186.6155602859614,45155200,0.004093877128900969,0.01743864164714104,0.01886391426200107,0.00634696615957058,0.012436671857418431,186.8846221923828,188.1898828125,0.9930641296938493,38.55253724502826,-0.22760441959749755,-0.17808980875774097,-0.049514610839756584,0.7960583518500628,5.33,311.34713793103447,12.93,3.9,0
2024-02-12,185.1317596435547,186.63537211912904,184.7756412965565,186.38806813077576,41781900,-0.009001794004151131,-0.001551558969486222,0.007900267277104689,0.007164723697310461,0.012633575369090797,186.95717849731446,188.1507369995117,0.9936563708373869,31.773477684655603,-0.31909018184595084,-0.20628988337538295,-0.11280029847056788,0.7357433967699728,5.33,311.4896896551724,13.93,3.9,0
2024-02-13,183.0445098876953,184.2019058140478,181.53101071537256,183.76664838776776,56529500,-0.011274401323025707,-0.02125665501954943,0.008964353529657965,0.006464231070694946,0.012580069920129404,187.03849334716796,188.05838562011718,0.9945767253633165,29.777456019103155,-0.5536349597804247,-0.2757588986563913,-0.27787606112403335,1.003452382452759,5.33,311.5372068965517,15.85,3.9,0
2024-02-14,182.16407775878903,183.5292003496781,180.47252724717288,183.32147349103352,54630500,-0.004809934640740976,-0.026530166927301257,0.009332920524629973,0.005875297497948288,0.012571671857579035,187.122713470459,187.9229360961914,0.9957417511541923,29.06235541396208,-0.8013197851429084,-0.38087107595369474,-0.4204487091892136,0.9634895816477638,5.33,311.58472413793106,14.38,3.9,0
2024-02-15,181.8772430419922,182.50045391335385,179.39431647047903,181.57058851615943,65434500,-0.0015745953885412112,-0.02243730402317301,-0.02404382224482826,0.006096444548526779,0.010060505219599947,186.89867553710937,187.81751403808593,0.9951078124652941,30.998758487370807,-1.0091244002552457,-0.506521740814005,-0.5026026594412407,1.1669707394586613,5.33,311.6322413793104,14.01,3.9,0
2024-02-16,180.3439483642578,182.8565652037317,179.7108507918506,181.44197861733377,49752500,-0.0084303822297348,-0.034630634769048374,-0.047073240503161196,0.003826010343226313,0.009370086354380306,186.4532386779785,187.60258666992186,0.9938734960303848,29.825205207011223,-1.2827483960712982,-0.6617670718654637,-0.6209813242058345,0.9027103992002116,5.33,311.67975862068965,14.24,3.9,0
2024-02-20,179.60205078125,180.46266385305907,178.0588762686663,179.82956623009554,53665600,-0.004113792504472191,-0.029869045013947715,-0.06239781419459167,0.0038169378084103927,0.008726460008749312,185.85560913085936,187.39455657958985,0.9917876619426943,34.24562365454044,-1.5416906684056073,-0.8377517911734925,-0.7039388772321148,0.9794572701143761,5.33,311.8698275862069,15.42,3.9,1
2024-02-21,180.3538360595703,180.91768122956836,178.71173417109264,179.97792921674792,41371400,0.004185839053898022,-0.014699560395314948,-0.06469604262763184,0.004681353594689051,0.008596596153241735,185.23184509277343,187.16303161621093,0.9896817950277835,44.55107704699059,-1.667025068477841,-1.0036064466343624,-0.6634186218434786,0.7557531289988756,5.33,311.91734482758625,15.34,3.9,1
2024-02-22,182.38172912597656,182.9653779737103,180.49233824441416,181.50132758611664,52292200,0.011243969691536959,0.0011948094809106635,-0.05087269181353138,0.00764980918883287,0.009190598417703153,184.74306716918946,186.94361114501953,0.9882288356240052,43.185558819932474,-1.5844548516304542,-1.119776127633581,-0.46467872399687327,0.956418926055686,5.33,311.96486206896554,14.54,3.9,0
2024-02-23,180.55169677734372,183.0445100670012,180.2648157032703,183.0148347964746,45119700,-0.010034077192945023,-0.00728813700096842,-0.05879936712591227,0.00897782536932189,0.009336965189142864,184.17908935546873,186.7375811767578,0.9862989988133812,41.09325947101249,-1.6476921072491848,-1.2253593235567017,-0.42233278369248306,0.8326223302784884,5.33,312.01237931034484,13.75,3.9,0
2024-02-26,179.20635986328125,180.78909628027105,178.7018500832812,180.27471486922383,40867400,-0.007451256000776008,-0.00630788286102546,-0.05731631925587466,0.0087957833441593,0.00929031072235225,183.63429107666013,186.47441314697267,0.984769373865389,31.413693342669646,-1.7857801712375192,-1.3374434930928651,-0.44833667814465405,0.7567540242034111,5.33,312.1549310344828,13.74,3.9,1
2024-02-27,180.66049194335935,181.9365737231629,177.62359209867634,179.14699293032547,54318900,0.008114288361124489,0.005893257663290852,-0.04624713385154944,0.00946905454216002,0.009608171679205642,183.19628295898434,186.1761102294922,0.9839945776779054,30.807855677167183,-1.7576189138860911,-1.4214785772515104,-0.33614033663458076,0.9992033068559942,5.33,312.2024482758621,13.43,3.9,0
2024-02-28,179.46353149414062,181.14519536218177,178.18744973320082,180.5417731107642,48953900,-0.0066254687803795065,-0.004936432653063316,-0.03397416795592523,0.009846978634960972,0.008820219908422456,182.88070526123045,185.8509048461914,0.9840183743661669,28.293296736346065,-1.8110094299856314,-1.4993847477983346,-0.3116246821872968,0.9062694875227556,5.33,312.2499655172414,13.84,3.9,0
2024-02-29,178.80076599121094,180.6011460945577,177.59392143922238,179.31516246277232,136682600,-0.0036930372282979462,-0.019634440094008276,-0.018542998876732608,0.007107131537647986,0.007805926566114716,182.7117980957031,185.52311370849608,0.9848465479228088,28.972855868484757,-1.8850715048843938,-1.5765220992155464,-0.30854940566884737,2.3534447616919927,5.33,312.2974827586208,13.4,3.9,0
2024-03-01,177.72254943847656,178.58316252471684,175.46713817545924,177.61373507516265,73563100,-0.006030268085022494,-0.015669458605842235,-0.037304534524615796,0.006443094880531521,0.007116413663498486,182.36745986938473,185.2069534301758,0.984668536962563,24.112615395845836,-2.0076266275458465,-1.6627430048816065,-0.34488362266424,1.2572404495795362,5.33,312.345,13.11,3.9,0
2024-03-04,173.2117156982422,174.99229230011673,171.9158301484072,174.25038035125658,81510100,-0.025381324736149624,-0.033451068196532985,-0.056640058531581494,0.012020277367662289,0.008832815730941869,181.84747161865232,184.7798294067383,0.9841305309269918,20.76652950395389,-2.4406052513301404,-1.8183154541713134,-0.622289797158827,1.418566614247118,5.33,312.41061290322585,13.49,3.9,0
2024-03-05,168.28541564941406,170.18470849670402,167.79080766540406,168.91851326517738,95132400,-0.02844091711100183,-0.06849907337695682,-0.09240688239102346,0.011855406040591111,0.010002413463637545,180.99076995849606,184.29587127685548,0.9820663301057114,18.22819287524645,-3.1450015530467965,-2.08365267394641,-1.0613488791003864,1.6197529619806084,5.33,312.43248387096776,14.46,3.9,0
2024-03-06,167.29617309570312,169.39332087872134,166.8609157238647,169.21525418377138,68587700,-0.00587836176945844,-0.06779850088280892,-0.10546338615357764,0.011976219974328043,0.009490948797473657,180.00458221435545,183.79509216308594,0.9793764354416653,18.14319725733769,-3.7399524597812785,-2.414912631113384,-1.3250398286678946,1.1433664393943372,5.33,312.4543548387097,14.5,3.9,0
2024-03-07,167.177490234375,168.88882954707424,166.67299554984157,167.32586658446218,71765100,-0.0007094176700637167,-0.06500685661160588,-0.10661725673783251,0.012665480101621586,0.009451631584602408,179.00702514648435,183.31327911376954,0.9765087723698805,18.274882977441095,-4.172929125393921,-2.7665159299694912,-1.4064131954244297,1.17833514849071,5.33,312.4762258064516,14.44,3.9,1
2024-03-08,168.8888397216797,171.82681238429842,167.11814976227143,167.17750030588184,76267000,0.010236721970795504,-0.04970505850105922,-0.09224800905627906,0.016503592835040652,0.01009072149764294,178.14888000488278,182.8765606689453,0.9741482415965769,25.466056108436334,-4.328083202024629,-3.0788293843805192,-1.2492538176441101,1.2169801174614714,5.33,312.4980967741936,14.74,3.9,1
2024-03-11,170.8870849609375,172.49951206887337,170.19463669484975,171.0750384390699,60139500,0.011831718676916791,-0.013420747712900138,-0.08525260630479237,0.016241386744840394,0.01058504525483466,177.35256347656247,182.47783203125,0.9719129249967755,32.28793365014738,-4.240915599648929,-3.311246627434201,-0.9296689722147278,0.9482992087060078,5.33,312.5637096774193,15.22,3.9,1
2024-03-12,171.36187744140625,172.1532532324886,169.16581679091567,171.28273835287425,59825400,0.0027783988507807944,0.01828121456705034,-0.07437882202740587,0.007431004296306548,0.010642620660269575,176.66406936645507,182.08010223388672,0.9702546692308278,31.516878284275762,-4.086417187953657,-3.4662807395380923,-0.6201364484155647,0.9301147613239646,5.33,312.5855806451613,13.84,3.9,0
2024-03-13,169.28451538085938,171.32229764254458,168.91849524765144,170.90682879160028,52488700,-0.012122661653594324,0.01188516299185638,-0.07517294299227117,0.009631859248315743,0.010675602743718126,175.97606964111327,181.66157165527343,0.9687027808779,23.133096405325873,-4.084518058971582,-3.5899282034247904,-0.494589855546792,0.8186213600742751,5.33,312.6074516129033,13.75,3.9,1
2024-03-14,171.1343536376953,172.43022407386235,170.19460153541087,171.04532782778392,72913500,0.010927391986645274,0.023668637433023942,-0.06054829391609595,0.010086959574484558,0.01116931381827352,175.4245834350586,181.41617858886718,0.9669732038211046,30.697465235577397,-3.888917478067441,-3.6497260583533206,-0.23919141971412028,1.1211845266432692,5.33,312.6293225806452,14.4,3.9,0
2024-03-15,170.75845336914062,170.75845336914062,168.45357838204507,169.3240932528417,121752700,-0.002196521391318651,0.011070084030075478,-0.06113348479932934,0.0099213207876854,0.011165830676060999,174.868643951416,181.190732421875,0.9651081024622221,31.967891211056028,-3.7213373580065365,-3.664048318283964,-0.05728903972257271,1.7944796691804545,5.33,312.65119354838714,14.41,3.9,1
2024-03-18,171.8465576171875,175.7935338090815,171.64871749027145,173.67661275318792,75604200,0.006372183786969687,0.005614658688041452,-0.04711769274290989,0.008844249794606794,0.011283152581504028,174.4437744140625,181.03328491210937,0.9636005583103348,30.887962159071705,-3.460833650331068,-3.6234053846933847,0.16257173436231653,1.0934776740100365,5.33,312.7168064516129,14.33,3.9,1
2024-03-19,174.18115234375,174.7054356079408,171.1640405724947,172.45991109697533,55215200,0.013585344733894278,0.01645217095212881,-0.030182831509549368,0.010505630795406694,0.011818849028381347,174.1727294921875,180.936953125,0.9626155767741957,39.08429209622861,-3.031060127379959,-3.5049363332306998,0.47387620585074064,0.7976938546879099,5.33,312.7386774193549,13.82,3.9,1
2024-03-20,176.7432098388672,176.7432098388672,173.2018149693641,173.82502584048726,53423100,0.014709154582126738,0.04406011052592196,-0.020019680754173375,0.006875474796827321,0.012307763358070876,173.99219818115233,180.80531799316407,0.9623179235675505,46.057644854741795,-2.4554203291339434,-3.2950331324113487,0.8396128032774053,0.765142409631928,5.33,312.7605483870968,13.04,3.9,0
2024-03-21,169.52191162109375,175.57592275278003,168.9976284397713,175.1406653733646,106181300,-0.04085757084731534,-0.00942208260543187,-0.0705104484232637,0.02292172343890591,0.014845806423143015,173.3492073059082,180.53755523681642,0.9601836420046841,37.28133760635823,-2.552496466636711,-3.1465257992564215,0.5940293326197104,1.4642550927852396,5.33,312.78241935483874,12.92,3.9,1
2024-03-22,170.422119140625,171.18381963278856,168.22605856941686,169.90772263085665,71160100,0.0053102723472311375,-0.0019696490679061984,-0.05610347516817038,0.02312417856662273,0.014889141236686002,172.84272842407228,180.26704986572267,0.95881487245073,45.12784869971319,-2.527653564641952,-3.0227513523335277,0.49509778769157586,0.9639991657815458,5.33,312.8042903225807,13.06,3.9,0
2024-03-25,169.00755310058594,170.085794876263,167.6226416976105,168.73057383883838,54288300,-0.008300366449919716,-0.01652057833434084,-0.056910964379144335,0.023016172569305195,0.01490437670123925,172.3327880859375,179.98010833740236,0.9575101919756115,51.437590597429676,-2.5922274586988294,-2.9366465736065885,0.3444191149077591,0.7288131451990532,5.33,312.86990322580647,13.19,3.9,0
2024-03-26,167.87982177734375,169.5713723598813,167.7512188918725,168.16668772081567,57388400,-0.0066726681888058526,-0.036176879539586704,-0.0707441346391473,0.021040626170002602,0.014698843219465917,171.69375457763672,179.66409210205077,0.955637559897685,51.15552349292548,-2.703239960355887,-2.8899652509564486,0.18672529060056142,0.7688474529426182,5.33,312.89177419354843,13.24,3.9,1
2024-03-27,171.44100952148438,171.72789059246503,168.27552158079686,168.5722893771007,60273300,0.021212720542816532,-0.029999456964806215,-0.044702797865750155,0.022853626372625675,0.015678492801022823,171.2926284790039,179.46454803466796,0.9544649924168563,57.42844958956815,-2.4753260608639494,-2.807037412937949,0.3317113520739996,0.8014204855767834,5.33,312.91364516129033,12.78,3.9,0
2024-03-28,169.6307373046875,170.37264922530974,168.67119667981044,169.89782982249778,65672700,-0.010559155139424292,0.0006419564441733083,-0.051286294192801174,0.013256116590911738,0.015788477093149258,170.83412704467773,179.24756927490233,0.9530624472942149,51.28818849238416,-2.4129613755835635,-2.728222205467072,0.31526082988350845,0.9164793289866433,5.33,312.9355161290323,13.01,3.9,0
2024-04-01,168.19639587402344,169.40324060587884,167.6523240532299,169.3438900607447,46240500,-0.008455669376050245,-0.013060060969931953,-0.05360126553749922,0.013358081499002618,0.01582621459046326,170.3578193664551,178.88433715820312,0.952335023137284,45.23472499890554,-2.451022418615338,-2.672782248096725,0.22175982948138717,0.6578395156395955,5.33,313.023,13.65,3.9,0
2024-04-02,167.0192108154297,167.51381877100314,166.41578850586058,167.25662806803024,49329500,-0.006998872077350837,-0.011764813161769583,-0.03575107409940248,0.013230206190498205,0.014944635639032929,170.04819412231444,178.43966766357423,0.9529730488117649,42.49573239126892,-2.546816945110777,-2.6475891874995354,0.10077224238875848,0.7182258985303811,5.33,313.0280666666667,14.61,3.9,1
2024-04-03,167.82049560546875,168.83938692190523,166.76204228878962,166.9697692049817,47691700,0.004797560628666542,-0.00035338476802582175,-0.00276268767647625,0.013275677107882057,0.013603716845092208,170.0249481201172,177.96498474121094,0.9553842761111697,47.35340653811694,-2.528925927688306,-2.6238565355372896,0.09493060784898377,0.7192190606012828,5.33,313.0331333333333,14.33,3.9,0
2024-04-04,166.99942016601562,170.06598011820813,166.99942016601562,168.45355351894443,53704400,-0.004892581424520426,-0.025907391515401335,-0.0017738177998712912,0.005970745942835399,0.013583256581803782,170.0101104736328,177.44839080810547,0.9580820073904389,42.23626827930835,-2.551587975559414,-2.6094028235417146,0.05781484798230041,0.8190862887800625,5.33,313.0382,16.35,3.9,1
2024-04-05,167.75123596191406,168.5524984345705,167.12802510796487,167.7611226870966,42104800,0.00450190662429284,-0.011079957398272167,0.003431955622342997,0.00638931765186621,0.013618873157805212,170.03879776000977,176.96026977539063,0.9608868588177107,44.4322588336732,-2.4802913059786533,-2.583580520029103,0.10328921405044955,0.6570332028441457,5.33,313.0432666666667,16.03,3.9,0
2024-04-08,166.63343811035156,167.37535013675048,166.4257111957336,167.2071852220754,37425500,-0.006663425429642045,-0.009292456925429682,-0.013354355533763629,0.005989032141731499,0.013490992815687122,169.92602767944337,176.4563134765625,0.962992053565788,40.358721363048616,-2.4853357233152167,-2.5639315606863256,0.07859583737110887,0.6022660672140872,5.33,313.0584666666667,15.19,3.9,1
2024-04-09,167.8402557373047,168.2458378687617,166.53449863101693,166.88071513080217,42373800,0.007242349678663551,0.004915871161565555,-0.017829487958842982,0.006306788230428595,0.013306455748508054,169.77368621826173,176.01107208251952,0.9645625369446446,37.762496002374725,-2.3646946359066305,-2.5240841757303865,0.15938953982375592,0.6917848972100974,5.33,313.06353333333334,14.98,3.9,0
2024-04-10,165.97064208984375,167.2665125006067,165.30786924976792,166.9796465317702,49709300,-0.011139244511085389,-0.011022810467523847,-0.0314611127752491,0.0077645877752901245,0.01347158951804283,169.5041244506836,175.54207183837892,0.9656039869846448,28.638737720899755,-2.392370147439209,-2.497741370072151,0.10537122263294219,0.8182998186743224,5.33,313.0686,15.8,3.9,1
2024-04-11,173.15234375,173.5678277091418,166.34654865134516,166.5246002673459,91070300,0.04327091568561037,0.03684398172082104,0.022848093107858736,0.02142790751213915,0.016523459141940935,169.69751586914063,175.28961700439453,0.968097932833559,57.21022020621756,-1.813890485323327,-2.3609711931223867,0.5470807077990596,1.4530300450905314,5.33,313.07366666666667,14.91,3.9,1
2024-04-12,174.6460723876953,176.43655077441642,172.33131077483722,172.38075949507746,101670900,0.008626672936359325,0.041101553656192724,0.02052024433057187,0.021365704497702247,0.01646049917975382,169.87310180664062,175.1389602661133,0.9699332549909426,58.19576564493829,-1.2208367221363403,-2.1329442989251772,0.9121075767888369,1.5857831362884862,5.33,313.07873333333333,17.31,3.9,0
2024-04-15,170.82769775390625,174.72521085075485,170.63974431610336,173.46890241983837,73531800,-0.02186350131775472,0.025170576152771185,0.00040551072816241707,0.024822913563771372,0.017239618906382835,169.8765640258789,174.86332794189454,0.9714819340641127,53.23030794419882,-1.0468804770683278,-1.9157315345538075,0.8688510574854797,1.1917062967243628,5.33,313.0939333333333,19.23,3.9,0
2024-04-16,167.5533905029297,171.88614579113815,166.45536027289515,169.8978273072319,73711200,-0.019167308896789748,-0.0017091563231647067,-0.024982561034603057,0.027001194284516188,0.017695214293936695,169.66190567016602,174.54216613769532,0.9720396476363237,49.46168104079528,-1.1598580090494295,-1.764556829452932,0.6046988204035024,1.1964490826358556,5.33,313.09900000000005,18.4,3.9,0
2024-04-17,166.18826293945312,168.80967890645843,166.18826293945312,167.780901063059,50901200,-0.008147418320685662,0.0013112008658229257,-0.04588837136938184,0.026725883951118044,0.017409920684818458,169.26226119995118,174.15754241943358,0.9718916496439022,40.66126706230488,-1.3440544792373146,-1.6804563594098085,0.33640188017249395,0.8291096297347214,5.33,313.1040666666667,18.21,3.9,0
2024-04-18,165.2386016845703,166.8213530127437,164.7538955996717,166.21793076697907,43122900,-0.005714370185268769,-0.04570392692377101,-0.06509222144819804,0.012152625028580957,0.016958901221055,168.68703079223633,173.7219158935547,0.9710175594402066,41.944828921747785,-1.548807546249975,-1.654126596777842,0.10531905052786694,0.7083541982892064,5.33,313.1091333333334,18.0,3.9,0
2024-04-19,163.22064208984375,164.60553846988037,162.3105651694999,164.41760010663418,68149400,-0.012212398157294468,-0.06542048235982278,-0.037170826301996085,0.006945491697524262,0.01466813819139149,168.37196731567383,173.24375610351564,0.9718789935209506,41.06573074804994,-1.8525532211668292,-1.6938119216556395,-0.15874129951118965,1.155544628323386,5.33,313.11420000000004,18.71,3.9,1
2024-04-22,164.05154418945312,165.45622881020677,162.9930911354229,163.7350029833429,48116400,0.00509066799989677,-0.03966659770955194,-0.037381150893418646,0.00893112480228705,0.014662623545743691,168.05343856811524,172.80375213623046,0.9725103563470642,44.60427543111364,-2.0031360956067488,-1.7556767564458615,-0.24745933916088725,0.8321208138895713,5.33,313.12940000000003,16.94,3.9,1
2024-04-23,165.10015869140625,165.24855016082816,163.14151506780158,163.56688583372355,49537800,0.006391981905041755,-0.014641493103540237,-0.023119643693404468,0.008251770492211957,0.01468795339345328,167.85806884765626,172.3694869995117,0.9738270489145899,45.09804999835025,-2.014636209663337,-1.8074686470893568,-0.20716756257397995,0.860236004090557,5.33,313.1344666666667,15.69,3.9,1
2024-04-24,167.19729614257812,167.47427542099652,164.4176015378687,164.74402954196006,48251800,0.012702213418775088,0.006071627353687603,-0.004065560872889451,0.010025997505281346,0.014935660042914613,167.82394256591797,172.0107977294922,0.9756593468617095,50.34088853933151,-1.833394437281811,-1.8126538051278478,-0.020740632153963157,0.8446045175291347,5.33,313.13953333333336,15.97,3.9,1
2024-04-25,168.05789184570312,168.77012851479734,166.33665071301928,167.70177351115603,50558300,0.005147186724784758,0.017061934271960677,-0.019733421339643287,0.009288948579529374,0.014139972721132816,167.6547866821289,171.71106536865236,0.9763773017317499,50.52631523813165,-1.6018510046848462,-1.7704932450392477,0.16864224035440145,0.8925668887154461,5.33,313.1446,15.37,3.9,0
2024-04-26,167.47425842285156,169.49225225997063,167.35554224826544,168.04800546826704,44838400,-0.0034728117581493967,0.026060529345708794,-0.012712783756651969,0.005764817230225196,0.01397305135848968,167.5469627380371,171.4172689819336,0.977421724970403,51.47005938502089,-1.4487452720834995,-1.706143650448098,0.25739837836459856,0.8064171078753559,5.33,313.1496666666667,15.03,3.9,1
2024-04-29,171.6289825439453,174.13169791183088,171.23330216655395,171.50037962888564,68169400,0.024808135651531504,0.04618937536937451,0.020408205848196914,0.010497070790204061,0.014929206001173485,167.7185920715332,171.21230377197264,0.9795942720034158,56.00506722440316,-0.9808497366296081,-1.5610848676844,0.580235131054792,1.202315266522324,5.33,313.1648666666667,14.67,3.9,0
2024-04-30,168.49313354492188,173.10288291918897,168.16669051085722,171.46078102452523,65934800,-0.018271092402592948,0.02055100903844398,0.00882486944044425,0.016291873686633547,0.015455170807815225,167.79228820800782,170.97528747558593,0.9813832787499619,53.84381795285316,-0.8532403371319219,-1.4195159615739046,0.5662756244419827,1.1461200108710947,5.33,313.16993333333335,15.65,3.9,0
2024-05-01,167.47425842285156,170.84748833564953,167.28630498280754,167.75123767315736,50383100,-0.006046983046930299,0.0016564997560561956,-0.00206314003166308,0.015995776105164748,0.015488570367825083,167.77497634887695,170.73273162841798,0.9826761087266015,39.34672811524299,-0.8248157137916792,-1.3005759120174596,0.4757601982257804,0.8737467651637892,5.33,313.175,15.39,3.9,1
2024-05-02,171.16404724121094,171.54984088638673,169.04712555589578,170.649650682897,94214900,0.022031975857705444,0.018482651194742017,0.024937973263950308,0.01877988424127359,0.01619410300386126,167.98320770263672,170.5489358520508,0.9849560588777886,43.96436351248557,-0.49880397251590125,-1.1402215241171478,0.6414175516012466,1.5784351503129566,5.33,313.1707741935484,14.68,3.9064516129032256,1
2024-05-03,181.40240478515625,184.9833612803204,180.6901681758964,184.6371297001228,163224100,0.059816051962811034,0.08316589363326421,0.08137745599884294,0.03038625635394221,0.020821868359366974,168.66576614379883,170.52934936523437,0.9890717742818325,64.99297755847492,0.5790377823882693,-0.7963696628160645,1.375407445204334,2.482693488979693,5.33,313.1665483870968,13.49,3.9129032258064513,0
2024-05-06,179.7504425048828,182.2135806366563,178.47434543693257,180.383540128798,78569700,-0.009106617314307064,0.04731986311727976,0.07871772042442426,0.03181090008736395,0.02089550915121767,169.32161636352538,170.51332427978517,0.9930110569288745,68.12707498049745,1.2851215078054565,-0.3800714286917603,1.665192936497217,1.158811376807239,5.33,313.153870967742,13.49,3.932258064516129,1
2024-05-07,180.43296813964844,182.9060078076493,179.36462828599997,181.47164781905605,77305800,0.003797073460595657,0.0708624401690725,0.07502796243383503,0.028299611048427663,0.020881563158461035,169.95125198364258,170.5378564453125,0.996560268353918,71.6086949476993,1.8781222378110272,0.07156730460879723,1.80655493320223,1.1115367928099174,5.33,313.1496451612903,13.23,3.938709677419354,1
2024-05-08,180.76931762695312,181.09576068278213,179.4932206728727,180.8781319788961,45057100,0.001864124338099682,0.07938568786215017,0.08916441697621735,0.0270868853881914,0.020591467926408293,170.69118576049806,170.54003295898437,1.0008863185897827,74.00622007244644,2.3481521450612206,0.526884272699282,1.8212678723619387,0.6500248535817109,5.33,313.14541935483874,13.0,3.94516129032258,1
2024-05-09,182.57962036132807,182.6686461865106,180.14614214666236,180.59128636681447,48983000,0.010014435846412706,0.06669375551765189,0.054444984151871045,0.026915036432226987,0.01853385673706811,171.16254959106445,170.60235473632812,1.0032836290894234,80.11700126572539,2.8340612404346075,0.9883196662463472,1.8457415741882603,0.7287878878050813,5.33,313.1411935483871,12.69,3.9516129032258074,0
2024-05-10,181.3215789794922,183.34230991411323,180.4102677646858,183.1541015442068,50759500,-0.006890371331401579,-0.0004455608279272383,0.03822305592408615,0.007883030729382198,0.01860239689032906,171.4963249206543,170.65277099609375,1.0049431012437522,76.51482105332215,3.082105677968883,1.4070768685908543,1.6750288093780288,0.7849484497502012,5.33,313.1369677419355,12.55,3.958064516129032,1
2024-05-13,184.52110290527344,185.33336754370364,182.876773355314,183.68903799374417,72044800,0.017645577232388465,0.026540465402531854,0.08015916231039921,0.009182965328006599,0.018019225419549215,172.18099517822264,170.7887420654297,1.0081519021450465,77.9698293423557,3.496551454413151,1.8249717857553138,1.671579668657837,1.1153882357603953,5.33,313.12429032258063,13.6,3.977419354838709,1
2024-05-14,185.6602020263672,186.52199740854093,184.53096697721372,185.73944844741243,52393600,0.006173272884015368,0.02897050323238637,0.10806592137042381,0.009148055764490359,0.017174551550712746,173.08633575439453,171.0377117919922,1.011977615585116,77.3446522010911,3.872281249555982,2.2344336785154475,1.6378475710405347,0.8247609632621706,5.33,313.12006451612905,13.42,3.983870967741935,1
2024-05-15,187.9285888671875,188.849800179078,185.6007724639543,186.13568203158252,70400000,0.012217948790652189,0.03960446017176822,0.1308174569202578,0.009216906534052967,0.01693858773818624,174.17335205078126,171.43057525634765,1.0159993442846016,78.25157111542696,4.303481819952054,2.648243306802769,1.6552385131492855,1.0914603460363401,5.33,313.1158387096774,12.45,3.990322580645161,1
2024-05-16,188.0474548339844,189.29556710780693,187.86916171755817,188.67151097089564,52845200,0.0006325060360077295,0.029947671387613894,0.13803586399838164,0.009608255176882349,0.016760180686362394,175.31379470825195,171.8456008911133,1.020182034332879,79.64210980827731,4.601756682201142,3.0389459818824434,1.5628107003186984,0.8131675244170533,5.33,313.1116129032258,12.42,3.996774193548387,1
2024-05-17,188.07716369628903,189.0082902438942,187.3936765447615,187.72056236134895,41282900,0.000157985984606146,0.03725747787339162,0.15228785580173843,0.007548660786165756,0.016249209848176276,176.5566207885742,172.26359436035156,1.0249212635099336,76.8957691263594,4.785376079734533,3.3882320014528617,1.3971440782816713,0.6486582375301936,5.33,313.1073870967742,11.99,4.003225806451613,1
2024-05-20,189.2361297607422,190.10782534306236,187.2252989090168,187.54228461702792,44361300,0.006162183870045412,0.025552778415210753,0.15351629694021596,0.004932607715406199,0.016243532495906998,177.81585006713868,172.6705401611328,1.0297984236407922,86.26302364676529,4.9671563640862075,3.704016873979531,1.2631394901066764,0.6990900355405004,5.33,313.09470967741936,12.15,4.02258064516129,1
2024-05-21,190.5337829589844,190.91018461353585,189.11727756366656,189.28567056183377,42309400,0.006857322647017217,0.02625000339019934,0.154049665785706,0.004980157417597869,0.01624251362893403,179.08753128051757,173.06347412109375,1.034808368374766,89.92364669835786,5.15648753870488,3.9945110069246015,1.1619765317802786,0.6705734609696858,5.33,313.0904838709677,11.86,4.029032258064516,0
2024-05-22,189.09744262695312,190.9993265483893,188.4734016076069,190.45451683728567,34648500,-0.007538507396037342,0.0062196697522785005,0.1309838555385463,0.005796187991314821,0.016517239481293883,180.18253860473632,173.41818542480468,1.0390060198321285,83.67636751869813,5.131480682774452,4.221904942094572,0.9095757406798803,0.5551381825190714,5.33,313.08625806451613,12.29,4.035483870967742,0
2024-05-23,185.1154327392578,189.19652573516208,184.86779330766728,189.1767103485156,51005900,-0.021057978534119726,-0.015591926502355968,0.10149800587297331,0.011594598155379159,0.017616316749904055,181.03541564941406,173.73480377197265,1.0420215853066694,59.11407984263096,4.735756793978368,4.3246753124713315,0.4110814815070363,0.8169234793006727,5.33,313.0820322580645,12.77,4.041935483870968,1
2024-05-24,188.18614196777344,188.780482615826,186.26445766907557,187.03710655742805,36327000,0.016588077952640612,0.0005794338310012304,0.1236720421393176,0.014664777561803111,0.017680116001834306,182.07100982666014,174.07583953857423,1.045929235839269,69.35816181465484,4.616704833304823,4.38308121663803,0.23362361666679288,0.5858154198448662,5.33,313.0778064516129,11.93,4.048387096774193,1
2024-05-28,188.1960601806641,191.1776333738516,187.31446444482384,189.7016969806021,52280100,5.270426816195162e-05,-0.00549614696407652,0.09652843821105095,0.014293869644014048,0.017152209731949402,182.89936370849608,174.42459167480467,1.048587025214264,68.38212233984906,4.471609680719354,4.400786909454295,0.07082277126505865,0.8540192612992552,5.33,313.06090322580644,12.92,4.074193548387097,1
2024-05-29,188.49319458007807,190.4346940804733,187.72056087959157,187.81962268312432,53068000,0.0015788555782132452,-0.010709850753058303,0.11869956130778458,0.013751287677121646,0.016302977171692032,183.8993667602539,174.7575244140625,1.0523115807278842,68.3232943356886,4.330675656502024,4.386764658863841,-0.056089002361817464,0.8760970921213583,5.33,313.0566774193548,14.28,4.080645161290322,1
2024-05-30,189.4837646484375,190.3653603450464,188.83000809203267,188.9587703074631,49889100,0.005255203353978999,0.00204297856236213,0.13142023396822378,0.013670655343573004,0.01606680165210879,184.9998420715332,175.06357666015626,1.0567580395701945,67.04143999734865,4.249924666839064,4.359396660458886,-0.10947199361982207,0.8239527671166723,5.33,313.0524516129032,14.47,4.087096774193548,1
2024-05-31,190.4347076416016,190.7516933437122,188.1168063750808,189.6323583658605,75158300,0.0050185987961999245,0.02873490785523103,0.11258591223444081,0.006482440994348653,0.015635322369118625,185.96337509155273,175.33740661621093,1.0606029750320225,72.84011711507748,4.214084732320288,4.330334274831166,-0.11624954251087871,1.2611370306883898,5.33,313.0482258064516,12.92,4.0935483870967735,1
2024-06-03,192.1978912353516,193.14883318833756,190.7021546904014,191.07855630297723,50080500,0.009258730278664862,0.02131798455310885,0.05951126426896591,0.0035860627731506564,0.009110563617193127,186.5031494140625,175.7909262084961,1.060937293161885,70.73295969669495,4.2786340762036446,4.319994235105662,-0.04136015890201783,0.928474353701258,5.33,313.079,13.11,4.1066666666666665,1
2024-06-04,192.51487731933597,193.4757194090645,191.2073340206378,192.80213237542048,47471400,0.0016492693127221347,0.02294849921154518,0.07101197992381247,0.0031674497793582226,0.00866916319611725,187.14137115478516,176.23278137207032,1.0618987551452426,69.37292892492982,4.305734200461956,4.317142228176921,-0.01140802771496574,0.9062268951887014,5.33,313.0965,13.16,4.109999999999999,1
2024-06-05,194.0205078125,195.0407809078553,193.02995023528447,193.554944542032,54156800,0.007820852674500278,0.029323675290959805,0.07530519401717828,0.0029232950470547674,0.00872362771148564,187.82074813842775,176.73304046630858,1.0627370391120095,67.99295857166803,4.398005571338842,4.333314896809306,0.0646906745295368,1.0572106573755733,5.33,313.114,12.63,4.113333333333333,0
2024-06-06,192.6436462402344,194.64457691185424,192.33657578915964,193.8422276391208,41181800,-0.00709647442834338,0.01667626562972102,0.06568774374524056,0.00651354724426435,0.009045579235809608,188.4144645690918,177.2283169555664,1.0631171576059706,62.636192630453785,4.310343123140427,4.32872054207553,-0.018377418935102696,0.8069743205070588,5.33,313.1315,12.58,4.116666666666666,1
2024-06-07,195.0308837890625,195.08041469163095,192.30685040959915,192.81202934049517,53103900,0.012391986942829725,0.024135181051717414,0.06819634854696921,0.007715198981207541,0.009154469996647081,189.03702774047852,177.70011444091796,1.063798007869769,66.92384993549379,4.382975902684706,4.339571614197365,0.04340428848734046,1.0364082406944792,5.33,313.149,12.22,4.12,0
2024-06-10,191.2964782714844,195.4370168860641,190.3356361933404,195.04078477848907,97010200,-0.019147764933563405,-0.0046900252550814425,0.05501220179160482,0.012555909007835426,0.010223564837393147,189.53577270507816,178.1334292602539,1.064010127083813,54.45585134292312,4.092032188359269,4.290063729029747,-0.19803154067047757,1.8115500691071034,5.33,313.2015,12.74,4.13,1
2024-06-11,205.19400024414065,205.2039154935281,191.8016724106265,191.82147267998263,172373300,0.07264912610117769,0.06586048362263996,0.11203540957307179,0.035433159464302894,0.018497130038328168,190.5694175720215,178.87338134765625,1.065387237252663,70.52133571986965,4.926086219816369,4.417268227187072,0.5088179926292975,2.9431632226550763,5.33,313.219,12.85,4.133333333333333,1
2024-06-12,211.05813598632807,218.12080209568063,204.94638168818943,205.41194501546696,198134300,0.02857849515682842,0.08781354283585885,0.13679794421614333,0.03584094405983299,0.01920613824100886,191.83931427001954,179.7541598510742,1.0672315702121045,77.35018566449651,5.9912039250946805,4.732055366768594,1.2591485583260864,3.0086723900508083,5.33,313.2365,12.04,4.136666666666667,1
2024-06-13,212.2170867919922,214.70338117421304,209.6020150722442,212.71236564129836,97862700,0.005491144893552846,0.10160439201482374,0.12924323048032793,0.034082462582938795,0.019161453196077358,193.05373916625976,180.64209167480467,1.06870850185791,86.30575149279797,6.849873941646678,5.155619081744211,1.6942548599024665,1.4556938206713828,5.33,313.254,11.94,4.14,0
2024-06-14,210.48361206054688,213.13829945342,209.30484597389383,211.8307711431916,70122700,-0.008168403202822194,0.07923221169523798,0.11931114540406829,0.03639087722032378,0.01939722153631994,194.1755470275879,181.51177551269532,1.0697683193232101,80.97993547432402,7.30627697955191,5.5857506613057515,1.7205263182461588,1.0298318855368016,5.33,313.2715,12.66,4.1433333333333335,1
2024-06-17,214.62413024902344,216.88260054537645,210.71143044440285,211.35528688913016,93728300,0.019671451605864254,0.12194501534122781,0.1411493348315429,0.03075381241726353,0.019586998266013164,195.5028953552246,182.4492333984375,1.0715468172358946,82.93828713832343,7.910893038762936,6.050779136797189,1.8601139019657467,1.3254621542438574,5.33,313.324,12.75,4.153333333333333,0
2024-06-18,212.26657104492188,216.56560230529576,210.9887584540523,215.5354139875743,79943300,-0.010984595261334995,0.034467727089321665,0.12170213644348937,0.017189865995398488,0.01998758752138425,196.6544174194336,183.36189605712892,1.0724933677505342,78.18221415713047,8.106375051335988,6.461898319704949,1.6444767316310385,1.1027761042393536,5.33,313.3415,12.3,4.156666666666666,0
2024-06-20,207.7001037597656,212.2170589696065,206.87795427864967,211.90997342693947,86172500,-0.02151288948927277,-0.015910460929968617,0.09009594274668098,0.015962744355679633,0.02090497151455159,197.51273345947266,184.15909301757813,1.0725114368402102,69.90688091415583,7.802873539278664,6.730093363619693,1.0727801756589717,1.153798312480008,5.33,313.3765,13.28,4.163333333333333,0
2024-06-21,205.5308074951172,209.88925500861836,205.1543907600995,208.4034185679189,241805100,-0.010444367746476946,-0.03150679051319116,0.08690421530757253,0.015399348228493944,0.021003094747278843,198.33440170288085,184.95029632568358,1.0723659580065168,66.06917552524519,7.3031165438853805,6.844697999672831,0.4584185442125497,2.84330208353911,5.33,313.394,13.2,4.166666666666667,1
2024-06-24,206.17466735839844,210.6916077953884,204.63929998769703,205.75863496180304,80727000,0.0031326683874219885,-0.02047163985816125,0.1137627171733615,0.015876275777753787,0.02013989860520644,199.3873634338379,185.61074279785157,1.07422318572902,65.24088390877122,6.879704681387324,6.851699336015729,0.028005345371594714,0.9329385484066965,5.33,313.4465,13.33,4.176666666666667,1
2024-06-25,207.0959014892578,209.3840873125504,206.64023830581655,207.1751328027417,55549700,0.004468221739666767,-0.03507633904459295,0.10048433600771012,0.010868905848216178,0.019973179278584375,200.3328514099121,186.2597393798828,1.0755563820548828,65.6929806583162,6.543059310309104,6.789971330874405,-0.2469120205653006,0.6349193830904797,5.33,313.464,12.84,4.18,1
2024-06-26,211.2364196777344,212.8312181049777,208.6510635966682,209.5029437835443,66213200,0.019993240613172425,-0.004853102220082839,0.12242742741241264,0.01579232522615641,0.020210396706760253,201.48486938476563,187.0679138183594,1.0770680298514739,67.53432074636595,6.535038783213935,6.738984821342311,-0.2039460381283762,0.750822068475496,5.33,313.4815,12.55,4.183333333333334,1
2024-06-27,212.0784149169922,213.70292898101007,210.34493889866224,212.66284034706985,49772700,0.0039860325248002315,0.021079966152981466,0.12512504968392557,0.010783519710979479,0.020189963463356775,202.66413040161132,187.95841430664063,1.0782392006722261,70.01225236413435,6.521449229411047,6.695477702956058,-0.17402847354501105,0.5654521031132375,5.33,313.499,12.24,4.1866666666666665,0
2024-06-28,208.6312713623047,214.0298232664597,208.314300737558,213.7326529143952,82542700,-0.01625409901350272,0.015085153923998229,0.10105090929237615,0.012870652935045055,0.020800986905771517,203.6215057373047,188.80727447509764,1.0784621848040126,63.705348424903256,6.161497822731036,6.588681726911054,-0.4271839041800183,0.9206650075756629,5.33,313.5165,12.44,4.19,1
2024-07-01,214.70335388183597,215.45617219578955,209.9189589919497,210.0873519655429,60402900,0.029104373854802468,0.04136631639915245,0.1274381468629553,0.017361900000352558,0.021486528331039503,204.8349380493164,189.79656951904298,1.0792341430004855,72.52620996696825,6.293650764095588,6.529675534347961,-0.23602477025237256,0.6793120608652378,5.33,313.569,12.22,4.2,1
2024-07-02,218.1901397705078,218.29910171758144,213.068958487467,214.1090319376032,58046200,0.016240015936550556,0.05357053520359245,0.13523690800190935,0.017516712252176037,0.021594768451290085,206.13455047607422,190.89595947265624,1.0798266817459838,65.64140762476265,6.603615039598907,6.54446343539815,0.059151604200756935,0.6498967402661795,5.33,313.58490322580644,12.03,4.2,1
2024-07-03,219.45803833007807,219.45803833007807,216.96182895702523,217.92267103394252,37369800,0.005810980097010088,0.03892140694718593,0.13995365649611524,0.016749700756113883,0.021564801923611637,207.48170852661133,192.00408935546875,1.0806108829405603,61.367261223832394,6.872352575989197,6.61004126351636,0.26231131247283734,0.42077917076784055,5.33,313.6008064516129,12.09,4.2,1
2024-07-05,224.2028045654297,224.3117665065084,219.5570869821695,219.5570869821695,60412400,0.021620380239684822,0.05716937130628308,0.15556240468197124,0.01758740566636972,0.02181890263587409,208.9908233642578,193.1861422729492,1.081810635614735,64.78491648503055,7.38308439021489,6.7646498888560656,0.6184345013588244,0.6778486112593912,5.33,313.63261290322583,12.48,4.2,1
2024-07-08,225.66883850097656,225.69855401964364,221.1419830377085,224.94572057418637,59085900,0.006538874205380685,0.08166353503682,0.1714315156782198,0.009957484317576796,0.021550965057500728,210.64208297729493,194.35557312011719,1.0837974934071597,68.85606523669296,7.816041260717782,6.974928163228409,0.841113097489373,0.6563718701864296,5.33,313.6803225806452,12.37,4.2,1
2024-07-09,226.5207061767578,227.23390886254344,224.23252052432463,225.7777879719569,48076100,0.0037748573593050505,0.055040371197115245,0.16146069676715125,0.007731017063073095,0.021548005830279666,212.2165740966797,195.5248294067383,1.085368925985449,66.08623240973888,8.134136044955113,7.206769739573749,0.9273663053813639,0.5355621268487332,5.33,313.69622580645165,12.51,4.2,1
2024-07-10,230.7801055908203,230.8791673967792,227.0853299721382,227.13486087511765,62627700,0.018803576440993508,0.05770180922728496,0.2064001788015224,0.008249831272008325,0.02071156237442394,214.19075546264648,196.79094635009767,1.0884177317872843,73.80895660395205,8.630440048029726,7.491503801264945,1.1389362467647812,0.7112869991711948,5.33,313.7121290322581,12.85,4.2,0
2024-07-11,225.42120361328125,230.19568345608252,223.63819688403007,229.2051258414663,64710600,-0.023220814306413984,0.02717223451270545,0.09857599805586026,0.0177889874600572,0.015890502789747588,215.2021156311035,197.86679077148438,1.0876110882075185,72.33463977876332,8.493438866497883,7.691890814311533,0.8015480521863498,0.7828025523166978,5.33,313.72803225806456,12.92,4.2,1
2024-07-12,228.36314392089844,230.44332094014865,226.5207061684713,226.7584454352943,53046500,0.013050858838746127,0.01855614323617716,0.08199166477852038,0.01618882029960097,0.01502495271287393,216.06736602783204,199.0641909790039,1.085415538400985,78.22680136997155,8.523995129250096,7.858311677299246,0.6656834519508505,0.7034327928721179,5.33,313.743935483871,12.46,4.2,1
2024-07-15,232.1867218017578,234.99000194235265,230.88909361652625,234.2470836578572,62631300,0.01674341058373141,0.02888251361630978,0.0941000336572293,0.017231732653989414,0.015289893044206885,217.06584777832032,200.35844024658203,1.0833875903165167,79.81382688481654,8.755810435244143,8.037811428888226,0.7179990063559174,0.8503987748428941,5.33,313.7916451612903,13.12,4.2,1
2024-07-16,232.60276794433597,234.03907359612091,230.13627381333595,232.78106107648213,43234300,0.0017918601862745298,0.02684991526925673,0.10508730664231658,0.017313495066309727,0.015011182806328672,218.17180557250975,201.58721466064452,1.0822700533850027,79.57732273968415,8.870839664302792,8.20441707597114,0.6664225883316526,0.5979441783414156,5.33,313.8075483870968,13.19,4.2,0
2024-07-17,226.7188415527344,229.2744821236097,224.4999869579788,227.2834515580279,57345900,-0.025296029121242625,-0.017597981540430685,0.05635298924532739,0.01984718474748772,0.016048079715104416,218.77654113769532,202.49354339599608,1.080412429298332,67.25546750110541,8.390497044271626,8.241633069631238,0.14886397464038836,0.8135810068951487,5.33,313.8234516129032,14.48,4.2,0
2024-07-18,222.063232421875,228.26413370193544,220.1712785785942,228.10564083206225,66034600,-0.020534725296646794,-0.014896430049974319,0.046152634061629394,0.019201950698121358,0.016614034105360113,219.26637420654296,203.33979919433594,1.0783249274136721,60.25641146209014,7.547154410796622,8.102737337864315,-0.5555829270676931,0.9461851856176975,5.33,313.8393548387097,15.93,4.2,1
2024-07-19,222.1919860839844,224.65848009632384,221.1717129043359,222.6971801635164,49151500,0.0005798063042907753,-0.027023440520908326,0.06977311066238423,0.017340035217518864,0.015647479478531054,219.9909683227539,204.17497955322267,1.0774629134487483,64.94867210194596,6.81067937002814,7.844325744297081,-1.0336463742689412,0.7234619194294084,5.33,313.85525806451614,16.52,4.2,0
2024-07-22,221.8452911376953,225.62921338494564,220.98349573063444,224.86647978572935,48201800,-0.001560339562193036,-0.044539285381237526,0.07937731496999878,0.012866583266758552,0.015354311100191165,220.80669250488282,204.9964990234375,1.0771242121536804,59.01027052333616,6.1283978538243105,7.501140166202528,-1.3727423123782172,0.8273688901003344,5.33,313.90296774193547,14.91,4.2,1
2024-07-23,222.8853454589844,224.7971293607533,220.57734458918785,222.25138924131517,39960300,0.004688196517290688,-0.04177689960971154,0.08105107341600504,0.013522602301763215,0.015353953245039778,221.6422264099121,205.80261352539063,1.076965071595494,56.31322612718083,5.6069748128691685,7.122307095535856,-1.5153322826666873,0.7107742409593744,5.33,313.91887096774195,14.72,4.2,0
2024-07-24,216.4764709472656,222.67737176080064,215.07979609138368,221.88492258576645,61777600,-0.02875413140563865,-0.04517653025801316,0.045295775486384304,0.014643223673855975,0.017010296148309605,222.1112548828125,206.5057113647461,1.0755695492145623,46.4778907432336,4.623306089671814,6.622506894363047,-1.9992008046912328,1.0927860582110727,5.33,313.9347741935484,18.04,4.2,0
2024-07-25,215.43637084960935,218.7646448818125,212.59346035218636,216.86276105080304,51391200,-0.004804679663821809,-0.029842227819488643,0.01988270383621571,0.013194855398350414,0.016554655330535215,222.32125244140624,207.12401672363282,1.0733726390505993,38.65091973227632,3.7169672692378413,6.041398969338006,-2.324431700100165,0.9211361668796636,5.33,313.95067741935486,18.46,4.2,1
2024-07-26,215.9019470214844,217.417498981548,213.9703475571551,216.6349499920164,41601300,0.0021610843611921116,-0.028309027581771007,0.018028860249586165,0.013408318725167491,0.016543025443885064,222.51242904663087,207.72885162353515,1.0711676654809985,37.01947353755826,3.0016541299677613,5.4334500014639575,-2.4317958714961962,0.7511628667018282,5.33,313.9665806451613,16.39,4.2,1
2024-07-29,216.1792907714844,217.22927938341869,213.7127969665886,214.91137828370984,36311800,0.0012845819772639988,-0.025540322885168276,0.03617875383634117,0.013683009941967432,0.016035997325855884,222.88983001708985,208.29386566162108,1.070073904044684,36.04276784166076,2.4291410108248783,4.832588203336142,-2.4034471925112637,0.68421190976576,5.33,314.0142903225807,16.6,4.2,1
2024-07-30,216.7340087890625,218.24956072806748,214.07930652606245,217.1203256536185,41643800,0.0025660090547918735,-0.027598659109931867,0.009457956154444336,0.013332487780921911,0.014709683732703727,222.99136276245116,208.86759674072266,1.0676206661163483,28.936405460780364,1.9971593375616408,4.265502430181242,-2.2683430926196015,0.798798765389236,5.33,314.0301935483871,17.69,4.2,1
2024-07-31,219.98306274414065,221.70663863761095,218.5467570569377,219.34910640080287,50036300,0.014990974297163895,0.01619848929322787,0.008217250218174987,0.007215335220824699,0.014642168147887007,223.0810089111328,209.50571472167968,1.064796772763394,41.294034994464745,1.8951362983723357,3.7914292038194612,-1.8962929054471256,0.9672114463364303,5.33,314.0460967741936,16.36,4.2,0
2024-08-01,216.2981719970703,222.36038006072013,214.9708283555684,222.25141811315143,62501000,-0.01675079299789628,0.004000258378203725,-0.014398498943361204,0.011342481632249237,0.01507512754166677,222.92301559448242,210.04695556640624,1.0613008648154647,31.13387174974534,1.4996553243309734,3.3330744279217637,-1.8334191035907903,1.179506840039446,5.33,314.062,18.59,4.2,1
2024-08-02,217.78399658203125,223.46980270062372,215.65430376795197,217.08069402896652,105568600,0.0068693349150499294,0.008717149551039416,-0.028629472302275416,0.011669232917848712,0.014269240963110661,222.6020751953125,210.59195983886718,1.057030265379717,25.70182786470437,1.2912427864968095,2.924708099636773,-1.6334653131399635,1.9108509336405362,5.323548387096774,314.0836129032258,23.39,4.196774193548388,0
2024-08-05,207.29400634765625,211.4840610296135,194.14930192882557,197.21012147966275,119548600,-0.0481669470622641,-0.04110145977498125,-0.08142387879237833,0.025254872216137442,0.017544143099054166,221.68333358764647,210.95589111328124,1.0508515899591764,18.134144237504728,0.27643325483614944,2.3950531306766485,-2.118619875840499,2.0516306493010816,5.304193548387097,314.1484516129032,38.57,4.187096774193549,0
2024-08-06,205.27325439453125,208.00720313955475,199.17143085232243,203.36148541473497,69660500,-0.00974824110319894,-0.052879354091980524,-0.09379915920642956,0.024545372957414907,0.0174856030201778,220.62096099853517,211.3590475463867,1.043820756952057,20.088364866878237,-0.6829952605870062,1.7794434524239178,-2.4624387130109238,1.1737383077733403,5.297741935483871,314.17006451612906,27.71,4.183870967741935,1
2024-08-07,207.83880615234372,211.62272838414276,204.441185671316,204.9463646139573,63516400,0.012498227133290074,-0.055205416454819356,-0.09940761305981971,0.023913816468151796,0.01709066977303343,219.47389602661133,211.75210083007812,1.0364662034816345,28.931881380018666,-1.2222414471405045,1.1791064725110334,-2.401347919651538,1.0694131759271754,5.291290322580645,314.19167741935485,27.85,4.180645161290323,1
2024-08-08,211.29583740234372,212.1774330540979,206.85814362500795,211.0977289070064,47161100,0.016633232811518406,-0.0231270313037798,-0.06266210092272484,0.02645322638416303,0.017187413080242013,218.76762771606445,212.2140963745117,1.0308816966144756,35.30980070750931,-1.355024525526943,0.6722802729034381,-2.0273047984303814,0.8059491881054518,5.28483870967742,314.21329032258063,23.79,4.17741935483871,1
2024-08-09,214.19818115234372,214.7330756065884,209.9684959625569,210.09727328743648,42201600,0.013735924879927586,-0.01646500884346147,-0.06202823505294375,0.027346578690822153,0.017221917341714812,218.05937957763672,212.72819610595704,1.025061010102414,40.35481344195598,-1.2120889798123073,0.295406422360289,-1.5074954021725964,0.7279404249924212,5.2783870967741935,314.2349032258065,20.37,4.174193548387096,1
2024-08-12,215.7254180908203,217.68898821235916,213.81143620679725,214.27753840147545,38028100,0.007130018239465796,0.04067368802271876,-0.07089683502656208,0.010528676371381026,0.01676848028958288,217.23631439208984,213.25302917480468,1.0186786805922463,41.078925424529245,-0.9644585944330686,0.04343341900161751,-1.007892013434686,0.6701717182744938,5.259032258064516,314.2997419354839,20.71,4.164516129032258,1
2024-08-13,219.43438720703125,220.04923895369575,217.19312608520667,217.19312608520667,44155300,0.01719300928483758,0.06898674088969514,-0.056613172980194415,0.0040333662609953426,0.017368833658080955,216.5778953552246,213.8330227661133,1.012836523347068,53.9513292446877,-0.4635830228919531,-0.05796986937709661,-0.4056131535148565,0.7775207776951045,5.252580645161291,314.3213548387097,18.12,4.161290322580645,1
2024-08-14,219.8806610107422,221.17979111862687,217.8774142480331,218.7402072098891,41960600,0.0020337459838957184,0.05793843354533079,-0.030161500893174154,0.006564043400726077,0.016559059317848786,216.235986328125,214.3866781616211,1.0086260404907703,56.03260903334848,-0.030275955173181046,-0.0524310865363135,0.022155131363132456,0.7490208958847281,5.2461290322580645,314.3429677419355,16.19,4.158064516129032,1
2024-08-15,222.8557586669922,223.48053712623224,220.9120118672479,222.7367590108339,46414000,0.01353051078968992,0.054709649781866654,0.0035689215025545007,0.00606699046319515,0.01623585379197997,216.27561264038087,214.99349578857422,1.005963514603565,58.83695252972729,0.5468843918876587,0.06743200914848094,0.4794523827391778,0.843284204436917,5.239677419354838,314.3645806451613,15.23,4.154838709677419,1
2024-08-16,224.1747283935547,224.94825642777528,221.79462933024132,222.0623936904576,44340200,0.005918490661636522,0.04657624629461887,0.008923554555297253,0.006104144106750426,0.01628441556429211,216.37474975585937,215.59658020019532,1.0036093780102702,59.89860143426941,1.0980602044743364,0.273557648213652,0.8245025562606844,0.8091424287722012,5.233225806451613,314.3861935483871,14.8,4.151612903225806,0
2024-08-19,224.01605224609372,224.11522871504155,221.18968933533225,223.84746435464615,40687800,-0.0007078235294318835,0.03843142003685007,0.009785022243501418,0.007583323297416331,0.016279654160912423,216.4832878112793,216.2240283203125,1.0011990318235249,59.10467989505601,1.5047216731767037,0.5197904532062624,0.9849312199704413,0.7476172202331336,5.213870967741936,314.4510322580645,14.65,4.141935483870967,1
2024-08-20,224.63092041015625,225.28544883578485,223.5797163441377,223.8970689622142,30299000,0.0027447504671989087,0.02368148980324669,0.007831717009376238,0.005468981381905891,0.016259850215151216,216.5705665588379,216.81602905273436,0.9988678766280847,56.220953078064845,1.855232572875309,0.7868788771400718,1.068353695735237,0.5617142229993786,5.207419354838709,314.4726451612904,15.88,4.138709677419355,0
2024-08-21,224.52182006835935,226.08871448701356,223.1830285060583,224.6408348597364,34765500,-0.00048568710664453896,0.021107627366057535,0.03716500498132014,0.005877324825104448,0.01473891020495496,216.97283401489258,217.48053588867188,0.9976655295992135,62.17211546757204,2.100003961921743,1.049503894096406,1.0505000678253371,0.6610713308810757,5.200967741935484,314.49425806451615,16.27,4.135483870967742,0
2024-08-22,222.66734313964844,226.4457337259973,222.04256465043304,225.90029338876204,43695300,-0.008259673505881415,-0.000845459540604887,0.03356430607108041,0.005277226956092029,0.014841902950840494,217.33438262939453,217.83000274658204,0.9977247389664494,57.14998719845433,2.1199092671530195,1.263584968707729,0.8563242984452906,0.8369971060154576,5.194516129032258,314.51587096774193,17.55,4.132258064516129,1
2024-08-23,224.95819091796875,226.3267476403601,222.4690186706249,223.7879871535285,38677300,0.010288207269278704,0.003494874422413252,0.04194609646379499,0.006704047670686904,0.014964256208359662,217.78719482421874,218.10800384521485,0.9985291277012293,84.03478154517737,2.2940917733153015,1.4696863296292437,0.8244054436860577,0.7429564045468725,5.188064516129032,314.5374838709678,15.86,4.129032258064516,1
2024-08-26,225.2953643798828,225.39454085782168,222.0326640536948,224.87885041051024,30602200,0.0014988272289093718,0.0057108056363019966,0.042169042075518304,0.006659371292321829,0.014963669537889369,218.24299850463868,218.36956939697265,0.9994203821865679,91.25443223668935,2.4313130811071915,1.6620116799248332,0.7693014011823582,0.5910823291450628,5.168709677419355,314.6023225806452,16.15,4.119354838709677,1
2024-08-27,226.1383056640625,226.95151036486345,223.02435510684415,224.12514736512037,35934600,0.003741494133711276,0.006710497607158805,0.0433909607797307,0.006733281052798004,0.01496759169217134,218.71321334838868,218.68266326904296,1.0001397005088974,90.58617450136849,2.578358560524208,1.8452810560447084,0.7330775044794997,0.6979259124023796,5.162258064516129,314.623935483871,15.43,4.116129032258065,0
2024-08-28,224.611083984375,227.95312221094204,223.80779089178384,226.0292136907944,38052200,-0.006753485108163204,0.0003975734562835509,0.02103807985261641,0.007679048061271084,0.014780778998387922,218.9446144104004,218.88240234375,1.0002842259861198,82.29630221795856,2.542352479516609,1.9846953407390888,0.55765713877752,0.7477564427873137,5.155806451612903,314.6455483870968,17.11,4.112903225806451,1
2024-08-29,227.8836975097656,230.9877364442669,226.98125820388415,228.19113851748887,51906300,0.014570133705504196,0.023426670011711836,0.053562752776533884,0.008230907719685118,0.014439978945996804,219.52389068603514,219.1947448730469,1.0015016136138615,82.6086830061414,2.746233096370702,2.1370028918654116,0.6092302045052902,1.0307303039232896,5.1493548387096775,314.6671612903226,15.65,4.109677419354838,0
2024-08-30,227.10025024414065,228.4886300006117,225.59285569982603,228.28038060324323,52990800,-0.003437925898983507,0.009522033038365851,0.042777494252661086,0.008177067803844336,0.014467745996201998,219.9897033691406,219.5827478027344,1.0018533130242628,78.09894209769682,2.812175300962963,2.2720373736849218,0.5401379272780411,1.1102230112925093,5.142903225806451,314.6887741935484,15.0,4.106451612903226,0
2024-09-03,220.9219665527344,227.1002799762046,219.3352336528565,226.65401607692849,50190600,-0.027205094158920473,-0.019411841158765153,0.06574218157674316,0.015419039446585915,0.010961532331304296,220.67110137939454,219.89057098388673,1.003549631036999,53.275164917269315,2.3389373001072613,2.28541735896939,0.053519941137871285,1.1339441059672672,5.11,314.79193333333336,20.72,4.1,0
2024-09-04,219.0178680419922,219.94014563997789,215.67581475954933,219.82114598403248,43840200,-0.008618873625170775,-0.031487091942079104,0.06695764476478772,0.014885892103358979,0.010893769184965046,221.35833206176758,220.1474349975586,1.0055003914273288,48.214996003439694,1.7896183321968806,2.1862575536148885,-0.3966392214180079,1.0202286637567166,5.1,314.8219,21.32,4.1,1
2024-09-05,220.53517150878903,223.60944526365165,219.6823053430495,219.79139340374425,36615400,0.00692776110169202,-0.018146533124204667,0.0610875591112614,0.01599525088983638,0.010716044147595482,221.99315032958984,220.41622039794922,1.0071543279745636,44.8908302224515,1.459884165718762,2.040982876035663,-0.5810987103169012,0.8796301245582528,5.09,314.8518666666667,19.9,4.1,0
2024-09-06,218.9881134033203,223.3714438451236,217.9468210396507,222.0921370424939,48423000,-0.007015017581479377,-0.0390356317878513,0.0364052415586833,0.012387036440286969,0.010436376920586432,222.37776412963868,220.57125427246095,1.0081901418348296,38.694328105625566,1.0614965321076966,1.8450856072500699,-0.7835890751423733,1.1615294202307562,5.08,314.88183333333336,22.38,4.1,1
2024-09-09,219.07736206054688,219.43437615112032,214.91220775865924,218.9881123209545,67180000,0.0004075502356704064,-0.03532751802329104,0.022778815776838712,0.012842024758652001,0.01005546970690664,222.62172317504883,220.71123321533204,1.0086560612791866,39.2020668276038,0.7443921931643445,1.6249469244329249,-0.8805547312685804,1.5645844046474537,5.05,314.97173333333336,19.45,4.1,0
2024-09-10,218.2840118408203,219.6426417511051,214.9320468059923,217.10388142289187,51591000,-0.003621324505027168,-0.011940662818988645,0.011860418548002682,0.006252051511783898,0.010007630917646032,222.74965286254883,220.90428802490234,1.0083536850015264,36.230608857542116,0.42417832383546283,1.3847932043134326,-0.9606148804779697,1.182843981913545,5.04,315.0017,19.08,4.1,1
2024-09-11,220.8128662109375,221.2392917639212,216.0824328240824,219.6228241682371,44587100,0.01158515618615863,0.008195669992555832,0.006281964378744842,0.007598929709543765,0.0095891783982133,222.81857681274414,221.02647827148436,1.0081080717354531,42.71809466746557,0.37019654321579765,1.1818738720939055,-0.8116773288781078,1.021757470698185,5.03,315.0316666666667,17.69,4.1,1
2024-09-12,220.9219665527344,221.6954946800681,217.99644195502805,220.65420216028613,37455600,0.0004940850760601911,0.0017538927750122557,0.0047357759304778035,0.007004742881595235,0.009581186492245507,222.87064208984376,221.0811148071289,1.0080944375745347,46.32111487410071,0.33238752249511094,1.0119766021741465,-0.6795890796790356,0.8627856484799679,5.02,315.06163333333336,17.07,4.1,0
2024-09-13,220.65419006347656,222.18140791181287,220.0690882024533,221.725232442346,36766600,-0.0012120863010420813,0.00760806892330157,-0.009878894836212737,0.005862899416751463,0.009061107385440232,222.76056365966798,221.10503784179687,1.0074875083536343,40.0822485585757,0.2776160909071166,0.8651044999207407,-0.5874884090136241,0.8564307017219995,5.01,315.0916,16.56,4.1,0
2024-09-16,214.52545166015625,215.41797935337752,212.14535259122516,214.7436126542421,59357400,-0.027775309417678584,-0.0207776392666833,-0.04304355269010718,0.014458725914247933,0.010782167076769425,222.27809982299806,220.91149078369142,1.0061862288578043,30.41124297633138,-0.2573619243159442,0.6406112150734038,-0.897973139389348,1.358886991669928,4.98,315.1815,17.14,4.1,1
2024-09-17,214.99156188964844,215.10064996456288,212.72056577105596,213.96019610771708,45519300,0.0021727502535717758,-0.015083330764384284,-0.04028501647967353,0.014736785153389899,0.01082149688338052,221.82687530517578,220.69794525146483,1.0051152721536425,29.444068319328494,-0.6363887621031097,0.38521121963810107,-1.0215999817412107,1.0363556512190686,4.97,315.21146666666664,17.61,4.1,1
2024-09-18,218.8592071533203,220.86245391858552,215.7353297749969,215.7452565018275,59894900,0.01798975378232326,-0.008847578001867418,-0.025694206506821526,0.016489790050062014,0.011676286593349917,221.53828964233398,220.5447152709961,1.0045050926299322,40.23570759162043,-0.6175647107077964,0.18465603356892157,-0.802220744276718,1.3192051101415314,4.96,315.2414333333333,18.23,4.1,1
2024-09-19,226.97134399414065,227.91347512552952,222.76652771175563,223.1235418425436,66781300,0.03706554979493015,0.02738241713035916,0.010909959330614338,0.024060533445569483,0.01448461337345433,221.66076583862304,220.4685400390625,1.0054076912712775,48.66977302134529,0.051343279376254713,0.1579934827303882,-0.1066502033541335,1.4207863722900564,4.95,315.2714,16.33,4.1,0
2024-09-20,226.306884765625,231.1563174701668,225.7316945408236,228.0622053540531,318679900,-0.0029275027270967424,0.025617889696643914,0.016345197165684056,0.024194666057716828,0.014360682987673356,221.84274291992188,220.48625366210936,1.0061522622625323,48.8392320544659,0.521826087801287,0.23076000374456798,0.2910660840567191,5.245562368559471,4.94,315.30136666666664,16.15,4.1,0
2024-09-23,224.59124755859372,227.54652178723228,223.9367191660146,225.4540253555904,54146000,-0.007581020828456353,0.046921219932371194,-0.0016311624745810605,0.01824627574057034,0.014302173187047186,221.82439575195312,220.4108157348633,1.0064133877113828,56.1748462130245,0.7476312905614009,0.33413426110793454,0.41349702945346634,0.8800547153288089,4.91,315.39126666666664,15.89,4.1,1
2024-09-24,225.48377990722656,227.4473651253421,223.85738561877668,226.75316007712863,43556100,0.003974029969266768,0.04880292940503228,0.0008363045012593773,0.018086372532437535,0.014326375200459299,221.8338165283203,220.27675689697264,1.0070686515149483,61.26467398239118,0.9872233457138293,0.4647520780291135,0.5224712676847159,0.7005582691573239,4.9,315.4212333333333,15.39,4.1,0
2024-09-25,224.4920959472656,225.4044620808924,222.1615999382144,223.0640393442997,42308700,-0.0043980279218708285,0.025737499770796424,-0.007279658844010273,0.018292386810705122,0.01433426163665774,221.75150604248046,220.11454345703126,1.0074368670045137,57.02221526586663,1.0845788183781053,0.5887174260989119,0.49586139227919346,0.677024559256431,4.89,315.4512,15.41,4.1,1
2024-09-26,225.63255310058597,226.60441901953837,223.54005654723983,225.4143769570366,36636700,0.005080166179161516,-0.005898501854882832,0.004547723549929605,0.005480323636551362,0.014296647328439632,221.802579498291,220.0928176879883,1.0077683671292106,61.964318881450836,1.2394712400366075,0.718868188886451,0.5206030511501565,0.5869258344241061,4.88,315.48116666666664,15.37,4.1,1
2024-09-27,225.9003143310547,227.61597365379237,225.41438891191032,226.5647695239617,34026000,0.0011867136492018648,-0.0017965447007561863,-0.008703488667178183,0.005459386249593577,0.013902513030408674,221.70341033935546,220.16955932617188,1.0069666806704702,62.20727988490204,1.3680605433102926,0.8487066597712194,0.5193538835390732,0.5530225348637752,4.87,315.5111333333333,16.96,4.1,1
2024-09-30,231.06707763671875,231.06707763671875,227.74486252768645,228.13162655878588,54541900,0.02287187302489646,0.028833848818777152,0.017467296439848123,0.010253866189849246,0.014809646627029754,221.90175170898436,220.34706115722656,1.0070556445980845,69.77599274066709,1.8653801694801189,1.0520413617129993,0.8133388077671195,0.8853502445463538,4.84,315.6010333333333,16.73,4.1,0
2024-10-01,224.3334045410156,227.74485413807125,221.88389405688537,227.615942887257,63285000,-0.02914163785067536,-0.00510180983609676,0.015441823380052622,0.018808529000675037,0.01500854939429326,222.07232360839845,220.39682342529298,1.0076021975138558,54.81942357920975,1.6966010522125998,1.1809532998129195,0.5156477523996803,1.0164696676119291,4.83,315.631,19.26,4.1,1
2024-10-02,224.898681640625,225.4837834982784,221.1698792236784,224.0160654907427,32880600,0.002519807965139842,0.0018111358960937185,0.026850839391356462,0.018739373401451417,0.014843538790540518,222.3663642883301,220.4370901489258,1.0087520395868994,55.37675093374874,1.5901255460349262,1.262787749057321,0.32733779697760523,0.5328104712847863,4.823870967741936,315.6599354838709,18.9,4.103225806451612,0
2024-10-03,223.79788208007807,224.928424248049,221.4673863197881,223.27228007150777,34044200,-0.004894646569364669,-0.008131233704074647,0.014794513496270145,0.018661115285505913,0.014848486383370963,222.52949981689454,220.58351837158204,1.0088219711956647,54.15681895860502,1.4007704062106825,1.2903842804879935,0.11038612572268902,0.5528175643742318,4.817741935483871,315.68887096774193,20.49,4.106451612903226,1
2024-10-04,224.9185028076172,226.1085447535635,222.27065455992025,226.00936828631615,37245100,0.005007289242970447,-0.004346215835710043,0.02708087353296018,0.018875192476971024,0.014756862137608927,222.82601928710938,220.7731610107422,1.0092984956457969,65.84038196325936,1.3258462902408326,1.2974766824385615,0.028369607802271046,0.6103335776627523,4.811612903225806,315.7178064516129,19.21,4.109677419354838,0
2024-10-07,219.8509063720703,223.81772316941647,219.4938922550209,222.63759275105315,39505400,-0.02253081170419058,-0.0485407587241069,0.0035309185040746094,0.0152583434283832,0.015702442537707924,222.86469650268555,220.8521401977539,1.0091126864477273,56.495226611538634,0.8477829932380416,1.2075379445984578,-0.35975495136041613,0.6623928327825884,4.793225806451613,315.8046129032258,22.64,4.119354838709677,1
2024-10-08,223.8970642089844,224.1053136194961,221.3979653574062,222.43925780658088,31855700,0.018404098958166193,-0.0019450528686262292,0.025714445693151955,0.015010677145331977,0.016178593309935523,223.14534912109374,221.0064956665039,1.009677785479289,56.70185250366694,0.7863410581522032,1.1232985673092069,-0.3369575091570036,0.5431151585983316,4.787096774193548,315.8335483870968,21.42,4.12258064516129,1
2024-10-09,227.63577270507807,227.84403724277385,222.9648544526125,223.3615300750172,33591100,0.016698336395353452,0.01217032952121433,0.030899044114679475,0.01689700536378853,0.016387160144781657,223.4864944458008,221.2245309448242,1.010224740860862,51.00028025489398,1.0274861906576405,1.1041360919788936,-0.07664990132125316,0.5781215108286668,4.780967741935484,315.8624838709677,20.86,4.125806451612903,0
2024-10-10,227.13992309570312,227.59611368544336,225.285441085757,225.89038125247492,28183500,-0.0021782587309656654,0.014933300460945542,0.02814548792948801,0.016640045821950538,0.016407964370135364,223.79739227294922,221.36766815185547,1.0109759665509372,51.260517007305324,1.1651533633467182,1.1163395462524586,0.04881381709425958,0.4889550309184881,4.774838709677419,315.8914193548387,20.93,4.129032258064516,0
2024-10-11,225.66229248046875,227.5068628874906,225.4540279414576,227.3977748208096,31759200,-0.0065053760479252265,0.0033069296814933757,0.022696611451391346,0.017096960329373443,0.016496745343839728,224.04779739379882,221.55495056152344,1.0112515961659052,51.63241613029564,1.1418604910092824,1.1214437352038233,0.020416755805459097,0.5533935413722624,4.768709677419355,315.92035483870967,20.46,4.132258064516129,1
2024-10-14,229.38116455078125,229.80759005626183,226.703566469934,226.80272780199272,39882100,0.016479811622202467,0.043348732720629224,0.0692491859388269,0.011917802134609114,0.015324722262063663,224.79058303833008,221.78689392089845,1.0135431317168042,55.46896177535757,1.4072605938922038,1.1786071069414996,0.2286534869507042,0.7069271937895072,4.750322580645161,316.0071612903226,19.7,4.141935483870967,1
2024-10-15,231.91004943847656,235.51985237359267,230.4423162246621,231.67203496624023,64751400,0.011024814930414406,0.03578870164198711,0.07869372825670284,0.010801682364717078,0.015413023136694536,225.6365074157715,222.27921478271483,1.0151039431929725,59.97866917141063,1.8008923966634427,1.3030641648858883,0.4978282317775544,1.1285108127298147,4.744193548387097,316.03609677419354,20.64,4.145161290322581,0
2024-10-16,229.85720825195312,230.19438406287304,227.9332995992129,229.6787087516564,34082200,-0.00885188542494808,0.009758727815391,0.05025148926418366,0.011165513011891616,0.015290380889758438,226.18640747070313,222.7708938598633,1.0153319563056942,55.546869521838474,1.9250109805744842,1.4274535280236076,0.4975574525508766,0.6076655231180144,4.7380645161290325,316.0650322580645,19.58,4.148387096774194,1
2024-10-17,230.2241058349609,231.91001494787184,228.6076384062416,231.4934859003546,32993800,0.0015961978560430357,0.013578338396981415,0.014331156451645288,0.010938204510066492,0.012957172149590225,226.34904556274415,223.21859985351563,1.014024125728245,55.662292652631514,2.029585621535915,1.547879946726069,0.48170567480984605,0.6065289856764243,4.731935483870967,316.0939677419355,19.11,4.151612903225806,1
2024-10-18,233.0504913330078,234.2206950473064,232.0686987091599,234.2206950473064,46431500,0.012276670541498502,0.03274006822907083,0.02979850380763649,0.010163267721461802,0.013171723441432259,226.68622589111328,223.6536929321289,1.0135590560532557,52.76702416486896,2.3138547888395067,1.7010749151487567,0.6127798736907499,1.1384368538574305,4.725806451612903,316.12290322580645,18.03,4.154838709677419,1
2024-10-21,234.51821899414065,234.8851598599691,232.5050605584077,232.5050605584077,36254500,0.006297895587937585,0.02239527579964884,0.04420017050289138,0.008558362402929958,0.013030075500754074,227.1825744628906,224.06009368896486,1.0139359076510086,66.65587004931848,2.627287769935947,1.8863174861061949,0.740970283829752,0.9088451240620159,4.707419354838709,316.20970967741937,18.37,4.164516129032258,0
2024-10-22,233.90335083007807,234.26036494372264,230.67040061866737,231.94969236544068,38846600,-0.0026218353810624206,0.008595148836490152,0.037340029186647694,0.008109102298426705,0.013067450537009799,227.6035530090332,224.42365234375,1.0141691868574196,64.70205743600766,2.7938650067679305,2.067826990238542,0.7260380165293885,0.9796077493881014,4.701290322580645,316.2386451612903,18.2,4.167741935483871,0
2024-10-23,228.8456573486328,233.18932661738796,225.87054472777703,232.13812257917172,52287000,-0.021623005670916906,-0.004400779557939827,0.019392938459579012,0.012884455268247127,0.014037153546970394,227.82123107910155,224.61187774658202,1.0142884399735106,57.2985368552825,2.4890725925834545,2.1520761107075246,0.3369964818759299,1.3021560024580259,4.695161290322581,316.2675806451613,19.24,4.170967741935484,0
2024-10-24,228.65725708007807,228.9051831435476,226.51517225997247,228.0721400698136,31109500,-0.000823263463845092,-0.006805754545990306,0.013405441448617994,0.012816523300087732,0.014010096112928966,227.97246627807618,224.78740966796875,1.01416919486199,55.555600903142455,2.206880536200032,2.163036995806026,0.04384354039400584,0.7801204755074971,4.689032258064516,316.2965161290323,19.08,4.174193548387096,1
2024-10-25,229.49026489257807,231.2852470135028,227.665532857223,227.8341207497304,38802300,0.0036430412187105077,-0.015276631343130287,0.015891746641230275,0.010980381998344632,0.014024795720297812,228.1519638061523,224.92009979248047,1.0143689426452045,66.3857058595579,2.0270910236636723,2.1358478013775555,-0.10875677771388315,0.9672372779069428,4.682903225806451,316.32545161290324,20.33,4.17741935483871,1
2024-10-28,231.46372985839844,232.78269812140084,230.620790456467,231.38440684709025,36087100,0.00859934065937007,-0.013024528110622158,0.0017166107164054978,0.011504637484530506,0.013184986654833017,228.1717964172363,225.06587982177734,1.013800033118829,63.83746271280552,2.020556946742971,2.1127896304506386,-0.09223268370766746,0.9207327978927328,4.664516129032258,316.4122580645161,19.8,4.187096774193549,1
2024-10-29,231.7315216064453,232.3860500186716,230.3927299983884,231.1662580738538,35417200,0.0011569490745297895,-0.009285156522663485,0.032978223107549276,0.011623485483486167,0.011236702719081221,228.54170227050776,225.22018920898438,1.0147478477537433,58.57916790518845,2.0137736704043334,2.0929864384413777,-0.07921276803704425,0.9369505694369122,4.658387096774193,316.4411935483871,19.34,4.190322580645161,0
2024-10-30,228.1911163330078,231.5331542618632,227.6456760590484,230.68028814227296,47070900,-0.015278047841286946,-0.0028601854333107912,0.014639635360975234,0.008960961294200737,0.011854761392777309,228.7063240051269,225.2913931274414,1.0151578399435515,51.952811196597516,1.7030846580653076,2.0150060823661637,-0.3119214243008561,1.2223028217464988,4.652258064516129,316.47012903225806,20.35,4.193548387096774,0
2024-10-31,224.035888671875,227.9233671329233,223.5003599556127,227.4374266507156,64370100,-0.018209419051480213,-0.020210897599390987,0.001063489026727149,0.01196718416317307,0.012544811233453239,228.71822433471675,225.28167449951172,1.015254457970626,47.25199703821651,1.1087878160789728,1.8337624291087258,-0.724974613029753,1.608194709929544,4.646129032258064,316.49906451612907,23.16,4.196774193548388,0
2024-11-01,221.060791015625,223.4805517303345,218.4426924836225,219.13688241025088,65276700,-0.013279558350614784,-0.03673129176481105,-0.017151598218186015,0.011647710508581028,0.012833576144271214,228.52533874511715,225.24954345703125,1.0145429608327299,35.57928899815309,0.39320514603465995,1.5456509724939127,-1.1524458264592528,1.5756703998200245,4.64,316.528,21.88,4.2,0
2024-11-04,220.168212890625,220.94174084677013,217.8873056586193,219.15668564471403,44944500,-0.004037704383935359,-0.04880037565576101,0.0014432804657975584,0.00815489918867807,0.01180980371456075,228.5412040710449,225.15374389648437,1.0150450981446613,28.425566799428864,-0.24312033073550765,1.1878967118480286,-1.4310170425835362,1.077809761642999,4.624,316.6356,21.98,4.19,1
2024-11-05,221.5963134765625,222.0921656056809,219.30547906118855,219.9600075033543,28111300,0.006486406766843089,-0.04373685573555963,-0.010275930774484854,0.010085907733372399,0.011120201224673325,228.42616653442377,225.07976287841797,1.0148676345363552,34.464787471419626,-0.624972776269999,0.8253228142244231,-1.4502955904944221,0.6771747149210632,4.618666666666666,316.6714666666667,20.49,4.1866666666666665,0
2024-11-06,220.8723602294922,224.19457534628128,219.35505401685137,220.7632721624041,54561100,-0.0032669913849757704,-0.032072923000363796,-0.029711553659663492,0.009594627166080926,0.010369897352125533,228.08799591064448,224.97444396972656,1.0138395805584783,32.646411242643936,-0.9747739795032544,0.46530345547888763,-1.440077434982142,1.281946847034706,4.613333333333333,316.70733333333334,16.27,4.183333333333334,1
2024-11-07,225.5928649902344,225.9895557457087,222.7070172967094,222.7665171269793,42137700,0.02137209361930803,0.006949673677683732,-0.006811035613571437,0.01314895324785267,0.011553118236065325,228.01064300537104,224.99407958984375,1.0134073012988891,37.07016102278291,-0.8611617335498636,0.20001041767313738,-1.061172151223001,0.9740830977070927,4.608,316.7432,15.2,4.18,0
2024-11-08,225.3248291015625,227.01257809039103,224.77878865400956,225.53330763226649,38328800,-0.0011881399204868304,0.019288984113135177,-0.00149543539240371,0.010632756350780136,0.011463105177647134,227.99376983642574,224.94290222167967,1.0135628534379781,33.36888676893254,-0.7837172615026589,0.0032648818379781286,-0.786982143340637,0.8793567578090093,4.602666666666667,316.77906666666667,14.94,4.176666666666667,0
2024-11-11,222.61448669433597,224.07389700260043,219.90415975706796,223.3789433198207,42005600,-0.01202860074512635,0.0111109309177444,-0.02949971009911434,0.012547259985208892,0.01107015021969428,227.65543594360352,224.8531869506836,1.0124625718270763,31.017295235202155,-0.9303197929652072,-0.18345205312265894,-0.7468677398425483,0.9613697601175827,4.586666666666667,316.88666666666666,14.97,4.166666666666667,0
2024-11-12,222.61448669433597,223.96468891324545,221.75075962779928,222.93218846295187,40398300,0.0,0.004594720922020956,-0.040082621545068586,0.012336524175927599,0.010684692738599875,227.19065780639647,224.88703735351564,1.0102434559145337,37.37449187683119,-1.0345773911997753,-0.3536771207380822,-0.6809002704616931,0.9510890133178076,4.581333333333333,316.9225333333333,14.71,4.163333333333333,1
2024-11-13,223.49807739257807,225.0170530189228,221.1550798335016,222.3960739824012,48566200,0.003969151834468665,0.011887939081004495,-0.02766557075906284,0.012136914157254007,0.010635768257971733,226.8727012634277,224.97664154052734,1.008427807037731,39.83296708055036,-1.0339847712537278,-0.4897386508412114,-0.5442461204125164,1.1242166817688921,4.576,316.9584,14.02,4.16,1
2024-11-14,226.57574462890625,227.22105551450989,223.3789425502784,223.398802697962,44923900,0.013770441662109834,0.004356873781067527,-0.01584699913513854,0.009319159064326024,0.011149129518145675,226.69028320312495,225.09745300292968,1.0070761804673753,44.72327630598964,-0.7762252493523363,-0.5470359705434364,-0.22918927880889983,1.0257408461946993,4.570666666666667,316.99426666666665,14.31,4.156666666666666,0
2024-11-15,223.37892150878903,225.28508648780172,222.65418524957263,224.768828738636,47923700,-0.014109291024743564,-0.008636010512167669,-0.04149989029801693,0.011565382356236368,0.011088858023654499,226.20670471191403,225.18526916503907,1.0045359785329757,35.98339952149816,-0.8204482631500696,-0.6017184290647631,-0.21872983408530644,1.0923739177112977,4.565333333333333,317.0301333333333,16.14,4.153333333333333,1
2024-11-18,226.37718200683597,228.08479108540536,223.54770942404784,223.62713486361545,44633700,0.013422307162177516,0.016902293145308223,-0.034713878615580396,0.011472263873854563,0.011478999673770461,225.79965286254878,225.33126556396485,1.002078660932435,41.52005065224438,-0.6065686101485426,-0.602688465281519,-0.003880144867023594,1.0077577138553053,4.549333333333333,317.13773333333336,15.58,4.1433333333333335,1
2024-11-19,226.6352996826172,228.5017596103349,225.0269762165604,225.34466282087317,36211800,0.0011402106585698402,0.018061775978676753,-0.03107288169095468,0.011398618237945272,0.011493952542220598,225.43625030517575,225.49829132080077,0.999724871460171,47.250070392070356,-0.4114960348269108,-0.5644499791905974,0.1529539443636866,0.8200438557854377,4.5440000000000005,317.1736,16.35,4.14,1
2024-11-20,227.35011291503903,228.27340522879027,224.2625190725532,226.4168829534927,35169600,0.0031540242558103504,0.01723520652795063,-0.006535166325290609,0.011398537130774435,0.010505240155058736,225.36147308349604,225.6290362548828,0.9988141456621544,56.66902681169782,-0.1969498443409634,-0.4909499522206706,0.2940001078797072,0.8121840540384504,4.538666666666667,317.2094666666667,17.16,4.136666666666667,0
2024-11-21,226.8735809326172,228.50176458087773,224.0838286281757,227.230987838277,42108300,-0.0020960270321040975,0.00131451097821067,-0.007800654001706264,0.009929941362373162,0.010512586432866032,225.27228927612305,225.74806854248047,0.9978924326155735,63.004400263537896,-0.06462760430338221,-0.40568548263721294,0.3410578783338307,0.9602270706031409,4.533333333333333,317.2453333333333,16.87,4.133333333333333,1
2024-11-22,228.21383666992188,229.0577186823492,226.4168797117104,226.4168797117104,38168300,0.0059075002554076494,0.02164445565622719,-0.005562014681771643,0.005873820710252152,0.010569769899184574,225.20846786499024,225.89926147460938,0.9969420280300616,67.64623593730757,0.146695150887723,-0.2952093559322258,0.4419045068199488,0.8710099373036603,4.5280000000000005,317.2812,15.24,4.13,1
2024-11-25,231.19224548339844,231.56951255942457,228.08480637706973,229.7924155701237,90152800,0.013050956317711693,0.021270091949536996,-0.0011729024463836835,0.005730323039984282,0.010809544266177687,225.19489364624025,226.23259735107422,0.9954131114747198,69.70635330983157,0.548183537928594,-0.12653077716006184,0.6747143150886559,1.9377687119719327,4.5120000000000005,317.3888,14.6,4.12,1
2024-11-26,233.36643981933597,233.8727750720934,231.64890834638587,231.64890834638587,45986200,0.009404270162225892,0.029700316526795056,0.007055225812858001,0.005807144651832182,0.011011554016611027,225.27663955688476,226.60009490966797,0.9941595110394336,74.2156354766282,1.0299328646829338,0.10476195120853729,0.9251709134743965,0.9773385990853829,4.506666666666667,317.42466666666667,14.1,4.116666666666666,0
2024-11-27,233.2373809814453,233.99191506726265,232.12545514826604,232.78070364946956,33498400,-0.0005530308384983362,0.02589516227162103,0.022114202908203096,0.006444511938252482,0.010381733874333953,225.52895278930663,226.88765838623047,0.9940115491226459,68.02433220628257,1.3853393773261757,0.360877436432065,1.0244619408941107,0.7223553791630413,4.501333333333334,317.46053333333333,14.1,4.113333333333333,1
2024-11-29,235.6201019287109,236.0966394139658,232.28430923422,233.11825362062933,28481400,0.010215862214021154,0.0385523997996553,0.05170695340603326,0.005223681348297334,0.009500942597588918,226.10816345214843,227.06063354492187,0.9958052169682465,72.07316905606103,1.8380790354202645,0.6563177562297049,1.1817612791905596,0.6388912909691614,4.490666666666667,317.53226666666666,13.51,4.1066666666666665,1
2024-12-02,237.8638153076172,239.0551666028684,235.45133007089743,235.5605381566453,48137100,0.009522588949499422,0.042284809626388364,0.07601087562744002,0.005179972225051103,0.008844784834860914,226.94831466674805,227.29177215576172,0.9984889136735742,83.36226523431492,2.35082850676946,0.995219906337656,1.355608600431804,1.1009702455958823,4.475161290322581,317.6477741935484,13.34,4.096774193548387,1
2024-12-03,240.90174865722656,241.01095673492532,237.17876666593097,238.0822139315433,38861000,0.012771733883443215,0.04199752960367076,0.09417134060538324,0.005117454998934392,0.008868756295010409,227.98499145507813,227.61798217773438,1.0016123914017354,85.3143799385218,2.968107493615662,1.389797423793257,1.5783100698224048,0.8950381705761585,4.470322580645162,317.6915483870968,13.3,4.0935483870967735,1
2024-12-04,241.25917053222656,242.35125137710352,239.51185632927687,241.12017980186528,44383900,0.0014836831903140002,0.033821190052009564,0.08873278055568257,0.005852562797564089,0.00888172550264475,228.96813430786133,227.93348999023436,1.0045392378174498,85.0097540816455,3.4464183309610803,1.801121605226822,1.6452967257342583,1.003436660744092,4.465483870967742,317.7353225806452,13.45,4.090322580645161,1
2024-12-05,241.2889862060547,242.77817929899132,240.38555390947,242.2321539506657,40033900,0.00012358358756836552,0.03452107544137584,0.09243631007224762,0.0056475041472913625,0.008761289315778163,229.98896560668945,228.26942779541017,1.0075329308347871,82.96262162108567,3.7842663247312203,2.1977505491277016,1.5865157756035186,0.9202025581575491,4.460645161290323,317.77909677419353,13.54,4.087096774193548,0
2024-12-06,241.09039306640625,242.867505033938,240.33587413565132,241.15989600483465,36870600,-0.0008230509927993346,0.023216572325184925,0.06869688931359907,0.006127134309589067,0.007867320869673594,230.76384201049805,228.57858459472655,1.0095602018870053,95.83752255863271,3.9899943164056424,2.55619930258329,1.4337950138223525,0.8526536882106416,4.455806451612904,317.82287096774195,12.77,4.083870967741936,1
2024-12-09,244.9722442626953,245.4587194212017,240.0082676818909,240.08769312504637,44649200,0.016101227207422797,0.02988444856938477,0.0871959616677529,0.00789542711912049,0.00828064990095139,231.7462127685547,228.96002319335938,1.0121688910419193,96.01956720733023,4.415370538459598,2.9280335497585517,1.4873369887010464,1.0250470663442321,4.441290322580645,317.9541935483871,14.19,4.074193548387097,1
2024-12-10,245.98487854003903,246.4217108653419,243.57237825215392,245.11121388943332,36914800,0.004133669430149034,0.02110042750268759,0.10498145108495183,0.006907787720838239,0.007347391440994301,232.91473236083985,229.2583792114258,1.0159486129230728,96.16286858390971,4.779104836683587,3.298247807143559,1.4808570295400276,0.8524638393687554,4.436451612903226,317.9979677419355,14.18,4.070967741935483,0
2024-12-11,244.714111328125,248.9930565140259,244.48575750906292,246.17352158557495,45205800,-0.005166037926624845,0.014320453760479745,0.09927307500043003,0.008099714392227716,0.0076192888431385036,234.01971359252926,229.66599334716796,1.0189567475006198,90.35530006702449,4.908247374379528,3.6202477205907533,1.2879996537887743,1.0381629812399082,4.431612903225807,318.04174193548386,13.58,4.067741935483871,1
2024-12-12,246.17352294921875,246.9479020514793,243.9099357862414,245.11122473397327,32777500,0.005963741171987058,0.020243513058622487,0.10145700500506272,0.008024698387428484,0.007621291802955151,235.15348587036132,230.09149017333985,1.0219999257391397,92.89489801939703,5.069913282526215,3.9101808329778462,1.1597324495483692,0.7666427433121515,4.426774193548387,318.08551612903227,13.92,4.064516129032258,1
2024-12-13,246.34230041503903,247.4939314395242,244.46591792091505,246.0345362986312,33155300,0.0006856036498088525,0.021783976050784304,0.08724038761742636,0.007821842439529391,0.0073747520018188515,236.14181365966797,230.54237854003907,1.0242880946882242,92.50458830474213,5.152261546495424,4.1585969756813626,0.9936645708140617,0.786301054411754,4.421935483870968,318.12929032258063,13.81,4.061290322580645,1
2024-12-16,249.2313232421875,249.56888515433104,245.8657478109084,246.2033097230519,51694800,0.011727676579625257,0.01738596546850002,0.11573339847278863,0.00626862092141992,0.006158216510365698,237.4344337463379,231.02863494873046,1.0277272936276016,92.47303869967817,5.3885275452581425,4.404583089596719,0.9839444556614234,1.2205204048096647,4.4074193548387095,318.2606129032258,14.69,4.051612903225807,1
2024-12-17,251.6537322998047,252.0012166921119,247.98039295462075,248.2782345553336,51356400,0.009719520909750257,0.023045537568858965,0.11165679362598224,0.006884222675724583,0.005960254256841304,238.69826126098633,231.66469146728517,1.0303609917814964,92.56000068182593,5.705469121018808,4.664760295881137,1.0407088251376715,1.2029836366594204,4.402580645161291,318.3043870967742,15.87,4.048387096774193,0
2024-12-18,246.26287841796875,252.4479889260113,245.95511429725676,250.3432677271904,56774100,-0.021421712416383354,0.006328883452769496,0.08660424374684017,0.013397974080321047,0.008420892775605069,239.6796401977539,232.11200775146483,1.0326033647272232,74.35043281658542,5.458725953379798,4.823553427380869,0.6351725259989287,1.2986147660843794,4.397741935483872,318.3481612903226,27.62,4.04516129032258,1
2024-12-19,247.9903259277344,250.184410158509,245.3097817058068,245.71683140567848,60882300,0.007014648414990665,0.007380172151537412,0.09078602490251964,0.013496621701445482,0.008439994390548523,240.71165084838867,232.51909881591797,1.035233888631904,73.70623734923635,5.341003034175202,4.927043348739735,0.4139596854354668,1.3528015633066883,4.392903225806452,318.3919354838709,24.09,4.041935483870968,1
2024-12-20,252.65647888183597,253.16279902630112,243.919877297432,246.2529371403228,147495300,0.018815866855472763,0.025631726488543727,0.11364433815181174,0.015495425411054874,0.008878355032044488,242.00079574584962,233.02942993164064,1.0384988531999617,75.94012524657057,5.560132572058052,5.053661193403398,0.5064713786546537,2.9338312452242916,4.388064516129033,318.43570967741937,18.36,4.038709677419354,1
2024-12-23,253.43084716796875,253.80809906094288,251.62395254537785,252.93444954402884,40858800,0.0030649057153011583,0.016849904222112633,0.11049729002417852,0.01505716778259938,0.008893115250776995,243.26164627075195,233.58480102539062,1.041427546667771,73.8653795961028,5.730224892973354,5.188973933317389,0.5412509596559643,0.8105540972471299,4.373548387096775,318.5670322580645,16.78,4.029032258064516,1
2024-12-24,256.3397521972656,256.34965954757746,253.45069916161225,253.64927033575188,23234700,0.011478101666798635,0.018620903630701235,0.10877314099046198,0.015259735772863737,0.00882760192786194,244.5190216064453,234.1239727783203,1.0443997626760226,76.18064713009733,6.030235803230113,5.357226307299935,0.6730094959301782,0.49369801801112667,4.368709677419355,318.6108064516129,14.27,4.025806451612903,1
2024-12-26,257.1538391113281,258.2260750496306,255.7738693378932,256.32983230675023,27237100,0.003175812206590578,0.044224938664424895,0.10193153441603475,0.006617391341428658,0.008781709581306828,245.70839157104493,234.62884857177735,1.0472215717151172,76.81207034294175,6.261507856510576,5.538082617142063,0.7234252393685132,0.5905046967899488,4.359032258064516,318.6983548387097,14.73,4.019354838709678,0
2024-12-27,253.74855041503903,256.8361595932908,251.23677948504653,255.9724022209019,42355300,-0.01324222383012863,0.02321955288281119,0.08794117541229562,0.011959429570985577,0.009615359538393752,246.73395004272462,235.10667541503906,1.0494553147296208,69.30069263001641,6.099700733234187,5.650406240360487,0.44929449287369927,0.9095372752491976,4.354193548387097,318.74212903225805,15.95,4.016129032258064,0
2024-12-30,250.3829498291016,251.6735866364952,248.94339979921563,250.4127324736,35557500,-0.013263526354860167,-0.00899849892152449,0.06265529884567034,0.01103473880027358,0.01026241522982033,247.47209243774415,235.50985229492187,1.0507929499605067,58.38200434753428,5.634935553062718,5.647312102900933,-0.012376549838215567,0.7578038935871345,4.339677419354839,318.87345161290324,17.4,4.006451612903226,0
2024-12-31,248.6157989501953,251.4551941340452,247.63292614272083,250.6212497119267,39480700,-0.007057792394060569,-0.018999455952503408,0.04520226680410855,0.01085596433186239,0.010384678280694441,248.00969161987305,235.82115844726562,1.0516854944351104,53.98259318972412,5.065618198735706,5.530973322067888,-0.46535512333218243,0.8492491226409716,4.33483870967742,318.9172258064516,17.35,4.003225806451613,0
2025-01-02,242.09312438964844,247.3052993793268,240.0777512722144,247.13651085819407,55740700,-0.02623596162468156,-0.055577130294850785,0.004945483953780139,0.010703422621723057,0.011864954645417465,248.06926040649415,235.97265655517577,1.0512627353859956,46.576750626480006,4.041516680416066,5.233081993737524,-1.1915653133214574,1.1776303328749844,4.33,318.9841612903226,17.93,4.006451612903226,0
2025-01-03,241.6066436767578,242.42072787413275,240.14723350152744,241.6066436767578,40244100,-0.002009477609564936,-0.06045873352814135,0.0014402484422237904,0.009074465451016932,0.011872536455045811,248.0866340637207,236.1267224121094,1.0506503945400039,43.87969066257903,3.154293192608378,4.817324233511695,-1.6630310409033164,0.8539690822115079,4.33,319.0073225806452,16.13,4.012903225806451,1
2025-01-06,243.23486328125,245.5480782886853,241.44782860288203,242.5498320588044,45045600,0.006739134237842226,-0.04143348648334155,0.008064508479195931,0.012385507217292356,0.011963883255134006,248.18392791748047,236.4145065307617,1.049782991574535,45.992333738595406,2.5531151783868324,4.364482422486723,-1.8113672440998903,0.9507999002881806,4.33,319.0768064516129,16.04,4.032258064516129,0
2025-01-07,240.46495056152344,243.78088314896328,239.61114601786815,241.22939201717415,40856000,-0.011387811279848226,-0.039611320476684475,-0.002594224087189345,0.01222746182629147,0.012253701223324793,248.15265579223632,236.65066040039062,1.0486032676705208,38.65915338597051,1.83204973457822,3.8579958849050224,-2.0259461503268024,0.8587559221284771,4.33,319.0999677419355,17.82,4.038709677419355,1
2025-01-08,240.95140075683597,241.95413364050103,238.32049944087447,240.177021684634,37628900,0.002022956751811744,-0.030828282939873608,-0.016413465606934685,0.013047495110165936,0.011666876247291012,247.95161361694335,236.87988311767577,1.0467398512425279,35.42456511926963,1.2850395051852388,3.343404608961066,-2.0583651037758273,0.7968040510930859,4.33,319.1231290322581,17.7,4.04516129032258,0
2025-01-10,235.14356994628903,238.4297199246896,231.32130202918376,238.28079154222544,61710900,-0.024103743710575443,-0.028706120675174973,-0.04407306928009136,0.012237581850521033,0.012705567917259708,247.40954818725587,236.9534799194336,1.0441270930959843,35.026746648398586,0.3785231695752316,2.7504283210838993,-2.3719051515086678,1.273319345113618,4.33,319.16945161290323,19.54,4.058064516129033,0
2025-01-13,232.71121215820312,232.9792711307645,228.06493742769467,231.84748509521597,49630700,-0.010344139066364888,-0.03681782662589261,-0.04904865969836858,0.012168522866953847,0.012821970752468574,246.80940322875978,236.97307373046874,1.0415082158637095,29.80848415824252,-0.5300583205599878,2.094330992755122,-2.6243893133151097,1.019407390260432,4.33,319.238935483871,19.19,4.077419354838709,0
2025-01-14,231.59930419921875,234.41883943252472,230.79514236813583,233.05871461446372,39435300,-0.004778059246360988,-0.047836724246956175,-0.059203031160286135,0.009648614174035335,0.012675882963915633,246.08069229125977,237.04123748779296,1.0381345241835076,19.287607576597182,-1.3245685751369365,1.4105510791767104,-2.735119654313647,0.8044946089479071,4.33,319.26209677419354,18.71,4.083870967741936,1
2025-01-15,236.1562042236328,237.2383625727966,232.74098609709984,232.94947976770305,39832000,0.01967579324199642,-0.01791839653899263,-0.04134935889713065,0.016129245376682165,0.013638798636473323,245.57138748168944,237.28364379882814,1.0349275809751461,27.308284830873134,-1.5684399284831443,0.8147528776447395,-2.3831928061278838,0.8070908581034094,4.33,319.28525806451614,16.12,4.090322580645162,0
2025-01-16,226.61544799804688,236.29520209930607,226.3871093224655,235.6399687194268,71759100,-0.04040019298646558,-0.05949727917646219,-0.09074250760272184,0.02242390053872263,0.01569854554195745,244.44059371948242,237.39473693847657,1.0296799199168087,16.748077613742083,-2.502719235527792,0.15125845501023316,-2.6539776905380252,1.425042112846044,4.33,319.3084193548387,16.6,4.096774193548387,1
2025-01-17,228.32305908203125,230.6164138035219,226.833866130533,230.44764042021455,68488300,0.007535281019319884,-0.029005729843328054,-0.09270942657817893,0.022614253369212748,0.015600780414498265,243.27406005859376,237.55783386230468,1.0240624613524738,18.379773272685327,-3.0699637430594464,-0.4929859846037028,-2.576977758455744,1.3373390061815142,4.33,319.3315806451613,15.97,4.103225806451613,0
2025-01-21,221.0359344482422,222.8031087860845,217.79942737812888,222.38613659782595,98070400,-0.03191585056317492,-0.05017067120093799,-0.10243908514262645,0.02559238633490334,0.016349996501099872,242.01271286010743,237.54662628173827,1.018800884054957,16.937568820497688,-4.060709823814619,-1.2065307524458861,-2.8541790713687334,1.8407579154191425,4.33,319.4242258064516,15.06,4.129032258064516,1
2025-01-22,222.2173614501953,222.5052654056773,218.2064601780486,218.2064601780486,64126500,0.005344954452325856,-0.04050937364195706,-0.10392729789406974,0.02649108903198476,0.01628816373521897,240.72406463623048,237.57352630615233,1.0132613190495736,20.218342245920297,-4.696414601187058,-1.9045075221941206,-2.7919070789929377,1.1999855163030944,4.33,319.4473870967742,15.1,4.135483870967742,0
2025-01-23,222.04861450195312,225.3943300272927,220.69841220245485,223.12083531174775,60234800,-0.0007593778773221649,-0.05973838277109256,-0.12114418959427409,0.0224278324909791,0.015319285525639865,239.19367141723632,237.5026412963867,1.0071200476408146,20.925678846182777,-5.154414800399195,-2.5544889778351356,-2.5999258225640594,1.227368690879134,4.33,319.4705483870968,15.02,4.141935483870968,0
2025-01-24,221.1749420166016,224.0044147616684,219.8148172645265,223.16053267311037,54697900,-0.003934600030318314,-0.024007657154476836,-0.1272769495577174,0.01586985767647571,0.015172778335508966,237.58087615966798,237.4196435546875,1.000679103896234,23.878001022857333,-5.524201766700003,-3.1484315356081094,-2.3757702310918933,1.0990504502612857,4.33,319.49370967741936,14.85,4.148387096774194,1
2025-01-27,228.2039337158203,230.47742834163907,222.36629236472388,222.40601266103107,94863400,0.03178023529759133,-0.0005217404089182809,-0.10975987235796913,0.02276608235702938,0.017017997122898892,236.1740852355957,237.5314324951172,0.9942856099284906,35.61382498381809,-5.190249747007073,-3.556795177887902,-1.6334545691191709,1.7781410825465755,4.33,319.56319354838706,17.9,4.167741935483871,1
2025-01-28,236.5434112548828,238.45951413038736,229.1470890329199,229.1868093297106,75707600,0.03654396926149195,0.07015817064022167,-0.08014824094273998,0.018964151665393572,0.019398759950309114,235.14356384277343,237.81001098632814,0.9887874899273773,43.722035686093626,-4.204200813966281,-3.686276305103578,-0.5179245088627034,1.3574169066785289,4.33,319.58635483870967,16.41,4.174193548387097,1
2025-01-29,237.63548278808597,238.1318804363608,232.32402189200357,232.43322998057815,45486100,0.004616791173381651,0.06938306366915548,-0.06350013665338394,0.01904787684662343,0.01936143041324239,234.3379104614258,238.0927590942383,0.9842294715425332,47.25908175277344,-3.2966274157560918,-3.608346527234081,0.31171911147798914,0.813270915830686,4.33,319.6095161290322,16.56,4.180645161290323,0
2025-01-30,235.87823486328125,239.0551768362328,235.5009829454289,236.95045561956255,55658300,-0.007394720284141121,0.062281948447854285,-0.05793012254117347,0.020480008920959372,0.019243344338889034,233.61267471313477,238.27880889892577,0.9804173346033037,45.203689037188965,-2.6881765545701057,-3.4243125327012858,0.73613597813118,0.9775785013277892,4.33,319.6326774193548,15.84,4.187096774193549,0
2025-01-31,234.2996826171875,245.40906406001392,231.7581291617668,245.40906406001392,100959800,-0.006692233588269425,0.05934099261389547,-0.05758329274912943,0.021056281933911125,0.019239263607389222,232.89686889648436,238.49722412109375,0.9765181534282098,49.132817461250816,-2.3067599444452753,-3.2008020150500838,0.8940420706048084,1.6824160181786612,4.33,319.65583870967737,16.43,4.193548387096774,0
2025-02-03,226.36724853515625,230.15973381299625,224.0738938399255,228.33299411580023,73063300,-0.033855931828092656,-0.008048437863263369,-0.06495796150402611,0.0254620747580046,0.019795520853312685,232.11057510375977,238.49702545166016,0.9732220964357695,44.142979825471905,-2.614428168760867,-3.0835272457922405,0.46909907703137366,1.2002194662993564,4.33,319.6865714285714,18.62,4.2,1
2025-02-04,231.1227569580078,231.4503812363357,225.01705656002383,225.6127398204117,45067300,0.0210079349094221,-0.022916107737340763,-0.043392377623424294,0.020054426185894866,0.0205220483987246,231.58638076782228,238.58677459716796,0.9706589192080525,49.58776562394816,-2.4463279213873363,-2.95608738091126,0.5097594595239237,0.7374045893954966,4.33,319.6903571428571,17.21,4.2,0
2025-02-05,230.79510498046875,230.9936609938165,226.62536810475493,226.88348940722173,39620300,-0.001417653466285862,-0.02878517015793136,-0.051142990494735474,0.019546489680394852,0.020419715130851356,230.9643928527832,238.65567443847655,0.9677724755391219,44.99629291735014,-2.312884547193079,-2.827446814167624,0.5145622669745453,0.6511693800847056,4.33,319.6941428571428,15.77,4.2,1
2025-02-06,231.5397186279297,232.1155417136993,228.7698112868805,229.62361584180036,29925300,0.003226297401428546,-0.01839303332868436,-0.03711656069939473,0.01988642969030169,0.020343359709886953,230.51813125610352,238.7489971923828,0.9655250240500617,55.498890226667754,-2.1225778571044884,-2.686473022754997,0.5638951656505085,0.49628754106043765,4.33,319.6979285714286,15.5,4.2,0
2025-02-07,225.98997497558597,232.3140755170278,225.6226304523949,230.92416830424463,39707200,-0.023968862384521672,-0.03546614979918017,-0.062093126390864284,0.02196228312776763,0.020915703509279716,229.77005996704105,238.7045199584961,0.9625710481183662,47.600560043512935,-2.3920028458875606,-2.6275789873815096,0.235576141493949,0.6573797571198743,4.33,319.7017142857143,16.54,4.2,1
2025-02-10,226.25833129882807,229.1803610121675,225.81108525741095,228.1666073624245,33115600,0.0011874700338858624,-0.00048115280383087544,-0.037786441064454834,0.01604422222252535,0.020328397928197513,229.32579803466797,238.60584167480468,0.9611072236329216,56.27714631250318,-2.55442416634628,-2.612948023174464,0.05852385682818406,0.5615434730041785,4.33,319.7130714285714,15.81,4.2,1
2025-02-11,231.1979217529297,233.79196667406023,226.7353801285285,226.80494431220237,53718400,0.021831640080372194,0.0003252158978681585,-0.006502868474788648,0.016315699149768104,0.020876366890206315,229.2501335144043,238.56247131347655,0.9609647831538615,59.89993587876041,-2.2585256869899126,-2.5420635559375535,0.2835378689476409,0.9077604593485847,4.33,319.7168571428571,16.02,4.2,1
2025-02-12,235.4219665527344,235.51142789245532,229.26980470124647,229.78663009476247,45243300,0.018270254195099422,0.020047485724002723,0.016505500164315956,0.018112937009591344,0.02123861688733671,229.44126663208007,238.60616302490234,0.9615898588844675,63.53250601711663,-1.6639973708489038,-2.366450318919824,0.7024529480709201,0.7608104259748371,4.33,319.7206428571429,15.89,4.2,1
2025-02-13,240.05349731445312,240.85854326211725,234.12993999243653,235.46174477414044,53614100,0.01967331608659073,0.03677027309601488,0.016503030710680378,0.019362786457999707,0.021238502459030535,229.6361312866211,238.69483093261718,0.9620490330242915,67.75307594667525,-0.8097690581699624,-2.0551140667698515,1.2453450085998892,0.8912458950717589,4.33,319.7244285714286,15.1,4.2,1
2025-02-14,243.104736328125,244.0489258287467,239.5168040933544,239.77520922194773,40896200,0.0127106626139879,0.07573239190980918,0.0727633022185683,0.008289764742009424,0.018986042647679408,230.460595703125,238.79964935302735,0.9650792885479728,65.14553557220852,0.11212995779069956,-1.6216652618577414,1.733795219648441,0.6977301445979622,4.33,319.7282142857143,14.77,4.2,0
2025-02-18,242.9755096435547,243.6811607859394,240.36158248040348,242.6574585849239,48822500,-0.000531567942781197,0.0738853603699905,0.06417420395659268,0.00899751589045083,0.01898572847896387,231.19321823120117,238.8411245727539,0.9679791059632903,57.84750374564745,0.8228289959390054,-1.132766410298392,1.9555954062373975,0.8471728615251298,4.33,319.7433571428571,15.35,4.2,1
2025-02-19,243.37307739257807,244.5061078381892,241.67353930691675,243.16436963880025,32204200,0.0016362461780885518,0.05266118115308749,0.10105661326107285,0.009348333916040227,0.0171002538069885,232.31007537841796,238.88340270996093,0.9724831141177106,57.1208463986055,1.4019823192429328,-0.6258166643901271,2.02779898363306,0.5926796493818486,4.33,319.7471428571429,15.27,4.2,1
2025-02-20,244.32720947265625,245.2713989598738,242.7966152101895,243.4426507707668,32316900,0.003920450406020404,0.03782672895958106,0.09949649243502656,0.008471154657498923,0.01710154901662633,233.41556777954102,238.94416717529296,0.9768623797721914,60.69918643889637,1.9158710168890707,-0.11747912813428751,2.033350145023358,0.6126876618898545,4.33,319.7509285714286,15.66,4.2,0
2025-02-21,244.0489044189453,247.1697083342209,243.72091995824803,244.44645306890683,53197400,-0.0011390669680696464,0.016643819603504806,0.09907870835554644,0.005614667480140341,0.0171083628013539,234.5155822753906,239.00333740234376,0.9812230440975042,62.766127069644114,2.2744561060093815,0.3609079186944463,1.9135481873149351,1.0153288752745888,4.33,319.7547142857143,18.21,4.2,1
2025-02-24,245.5894470214844,247.33868242018207,242.92582237394555,243.43269920852308,51326400,0.0063124340025495496,0.010220741606637107,0.11038549295991329,0.003109350060847702,0.01698368047951048,235.73630752563477,239.01568145751952,0.9862796703886243,80.23113724631929,2.652371399328871,0.8192006148213313,1.8331707845075396,0.9827808848060954,4.33,319.7660714285714,18.98,4.2,0
2025-02-25,245.52980041503903,248.47171215983585,243.41283173998391,246.48393846255715,48013300,-0.00024287121115651455,0.010512544145833802,0.07592273462207011,0.003051814011484917,0.01583502071490756,236.60260086059571,239.00657989501954,0.9899417872282857,76.58499720685484,2.9134742913091145,1.238055350118888,1.6754189411902265,0.9625149161014711,4.33,319.7698571428572,19.43,4.2,0
2025-02-26,238.89064025878903,243.48239258336395,237.66816369812489,242.83637220684057,44433600,-0.027040139913881323,-0.018417966283750253,0.00992303692355656,0.013431055688116318,0.015285127581074464,236.719962310791,238.8901104736328,0.9909157053067656,62.116271666254775,2.555220484341419,1.5014883769633942,1.0537321073780246,0.919579527716309,4.33,319.7736428571429,19.1,4.2,0
2025-02-27,235.84934997558597,240.9778097055873,235.61081167459412,237.94645181292125,41153600,-0.012730889246679755,-0.03469879394672615,-0.007516271524538265,0.013149861576727494,0.015535680288418927,236.63065567016602,238.68362701416015,0.991398775987796,56.035158436905206,2.002807929403616,1.6017522874514387,0.40105564195217736,0.8555335078898652,4.33,319.7774285714286,21.13,4.2,1
2025-02-28,240.36160278320312,240.61007450668035,228.79275994472408,235.50149647860903,56833400,0.019131928106158602,-0.015108863711235543,0.019007128497974923,0.017725172079947678,0.016019475200066285,236.8548240661621,238.56401306152344,0.9928355120563781,70.72817856543931,1.9071338390554047,1.6628285977722321,0.24430524128317255,1.1800561879115117,4.33,319.7812142857143,19.63,4.2,0
2025-03-03,236.5748748779297,242.5381957053339,234.66661403302143,240.3118838035197,47184000,-0.015754296282875613,-0.03670586115520713,0.009710607523355064,0.01760034789283983,0.01637463787234581,236.9685836791992,238.31088409423828,0.9943674397409886,63.508542826419465,1.5083666266632463,1.6319362035504352,-0.12356957688718895,1.0376309449942784,4.33,319.8183548387097,22.78,4.2,0
2025-03-04,234.4877166748047,238.6024227827577,233.2453581153048,236.25684921580157,53798100,-0.008822400114137041,-0.04497247878493371,0.035872981591625,0.01714944829973989,0.014444292069772852,237.37460708618164,237.96756378173828,0.9975082457199903,54.6554371878741,1.0122558585664194,1.5080001345536322,-0.4957442759872128,1.2086865393284656,4.33,319.83503225806453,23.51,4.2,0
2025-03-05,234.29888916015625,235.1039350742086,227.82867612475383,233.98083809185871,47227600,-0.0008052767851814968,-0.0192211427524267,0.013742187242623993,0.013988674940475197,0.013728411159536439,237.53341369628907,237.72828399658204,0.9991802813825226,48.20580950895116,0.5969662429793345,1.3257933562387727,-0.7288271132594382,1.0584978070298314,4.33,319.85170967741936,21.93,4.2,0
2025-03-06,233.8914031982422,236.4059358119138,231.73467047090972,233.00684447444675,45170400,-0.0017391715486774206,-0.008301684009502042,0.01341578807763466,0.013066856356091802,0.013731298602001703,237.68822860717773,237.4463055419922,1.0010188537767868,38.6197206436592,0.23228784927010793,1.1070922548450397,-0.8748044055749318,1.0061326325883184,4.33,319.8683870967742,24.87,4.2,1
2025-03-07,237.6085205078125,239.8944479764648,233.3248557337566,233.6727221740344,46273600,0.015892492236748712,-0.01145391877700952,0.02621062993358403,0.011801065265977123,0.014137304644928137,237.99166870117188,237.14534637451172,1.0035687916275768,40.09313879727075,0.24044618260586503,0.9337630403972048,-0.6933168577913398,1.0122747634180504,4.33,319.88506451612903,23.37,4.2,0
2025-03-10,226.08937072753903,234.71631625547707,222.84930513729452,234.10009611136832,72071200,-0.04847953160793628,-0.04432213757188319,0.0004398237221090451,0.023968496905762308,0.01718512998439724,237.9966384887695,236.59851684570313,1.0059092578504123,28.42267649671537,-0.6748086234076709,0.6120487076362296,-1.2868573310439007,1.5227160220989806,4.33,319.9350967741936,27.86,4.2,0
2025-03-11,219.48995971679688,224.4593937721428,216.1206840338927,222.4418047589131,76137400,-0.029189390856835695,-0.06395966991655766,-0.029914352957425172,0.025647099921799837,0.01839005258770351,237.65821990966796,235.86152099609376,1.0076176008107909,23.657090654249117,-1.9106472144643192,0.10750952321611984,-2.018156737680439,1.5386956572702113,4.33,319.95177419354843,26.92,4.2,0
2025-03-12,215.65354919433597,220.39439337943787,213.5962114465992,218.79423505763876,62547500,-0.0174787517725683,-0.07957929306730582,-0.06723404968668045,0.024755662245449676,0.01787499775522497,236.8810012817383,235.03151519775392,1.0078690982459446,20.263858906440745,-3.1631615116484113,-0.5466246837567864,-2.616536827891625,1.2528735367409585,4.33,319.96845161290327,24.23,4.2,0
2025-03-13,208.398193359375,215.5144270476188,207.14590135231947,214.62986833256545,61368300,-0.033643572582349734,-0.1089959249902811,-0.11478866474979554,0.0242024162810668,0.01833804520868553,235.52981262207032,234.12450805664062,1.0060023812846186,17.702152107000146,-4.687203531756495,-1.3747404533567282,-3.312463078399767,1.209716597753752,4.33,319.9851290322581,24.66,4.2,1
2025-03-14,212.1848907470703,212.64207016591416,208.29878985935505,209.95857893569573,60107600,0.018170490476207224,-0.1069979717326941,-0.11609331619475183,0.025112042133675693,0.018230436134561493,234.13638229370116,233.360546875,1.0033246211885025,20.920542663975638,-5.525765396563429,-2.2049454419980687,-3.3208199545653603,1.177330113745873,4.33,320.00180645161294,21.77,4.2,1
2025-03-17,212.6917724609375,213.904315554563,208.6864099217596,212.0059881512876,48073400,0.0023888680861419154,-0.059257974948088155,-0.12510230909750064,0.021858761790592228,0.017814494349483557,232.6157341003418,232.64206634521486,0.9998868121948591,21.6345883899247,-6.0793516166413895,-2.979826676926733,-3.0995249397146565,0.9350433022607892,4.33,320.05183870967744,20.51,4.2,0
2025-03-18,211.3897857666016,213.83473880015984,210.19712464056028,212.85080057479257,42432400,-0.006121471833495762,-0.036904530670317515,-0.1299955041694918,0.019631562464116185,0.017759572980277246,231.03644790649415,232.0279995727539,0.9957265861530264,23.832013436694908,-6.5476548402775165,-3.6933923095968897,-2.854262530680627,0.8304850429648459,4.33,320.0685161290323,21.7,4.2,1
2025-03-19,213.9242248535156,217.4226958720297,212.44332789190165,212.91045595477613,54385400,0.01198941130349751,-0.008018993182727474,-0.12100291804898111,0.02023960763033273,0.018164284022282567,229.56400527954102,231.47435119628906,0.9917470514254597,28.934313486607536,-6.637764449124347,-4.282266737502382,-2.3554977116219655,1.041814508192364,4.33,320.0851935483871,19.9,4.2,0
2025-03-20,212.7911834716797,216.16045933121796,210.92267131595003,212.6818553101102,48862900,-0.00529646131760797,0.02107978980762626,-0.12907291852201952,0.010675226767234768,0.018008412842087356,227.9872039794922,230.86547760009765,0.987532680717248,21.6707478487952,-6.7231041737049395,-4.7704342247428935,-1.952669948962046,0.9214221229071349,4.33,320.10187096774195,19.8,4.2,1
2025-03-21,216.9356842041016,217.5021918152461,209.9884097524224,210.26669685360037,94127800,0.019476844222606093,0.02238987630224032,-0.1110974879374994,0.011109000312228648,0.01891259714272717,226.63154296875,230.39489227294922,0.9836656565296562,29.96755771408577,-6.382733766460035,-5.092894133086322,-1.2898396333737132,1.709040687938998,4.33,320.1185483870968,19.28,4.2,1
2025-03-24,219.38064575195312,220.1260609084734,217.2437950361324,219.64899945464327,44299500,0.011270444310818029,0.03144866965761017,-0.10671794569103987,0.01139592306257395,0.0191097929620996,225.32110290527345,229.96347717285155,0.9798125583912237,34.702092725939366,-5.848284420596684,-5.243972190588394,-0.6043122300082899,0.809492179541179,4.33,320.1685806451613,17.48,4.2,1
2025-03-25,222.38217163085935,222.7300380772677,218.73460889257407,219.42039321145907,34493600,0.013681817138508912,0.05200055350070043,-0.09427624974667581,0.009255647829887059,0.019557943613750236,224.16372146606446,229.70824920654297,0.9758627399772085,38.58310605989721,-5.123471222863941,-5.219871997043503,0.09640077417956228,0.6381905033879864,4.33,320.1852580645162,17.15,4.2,0
2025-03-26,220.17575073242188,223.64442126802376,219.12223310716143,222.1436424317859,34466100,-0.009921752639865389,0.029223085338684784,-0.07834082367602768,0.012741673114541678,0.018894672473460376,223.22797698974608,229.45753997802734,0.9728509118119292,37.297475432789575,-4.6732212823747545,-5.110541854109754,0.4373205717349995,0.6436163567640305,4.33,320.201935483871,18.33,4.2,1
2025-03-27,222.4815673828125,223.61459773398053,219.21167130142223,220.0365991694977,37094800,0.010472618545503964,0.0455394051249427,-0.056679327690143055,0.011147195186110738,0.01903568239309226,222.55958786010743,229.2751852416992,0.9707094451825989,35.6143670588508,-4.083265484725274,-4.905086580232859,0.8218210955075849,0.6953395410303153,4.33,320.21861290322585,18.69,4.2,0
2025-03-28,216.5679168701172,222.44179120535847,216.3492605717641,220.31487416588556,39818600,-0.026580406557995873,-0.0016952827992945396,-0.09899121006672151,0.01752582278035227,0.019015774811062612,221.36990356445312,228.8834194946289,0.9671731751178592,39.86456152068447,-4.046260664391838,-4.733321397064655,0.6870607326728173,0.758492721775964,4.33,320.2352903225807,21.65,4.2,1
2025-03-31,220.7720947265625,224.24075018814543,214.90815310911736,215.6833836525119,65299300,0.019412745512839225,0.006342624117273488,-0.06679821836330369,0.019161803339086323,0.019588673920515262,220.57976455688475,228.7665524291992,0.9642133529338902,51.43814927751938,-3.6357810398056927,-4.513813325612863,0.8780322858071701,1.2227697905211854,4.33,320.2853225806452,22.28,4.2,1
2025-04-01,221.8255920410156,222.31258685550367,217.5618092777705,218.46624988397505,36412700,0.004771877151221959,-0.002502806703262306,-0.053999095617231596,0.01812166992064041,0.019621556057095608,219.9466583251953,228.6366030883789,0.9619923291117803,57.38407115445626,-3.188707120360988,-4.2487920845624885,1.0600849642015007,0.6931328872878366,4.33,320.302,21.77,4.2,1
2025-04-02,222.5213165283203,223.8133724100327,219.66886624627367,219.9670353213626,35905900,0.0031363580770973343,0.010653152257211973,-0.0502673003446692,0.017324180035677993,0.019660144811443767,219.3577796936035,228.66631072998047,0.9592920749599669,70.04228143943128,-2.7465975990696165,-3.9483531874639146,1.201755588394298,0.6909309717511471,4.33,320.31260000000003,21.51,4.203333333333333,0
2025-04-03,201.9478912353516,206.22160814156837,200.01974813123203,204.28351646204925,103419000,-0.09245597506767556,-0.0922938308508483,-0.13657411741557612,0.04467030509326638,0.02813875957966811,217.76060409545897,228.2609213256836,0.9539986206607712,40.16052512241924,-4.010100161610126,-3.960702582293157,-0.04939757931696853,1.8844621477646166,4.33,320.32320000000004,30.02,4.206666666666667,0
2025-04-04,187.22840881347656,198.65810753704545,186.19475800144227,192.70471987275084,125910900,-0.07288752723206615,-0.13547485925275105,-0.21202990358537854,0.05113735890257313,0.03118729393836394,215.2415985107422,227.56451721191405,0.9458486812788286,30.7773331155458,-6.128528400540887,-4.394267745942703,-1.7342606545981836,2.1390966946851617,4.33,320.3338,45.31,4.21,0
2025-04-07,180.3507232666016,192.96313526897592,173.55252535537636,176.1167553732534,160466300,-0.03673419856773319,-0.1830909450310051,-0.20230339583746826,0.04388152108903176,0.030555806891834906,212.9546661376953,226.74803283691406,0.9391687481181392,28.387567275360595,-8.26707212537363,-5.168828621828889,-3.098243503544741,2.53575493742481,4.33,320.36560000000003,46.98,4.22,0
2025-04-08,171.36595153808594,189.17640027021665,168.17558356470508,185.5586531084637,120859500,-0.04981832934062602,-0.2274743866956508,-0.21925380204545253,0.03648810792802035,0.03154230661253789,210.54846572875977,225.61127319335938,0.9332355726227826,22.809232093287235,-10.565091624592839,-6.248081222381679,-4.317010402211159,1.8446882382322607,4.33,320.37620000000004,52.33,4.223333333333334,1
2025-04-09,197.6343994140625,199.38363475051756,170.83920418374143,170.89883496621582,184395900,0.15328860628500296,-0.11184059802688817,-0.08355600845704392,0.09905134809869236,0.048487763803765724,209.6475082397461,224.83309295654297,0.932458409404473,42.67038172028332,-10.14964562818139,-7.028394103541622,-3.121251524639767,2.5750022744729977,4.33,320.3868,33.62,4.226666666666667,0
2025-04-10,189.25592041015625,193.58926741380884,181.88128226075605,187.9141823452429,121880000,-0.042393829357370905,-0.06284775120728558,-0.0918543133251093,0.09215091383939032,0.04881462983645231,208.69039459228514,223.86550170898437,0.9322132843119963,37.141010444015606,-10.376856968875103,-7.698086676608318,-2.678770292266785,1.6330013111708919,4.33,320.3974,40.72,4.23,1
2025-04-11,196.93865966796875,198.32016168749277,184.92257212057936,184.96233608452025,87435900,0.040594446087406144,0.051863127588537505,-0.0718535190013857,0.08650210264200668,0.0495948679519272,207.92808303833007,223.08671020507813,0.932050514560849,40.05811450826684,-9.823748682825283,-8.123219077851711,-1.7005296049735712,1.150442169314108,4.33,320.408,37.56,4.233333333333333,1
2025-04-14,201.28196716308597,211.638266220138,199.9302804535287,210.14743595954587,101352900,0.022054113206822157,0.11605855256561948,-0.053644789198167175,0.0819286534424953,0.04989274233776738,207.3575927734375,222.4263558959961,0.9322527986314509,40.76234873998477,-8.931975511149318,-8.284970364511233,-0.6470051466380848,1.288395731979152,4.33,320.4398,30.89,4.243333333333333,0
2025-04-15,200.90426635742188,202.2658863473441,198.5785750100267,200.62597928160577,51343900,-0.0018764761244511874,0.17236980015117576,-0.049602772296467146,0.0733800816611159,0.04988153677420549,206.83331680297852,221.9170962524414,0.9320296646622288,41.425666516041574,-8.161633910873263,-8.26030307378364,0.09866916291037597,0.6490064124016286,4.33,320.4504,30.12,4.246666666666667,0
2025-04-16,193.0823974609375,199.47308245703653,191.19400339685228,197.1473909296092,59732400,-0.03893331405202094,-0.02303243750389894,-0.09742621438432009,0.03662769353744727,0.05045891620930576,205.7912254333496,221.1562890625,0.9305239579924035,37.53162548386278,-8.089046598571713,-8.226051778741255,0.13700518016954177,0.7524972475366406,4.33,320.461,32.64,4.25,1
2025-04-17,195.77581787109372,197.6145145196776,193.2314700862815,195.99447418061752,52164700,0.013949590669968481,0.03445016381420207,-0.0799627377553005,0.029966843380652107,0.05061490349496852,204.94045715332032,220.4559033203125,0.9296210900533295,40.93431513189784,-7.7251335821569,-8.125868139424384,0.40073455726748364,0.6557969153795853,4.33,320.4716,29.65,4.253333333333333,0
2025-04-21,191.9792022705078,192.6152892965427,188.6496750021232,192.0885304389909,46742500,-0.019392668828413506,-0.02518275185696095,-0.11504092572485103,0.024795456989419193,0.050453440231569065,203.69263305664063,219.66469299316407,0.9272889069295243,37.401064789968444,-7.654844758720145,-8.031663463283536,0.37681870456339084,0.6056711316866455,4.33,320.514,33.82,4.266666666666667,1
2025-04-22,198.5189514160156,200.35763286451956,194.7719939992729,194.92107095045927,52976400,0.034064883425721115,-0.013727090340048598,-0.09509359526421124,0.02837559548910707,0.05109179941542325,202.64954833984376,219.11527252197266,0.9248535987810812,40.26890379401031,-6.990851079078567,-7.823500986442542,0.832649907363975,0.6826102247864009,4.33,320.5246,30.57,4.27,1
2025-04-23,203.3492584228516,206.72846769395252,201.56025903470572,204.7406939661261,52929200,0.02433171731153072,0.012169936008625593,-0.08558650663597811,0.03082046855553461,0.05133825661893084,201.69790267944336,218.6570910644531,0.9224393395958481,42.262342587697894,-6.005636656260435,-7.45992812040612,1.454291464145685,0.6739967843003873,4.33,320.53520000000003,28.45,4.273333333333333,1
2025-04-24,207.09619140625,207.55338601533765,201.6993932641485,203.63746952607696,47311000,0.0184260961286955,0.07257934503401664,-0.05940508563119362,0.02027083162738187,0.05153519098407521,201.04392471313477,218.17505645751953,0.9214798794026193,52.404365611170306,-4.866404073824043,-6.941223311089705,2.074819237265662,0.5975679209180854,4.33,320.5458,26.47,4.276666666666666,1
2025-04-25,208.0006103515625,208.46773832051537,204.93943745171495,205.1083963732819,38222300,0.004367144268425216,0.06244281144322961,-0.06508834507774464,0.020756560535330943,0.05147653892537429,200.31987686157225,217.62662933349608,0.9204750240127896,61.138334337806306,-3.8462379572027885,-6.322226240312323,2.475988283109534,0.48242836442455106,4.33,320.5564,24.84,4.28,1
2025-04-28,208.8553771972656,210.2070638884643,206.1917677806294,208.71623364812055,38743100,0.0041094439302769015,0.08790626654953204,-0.03561256803091961,0.012968573944823454,0.05116592857585718,199.9342498779297,217.00266693115233,0.9213446668900255,66.34000322937236,-2.934944209113496,-5.644769834072558,2.7098256249590618,0.48933384308897776,4.33,320.58820000000003,25.15,4.29,1
2025-04-29,209.9188537597656,210.94255602883885,207.096203506044,207.41425458581944,36827600,0.0050919280928809485,0.05742475598644692,-0.04916038406139689,0.009472454959529749,0.0509709656889564,199.39158782958984,216.33894927978517,0.9216629205854292,74.3075773630591,-2.1026852310194784,-4.936352913461942,2.8336676824424636,0.47365710328423444,4.33,320.5988,24.17,4.293333333333333,1
2025-04-30,211.2009429931641,212.2743425468257,205.40658118436116,208.02050829648644,52286500,0.006107546846962686,0.03861181806714753,-0.047896407939652885,0.0060900625827435976,0.05098023521358414,198.86035537719727,215.70345794677735,0.9219154726127017,62.4885627639835,-1.3243933266459749,-4.2139609960987485,2.8895676694527737,0.665685958656085,4.33,320.6094,24.7,4.296666666666667,1
2025-05-01,212.01596069335935,213.2483707428857,207.62296725165956,207.80187477964563,57365700,0.003858968092872672,0.02375596216281206,-0.04721055941453567,0.0009084924872131359,0.050983762348014605,198.33508758544923,215.07631561279297,0.9221614524144844,74.34103381042738,-0.6345120086551788,-3.498071198610035,2.8635591899548563,0.7205091142066172,4.33,320.62,24.6,4.3,0
2025-05-02,204.0946502685547,205.72462393265195,200.9241491081776,204.8301167579532,101010600,-0.037361858979387486,-0.01877859914163693,0.010630262193237039,0.018872687985537366,0.04713762651656197,198.4424255371094,214.27166442871095,0.9261253748422343,57.61421690667071,-0.7186752035624409,-2.9421919996005164,2.2235167960380755,1.270607707515164,4.33,320.6462903225806,22.68,4.293548387096774,0
2025-05-05,197.6741485595703,202.85230555245,196.99831280299983,201.85841873478097,69018500,-0.0314584517552815,-0.05353574702141628,0.05579142509564439,0.02171172784699137,0.044533010636593304,198.96471252441407,213.34416931152344,0.9325997198165158,46.32366751955694,-1.2886017723282919,-2.6114739541460716,1.3228721818177798,0.9003989328827501,4.33,320.7251612903226,23.64,4.274193548387097,0
2025-05-06,197.29644775390625,199.42336473268145,195.8155662438316,196.9982938696683,51216500,-0.0019107243330315216,-0.060129930112445384,0.09395983659158835,0.02063323740150559,0.04354218740218706,199.8119987487793,212.3783093261719,0.9408305367094095,46.32366751955697,-1.7505704956328145,-2.4392932624434205,0.688722766810606,0.7194262794375478,4.33,320.7514516129032,24.76,4.267741935483871,0
2025-05-07,195.05029296875,198.2207944248892,192.0686324392914,197.9524407308952,68536700,-0.011384669165244943,-0.07647053936182868,0.1382091437539752,0.01808917174165488,0.041791957815983764,200.9962158203125,211.3687191772461,0.9509269706638304,52.26234088639811,-2.2717427204493106,-2.4057831540445984,0.13404043359528783,0.9994470986093031,4.33,320.7777419354839,23.55,4.261290322580645,1
2025-05-08,196.28273010253903,198.82707814993435,193.48989516366865,196.51131984408343,50478900,0.006318560792864192,-0.07420776501621706,-0.0068392411216409155,0.018772899832416656,0.023826341456895526,200.92863235473632,210.5165609741211,0.9544552287239605,50.603014984162705,-2.5558656583314985,-2.4357996549019783,-0.12006600342952023,0.8157709676332422,4.33,320.8040322580645,22.48,4.254838709677419,1
2025-05-09,197.31634521484372,199.31405222350435,196.3323918231404,197.7834732241415,36453900,0.00526595035520816,-0.03321157631908456,0.0425900800736847,0.015576498683551003,0.021655154342194546,201.3316535949707,209.74590087890624,0.9598836151329919,56.79570887729116,-2.6668887983307457,-2.482017483587732,-0.18487131474301366,0.6327982521708126,4.33,320.83032258064515,21.9,4.248387096774193,1
2025-05-12,209.776123046875,210.2538252478288,205.75556156059076,209.95526516858175,63775800,0.06314620219863043,0.061221836924506556,0.06518508555176394,0.029298033851481376,0.02419203213672206,201.97352676391603,209.13419128417968,0.9657604312508926,62.455790596169386,-1.729538453628777,-2.331521677595941,0.6019832239671641,1.1302865043180301,4.33,320.9091935483871,18.39,4.229032258064516,1
2025-05-13,211.9058380126953,212.3735786127325,207.99474788922345,209.4178625594749,51909300,0.010152323033181476,0.0740479133056251,0.052781036470105125,0.028316848580286613,0.023854041291460477,202.50472030639648,208.640810546875,0.9705901725343425,60.06942748541203,-0.8055455258494533,-2.026326447246644,1.2207809213971905,0.9621336635016781,4.33,320.93548387096774,18.22,4.22258064516129,0
2025-05-14,211.3087158203125,212.9109724892217,209.56713314477625,211.40822571910564,49325800,-0.002817865699136779,0.08335502912660253,0.05178809614914015,0.026547923073393914,0.023864771675499562,203.02494277954102,208.17723052978516,0.9752504741410374,55.354254474872995,-0.12007311600333992,-1.645075780997983,1.525002664994643,0.9159618408965269,4.33,320.9617741935484,18.62,4.216129032258064,0
2025-05-15,210.43295288085935,211.93569971673276,208.53213606160296,209.93535780893237,45029500,-0.004144471448105591,0.07209102283694624,0.08986088658564562,0.02791946683354031,0.02184551375052409,203.8924705505371,207.69991180419922,0.9816685466036623,53.093839570465434,0.34848484088274745,-1.246363656621837,1.5948484975045845,0.8477541466849348,4.33,320.98806451612904,17.83,4.209677419354838,0
2025-05-16,210.24388122558597,211.54759317457453,208.76105751069144,211.33859654598928,54737900,-0.0008984888188136031,0.0655168024558046,0.07390117692685916,0.02854828502240266,0.021760898211506365,204.61587371826172,207.2269613647461,0.9873998652043712,51.79654396722371,0.6965346768727159,-0.8577839899229265,1.5543186667956423,1.0280405338465846,4.33,321.01435483870966,17.24,4.203225806451613,0
2025-05-19,207.7758026123047,208.4724326946764,203.2775387890809,206.90999202317107,46140500,-0.01173912219891482,-0.009535501016592507,0.08228287311840532,0.007889065560714868,0.021395930526706016,205.40570373535155,206.63030700683595,0.9940734576199227,47.32442051368417,0.7644018136757609,-0.5333468292031891,1.29774864287895,0.8670616634080172,4.33,321.09322580645164,18.14,4.183870967741935,0
2025-05-20,205.86502075195312,207.4672773896924,204.04382108157407,206.6711222878563,42496600,-0.009196363755200831,-0.02850708275616398,0.0370043730512315,0.004540343409873647,0.02037781445727109,205.77300720214845,206.22582000732422,0.9978042865575237,43.44111416750845,0.656435897084009,-0.2953902839457495,0.9518261810297585,0.8065279713467979,4.33,321.11951612903226,18.09,4.177419354838709,0
2025-05-21,201.1179656982422,206.04415370597744,199.74461367242375,204.18315305948536,59211800,-0.023059065772182197,-0.04822683287108742,-0.010972711392778112,0.008531544699665562,0.020401313758895173,205.66144256591798,205.85838012695314,0.9990433347386019,37.78500503334874,0.18568401060261408,-0.1991754250360768,0.38485943563869085,1.1170999675973505,4.33,321.1458064516129,20.87,4.170967741935484,0
2025-05-22,200.3914794921875,201.77479312617928,198.7394602788173,199.74461200022,46742400,-0.0036122392324945407,-0.047718160350850636,-0.03237486826066349,0.00862269870421075,0.019923002785509694,205.32620697021486,205.55313873291016,0.9988959946605818,45.05112396874201,-0.2432080651647084,-0.20798195306180312,-0.03522611210290527,0.8823233775658431,4.33,321.1720967741936,20.28,4.164516129032258,0
2025-05-23,194.33078002929688,196.74908474491085,192.52948833207407,192.738469754576,78432900,-0.03024429720389843,-0.07568877202763757,-0.06572014523977066,0.010836374054686708,0.02087102951017715,204.64271545410156,205.2717904663086,0.9969354044665466,45.488574580557334,-1.059937619399136,-0.3783730863292697,-0.6815645330698664,1.4263892254581876,4.33,321.1983870967742,22.29,4.158064516129032,1
2025-05-27,199.24703979492188,199.77448939448533,196.4803970243206,197.34622283817183,56288500,0.025298410086574297,-0.04104791178834666,-0.04600474036763047,0.021511158095709887,0.021779042577023445,204.16229858398438,205.01303344726563,0.9958503376640194,52.34485516391278,-1.295566119397364,-0.5618116929428887,-0.7337544264544753,1.0075934906186501,4.33,321.3035483870968,18.96,4.132258064516129,1
2025-05-28,199.4560089111328,201.7548957380012,198.9385057789635,199.6251894151235,45339700,0.001048794082090465,-0.031132106937887927,-0.04984233031591634,0.021872988079513565,0.02172718805776915,203.63915634155273,204.74831817626952,0.9945828036850496,55.568984053348125,-1.4487411557734617,-0.7391975855090034,-0.7095435702644584,0.805467765975779,4.33,321.3298387096774,19.31,4.125806451612903,0
2025-05-29,198.98828125,202.82971610271787,197.55520490499055,202.60082660426147,51396800,-0.0023450166464586975,-0.01058923026020242,-0.057824844766717565,0.019716444736141505,0.021636412981288475,203.02852325439454,204.5002880859375,0.9928031160967143,53.48733289670625,-1.589551824981612,-0.9092684334035251,-0.6802833915780869,0.9137953733651001,4.33,321.3561290322581,19.18,4.119354838709677,1
2025-05-30,199.8839569091797,200.98861863398105,195.8335255231089,198.41106448584637,70819900,0.004501147773895209,-0.0025326555015908747,-0.05722212490278644,0.019880771363145,0.021647217385007172,202.42192306518555,204.21948272705077,0.991197903168388,53.32134574200364,-1.610309113515143,-1.0494765694258488,-0.5608325440892943,1.2442416189921928,4.33,321.3824193548387,18.57,4.112903225806451,1
2025-06-02,200.7298583984375,201.15779807678396,199.15745607510848,199.31669015009305,35423300,0.004231962896562802,0.03292879474973498,-0.016486428555034016,0.0108450278549099,0.020085840841833947,202.2536834716797,203.97825622558594,0.9915453108296064,33.27201069045533,-1.5407415243226694,-1.147729560405213,-0.3930119639174565,0.6604049012318703,4.33,321.4594666666667,18.36,4.1066666666666665,1
2025-06-03,202.2923126220703,202.78990771325485,199.99342573046133,200.38154929416936,46381600,0.007783865520053501,0.015283904996946651,0.023362508937825543,0.0038413281421877765,0.018792148022287555,202.48459167480468,203.68538879394532,0.9941046477302532,31.842118611632444,-1.3440384719382337,-1.186991342711817,-0.15704712922641662,0.8833426987664387,4.33,321.4839333333333,17.69,4.113333333333333,0
2025-06-04,201.84446716308597,205.24801554678163,201.1279290627925,201.9340306292736,43604000,-0.0022138530781494747,0.011974862351814775,0.023051704483055824,0.00448774414791089,0.018795012646452395,202.71199264526368,203.33466522216796,0.9969376959102181,32.022695640630744,-1.210335279796027,-1.1916601301286591,-0.01867514966736783,0.8365068758969803,4.33,321.5084,17.61,4.119999999999999,0
2025-06-05,199.6649932861328,203.765171611367,199.1872911078447,202.521183994692,55126100,-0.010797788552668997,0.0034007632604384774,0.02365902786991536,0.007378927982425945,0.018774605688454005,202.9427276611328,202.88032165527343,1.000307600093248,30.511524532332842,-1.2656502359111244,-1.2064581512851522,-0.05919208462597214,1.0713300124223217,4.33,321.5328666666667,18.48,4.126666666666666,1
2025-06-06,202.93917846679688,204.7106157617459,201.07817770068,202.0236053289331,46607700,0.016398393763357166,0.015284976367589964,0.033912552371675675,0.010264634381888852,0.019048748935843775,203.2755500793457,202.53559020996093,1.0036534806974797,38.107581053452634,-1.0333762385590148,-1.1718417687399247,0.1384655301809099,0.909202102133736,4.33,321.5573333333333,16.77,4.133333333333333,0
2025-06-09,200.48106384277344,205.0091823144686,199.05794913802785,203.4069254763425,72862600,-0.012112568123092138,-0.0012394496645846687,0.016038806235154413,0.012222173660308422,0.019279121649937565,203.43378601074218,202.09558013916015,1.0066216483837032,38.11994859005338,-1.0357077349880797,-1.1446149619895558,0.10890722700147615,1.3726259067583966,4.33,321.6307333333333,17.16,4.153333333333333,1
2025-06-10,201.69517517089844,203.36710243054736,199.605285078082,199.63513956616535,54672600,0.0060559900513954545,-0.0029518543904704098,-0.03852177148955538,0.011962069522327288,0.012688399682561075,203.02973861694335,201.79812530517577,1.0061031950118715,43.0514059921532,-0.9288792831092678,-1.1014678262134983,0.17258854310423044,1.0388604051400907,4.33,321.6552,16.95,4.16,0
2025-06-11,197.8238983154297,203.51638723180636,197.45568281643992,202.5211970741936,60989900,-0.019193700851736217,-0.019919143210439083,-0.06645375997815584,0.014663433215552605,0.012917794087466858,202.32564163208008,201.33916137695311,1.0048995945368027,44.345760367939405,-1.143416065314426,-1.109857474033684,-0.03355859128074212,1.148985885008347,4.33,321.67966666666666,17.26,4.166666666666666,1
2025-06-12,198.2418670654297,198.71955406677787,196.410720905765,198.12244911144165,43904600,0.00211283244117233,-0.00712757002257125,-0.061837717881898846,0.014283520986245319,0.012975463095656762,201.67229919433595,200.8674868774414,1.0040066828604552,46.270709676189696,-1.2651278198590887,-1.140911543198765,-0.12421627666032364,0.8313620534725659,4.33,321.70413333333335,18.02,4.173333333333333,0
2025-06-13,195.50509643554688,199.4062398916536,194.758703844025,198.7693188209708,51447300,-0.013805210122337819,-0.03663206921115181,-0.0709387776056356,0.010884431386967387,0.013194123491169956,200.9259063720703,200.32716247558594,1.002988830316794,52.30287608156777,-1.5643865060614814,-1.2256065357713084,-0.33877997029017304,0.9683042972663871,4.33,321.7286,20.82,4.18,1
2025-06-16,197.4656219482422,197.73432753277092,195.6145677161257,196.35101387226533,43020700,0.010028002074829123,-0.015041030991815307,-0.060778269516595596,0.012814654975354804,0.013533261923100833,200.28699340820313,200.23751708984375,1.000247088153501,46.048494259930806,-1.6246254756511007,-1.305410323747267,-0.31921515190383376,0.8187327262718627,4.33,321.802,19.11,4.199999999999999,0
2025-06-17,194.69900512695312,197.4357781067605,194.2710806409192,196.25149936947125,38856200,-0.014010625211583472,-0.03468684879555195,-0.06293705677437311,0.012421143395829658,0.013619341320002748,199.63315353393554,200.38692901611327,0.9962383999501428,40.52338641773033,-1.874005776877965,-1.4191294143734066,-0.45487636250455843,0.7446389757548975,4.33,321.82646666666665,21.6,4.206666666666666,1
2025-06-18,195.63449096679688,196.61973472966923,194.13175923439317,194.99756984742208,45394700,0.0048047797636858736,-0.011067456294596933,-0.04969532826794809,0.011083319666311073,0.013652346981731567,199.12162704467772,200.69260437011718,0.9921722211420294,43.441021294881594,-1.9734073615339582,-1.529985003805517,-0.4434223577284413,0.867533479665479,4.33,321.85093333333333,20.14,4.213333333333333,1
2025-06-20,200.03321838378903,200.7298484455588,195.9131318065836,197.28649906078425,96813500,0.02248441670614576,0.009036190714285963,-0.005393587344060147,0.015795743046583727,0.013832111766840854,199.06738967895507,201.26594970703124,0.9890763438560946,50.25673246912487,-1.6779014887661106,-1.5595683007976358,-0.1183331879684748,1.7860209846650525,4.33,321.89986666666664,20.62,4.226666666666667,1
2025-06-23,200.53082275390625,201.3269779408771,198.00304635957568,200.6602023375907,55814300,0.0024876086788869767,0.02570636985934649,0.0006953552220476666,0.013215649619214523,0.013819677722883918,199.07435684204103,201.32387817382812,0.9888263560577509,49.6535034824972,-1.3875634735823326,-1.5251673353545752,0.1376038617722426,1.0211207148501793,4.33,321.97326666666663,19.83,4.246666666666666,0
2025-06-24,199.3365936279297,202.46149014710028,199.23706853700068,201.61557243039425,54064000,-0.0059553394813630645,0.009474923590385265,0.02575924204018598,0.013668725884299059,0.01195128945165219,199.32464752197265,201.52549163818358,0.9890790782926743,44.78763148915742,-1.2395441216093275,-1.4680426926055257,0.2284985709961982,1.0116501438959309,4.33,321.9977333333333,17.48,4.253333333333333,1
2025-06-25,200.5905303955078,202.690382284235,199.65504919597095,200.48105886821315,39525700,0.006290549791969635,0.03025965779698314,0.006742838448032806,0.010350283693592845,0.010628350018801693,199.39182205200194,201.59852905273436,0.9890539528681026,47.84983092320842,-1.0094195410645739,-1.3763180622973352,0.36689852123276134,0.7513925942992887,4.33,322.0222,16.76,4.26,0
2025-06-26,200.03321838378903,201.66532960796235,198.50063224789568,200.4611428555203,50799100,-0.0027783565386656495,0.02248441670614576,0.002893918693186004,0.011101615450244835,0.010650289281633984,199.42068252563476,201.57355407714843,0.9893196726060121,50.668603877968934,-0.8620770866887142,-1.273469867175611,0.41139278048689687,0.9607171313083402,4.33,322.0466666666666,16.59,4.266666666666667,1
2025-06-27,200.1128387451172,202.24254507531293,199.03803155248616,200.91894034324127,73188600,0.0003980356961281739,0.0003980356961281739,0.005651375488310073,0.0047186814501546884,0.010633461318469189,199.47691040039064,201.55772552490234,0.9896763315864336,44.194591978797696,-0.7304621196878145,-1.1648683176780519,0.4344061979902374,1.3562028706318185,4.33,322.0711333333333,16.32,4.273333333333333,1
2025-06-30,204.1831512451172,206.39247448465787,198.30157410241037,201.03834688076608,91912800,0.020340086750677333,0.01821330227968554,0.0215084512154764,0.010364514949468879,0.011513439597862024,199.6918701171875,201.77974060058594,0.9896527249109152,57.131880109632576,-0.29432333221203066,-0.9907593205848477,0.6964359883728171,1.6705202327897446,4.33,322.1445333333333,16.73,4.293333333333333,1
2025-07-01,206.82041931152344,209.17901505124104,205.1484920031366,205.6759415551798,78788900,0.012916188482370305,0.037543661940780515,0.030342077465109973,0.009377179232910775,0.011796948826565297,199.99639816284179,202.00063262939454,0.9900780782690425,59.360268684700095,0.2611153166314466,-0.7403843931415889,1.0014997097730354,1.3776994057134844,4.33,322.169,16.83,4.3,1
2025-07-02,211.41819763183597,212.3138626915596,207.13887695509675,207.90517762155156,67941800,0.02223077554729791,0.05397895511308071,0.04511236680958297,0.011386035085856542,0.012612134321110541,200.45269241333008,202.38941253662108,0.9904307241222879,74.18556721181167,1.0600867130251004,-0.38029017190825104,1.4403768849333514,1.1660474313354159,4.33,322.20519354838706,16.64,4.3,1
2025-07-03,212.5228729248047,213.6175730473592,210.7912364882436,211.12959751601144,34955800,0.005225071944338522,0.06243790227407464,0.05290412916342557,0.009425019259490864,0.01258216132827597,200.98661270141602,202.66949096679687,0.9916964400642988,74.80128129706944,1.7621029391199272,0.04818845029738461,1.7139144888225426,0.6044124818911669,4.33,322.2413870967742,16.38,4.3,0
2025-07-07,208.940185546875,215.18997897032483,207.7957228576545,211.65705062020388,50229000,-0.016857890770172856,0.044111846381836406,0.04645377293279562,0.0158240762870232,0.012989582131938354,201.45037231445312,202.78130950927735,0.9934365884210677,72.66624310860038,2.0062362833864995,0.43979801691520765,1.566438266471292,0.8721903944626007,4.33,322.38616129032255,17.79,4.3,1
2025-07-08,208.9998779296875,210.4130461204056,207.4473837253886,209.08945658408672,42848900,0.0002856912501358888,0.023590226006395376,0.029864610218091725,0.014657083107087812,0.012565352969694372,201.75340728759767,202.8193832397461,0.9947442106611262,70.79297332952629,2.179407540533248,0.7877199216388158,1.391687618894432,0.7464763582168077,4.33,322.4223548387097,16.81,4.3,1
2025-07-09,210.1244659423828,210.31355451699517,206.22332203726856,208.5222090540861,48749400,0.005380807031254209,0.01597543725062578,0.048101311489309406,0.013980570839266238,0.01216698745029014,202.23557739257814,202.8618603515625,0.996912761433327,79.55757909959172,2.379957198392759,1.1061673769896045,1.2737898214031547,0.8674904872936438,4.33,322.4585483870968,15.94,4.3,1
2025-07-10,211.3883514404297,212.45319704499605,209.0197939340788,209.49748097232364,44443600,0.006014937348578053,-0.0001411713454214647,0.04805854310257107,0.00970442631520775,0.012166345553353601,202.7202362060547,202.9125198364258,0.9990523816345778,79.81165537565258,2.6107837541281356,1.407090652417311,1.2036931017108246,0.79813319483863,4.33,322.49474193548383,15.78,4.3,0
2025-07-11,210.1443634033203,211.10969909895368,208.8506131239295,209.55720483784356,39765800,-0.005884846675006772,-0.011191781330407435,0.06227996310256545,0.009481081124314084,0.011251533778111352,203.3362594604492,202.91703002929688,1.002066014030916,71.72797049441785,2.6626427363835603,1.6582010692105609,1.0044416671729994,0.728001554649775,4.33,322.53093548387096,16.4,4.3,0
2025-07-14,207.61656188964844,209.89555581124029,206.5417547175356,208.92025854176603,38840100,-0.012028880873765746,-0.006334940565703717,0.04728917742246974,0.007693686990914516,0.011749218886588935,203.80499420166015,202.84534240722655,1.0047309530652522,64.00466851436892,2.471281502172417,1.820817155802932,0.6504643463694848,0.7143662471277824,4.33,322.63951612903224,17.2,4.3,1
2025-07-15,208.10421752929688,210.87084499335575,207.9151289669034,208.2136890556617,42296300,0.0023488282206871602,-0.004285458964200628,0.06444395222148902,0.007850136535314077,0.011116337635852189,204.43495025634766,202.76710754394531,1.0082254105836217,67.82674954036614,2.3320931616977987,1.9230723569819055,0.4090208047158932,0.7845366358723012,4.33,322.6757096774193,17.38,4.3,1
2025-07-16,209.149169921875,211.37838618562168,207.63647661047767,209.28849593835915,47490500,0.00502129368152282,-0.004641515761307113,0.05916750398555548,0.0077803194617360105,0.011010014962632422,205.0191276550293,202.86819793701173,1.0106025968579138,67.55098681843126,2.2798239329652574,1.994422672178576,0.2854012607866814,0.8772451577925574,4.33,322.71190322580645,17.16,4.3,0
2025-07-17,209.0098419189453,210.78127919114968,208.5819022531988,209.5571995447156,48068100,-0.0006661656987771991,-0.011251847631512657,0.07350236218547113,0.006807491493297184,0.010311161779447638,205.73466949462892,203.09491180419923,1.012997655465513,68.72921070728171,2.201776873947182,2.0358935125322972,0.1658833614148847,0.8804238436699612,4.33,322.7480967741935,16.52,4.3,1
2025-07-18,210.1642608642578,210.77132749863404,208.6913836081342,209.85575432940055,48974600,0.005523275529580873,9.468472346951806e-05,0.07426998084876013,0.007182736943931448,0.01031681976802852,206.46115798950194,203.35226806640625,1.015288198910476,70.07150700992956,2.2076278190839105,2.07024037384262,0.13738744524129043,0.8940961604394955,4.33,322.78429032258066,16.41,4.3,1
2025-07-21,211.4579925537109,214.74212298846783,210.61209006251647,211.07983063398711,51377400,0.006155812049740916,0.01850252517958695,0.057114384611869795,0.0028278744583299107,0.009347517790293932,207.03239669799805,203.68042205810548,1.0164570291342794,66.3388147433296,2.2902574086592438,2.114243780805945,0.17601362785329888,0.9785475261902796,4.33,322.89287096774194,16.65,4.3,1
2025-07-22,213.36875915527344,213.91611676733493,211.20919838168209,212.1148250502387,46404100,0.009036152185532442,0.02529762101162336,0.06401976626367345,0.003535715629892373,0.00944931210831373,207.6742935180664,204.02214263916017,1.0179007573965417,65.20327622610495,2.481321717326864,2.187659368110129,0.29366234921673495,0.8918167190290435,4.33,322.929064516129,16.5,4.3,0
2025-07-23,213.11997985839844,214.11517007989065,211.38835859165647,213.96589762082587,46989300,-0.001165959336596023,0.018985540023929826,0.06914629160462149,0.004487245102036028,0.009265316708463173,208.36346282958985,204.33821533203124,1.019698946137011,54.950797433156524,2.5828931637707058,2.2667061272422444,0.31618703652846136,0.9092446539236358,4.33,322.9652580645161,15.37,4.3,0
2025-07-24,212.7318420410156,214.65256693634575,212.50295255730364,212.87116805528336,46022600,-0.0018212174083384047,0.01780777444687831,0.06052784057935612,0.004792496510767944,0.009309071696769243,208.97052841186525,204.39732971191407,1.0223740628431732,50.63437727266403,2.60207469149222,2.3337798400922396,0.2682948513999803,0.8849762236167428,4.33,323.0014516129032,15.39,4.3,1
2025-07-25,212.85128784179688,214.20474714033003,212.37358560556336,213.66733592091677,40268800,0.000561485293575581,0.012785365915637614,0.06407970416900843,0.004794321743247745,0.009229887732040594,209.61143188476564,204.41623870849608,1.0254147772657047,65.03440719442347,2.5969781210629606,2.3864194962863836,0.21055862477657694,0.7822553480314435,4.33,323.0376451612903,14.93,4.3,1
2025-07-28,213.0204620361328,213.8166172208377,212.03521828670327,213.00055398053095,37858000,0.0007947999565860453,0.007389030149924647,0.06450172498655116,0.004367714959489887,0.009224084542076438,210.2568130493164,204.4504736328125,1.0283997357077876,65.3262572808926,2.5768852666159603,2.424512650352299,0.15237261626366116,0.7615573846504486,4.33,323.1462258064516,15.03,4.3,0
2025-07-29,210.2538299560547,213.7767964509494,209.80599741985404,213.14982178903043,51411700,-0.012987635336218717,-0.014598806364862216,0.029731535995591418,0.005735016848576772,0.008965857951787786,210.5603469848633,204.44689117431642,1.0299024151232232,50.43826365296218,2.311076792879277,2.401825478857695,-0.09074868597841812,1.0781245363572947,4.33,323.1824193548387,15.98,4.3,0
2025-07-30,208.0445098876953,211.36844143995228,206.7209051278188,210.88079278566187,45512500,-0.010507870742811898,-0.023815082818961275,0.005918615677536598,0.006491095913340861,0.008926495573391303,210.62155151367188,204.40290374755858,1.0304234805479742,39.35362509789294,1.900243176460009,2.301509018378158,-0.40126584191814896,0.9889202902542163,4.33,323.2186129032258,15.48,4.3,0
2025-07-31,206.57164001464844,208.83071086700429,206.1636083824018,207.4872131893059,80698400,-0.007079590198472152,-0.0289575926540393,-0.022924032422352414,0.006312959006839443,0.0074213017701586555,210.3792236328125,204.37882049560548,1.029359221873658,38.78830016874392,1.439215901056997,2.129050394913926,-0.689834493856929,1.7294894186689334,4.33,323.2548064516129,16.72,4.3,0
2025-08-01,201.40660095214844,212.5527283441607,200.530828701964,209.8557561748323,104434500,-0.025003621320592417,-0.053768464385119286,-0.052306238004741434,0.00941769446622665,0.008974102932459807,209.8234100341797,204.28965209960938,1.0270878034090152,33.27981462917623,0.6495849663274953,1.83315730919664,-1.1835723428691447,2.083099793394447,4.33,323.291,20.38,4.3,1
2025-08-04,202.37193298339844,206.88014336875773,200.70995198839023,203.52634207300895,75109300,0.004792951306890725,-0.04998829197416799,-0.03143604255105348,0.010741616107101672,0.00846041196326246,209.49499740600587,204.3147314453125,1.0253543438794082,34.95299701600149,0.10053211720804711,1.4866322707989217,-1.3861001535908746,1.461890593859905,4.319354838709677,323.38332258064514,17.52,4.309677419354839,0
2025-08-05,201.9439849853516,204.35234334482283,201.18764593221573,202.42167200915333,44155100,-0.0021146608214783758,-0.03952291842883404,-0.03376027304049278,0.011119296371751396,0.008449847981075858,209.14220275878907,204.3457815551758,1.0234720832850577,30.45354333055448,-0.3649214609172873,1.1163215244556801,-1.4812429853729674,0.8583221535935391,4.315806451612903,323.4140967741935,17.85,4.312903225806451,1
2025-08-06,212.22430419921875,214.3440641251077,204.60114383647723,204.6409599471833,108483100,0.05090678593181597,0.02009086571801255,0.00999330681183852,0.028292139651456077,0.014452499451951166,209.24719467163087,204.7036520385742,1.0221957087126148,55.625213285632114,0.09464802582766652,0.9119868247300774,-0.8173387989024109,1.993068552580838,4.312258064516129,323.4448709677419,16.77,4.316129032258065,1
2025-08-07,218.97169494628903,219.78775818606877,215.53829184895108,217.82723230897545,90224800,0.03179367590592452,0.06002786699452689,0.03587398952773602,0.029689782099937806,0.016025284619775416,209.62636184692383,205.09814514160155,1.022078291845087,62.88959951407526,0.991884372464483,0.9279663342769586,0.0639180381875244,1.5907262525509418,4.308709677419355,323.47564516129034,16.57,4.319354838709677,1
2025-08-08,228.2468719482422,229.88892965735025,218.1954451401473,219.7678474336444,113854000,0.04235788102306204,0.13326410787534537,0.08614320294748312,0.023241360971217075,0.018268211127593467,210.53148727416993,205.67396240234376,1.0236175975562904,69.9173672804263,2.423443956196593,1.2270618586608855,1.1963820975357073,1.8842618934371071,4.30516129032258,323.5064193548387,15.15,4.32258064516129,0
2025-08-11,226.3438873291016,228.71513292468896,223.9327956372812,227.08116933177635,61806100,-0.00833739627140262,0.11845493588120104,0.0902015006365775,0.026662673280051973,0.01811257750453662,211.46785354614258,206.22107452392578,1.0254424967687192,65.39579344088487,3.3656135868678234,1.6547722043022732,1.7108413825655502,1.0038027049975347,4.294516129032258,323.5987419354839,16.25,4.332258064516129,1
2025-08-12,228.8048095703125,229.95058632959717,226.2343181614284,227.1708458950812,55626200,0.010872492605169315,0.13301126342985325,0.09947223697233043,0.024125893212577687,0.01815999901154542,212.50288314819335,206.79949157714844,1.027579330720536,67.68273361666876,4.261738990973299,2.176165561636479,2.0855734293368204,0.8937593325541259,4.290967741935484,323.62951612903225,14.73,4.335483870967742,1
2025-08-13,232.47125244140625,234.1351043372746,229.5819165003467,230.2195756343437,69878500,0.016024326053194482,0.09540353221363995,0.11150932383926215,0.01956057944390571,0.018329531137162115,213.66898727416992,207.43431945800782,1.0300561056263606,70.72205096792678,5.207744491132075,2.7824813475355983,2.425263143596477,1.1029177045214047,4.287419354838709,323.66029032258064,14.49,4.338709677419355,0
2025-08-14,231.92327880859372,234.25466305951576,230.0003892485326,233.1985666998313,51916300,-0.0023571672929780796,0.059147296939367155,0.10962850686492698,0.019738228843392654,0.018363130742984398,214.81465911865234,208.0269387817383,1.0326290449528546,69.84287654731008,5.8458563796231715,3.395156353953113,2.4507000256700584,0.8169328640879783,4.283870967741936,323.691064516129,14.83,4.341935483870968,0
2025-08-15,230.73765563964844,233.417757832359,228.4959365092947,233.1387895567921,56038700,-0.005112135250225469,0.01091267394004447,0.09789197597530008,0.010625374232572413,0.018511916871362805,215.84332885742188,208.60480255126953,1.0346997107335212,68.05151686259687,6.184602519469593,3.953045587056409,2.2315569324131834,0.8769273405653871,4.280322580645161,323.7218387096774,15.09,4.345161290322581,0
2025-08-18,230.0402374267578,232.26202593201924,229.26310933608104,230.8472538899505,37476200,-0.0030225591525460116,0.01633068222550138,0.08787676762006025,0.009513038770732426,0.018591190569359997,216.7724411010742,209.21230743408202,1.0361361803218685,71.04723772473601,6.323887614680274,4.427213992581183,1.8966736220990912,0.5928989512629728,4.269677419354839,323.8141612903226,14.99,4.354838709677419,0
2025-08-19,229.71144104003903,232.01293684851592,228.50590285589897,230.4287923573085,39402600,-0.001429299458202249,0.003962466835505607,0.07659360231303891,0.00860640398564577,0.018600564592235632,217.5895751953125,209.74775268554689,1.0373869202857304,74.00808585779686,6.334718246862906,4.808714843437527,1.5260034034253787,0.6268476567188743,4.266129032258064,323.844935483871,15.57,4.358064516129033,0
2025-08-20,225.17819213867188,229.6217843388592,224.939085159242,229.13358225147155,42263900,-0.019734536864348007,-0.03137188029118809,0.05657945486052118,0.007614200993549735,0.019314266473740717,218.19248580932617,210.24169525146485,1.0378173822673546,69.30756498060222,5.909386570579386,5.028849188865899,0.8805373817134869,0.6749042849353498,4.26258064516129,323.87570967741937,15.69,4.361290322580645,0
2025-08-21,224.072265625,225.6863136691638,222.95639256938463,225.43723377620464,30621200,-0.004911339340493592,-0.03385176867076445,0.05330853846410988,0.007362452800735872,0.01936656230504335,218.7595069885254,210.68923706054687,1.0383041395021966,75.68317962908345,5.420584007493659,5.1071961525914515,0.31338785490220733,0.4950721476324248,4.259032258064516,323.90648387096775,16.6,4.364516129032258,1
2025-08-22,226.9217529296875,228.2468598588307,224.58041092619504,225.33760837029212,42477800,0.012716822837219421,-0.016537841209240622,0.06610467444457546,0.011541259547426491,0.01948380643627858,219.46303024291993,211.27119415283204,1.0387740322240142,76.67898499944788,5.203155527871729,5.126388027647508,0.07676750022422141,0.6855410563608327,4.255483870967741,323.93725806451613,14.22,4.367741935483871,0
2025-08-25,226.323974609375,228.456098045362,225.3973894325087,225.6464693442017,30983100,-0.0026342927136550065,-0.016154838209841538,0.06245180601939371,0.011544698298495791,0.019522830507680885,220.12820587158203,211.83283630371093,1.039159979692562,76.39698931311231,4.925824339905148,5.086275290099036,-0.160450950193888,0.502819760884277,4.24483870967742,324.0295806451613,14.79,4.37741935483871,1
2025-08-26,228.46604919433597,228.6453946309622,223.86305742355088,226.0350268937484,54575100,0.009464638417817195,-0.005421549053301167,0.08662015451555782,0.01290939867843166,0.01918491111892799,221.0388168334961,212.49205535888672,1.0402215577432972,71.34754686087967,4.823285064487692,5.033677244976767,-0.21039218048907493,0.8834228733181205,4.241290322580645,324.06035483870966,14.62,4.380645161290323,1
2025-08-27,229.6417236328125,230.050203138926,227.41991984776428,227.7686378094015,31259500,0.005145948129371636,0.01982221924666594,0.10381054398780143,0.007592344087192993,0.018864159163266156,222.11867752075196,213.1355773925781,1.042147351643821,66.43083419841795,4.78176780887398,4.9832953577562105,-0.2015275488822308,0.5119118855526198,4.237741935483871,324.0911290322581,14.85,4.383870967741935,1
2025-08-28,231.7040863037109,232.55096405412047,228.4959359400532,229.9704999102399,38074700,0.008980783797791103,0.03405963989976013,0.1216645532139855,0.005886115161425116,0.018658355654381956,223.37529983520508,213.87567901611328,1.0444165548078803,56.844149190683524,4.859265923563129,4.958489470917594,-0.09922354735446515,0.6460671845595598,4.234193548387097,324.1219032258065,14.43,4.387096774193549,0
2025-08-29,231.2856292724609,232.52107103838583,230.51845893056876,231.65426265633036,39418400,-0.0018059976322623017,0.01923075371326588,0.1483517828068175,0.0057784728232408425,0.01730692940773031,224.8692512512207,214.58870178222656,1.047908158181726,60.39395763877023,4.831226382167898,4.933036853167655,-0.10181047099975693,0.7079170500175729,4.230645161290322,324.15267741935486,15.36,4.390322580645162,0
2025-09-02,228.87454223632807,230.00038826150748,226.1346633063032,228.4062708029861,44075600,-0.010424716156024139,0.01126954239538791,0.1309599056658899,0.008408895157130586,0.017741813895261138,226.1943817138672,215.16552825927735,1.0512575296973217,50.146976717858614,4.56186394221325,4.858802270976774,-0.2969383287635239,0.8142463742051738,4.2156666666666665,324.2584098360656,17.17,4.401639344262295,1
2025-09-03,237.5923309326172,237.9709372370204,233.49745685978084,236.33697373754435,66427800,0.038089813795399774,0.039945899053553946,0.1765259111324926,0.018372072270345954,0.018971041964648692,227.97679901123047,215.90675842285157,1.055903949818652,58.89888864318163,4.99427407537479,4.885896631856378,0.10837744351841216,1.2024397864173204,4.211333333333333,324.2718196721312,16.35,4.403278688524591,1
2025-09-04,238.8975067138672,239.0170601981439,235.8687018920251,237.5723998534893,47549400,0.005493341372285965,0.04030531967202222,0.12568401444544186,0.018359246415403256,0.016108479657608442,229.3104591369629,216.6979766845703,1.0582030466798107,61.80835689081543,5.380258725497129,4.984769050584529,0.3954896749126,0.9109517611908388,4.207,324.2852295081967,15.3,4.4049180327868855,0
2025-09-05,238.807861328125,240.43186723598092,237.61228077870243,239.1167179897741,54870400,-0.00037524621740636643,0.0306588249596198,0.09058781038664154,0.018716106262287494,0.014969322959824042,230.3022674560547,217.46232330322266,1.0590444540359685,64.19065945948265,5.614203663049466,5.110655973077517,0.5035476899719491,1.0880556179360308,4.2026666666666666,324.2986393442623,15.18,4.406557377049181,0
2025-09-08,237.0045166015625,239.2661511981365,235.4701758698508,238.41928864081729,48999500,-0.00755144624022519,0.02472651390875913,0.03836917710445653,0.0194905256762337,0.012225983943831262,230.7401496887207,218.20174926757812,1.057462419358366,61.78754114821931,5.589657767980924,5.206456332058199,0.38320143592272515,1.038409902716953,4.189666666666667,324.33886885245903,15.11,4.411475409836066,0
2025-09-09,233.48751831054688,237.901207105354,232.5011563745861,236.12775932745956,66313900,-0.014839372436636689,0.02015504227401399,0.03156096268267472,0.020443291009927197,0.01259493955425138,231.09733123779296,218.8692428588867,1.0558693776210035,55.76869372487977,5.226168581758088,5.210398781998177,0.01576979975991133,1.398660351587052,4.185333333333333,324.3522786885246,15.04,4.413114754098361,0
2025-09-10,225.955322265625,231.56460664903227,225.118417424808,231.3354573908009,83440800,-0.032259523333079354,-0.04897889010690548,-0.012453791115836887,0.01464186697251848,0.014480535477547242,230.9548568725586,219.30468627929687,1.0531232177064587,51.087564649557756,4.28096718632753,5.024512462864047,-0.7435452765365174,1.709741395897029,4.181,324.3656885245901,15.35,4.414754098360656,1
2025-09-11,229.18341064453125,229.60186307827533,225.81584532196928,226.04500979013488,50208600,0.014286401163462914,-0.040662191091725086,-0.01414300375786759,0.01724973880752656,0.014380855964472252,230.79046478271485,219.75194610595702,1.0502317220500765,56.7518145184048,3.749150155332245,4.769440001357687,-1.0202898460254417,1.0499569476371389,4.176666666666667,324.37909836065575,14.71,4.416393442622951,1
2025-09-12,233.2085418701172,233.6469097348115,228.17712472443904,228.37638560886936,55824200,0.017562925755691072,-0.02344696454659123,0.0055417596203621855,0.020775517573450294,0.014932995267629822,230.854727935791,220.18775299072266,1.04844490576875,58.054656816266835,3.6108521216324903,4.537722425412648,-0.9268703037801576,1.1626391464179893,4.172333333333333,324.39250819672134,14.76,4.418032786885246,1
2025-09-15,235.82884216308597,237.31336381412063,234.1649902844441,236.1277410783948,42699500,0.011235867571386393,-0.004960557103867336,0.022064827300614542,0.021774206069246595,0.015063288102661422,231.1092872619629,220.65387237548828,1.0473837815485176,61.57765590899816,3.6703764533964716,4.364253231009413,-0.6938767776129415,0.9018205795331641,4.1593333333333335,324.43273770491805,15.69,4.422950819672131,1
2025-09-16,237.2735137939453,240.3322223551857,235.45026224943368,236.30708253667356,63421100,0.00612593276381479,0.01621498018734746,0.031443526785136955,0.020368694497859687,0.015067237316090781,231.47095108032227,221.2205389404297,1.04633571633533,60.913585419661906,3.790429134551971,4.249488411717925,-0.45905927716595407,1.303744211549078,4.154999999999999,324.4461475409836,16.36,4.424590163934426,1
2025-09-17,238.1104278564453,239.21634322602875,236.85505542454317,238.09049720761,46508000,0.003527212326053464,0.053794287600498425,0.036563206335649356,0.0057555218283227025,0.015054561992369136,231.8909004211426,221.80274993896484,1.045482531145145,60.58266281804427,3.908054104721657,4.181201550318672,-0.2731474455970151,0.9491307508832796,4.150666666666666,324.4595573770492,15.72,4.426229508196721,0
2025-09-18,237.0045166015625,240.31228984200703,235.77903252032195,239.08682096339743,44249600,-0.004644530963379578,0.034125968956636,0.052519848172542405,0.008331459480862332,0.014270707061464723,232.48221664428712,222.34035095214844,1.0456141480784178,56.78573033203039,3.8674533504226645,4.118451910339471,-0.2509985599168063,0.9012155012096763,4.146333333333333,324.4729672131148,15.7,4.427868852459016,1
2025-09-19,244.59646606445312,245.3935247988757,239.32594197772087,240.3421770415445,163741300,0.03203293157342535,0.04883150549724857,0.09159634451950316,0.013763644554818497,0.015571009625806416,233.50842666625977,223.0045132446289,1.0471017974874275,64.39656768691844,4.397195698362879,4.174200667944152,0.22299503041872626,2.9367520916839047,4.142,324.4863770491803,15.45,4.429508196721312,1
2025-09-22,255.13751220703125,255.69547916115812,247.2068166293636,247.38616206443075,105517400,0.043095660015793014,0.08187577849613703,0.12434135957907255,0.02043581547363542,0.017744158816947065,234.91921463012696,223.9043762207031,1.049194386440069,74.15689398570998,5.603006680933532,4.4599618705420285,1.1430448103915039,1.7912267956612606,4.129,324.526606557377,16.1,4.434426229508197,0
2025-09-23,253.4936065673828,256.3929004583055,252.64674396870495,254.93828225227924,60275200,-0.0064432141923312924,0.06836031765232531,0.12004752039593414,0.022615171944231374,0.01786204193906815,236.27769622802734,224.82191711425781,1.0509549036002017,66.81419270396349,6.352740685415142,4.838517633516651,1.5142230518984912,0.9983883390616589,4.124666666666666,324.5400163934426,16.64,4.436065573770492,0
2025-09-24,251.38140869140625,254.7987929994329,250.11607847800005,254.2807025242173,42303700,-0.008332351669844251,0.055734563809031856,0.10030094002097534,0.02447024775603002,0.018113235387157162,237.42346420288087,225.6874609375,1.0520011311954587,62.97910670710523,6.699248799271061,5.210663866667534,1.4885849326035272,0.7079059146474008,4.120333333333333,324.5534262295082,16.18,4.437704918032787,1
2025-09-25,255.92462158203125,256.2235357177961,250.7836237831838,252.2781032462208,55202100,0.01807298683810865,0.07983014523000032,0.11445175351167447,0.022862593218724046,0.018349880721270986,238.73760910034179,226.62296997070314,1.0534572427993718,66.28744650292161,7.256806340726314,5.61989236147929,1.6369139792470238,0.905604791385795,4.116,324.5668360655738,16.74,4.439344262295082,0
2025-09-26,254.5198211669922,256.6519445821492,252.84599627139943,253.1648258525147,46076300,-0.005489117875236538,0.04057031265498412,0.09846928134610056,0.022306475709122597,0.018493903112374914,239.87839584350587,227.53316955566407,1.0542568202778964,66.79405897890493,7.4988766738209165,5.995689223947616,1.5031874498733009,0.7509647771192908,4.111666666666666,324.58024590163933,15.29,4.440983606557377,0
2025-09-29,253.4936065673828,254.06151607705357,252.07883445903423,253.6231329894407,40127700,-0.0040319633846358505,-0.0064432141923312924,0.09601970241203484,0.01091119036867629,0.018542814480093754,240.98879470825196,228.39975646972655,1.0551184398490987,70.1444646468309,7.521212360763002,6.300793851310693,1.2204185094523092,0.6536349717522453,4.0986666666666665,324.62047540983605,16.12,4.445901639344262,1
2025-09-30,253.69288635253903,254.9781320575181,252.17847617402816,253.92203562343897,37704300,0.0007861333777001711,0.0007861333777001711,0.10843645550838232,0.010522164768807648,0.01822648731131241,242.2297119140625,229.24445434570313,1.056643715135536,82.76841830883494,7.468896971732761,6.534414475395106,0.9344824963376546,0.6173640611307378,4.094333333333333,324.63388524590164,16.28,4.447540983606557,1
2025-10-01,254.5098419189453,257.83756097799323,253.9917514638179,254.10134722927504,48713900,0.0032202541354313663,0.012444966570218874,0.07120394383068729,0.009387037529810687,0.016513862076734012,243.0755874633789,230.06727600097656,1.0565413373362456,81.72745015206226,7.4079637409325585,6.709124328502598,0.6988394124299608,0.8093711393981575,4.09,324.64729508196723,16.29,4.449180327868852,1
2025-10-02,256.18365478515625,257.229778167004,253.2146115335708,255.6356607808825,42630200,0.006576613515574703,0.001012146473144071,0.07235800954588045,0.005010027364739112,0.016522264224562818,243.93989486694335,230.92854949951172,1.0563435980333784,80.58359390138726,7.409326324465667,6.849164727695212,0.5601615967704552,0.7111981146248122,4.083225806451613,324.6607049180328,16.63,4.450819672131148,1
2025-10-03,257.07037353515625,258.2858846694617,253.01536064819075,253.73271197999827,49155600,0.003461262002619314,0.010021036304636688,0.07647366424817292,0.00395056079121503,0.016495591826696104,244.85302047729493,231.81532012939454,1.0562417546028582,79.64409664918651,7.396692507296876,6.958670283615545,0.43802222368133137,0.8239890793235074,4.0764516129032256,324.67411475409835,16.65,4.452459016393443,0
2025-10-06,255.74530029296875,258.1165459888059,254.11133663097664,257.0405037108186,44664100,-0.005154515566945683,0.008882645034234526,0.07907352973746118,0.004387018665965365,0.016417149377374634,245.79005966186523,232.67320037841796,1.0563746029285457,75.86505874173507,7.196797577006663,7.006295742293769,0.19050183471289373,0.7514290941744776,4.056129032258064,324.71434426229507,16.37,4.457377049180328,0
2025-10-07,255.53607177734372,256.45266881763376,254.48991791397023,255.86484387966763,31955800,-0.000818112846591279,0.007265420214594975,0.09443140098594682,0.0045338959619890115,0.015863053227859324,246.8924873352051,233.5235125732422,1.0572489451475249,74.8367893666135,6.94147935884331,6.993332465603678,-0.05185310676036803,0.5536254848108062,4.049354838709677,324.72775409836066,17.24,4.459016393442624,1
2025-10-08,257.1102294921875,257.5685279874928,255.16739414069707,255.5758888188916,36496900,0.006160217240153143,0.010217237783953115,0.13788082933465007,0.0049876540471485075,0.013274398432985439,248.4502326965332,234.46064056396483,1.059667124080691,78.27922788673264,6.787912374755905,6.952248447434124,-0.16433607267821948,0.6591008108080043,4.04258064516129,324.7411639344262,16.3,4.460655737704919,0
2025-10-09,253.1050262451172,257.0504585775582,252.2083446799687,256.8611554198282,38322000,-0.015577766995038989,-0.012017271525854745,0.10437760540045771,0.00853483987591266,0.014018530606233415,249.6463134765625,235.36185089111328,1.0606914949528405,63.310511689547965,6.270737841875473,6.815946326322395,-0.5452084844469223,0.6995689715366776,4.035806451612904,324.7545737704918,16.43,4.462295081967214,0
2025-10-10,244.3673095703125,255.436420799504,243.10197943699816,254.00171816056968,61999100,-0.034522098610332286,-0.04941473336719027,0.04784888070870941,0.01582230749741441,0.016237559633900174,250.20425186157226,236.11776428222657,1.0596587369110797,32.14398831044909,5.0970568880175335,6.472168438661423,-1.3751115506438891,1.1254517529074743,4.029032258064516,324.7679836065574,21.66,4.463934426229509,1
2025-10-13,246.7485198974609,248.7710475029622,244.6562426215344,248.46219085423505,38142900,0.009744389834039024,-0.03517867341140424,0.04630340222263185,0.018185334752755175,0.016198531306514195,250.750235748291,237.0246026611328,1.0579080522994542,39.0841303722961,4.309374264932501,6.039609603915639,-1.730235338983138,0.6952725064144676,4.008709677419355,324.8082131147541,19.03,4.468852459016394,1
2025-10-14,246.8581085205078,247.93413549962375,243.79940008876653,245.69241642712316,35478000,0.0004441308223144258,-0.033959836654283704,0.040394709773152515,0.01830104542478481,0.016179365117425674,251.22946548461914,237.914326171875,1.055966109847143,42.1723721087929,3.651876438827628,5.562062970898037,-1.9101865320704086,0.66359658011524,4.001935483870968,324.8216229508197,20.81,4.470491803278689,1
2025-10-15,248.42233276367188,250.8932163906544,246.559219921403,248.5717898296712,33893600,0.0063365317531554055,-0.03379055258001551,0.04330723773863232,0.018332283824374025,0.016204534022276715,251.74506072998048,238.84389312744142,1.0540150616103687,35.52474456990238,3.2199074099798963,5.093631858714409,-1.8737244487345128,0.6415295438024541,3.9951612903225806,324.8350327868852,20.64,4.472131147540984,0
2025-10-16,246.53927612304688,248.1234206007849,244.2278226113223,247.33633482463924,39777000,-0.007580061823251549,-0.025940812869167496,0.040230286148992045,0.01770379167589943,0.01628333340669899,252.2217987060547,239.53019256591796,1.0529854128374403,34.881002280801695,2.694560690576651,4.613817625086858,-1.9192569345102068,0.756089445398498,3.9883870967741935,324.8484426229508,25.31,4.473770491803279,1
2025-10-17,251.3614654541016,252.44746537322092,246.35995200283696,247.10719170360767,49147000,0.01955951768369757,0.028621487448903915,0.027657796935896206,0.010159142323599645,0.015284743830962488,252.5600486755371,240.1779879760742,1.0515536865130886,46.46861043212091,2.6369330856516626,4.218440717199819,-1.5815076315481562,1.0483767406995947,3.9816129032258063,324.8618524590164,20.78,4.475409836065574,1
2025-10-20,261.2748413085937,263.4069798400544,254.68918336894043,254.94822099113512,90483000,0.039438725568308186,0.05887095662081121,0.02405498528410166,0.018428055661653536,0.014773988614909155,252.86691513061524,240.83854736328124,1.0499436983781105,59.50059864989244,3.3525433427137443,4.045261242302604,-0.6927178995888594,1.9615881399826827,3.961290322580645,324.9020819672131,18.23,4.480327868852459,1
2025-10-21,261.8028869628906,264.3136317818121,260.86634411857244,260.9161783410852,46695900,0.002021035212009803,0.06053995362741449,0.032779053121006596,0.018200641077252104,0.014661532277226871,253.28237915039062,241.54772735595702,1.0485810896375805,59.205228423834505,3.917124327447482,4.01963385933158,-0.10250953188409806,1.0274474676861953,3.954516129032258,324.91549180327866,17.87,4.481967213114754,0
2025-10-22,257.49884033203125,261.882640960004,254.48993535873984,261.68336485657886,45015300,-0.016440027383920586,0.03653660066461906,0.024335258810386895,0.02233839870209493,0.015060635141884033,253.58825073242187,242.1216079711914,1.0473590228369656,51.55665972666708,3.971477512142428,4.01000258989375,-0.038525077751321746,0.9875233730405831,3.947741935483871,324.92890163934425,18.6,4.483606557377049,1
2025-10-23,258.6246337890625,259.6608147081683,257.0604350924048,258.98332466328685,32754900,0.00437203311509915,0.049020009533831344,0.010550029107558201,0.020929739122067702,0.01456136839786099,253.72325134277344,242.64467559814454,1.0456576090834016,51.82927705304292,4.058609798579454,4.019724031630891,0.03888576694856294,0.7366996407580236,3.940967741935484,324.94231147540984,17.3,4.485245901639344,1
2025-10-24,261.85272216796875,263.15789839957887,258.22610426270086,260.2287163700197,38253700,0.01248175137693619,0.04173772895107053,0.02881072667486051,0.020334715691946424,0.014717828695705077,254.08989639282225,243.24326446533203,1.0445917051447733,56.8799082532222,4.338135195118639,4.083406264328441,0.25472893079019787,0.8680105952853544,3.9341935483870967,324.9557213114754,16.37,4.48688524590164,1
2025-10-27,267.8206481933594,268.1295048126629,263.6759553344934,263.9051197703755,44888200,0.022791155180591938,0.025053337902650963,0.05651835492019863,0.014503749030090999,0.01539160666315429,254.8062484741211,243.98492431640625,1.0443524295119213,62.249146298639396,4.983773007023871,4.263479612867528,0.720293394156343,1.0130816679482095,3.913870967741935,324.99595081967215,15.79,4.491803278688525,1
2025-10-28,268.00994873046875,268.896687690681,267.16307106420925,267.9999758056659,41534800,0.0007068183069018907,0.02370891260820196,0.056434622916601285,0.014583942076378378,0.015392180711913273,255.52210159301757,244.74431854248047,1.0440369080464125,61.176960244342084,5.447920361111926,4.500367762516408,0.947552598595518,0.9333642995593605,3.907096774193549,325.0093606557377,16.42,4.49344262295082,1
2025-10-29,268.7073974609375,270.4110953948544,266.1269030442272,268.28892986747474,51086700,0.002602324032269898,0.043528573233391654,0.05578391560399365,0.009118752596348246,0.015392042008454232,256.2319793701172,245.52423767089843,1.0436117501098667,67.16356530254541,5.8051209462483655,4.7613183992628,1.0438025469855656,1.1449607435083042,3.900322580645162,325.02277049180327,16.92,4.495081967213115,1
2025-10-30,270.401123046875,273.1310593223432,267.49188695276854,270.98894793982623,69886500,0.0063032339337949495,0.04553506402417007,0.055497171642905796,0.008934422049842128,0.015388660894077436,256.94285278320314,246.4286962890625,1.0426661206769827,83.89111631284791,6.1539357426408685,5.039841867938414,1.114093874702455,1.5198813437128587,3.893548387096774,325.03618032786886,16.91,4.49672131147541,0
2025-10-31,269.3749389648437,276.29937269597025,268.16940070155243,275.9705701844509,86167100,-0.0037950437130892523,0.028726899360052238,0.047864579883238445,0.010212154983190558,0.015458043870326085,257.5580810546875,247.33474975585938,1.0413339868696954,80.53251136080506,6.275232528226354,5.286919999996002,0.9883125282303524,1.801448294425556,3.886774193548387,325.0495901639344,17.44,4.498360655737705,0
2025-11-03,268.0597839355469,269.8531775103368,265.2701011373342,269.42476736726525,50194600,-0.0048822471546562385,0.0008928950915496614,0.048151358513612186,0.004611568540975112,0.01545110922474319,258.1738052368164,248.15751037597656,1.040362650502354,77.70840736677073,6.19384034903203,5.4683040698032075,0.7255362792288222,1.0433591464320866,3.869333333333333,325.1275333333333,17.17,4.493333333333333,1
2025-11-04,269.046142578125,270.49078769741067,266.6350358638735,267.3424142382169,49274800,0.003679621866796934,0.0038662514304583784,0.052869525256508565,0.004879212034395514,0.015433495404659795,258.8493087768555,249.01195373535157,1.0395055534239894,77.36654677453448,6.138170352785949,5.602277326399756,0.5358930263861925,1.0061297080527458,3.864,325.1598,19.0,4.49,1
2025-11-05,269.14581298828125,270.7000692568828,265.94760492323326,267.6214146886098,43683100,0.00037045842471905566,0.001631572228700806,0.04681098655570781,0.0047719099361678615,0.01541931502644671,259.45108795166016,249.82554901123046,1.0385290414792483,81.48778822783294,6.032554515479887,5.688332764215782,0.34422175126410526,0.8854578929584134,3.8586666666666662,325.1920666666667,18.01,4.486666666666666,0
2025-11-06,268.7771301269531,272.3937751745226,266.90407480138714,266.90407480138714,51204000,-0.0013698257358518706,-0.00600586603200004,0.06191937044607898,0.0034131760953466828,0.014864636655542482,260.234693145752,250.60825714111328,1.0384122858299047,77.6933189239972,5.851649405969113,5.720996092566448,0.1306533134026644,1.0245305885528455,3.8533333333333335,325.22433333333333,19.5,4.483333333333333,0
2025-11-07,267.48193359375,271.2878818962731,265.7881780523408,268.80702532983145,48227400,-0.004818849477972176,-0.007027399721622807,0.09458967348816616,0.0036315451928286852,0.012140803921249659,261.39042434692385,251.32381408691407,1.0400543430258802,63.59676448960501,5.53990864907729,5.684778603868617,-0.1448699547913268,0.9784532889154215,3.848,325.2566,19.08,4.48,1
2025-11-10,268.6985778808594,272.98692304032335,266.733924572705,268.2298525605972,41312400,0.004548510139593898,0.0023830279049470438,0.08895720222565084,0.0038177871726990664,0.012080330874854371,262.48792724609376,252.07207305908204,1.0413209367487941,64.66280950119011,5.329588698357895,5.613740622766473,-0.2841519244085777,0.835473296135933,3.832,325.3534,17.6,4.47,1
2025-11-11,274.5028076171875,275.16101963639426,269.0675899882029,269.07757258136417,46208300,0.021601267048394046,0.02028152117987725,0.11198619021413703,0.010366583154754317,0.012634975935416641,263.8701622009277,252.98463836669922,1.0430283985008213,83.98835143813622,5.567087534186726,5.604410005050524,-0.03732247086379825,0.9244541523592904,3.826666666666666,325.3856666666667,17.28,4.466666666666667,0
2025-11-12,272.7276611328125,274.9815360542478,270.9624767916609,274.2535066981436,48398000,-0.006466769865795197,0.013308206822029156,0.0978387413834596,0.011377621984744327,0.012906267497769042,265.08542861938474,253.68734497070312,1.0449296501171468,77.47654438432724,5.548112400721436,5.593150484184706,-0.045038083463269984,0.9544142843859948,3.8213333333333335,325.41793333333334,17.51,4.463333333333334,0
2025-11-13,272.2090759277344,275.9488963676571,271.3513946141157,273.36590026791555,49602800,-0.0019014763772919885,0.012768741890949675,0.10412052881941536,0.011427527024966145,0.012681092988044023,266.36891860961913,254.35357635498048,1.0472387391867053,72.55868060864304,5.428650870670083,5.560250561481782,-0.13159969081169898,0.968787184997146,3.816,325.4502,20.0,4.46,0
2025-11-14,271.6705322265625,275.21088338895913,268.8681625557137,270.3142081927936,47431300,-0.0019784193430598673,0.01565937024806363,0.08079626181272936,0.011030694485542723,0.012291727454239672,267.3843719482422,255.01082977294922,1.0485216341059311,60.984057605070916,5.230229936540127,5.494246436493452,-0.26401649995332477,0.9279305505179092,3.810666666666666,325.48246666666665,19.83,4.456666666666667,0
2025-11-17,266.7339782714844,269.75575219797963,265.00869378967747,268.0903024129557,45018300,-0.018171105694162026,-0.00731153705713361,0.020894231283611564,0.014461890281823256,0.010094595320069897,267.6573287963867,255.60541900634766,1.0471504471105901,47.135499093603435,4.621369003850418,5.319670949964845,-0.6983019461144266,0.9217146628494527,3.794666666666666,325.5792666666667,22.38,4.446666666666667,0
2025-11-18,266.7139892578125,269.97510130800674,264.59974924229334,269.25705465795,45677300,-7.493988505480331e-05,-0.028374275756905987,0.01875877822393157,0.007349063542131516,0.010095221207750969,267.9028839111328,256.26994842529297,1.0453932876535894,45.38448928370552,4.090081468557287,5.073753053683333,-0.9836715851260465,0.9361833822751031,3.789333333333333,325.61153333333334,24.69,4.443333333333333,1
2025-11-19,267.8309936523437,271.47107967039307,264.77930243197466,264.80921977983166,40424500,0.004188023274067865,-0.017954421858530245,0.040125047969107985,0.008528045086234478,0.009239503973327868,268.4194915771484,257.1074618530273,1.0439972828582762,43.88586877609914,3.716325699232641,4.802267582793195,-1.0859418835605537,0.8324403922577659,3.784,325.6438,23.66,4.44,0
2025-11-20,265.5272521972656,274.68232536305425,265.1981613886433,270.0948061865016,45823600,-0.008601474473370452,-0.024546660348101823,0.02668971747615112,0.008721071624650805,0.009516167256709071,268.76462249755855,257.834338684082,1.042392661385841,41.37115903961111,3.19737156788392,4.48128837981134,-1.28391681192742,0.9310925742565205,3.7786666666666666,325.67606666666666,26.42,4.4366666666666665,1
2025-11-21,270.75299072265625,272.5879921198442,264.9488130991126,265.2280517805383,59030800,0.01968061086817685,-0.0033774053313263552,0.03398959720945083,0.014206259994155698,0.010078487326013623,269.2096359252929,258.58522766113276,1.0410866790816182,55.13851413905101,3.1712143209280725,4.219273568034687,-1.0480592471066146,1.1746552121260663,3.773333333333333,325.7083333333333,23.43,4.433333333333334,1
2025-11-24,275.1710205078125,276.24807542504453,270.164627965921,270.164627965921,65585800,0.016317565960635383,0.03163092415523017,0.027445129283483638,0.011689168079236367,0.009450563607031405,269.5771545410156,259.3720712280273,1.0393453437938447,60.33289743299323,3.467016981292204,4.068822250686191,-0.6018052693939868,1.2787596777100878,3.757333333333333,325.80513333333334,20.52,4.423333333333334,1
2025-11-25,276.2181701660156,279.6189174225992,274.50283786370125,274.52277261748515,46914200,0.0038054503569113773,0.03563435474326071,0.030626555000768496,0.011281653759903938,0.009464044523037465,269.98756561279293,260.1509643554687,1.0378111274032549,61.56171767192139,3.7427943434137205,4.003616669231697,-0.26082232581797626,0.9099380643872409,3.752,325.8374,18.56,4.42,1
2025-11-26,276.79656982421875,278.7712060098946,275.8790842359358,276.2081750495132,33431400,0.002093995691360595,0.033474752304107014,0.03010401812423935,0.01145332197236096,0.009461757202876541,270.39202423095696,260.9246871948242,1.0362837918401482,63.02070481394609,3.96234644495064,3.9953626243754856,-0.03301617942484558,0.6597242298491104,3.746666666666667,325.86966666666666,17.19,4.416666666666667,1
2025-11-28,278.0930480957031,278.242634823177,275.2407959413455,276.50736791500816,20135600,0.00468386682792965,0.047323940553951616,0.028446350230190154,0.008068879185375846,0.009425588267763041,270.7766204833984,261.746457824707,1.0344996556352213,67.22794166466005,4.192628022570034,4.034815704014395,0.1578123185556386,0.417861441191983,3.736,325.9342,16.35,4.41,1
2025-12-01,282.3315124511719,282.65065109438723,275.3904143522869,277.2553332443013,46587700,0.01524117335723596,0.04276415081366913,0.048098659571368385,0.006785475119613084,0.009821385055754459,271.42444915771483,262.50115875244137,1.0339933372015657,70.15629653025319,4.663379941966582,4.160528551604833,0.5028513903617489,1.008210755233449,3.72,326.031,17.24,4.4,1
2025-12-02,285.4131164550781,286.619823290159,281.86278279875575,282.231773534172,53669500,0.010914842545035386,0.037220837893337855,0.0647367996226682,0.005528932449077037,0.009840337759482825,272.29211578369143,263.1066708374023,1.0349114863452689,67.54326821632397,5.224884700301459,4.373399781344158,0.8514849189573006,1.1571181431433373,3.71741935483871,326.0489677419355,16.59,4.396774193548388,0
2025-12-03,283.3786315917969,287.8364984098337,282.5309329409685,285.4230848596457,43538700,-0.007128210814380975,0.02592320925693481,0.05327149044521251,0.008593245498489735,0.010105068718219265,273.008740234375,263.70437133789056,1.0352833320482298,66.98461116199312,5.442972146367083,4.587314254348743,0.85565789201834,0.9445379766476947,3.7148387096774194,326.06693548387096,16.08,4.393548387096774,0
2025-12-04,279.9380187988281,283.95707766942763,277.8337308175164,283.3287830094401,43989100,-0.012141398148625804,0.011349306014176275,0.0400979888586146,0.011670651791547101,0.01062721425213006,273.54835052490233,264.27550354003904,1.0350878036770381,61.274308170893086,5.27734536824579,4.725320477128153,0.5520248911176369,0.9539924010857822,3.712258064516129,326.08490322580644,15.78,4.390322580645162,0
2025-12-05,278.0232238769531,280.37683325787106,277.2951945750906,279.77845592816414,47265800,-0.006840067419534801,-0.00025108221592784474,0.03440059705092002,0.01221104197375795,0.010788254244879237,274.01065521240236,264.71747558593745,1.0351060299509693,58.909044842884306,4.934692937280431,4.767194969158609,0.16749796812182183,1.0294504082393843,3.709677419354839,326.1028709677419,15.41,4.387096774193549,0
2025-12-08,277.1356811523437,278.91084811822003,275.4003836933047,277.3750199323196,38211800,-0.0031923330440993825,-0.018403299205669743,0.03609121344716959,0.008756692548880216,0.010742180677936175,274.493342590332,265.1697927856445,1.0351606783968201,66.45628963278321,4.539196109492252,4.721595197225338,-0.18239908773308589,0.8414315377070077,3.701935483870968,326.1567741935484,16.66,4.37741935483871,0
2025-12-09,276.4275817871094,279.2698514894354,276.16830825817004,277.40493251311347,32193300,-0.0025550638672364734,-0.031482556862038935,0.028764588064463137,0.0038326289469927076,0.010764940852345141,274.87979278564455,265.62847229003904,1.034828045411879,65.04017865158882,4.121118632836215,4.601499884347514,-0.4803812515112993,0.7160926834574188,3.6993548387096777,326.1747419354839,16.93,4.374193548387097,1
2025-12-10,278.0232238769531,278.9905919368044,275.68957968235776,276.9960211276047,33038300,0.005772369311079162,-0.018898417586256655,0.012824700374923337,0.006564486532699698,0.009740391796971927,275.0558135986328,266.1150790405273,1.0335972489433563,65.55078862355703,3.8738884274341103,4.4559775929648335,-0.5820891655307232,0.7458126582027022,3.696774193548387,326.1927096774194,15.77,4.370967741935484,0
2025-12-11,277.2752685546875,278.8310314000742,273.0667227973629,278.34237127554803,33248000,-0.0026902620286017864,-0.009511927874484849,0.01667453679977271,0.004636627509743167,0.009630491727931534,275.28319396972654,266.57038757324216,1.0326848247316687,68.81790443005984,3.5763767202581676,4.2800574184235005,-0.703680698165333,0.7636040512722638,3.694193548387097,326.21067741935485,14.85,4.367741935483871,1
2025-12-12,277.52459716796875,278.4620479370953,276.0685689150702,277.14562382282355,39532900,0.0008992097080309236,-0.0017934714303041721,0.019527347580598375,0.0037901803821784857,0.009608390369901423,275.5489700317383,266.9972064208984,1.0320294123128717,62.90390864703542,3.3224165345529286,4.088529241649386,-0.7661127070964575,0.9185709311634684,3.691612903225807,326.2286451612904,15.74,4.364516129032258,0
2025-12-15,273.3658752441406,279.3894873363706,272.0993337942639,279.3894873363706,50409100,-0.014985057058964357,-0.01360274466473621,0.006240437649543296,0.0076759101893164785,0.010240748616705642,275.6337371826172,267.3231164550781,1.0310882980781637,46.525797937010815,2.7538326853382387,3.821589930387157,-1.0677572450489183,1.1672478889999451,3.683870967741936,326.2825483870968,16.5,4.354838709677419,1
2025-12-16,273.8645324707031,274.752131096348,271.0522107383373,272.07941349564567,37648600,0.0018241385327160131,-0.009272046225764052,0.02673283038564067,0.007943436518928858,0.009265961089798897,275.9902648925781,267.68550109863276,1.031024331761941,45.37246374724594,2.316757223994557,3.520623389108637,-1.2038661651140798,0.8792745073310633,3.6812903225806455,326.30051612903225,16.48,4.351612903225806,0
2025-12-17,271.1020812988281,275.41036187784255,270.9026424636208,274.2634896625032,50138700,-0.010086925630541477,-0.024894116691446366,0.01645242551103676,0.007284955484486339,0.00961160531810078,276.2096694946289,267.99682128906244,1.0306453194708158,39.68944051330392,1.7275509175046295,3.1620088947878355,-1.434457977283206,1.1649090736316436,3.678709677419355,326.3184838709678,17.62,4.348387096774194,1
2025-12-18,271.4511108398437,272.8872042261758,266.22534517191764,272.86723904028526,51630700,0.0012874469253183474,-0.02100496645518568,0.01351642368992989,0.007800270168847634,0.009580579631685938,276.3906753540039,268.2836389160156,1.030218154453042,37.54670493467304,1.2740776673441587,2.7844226492991,-1.5103449819549413,1.184158318651009,3.6761290322580646,326.33645161290326,16.87,4.345161290322581,1
2025-12-19,272.9271545410156,273.854622814086,269.1673684747946,271.41126100078174,144632000,0.005437604202853219,-0.016565892442933938,0.0278687113375935,0.008750000089744598,0.00937413657689137,276.7606704711914,268.68008148193354,1.0300751322713932,30.329700070724783,1.022020029649866,2.4319421253692535,-1.4099220957193874,2.979547439721806,3.6735483870967744,326.35441935483874,14.91,4.341935483870968,0
2025-12-22,270.23443603515625,273.13654030849926,269.7756932559407,272.1192896847017,36571800,-0.009866070345355471,-0.011455121112639688,-0.0019152316143062897,0.007204661572212624,0.008644161664503245,276.73474273681643,269.19742401123045,1.027999223073069,17.727022029004317,0.5980882671182144,2.065171353719046,-1.4670830866008315,0.7712535046864472,3.665806451612904,326.4083225806452,14.08,4.332258064516129,1
2025-12-23,271.62066650390625,271.7603010837797,268.8282792538215,270.1048034873943,29642000,0.005129732868573544,-0.00819334269594374,-0.012902354315342812,0.0078023782213990315,0.007854434631450061,276.5572250366211,269.69486694335933,1.025444896934961,24.291469880547098,0.3697146641562199,1.7260800158064808,-1.356365351650261,0.6497380837877613,3.663225806451613,326.42629032258066,14.0,4.329032258064516,1
2025-12-24,273.06671142578125,274.6823088952694,271.46109654935304,271.60070067851706,17910600,0.005323766193815027,0.007246827901655095,-0.011409310033225761,0.006567468625808821,0.007906621247043007,276.3996520996094,270.2190390014648,1.0228726040954912,33.540407178624946,0.3019302149862142,1.4412500556424277,-1.1393198406562135,0.4054806652648508,3.6606451612903226,326.44425806451613,13.47,4.325806451612904,0
2025-12-26,272.6578369140625,274.6224904749486,272.11929424741834,273.41578359787746,21521800,-0.0014973429371301084,0.004445463753989909,-0.014952255054260899,0.0067027153055890165,0.007884309793882438,276.1927154541016,270.70374908447263,1.02027665441721,36.148363847224125,0.21276517022891994,1.1955530785597261,-0.9827879083308062,0.49389339954745526,3.655483870967742,326.4801935483871,13.6,4.319354838709677,1
2025-12-29,273.0168762207031,273.6152231466168,271.6107000753325,271.9497734782625,23715200,0.0013168127155420706,0.00032873855970239063,-0.018253501515985704,0.006243775063431299,0.007798250015338708,275.93890686035155,271.23330108642574,1.0173489234363093,39.068314026479484,0.1691231548350629,0.9902670938147936,-0.8211439389797307,0.5420024966415098,3.647741935483871,326.5340967741936,14.2,4.309677419354839,0
2025-12-30,272.33868408203125,273.3359694836473,271.54086793463244,272.06942798009953,22139600,-0.0024840667289872664,0.007786750192715131,-0.03539395330823669,0.0036287003762057444,0.006813281483929536,275.4392654418945,271.65284545898436,1.0139384513956136,39.130434782608695,0.07890256584511235,0.8079941882208574,-0.7290916223757451,0.5205352393323909,3.645161290322581,326.55206451612906,14.33,4.306451612903226,0
2025-12-31,271.1220092773437,272.9370761103812,271.0123224859311,272.3187639976345,27293600,-0.00446750636542359,-0.0018358589314314555,-0.050071655273711824,0.003801108459885971,0.006139982430693483,274.72471008300784,271.84978881835934,1.010575403707852,31.277187276975226,-0.08973893491514673,0.6284475635936566,-0.7181864985088033,0.662247734848562,3.6425806451612894,326.57003225806454,14.95,4.3032258064516125,0
2026-01-02,270.2743530273437,277.0857995993762,268.2697994337228,271.52095990203577,37838100,-0.0031264752435974374,-0.010225920193119187,-0.046243001777670045,0.002169815249882911,0.006047344765399122,274.06949615478516,272.0192181396484,1.0075372542762189,31.108896867485655,-0.2884621029191976,0.4450656302910858,-0.7335277332102834,0.9244915835034468,3.64,326.6161290322581,14.51,4.3032258064516125,0
2026-01-05,266.5345458984375,270.7730094869922,265.41759095171795,269.9053759278346,45647200,-0.013837077351278815,-0.022457784763967648,-0.04788014489029713,0.005633959610904477,0.006201802875348403,273.3993225097656,272.19993225097653,1.0044062841929116,25.04545731724218,-0.7392017678731122,0.20821215065824622,-0.9474139185313584,1.1130353702398512,3.64,326.7005161290323,14.9,4.312903225806451,0
2026-01-06,261.6477966308594,266.82371056256306,261.40845786144683,266.27521573774703,52352100,-0.018334393581536768,-0.041642405946558214,-0.058899494142047426,0.007185303925249378,0.00709943348902092,272.58055114746094,272.26039550781246,1.0011759170446048,24.243908066948208,-1.473747580645238,-0.1281797956024506,-1.3455677850427874,1.2686568068401487,3.64,326.7286451612904,14.75,4.316129032258065,0
2026-01-07,259.6233215332031,262.96423405428067,259.10474402829175,262.485556491205,48309800,-0.007737405488311588,-0.04668952040980756,-0.06319056263821143,0.006440327974683615,0.007178001962024596,271.7049331665039,272.21580749511713,0.9981232745691214,20.66569442174476,-2.1939481815686577,-0.5413334727956921,-1.6526147087729655,1.1565483627626754,3.64,326.7567741935484,15.38,4.319354838709677,0
2026-01-08,258.3368225097656,258.58614386359903,255.0058776573516,256.3222864925608,50419300,-0.004955252154698941,-0.047156580174571805,-0.06544484150382768,0.006348068637259418,0.0071861162370327036,270.8003952026367,272.02613098144525,0.99549405134578,22.003598172000125,-2.8358323558818483,-1.0002332494129234,-1.835599106468925,1.1812786523208747,3.64,326.7849032258065,15.45,4.32258064516129,1
2026-01-09,258.6659240722656,259.5036402038468,255.52448097015204,258.3767027680543,39997000,0.0012739243260126987,-0.04295053831431661,-0.0696247584455556,0.007642616814865998,0.006952022769864419,269.83253021240233,271.8392504882812,0.9926179892260798,21.935361130128697,-3.280162768310845,-1.456219153192508,-1.823943615118337,0.9295163445050599,3.64,326.81303225806454,14.49,4.325806451612904,1
2026-01-12,259.54351806640625,260.5906555331263,256.1028713590674,258.45648066308013,45263800,0.0033927700267757377,-0.02622934977702729,-0.06394998941199825,0.008583880887623026,0.007123882845905609,268.9459426879883,271.65597290039057,0.990024035976577,19.829027371306154,-3.520896615914296,-1.8691546457368657,-1.6517419701774303,1.0374301853316799,3.64,326.8974193548387,15.12,4.335483870967742,1
2026-01-13,260.34136962890625,261.0993163539261,257.68861696081353,258.01770778709204,45730800,0.0030740569768183956,-0.004993074731664104,-0.0619160525388045,0.005052259156050438,0.007207060593407286,268.08678131103517,271.4547778320312,0.98759278967976,25.61457035739862,-3.6057352993253744,-2.2164707764545675,-1.389264522870807,1.0407416013303417,3.64,326.9255483870968,15.98,4.338709677419355,0
2026-01-14,259.2543029785156,261.1092696408236,256.0131254420647,258.78557762508564,40019400,-0.004175543256686898,-0.0014213613496208977,-0.05162155756647413,0.004005834458479877,0.006658499187279488,267.3812026977539,271.2523651123047,0.9857285579318432,19.061856284042037,-3.7178309202703304,-2.5167428052177203,-1.20108811505261,0.9216577975157473,3.64,326.95367741935485,16.75,4.341935483870968,0
2026-01-15,257.5090637207031,260.3313985459844,256.35220896361545,259.9424426175537,39388600,-0.006731765829002034,-0.0032041842932832854,-0.05972101828026832,0.004564263713902465,0.00663237853271472,266.5634292602539,271.0413507080078,0.9834788255147902,11.651995733368636,-3.902508046474111,-2.7938958534689986,-1.1086121930051123,0.9053163772589038,3.64,326.9818064516129,15.84,4.345161290322581,0
2026-01-16,254.8363494873047,258.1971965798445,254.2379721311412,257.1999111311508,72142800,-0.010379107417738509,-0.014805098888445167,-0.059998550116604155,0.006072774728584545,0.006648988123309415,265.75014266967776,270.7571548461914,0.9815073689212093,10.482159013472511,-4.215933049480611,-3.0783032926713214,-1.13762975680929,1.6172502388007974,3.64,327.00993548387095,15.86,4.348387096774194,0
2026-01-20,246.0303192138672,254.09835490933511,242.75922413209136,252.04394930256512,80267500,-0.03455562870506512,-0.052065252691387176,-0.09364777159071858,0.014292715701970035,0.00959235189014501,264.4791030883789,270.29484497070314,0.9784837114338804,6.467188262277304,-5.115924477643432,-3.4858275296657437,-1.6300969479776883,1.7434239462729813,3.64,327.1224516129032,20.09,4.361290322580645,1
2026-01-21,246.9777374267578,250.87712721718017,244.51444112970407,248.02489020045317,54641700,0.0038508189393806624,-0.05133118958848959,-0.09507817995573653,0.014480853422424321,0.009508896290335292,263.181632232666,269.8588571166992,0.9752566028205416,9.4417940677656,-5.687167312040174,-3.92609548614063,-1.7610718258995437,1.3153795073185568,3.64,327.1505806451613,16.9,4.364516129032258,1
2026-01-22,247.67584228515625,250.31864258405668,247.47637302553755,248.52352576906395,39708300,0.002826590224981107,-0.04466063074107929,-0.08347786492712284,0.015533421564518549,0.009586019301223431,262.053702545166,269.46273529052735,0.9725044253804774,11.871572563635581,-6.014221939321601,-4.343720776776824,-1.6705011625447765,0.9522954155960579,3.64,327.17870967741936,15.64,4.367741935483871,0
2026-01-23,247.36666870117188,248.73296007338791,244.0157890837153,246.6486371992728,41689000,-0.0012482993138605014,-0.03938655545939074,-0.08929363923192335,0.015922116022523098,0.009359046370462152,260.8410026550293,269.0360971069336,0.9695390524170182,12.0831944233975,-6.226586597716675,-4.720293940964795,-1.5062926567518806,0.9855599824207248,3.64,327.2068387096774,16.09,4.370967741935484,1
2026-01-26,254.71669006347656,255.86356228737432,249.121917868832,250.7973501838168,55969200,0.029713062802263712,-0.0004695539865834375,-0.06719977424744494,0.022919780973614867,0.01195288013065399,259.9235015869141,268.6403747558594,0.9675518872512473,32.52728986477004,-5.735684422569193,-4.923372037285675,-0.8123123852835183,1.266193000705386,3.64,327.2912258064516,16.15,4.380645161290323,1
2026-01-27,257.56890869140625,261.2389423700868,257.5090739976807,258.4664899667647,49648300,0.01119761185346313,0.046899055020567904,-0.05534015964269545,0.012279598493804654,0.01238860146675932,259.16905517578124,268.33719970703123,0.9658334940468197,43.583326452113425,-5.058183119327396,-4.950334253694019,-0.10784886563337626,1.0885621093087525,3.64,327.31935483870967,16.35,4.383870967741935,0
2026-01-28,255.74386596679688,258.1572795494081,253.81909726521187,256.95057275810245,41288000,-0.007085648395536603,0.035493598052086295,-0.06326718880170246,0.01429447371913111,0.012385210247112474,258.30540466308594,268.0078955078125,0.9637977425017923,43.858526088775555,-4.615321596308235,-4.883331722216862,0.2680101259086278,0.8881488126806862,3.64,327.3474838709677,16.35,4.387096774193549,1
2026-01-29,257.5788879394531,258.94516415300217,253.7193980705993,257.29964922744847,67253000,0.007175233570976491,0.03998389815868775,-0.05419647301421315,0.01410192877302979,0.012600625597608531,257.56741485595705,267.7260626220703,0.9620558130701923,48.820614272105885,-4.069370540895477,-4.720539485952585,0.6511689450571083,1.3797362205633072,3.64,327.3756129032258,16.88,4.390322580645162,1
2026-01-30,258.7756652832031,261.1890792690021,251.4954625126288,254.4773517832236,92443400,0.00464625557367615,0.046121802270029155,-0.04553796287895939,0.013367963751356612,0.01269800733057433,256.95009765625,267.5668963623047,0.960320955804343,50.166273178138866,-3.499787099222857,-4.47638900860664,0.976601909383783,1.7777281204841497,3.64,327.4037419354839,17.44,4.393548387096774,1
2026-02-02,269.2770690917969,269.7557466562268,258.50636737104884,259.3241487899344,73913400,0.040581110272100096,0.0571630348395773,-0.0036898948212297222,0.017725066569643084,0.015897430581545118,256.90023345947264,267.6181579589844,0.9599506827890415,61.41790040280489,-2.175929829999177,-4.016297172885148,1.8403673428859708,1.3737367955136945,3.64,327.56117857142857,16.34,4.396428571428571,0
2026-02-03,268.7485046386719,271.1419837262723,266.88355520832346,268.4692659190308,64394700,-0.0019629018353019,0.043404291317862054,0.008306460735780119,0.018695205663535833,0.015574490128366971,257.01093139648435,267.6365081787109,0.9602984777580065,59.92465497787276,-1.1560874833638763,-3.444255234980894,2.2881677516170176,1.176330680617197,3.64,327.6623571428571,18.0,4.392857142857143,1
2026-02-04,275.7394104003906,278.19275421850585,271.5508302866565,271.5508302866565,90545700,0.026012817340576033,0.07818582220145909,0.0538571849294498,0.017545800214004207,0.01590110562108066,257.71551208496095,267.84075134277344,0.9621967934040979,67.07995565783175,0.21378817642607828,-2.7126465526995,2.926434729125578,1.598287853220959,3.64,327.7635357142857,18.64,4.389285714285714,0
2026-02-05,275.1610107421875,278.7412615768201,272.48829324857786,277.3749854862336,52977400,-0.0020976314461659262,0.06825917660948688,0.059847047319272706,0.01904411219246552,0.015754749959072552,258.49239654541014,267.92891174316406,0.9647797800679319,68.74206145535233,1.2384761060752112,-1.9224220209445575,3.1608981270197685,0.9313059587784597,3.64,327.8647142857143,21.77,4.385714285714286,1
2026-02-06,277.3650207519531,280.14745564173626,276.1782486476445,276.3677353153735,50453400,0.008009892113060468,0.07183579432944698,0.0736565467412924,0.018712519454904684,0.015675530248898784,259.44380645751954,267.97279174804686,0.9681721967559064,74.16042135290203,2.202999059074216,-1.097337804940803,3.300336864015019,0.8869092057784261,3.64,327.9658928571428,17.76,4.382142857142857,0
2026-02-09,274.1307983398437,277.70443813431814,271.2160169672847,277.41494619870406,44623400,-0.011660527356121775,0.018025037424899137,0.05978705669501916,0.014300838325966297,0.016042367825732814,260.21705017089846,267.93104431152346,0.9712090319341422,84.22606535909802,2.6755733847134593,-0.34275556700995047,3.0183289517234098,0.7812481124631443,3.64,328.26942857142853,17.36,4.371428571428572,0
2026-02-10,273.19244384765625,274.87943562430115,272.4537718732244,274.4003102195724,34376900,-0.003423017398519912,0.016535679761117805,0.052588197474297216,0.014458410988186067,0.016106503024041798,260.8994964599609,267.8589617919922,0.9740181725282885,81.93626677344267,2.940478570555854,0.3138912605032104,2.6265873100526433,0.6076475934198805,3.64,328.3706071428571,17.79,4.367857142857143,1
2026-02-11,275.0092163085937,279.6808719096702,273.9610989943363,274.2106536370846,51931300,0.0066501563343037695,-0.0026481310405960246,0.05634082167039067,0.008049794064463637,0.016130841550471727,261.6328887939453,267.79728515625,0.9769811095780603,82.41555726702606,3.2594433589623577,0.9030016801950399,2.3564416787673177,0.912937029314337,3.64,328.4717857142857,17.65,4.364285714285715,0
2026-02-12,261.2637939453125,275.22886395053104,259.7165366668213,275.0990906441112,81077200,-0.049981678969831966,-0.05050576300541365,0.007751041906384204,0.023696517629005657,0.01997678681157314,261.73336334228514,267.3759307861328,0.9788965019130275,62.498058246565115,2.375698963532386,1.1975411368625093,1.178157826669877,1.375666690307866,3.64,328.57296428571425,20.82,4.360714285714286,0
2026-02-13,255.3243560791016,261.7628783299504,254.9949421084194,261.5432690161623,56290700,-0.02273349007346248,-0.07946447108975019,-0.008484002893082931,0.021736327044155745,0.020595761051963302,261.6241279602051,266.77415557861326,0.9806951778846863,50.56071660889231,1.1824318272039704,1.1945192749308016,-0.012087447726831124,0.9416031794979624,3.64,328.67414285714284,20.6,4.357142857142858,1
2026-02-17,263.4099426269531,265.8156532326085,255.08478749757865,257.5903108294174,58469100,0.03166790145686904,-0.03910854153497845,0.033643525175656164,0.030772166755838652,0.021624822539571507,262.0528076171875,266.3747817993164,0.9837748372689986,54.915046798474854,0.8790649711945662,1.1314284141835544,-0.2523634429889883,0.9893570146441306,3.64,329.07885714285715,20.29,4.342857142857143,1
2026-02-18,263.8791198730469,266.3447212846438,261.9825104325609,263.1304558468116,34203300,0.001781167564954833,-0.03409070852560947,0.07254715888761765,0.031034146383015642,0.01985675778645673,262.9452476501465,266.0536038208008,0.9883168048618205,57.00541299655271,0.6687937962751107,1.0389014906018659,-0.37010769432675517,0.6022251657588088,3.64,329.18003571428574,19.62,4.339285714285714,0
2026-02-19,260.11578369140625,264.00886051677537,259.5867290635135,262.1322047157328,30845300,-0.01426159138112626,-0.05415612180966034,0.0531952652961063,0.030213236269406262,0.020258296377582728,263.6021499633789,265.69545501708984,0.9921214118864913,52.11434864662763,0.19622068694781092,0.870365329871055,-0.674144642923244,0.5547211988839144,3.64,329.28121428571427,20.23,4.335714285714285,1
2026-02-20,264.1086730957031,264.2783836675007,257.7001265171608,258.50868117461044,42070500,0.015350431056632585,0.010888914638459646,0.06634813738365031,0.021988633279684422,0.020452106888574212,264.4237915039063,265.434914855957,0.9961906919720812,54.246804179730965,0.142256058764076,0.7247434756496592,-0.5824874168855833,0.7549912819014571,3.64,329.38239285714286,19.09,4.332142857142857,1
2026-02-23,265.705810546875,268.95002088588865,262.91081074777924,263.0206001676805,37308200,0.006047273769737682,0.04065986742195937,0.07413748158551425,0.016972001766086608,0.020429575533674717,265.3407485961914,265.22047943115234,1.0004534686208886,46.68617380972067,0.2257619039128258,0.6249471613022926,-0.39918525738946675,0.6721699218003997,3.64,329.6859285714286,21.01,4.321428571428571,1
2026-02-24,271.6552429199219,274.4003442568012,267.233111068832,267.38283777638213,47014600,0.02239105106810335,0.03130216046797418,0.06649957979677001,0.014000782448818892,0.02000153915889366,266.1876762390137,265.0931198120117,1.0041289507165565,52.45066533423146,0.7632125199970687,0.6526002330412478,0.11061228695582093,0.8539353924222056,3.64,329.7871071428572,19.55,4.317857142857143,1
2026-02-25,273.74151611328125,274.45024283739696,270.567157599074,271.29586819299504,33714300,0.007679856169661159,0.03737467460471744,0.06278943954858862,0.013775568259537798,0.019944887987091407,266.9963066101074,265.0224447631836,1.0074479044546116,48.163715349653366,1.3420208355447585,0.7904843535419499,0.5515364820028086,0.6213507670242864,3.64,329.8882857142857,17.93,4.314285714285714,0
2026-02-26,272.4637756347656,275.61811956353745,270.3175813011377,274.4602128097023,32345100,-0.004667689785084916,0.04747113676888093,0.06537755892897734,0.010201307208975042,0.01988625023792906,267.83230209350586,264.92122833251955,1.010988450337896,47.552409014627436,1.6782814339351262,0.9680437696205852,0.7102376643145409,0.6010698806384274,3.64,329.9894642857143,18.63,4.310714285714286,0
2026-02-27,263.7093811035156,272.3240124520744,262.4217010495403,272.3240124520744,72366500,-0.03213048968015897,-0.0015118473297649482,0.023800448915298977,0.020316077956899922,0.021375817657573484,268.13882675170896,264.72809844970703,1.0128838922727725,38.924898262656306,1.2242514964610223,1.0192853149886727,0.20496618147234957,1.3384294877841365,3.64,330.0906428571429,19.86,4.307142857142857,1
2026-03-02,264.2484130859375,266.0551862059976,259.73647625260065,261.94253069595567,41827900,0.002044037948768729,-0.005485004102612212,0.021148618424939647,0.020089092862868627,0.021362901627641304,268.4124641418457,264.53577606201173,1.0146546835272867,41.61870282016549,0.8975781537732814,0.9949438827455944,-0.09736572897231299,0.8116021273464371,3.64,330.3611935483871,21.44,4.3,0
2026-03-03,263.2801818847656,265.08695529305965,259.6666350681776,263.0106738027697,38568900,-0.003664094667077511,-0.030829741937375532,-0.02227032263555606,0.01534413540650715,0.01926510424584607,268.1126197814941,264.3793380737305,1.0141209284165864,41.59762232928533,0.5541708731834092,0.9067892808331575,-0.3526184076497483,0.7749393110980823,3.64,330.4293870967742,23.57,4.3,0
2026-03-04,262.0523376464844,265.67587606267574,260.9543215497597,264.17854815272653,39803100,-0.004663640952734749,-0.042701518690937634,-0.024916108840085993,0.013437813208449268,0.019282054584752756,267.77781143188474,264.1913626098633,1.013575193324233,38.90600976839521,0.18085655886198992,0.761602736438924,-0.580746177576934,0.8199953688290884,3.64,330.4975806451613,21.15,4.3,0
2026-03-05,259.8263244628906,261.09405110124777,256.79173142961054,260.3254337562426,49658600,-0.008494536639458317,-0.04638213334023289,-0.05771059680730162,0.013264549279195667,0.01824598250283022,266.98215713500974,263.9293460083008,1.0115667741116325,48.466749129260116,-0.2912609106948594,0.5510300070121673,-0.8422909177070267,1.0680122078570362,3.64,330.5657741935484,23.75,4.3,0
2026-03-06,257.0013427734375,258.3090066542827,253.916851068475,258.16927189629365,41120000,-0.010872576884936036,-0.02543723815211929,-0.06599651571190346,0.004953041632231792,0.01833329934274967,266.0741737365723,263.6646841430664,1.0091384616082997,51.91602763049114,-0.8831889670767623,0.26418621219438143,-1.1473751792711437,0.8957939186006095,3.64,330.63396774193546,29.49,4.3,1
2026-03-09,259.41705322265625,260.68477987096253,253.2280857512349,255.2345148744848,38218500,0.009399602442343502,-0.018283401617666506,-0.06470883560096674,0.00785739354367883,0.018380780333267704,265.1767753601074,263.4206118774414,1.0066667656344337,44.758913800217115,-1.1441791866168955,-0.01748686756787396,-1.1266923190490217,0.8438306646674764,3.64,330.83854838709675,25.5,4.3,1
2026-03-10,260.3653564453125,262.01244158439727,256.4922936817907,257.19102845716964,30590800,0.003655516130785408,-0.011071191984852513,-0.05021486815015208,0.008510905288673482,0.018327711906794046,264.48850326538087,263.16658477783204,1.00502312437829,45.44510861180231,-1.2599715039750095,-0.26598379484930107,-0.9939877091257083,0.6860455832737535,3.64,330.90674193548386,24.93,4.3,0
2026-03-11,260.3453674316406,261.6630231774062,259.08760235948154,260.62486739620806,26218900,-7.677293916819039e-05,-0.0065138522715507685,-0.04702573846873925,0.008425082019587608,0.018333262788812112,263.8461494445801,262.9203353881836,1.0035212721565625,50.329596764229876,-1.3379278961128875,-0.4803726151020184,-0.8575552810108691,0.5934275705069967,3.64,330.974935483871,24.23,4.3,0
2026-03-12,255.30438232421875,258.48871731031414,253.72719511663237,258.1992253881205,40794000,-0.01936268410362818,-0.017403710528637095,-0.0716515404424255,0.01156814004761878,0.01858999875997548,262.8609077453613,262.5660855102539,1.0011228496419653,37.729576798654634,-1.7858876660880583,-0.7414756252992265,-1.0444120407888318,0.9351001225780239,3.64,331.04312903225804,27.29,4.3,0
2026-03-13,249.6744384765625,255.87336762960535,249.0755164384504,255.024890934378,36930000,-0.02205188879408504,-0.028509206285875832,-0.044358827121586786,0.014152709539388266,0.015750167820594498,262.2814399719238,262.11280059814453,1.0006433847312854,29.915028591441384,-2.565613631367796,-1.1063032265129404,-1.4593104048548557,0.8916431452428255,3.64,331.11132258064515,27.19,4.3,1
2026-03-16,252.36964416503903,253.43773019062647,249.4348789230203,251.66090222791988,32074200,0.010794880344667579,-0.02716632916020545,-0.011572385648735972,0.014533193734795837,0.01521917918939244,262.1337043762207,261.7377532958984,1.0015127778676798,23.6928331083311,-2.9322701175476027,-1.471496604719873,-1.4607735128277297,0.7977249783558074,3.64,331.31590322580644,23.51,4.3,1
2026-03-17,253.7771148681641,254.67552076289968,251.7307636559193,252.5093881906664,32361600,0.00557702059525278,-0.025303833302155243,-0.03656971966480116,0.014854633344154378,0.013318844145117432,261.6520629882813,261.40780853271485,1.0009343808700184,22.253047762810894,-3.0738435464414806,-1.7919659930641947,-1.281877553377286,0.8318810623130626,3.64,331.38409677419355,22.37,4.3,0
2026-03-18,249.4947662353516,254.48585937367065,248.5564382882904,252.1799767808244,35757900,-0.01687444762321122,-0.04167771949749821,-0.05451114754595077,0.01534739338824361,0.013704281103183431,260.9328453063965,261.06701293945315,0.999486079717441,20.537785810274215,-3.491345200227272,-2.1318418344968104,-1.3595033657304616,0.9173527226978219,3.64,331.45229032258067,25.09,4.3,0
2026-03-19,248.5165252685547,251.3814079598573,246.85947863088072,248.95572868612365,34864100,-0.00392088772665522,-0.026587311169002814,-0.04459267430158176,0.014087673647236912,0.013437965965396832,260.3528823852539,260.80438751220703,0.9982687978095001,25.655829692347993,-3.8566965422799626,-2.476812776053441,-1.3798837662265218,0.8898355644029532,3.64,331.5204838709677,24.06,4.3,0
2026-03-20,247.54823303222656,248.75606899357115,245.56177255944445,247.53824109812177,88331100,-0.003896289131202657,-0.008515911589946468,-0.06270312848633974,0.010595877176557897,0.01278906910137609,259.5248603820801,260.5628857421875,0.9960162194352786,23.603698163700756,-4.1762321990109115,-2.816696660644935,-1.3595355383659764,2.128798027349641,3.64,331.58867741935484,26.78,4.3,1
2026-03-23,251.04200744628903,254.1464679788293,249.83415620831627,253.51758537106093,40546100,0.014113509804804858,-0.0052606830870743915,-0.055188116023526024,0.011625333774522758,0.013214627425588973,258.79167022705076,260.416989440918,0.9937587819544471,32.086511028293344,-4.100282607020063,-3.0734138499199606,-1.026868757100102,0.9733717021911492,3.64,331.7932580645161,26.15,4.3,1
2026-03-24,251.1917266845703,254.3760464402864,249.10545347620703,249.9040313986812,45152300,0.0005963911769359953,-0.010187633289695519,-0.07532899426271622,0.011123413288985407,0.0118615521633976,257.7684944152832,260.26750549316404,0.9903982978084582,33.5848099280672,-3.982107658594316,-3.255152611654832,-0.7269550469394841,1.086379100045125,3.64,331.86145161290324,26.95,4.3,1
2026-03-25,252.16998291015625,254.5457480998694,251.15181088451408,253.6473574345128,28476700,0.003894460372950048,0.010722536248640502,-0.07880256348912074,0.007449755410883551,0.0116971084077159,256.68991775512694,260.1200347900391,0.9868133300932362,37.97429036794744,-3.7661027703667855,-3.357342643397223,-0.40876012696956243,0.68950321565344,3.64,331.9296451612903,25.33,4.3,1
2026-03-26,252.43951416015625,256.5421934269488,250.32329549316128,251.67088153367663,41796700,0.001068847476965784,0.01578562587482768,-0.07349329806488347,0.006731547517450279,0.011750859081834448,255.68870468139647,259.96199768066407,0.9835618550503797,42.209399045627684,-3.5324485528623484,-3.392363825290248,-0.14008472757210022,1.0005698671351364,3.64,331.9978387096774,27.44,4.3,0
2026-03-27,248.35679626464844,255.03488128462607,247.6281009352486,253.4477020992108,47900000,-0.016173054004998577,0.0032662856143943486,-0.058217818321907644,0.010896944033285604,0.010155377704166165,254.92107543945312,259.7440475463867,0.9814318281689506,32.12904161100833,-3.634817205423758,-3.4408545013169505,-0.1939627041068075,1.1812702329519154,3.64,332.0660322580645,31.05,4.3,0
2026-03-30,246.19065856933597,250.4230956915925,245.07264337813007,249.62453299565456,39446200,-0.008721878071757061,-0.019324848961746022,-0.06833628367232192,0.008359628049288498,0.010162318658852504,254.01818771362304,259.5176794433594,0.9788087973754535,27.964013817191287,-3.846395456425057,-3.521962692338572,-0.324432764086485,0.9756548802221888,3.64,332.2706129032258,30.61,4.3,1
2026-03-31,253.337890625,255.02488248828536,246.65982101631488,247.46837564153284,49598100,0.029031288584213666,0.008543927655406902,-0.03776315858106338,0.017177041567519858,0.012494039415872692,253.52107315063478,259.48771026611325,0.9770060897706504,41.08233329449688,-3.3981787602457416,-3.4972059059200062,0.09902714567426463,1.2102427056597729,3.64,332.33880645161287,25.25,4.3,1
2026-04-01,255.17462158203125,255.7236296181179,252.8787157917901,253.62737973002484,40059400,0.007250123353044202,0.011915132154906471,-0.026245581803324147,0.017343112736427795,0.012635978172791598,253.17718734741212,259.67059631347655,0.9749936686777368,49.82020427027544,-2.8617663007381395,-3.3701179848836333,0.5083516841454938,0.9771834253938796,3.64,332.407,24.54,4.3,1
2026-04-02,255.464111328125,255.6737439434535,250.20349485503917,253.7471740568136,31289400,0.0011344770271390914,0.011981472781831704,-0.016788957561490903,0.017341792037518265,0.012528532682037144,252.95907669067384,259.8403237915039,0.973517400992959,59.41558796057797,-2.385794208264741,-3.1732532295598554,0.7874590212951142,0.7807457275247466,3.639666666666667,332.4594,23.87,4.3,1
2026-04-06,258.3988342285156,261.6929736576745,256.003115847535,256.053045051996,29329900,0.011487808933839494,0.04043391650601902,0.0054376815311432125,0.01398027383409241,0.012577314172891449,253.02895126342773,260.0547836303711,0.9729832604158917,59.72931299988037,-1.7515841128966656,-2.8889194062272177,1.137335293330552,0.7427774272386503,3.6383333333333336,332.669,24.17,4.3,0
2026-04-07,253.0484161376953,255.7436185540334,245.2623079794448,255.7036812801697,62148000,-0.02070604577917201,0.027855474323076113,-0.02454980120175354,0.01801635099377354,0.013221810830308427,252.71051940917968,260.16841857910157,0.9713343409986005,48.95684433835321,-1.6615487677831595,-2.6434452785384064,0.9818965107552469,1.5276058192962365,3.638,332.7214,25.78,4.3,1
2026-04-08,258.43878173828125,259.2872736156141,256.0730086009651,257.98960165960847,41032800,0.02130171641798695,0.020134734289833478,-0.007399504808681789,0.01568865892635683,0.014118378252970697,252.61419067382812,260.2428604125977,0.9706863437995001,62.40996159010443,-1.1420725518465247,-2.34317073320003,1.2010981813535055,0.9958119536361402,3.6376666666666666,332.7738,21.04,4.3,1
2026-04-09,260.02593994140625,260.6548225010532,255.6138310165902,258.5386040524215,28121600,0.00614133139171158,0.019011758807744306,-0.001226937484563595,0.015640650492724346,0.014191289104157364,252.5982192993164,260.29200103759763,0.9704417281068507,65.70413031321193,-0.5954495339620678,-1.993626493352438,1.3981769593903701,0.680902085821953,3.637333333333333,332.8262,19.49,4.3,0
2026-04-10,260.0159912109375,261.7229364827484,258.5585701252562,259.5168819122501,31291500,-3.8260530741629495e-05,0.01781807964785287,0.018454868826870863,0.015700640910946865,0.01343905188945454,252.83379974365235,260.3774435424805,0.9710280441493105,67.46859728630615,-0.16119151800489817,-1.6271394982829301,1.465947980278032,0.7664717389035938,3.637,332.8786,19.23,4.3,0
2026-04-13,258.73828125,259.71651601158027,256.2027973984465,259.2673359057164,36234700,-0.004913966848681062,0.0013136553905044313,0.0363026460727911,0.015360101361737773,0.012397874615161354,253.28699188232423,260.4006314086914,0.9726819420986635,61.497224297800045,0.07895048072435884,-1.2859215024814723,1.3648719832058311,0.8883097251659481,3.636,333.0358,19.12,4.3,0
2026-04-14,258.368896484375,261.4633801130582,256.73183388682423,258.7881616833941,48370700,-0.0014276386309766131,0.02102554296875958,0.02377168751489278,0.010355363757878138,0.012234293559540492,253.58695449829102,260.39249603271486,0.973864294716201,60.65184259215227,0.23672960975613933,-0.98139128003395,1.2181208897900895,1.1626051785535738,3.635666666666667,333.0882,18.36,4.3,1
2026-04-15,265.95538330078125,266.08515659729386,257.35074355126085,257.7001261657452,49913500,0.02936300351797594,0.029084650190434713,0.0479880482483368,0.0137517423918315,0.013740814381626004,254.19586791992188,260.32606231689454,0.9764518606304182,67.10430856517982,0.9628377946680757,-0.5925454650935449,1.5553832597616206,1.1749042882647156,3.6353333333333335,333.1406,18.17,4.3,0
2026-04-16,262.9307556152344,266.6840670491935,260.804545264895,266.3246925362851,43323100,-0.011372688335946068,0.011171253431417894,0.053852790511879745,0.015738092289955607,0.013384334653569325,254.867667388916,260.20970733642577,0.9794702511209429,62.18406325646016,1.2794726222372788,-0.2181418476273802,1.497614469864659,1.0107744061396184,3.635,333.193,17.94,4.3,1
2026-04-17,269.7486267089844,271.8149160854778,266.24486962975914,266.4844323486072,61436200,0.02593029133391722,0.03743091127865017,0.08543537061563855,0.01875935088641507,0.014242800427949526,255.9292724609375,260.08989166259767,0.9840031491609926,73.35950207629284,2.056843214025264,0.23685516470314863,1.8199880493221152,1.3902769637405832,3.6346666666666665,333.2454,17.48,4.3,1
2026-04-20,272.5635681152344,273.7913879220191,269.80850557942483,269.84841238867654,36590200,0.010435424419368289,0.053433480343312745,0.10105236776120008,0.017425249759570674,0.014174216273944636,257.1800392150879,260.0379428100586,0.989009666958263,78.39638602951202,2.8670081691836913,0.7628857655992571,2.104122403584434,0.8795117546620298,3.6336666666666666,333.4026,18.87,4.3,0
2026-04-21,265.69586181640625,272.3140256362382,264.9272139873882,271.0163536236942,50209800,-0.025196714096157535,0.02835854250155201,0.058372120742590905,0.02365176186141127,0.015496131596129321,257.91273193359376,259.8045596313477,0.9927182659902569,63.386724284640366,2.921229119681243,1.1945544364156544,1.7266746832655886,1.193027426671647,3.633333333333333,333.455,19.5,4.3,1
2026-04-22,272.68341064453125,273.2523721409737,266.39461467279705,267.3429346055621,43249200,0.026299050276339386,0.02529757909107988,0.08555888461624672,0.022917989538157057,0.016333467214077527,258.9873161315918,259.7756118774414,0.9969654743947961,67.06230933346339,3.4878308635433086,1.6532097218411854,1.8346211417021232,1.029966384371275,3.633,333.5074,18.92,4.3,1
2026-04-23,272.9429016113281,275.2787294551341,271.1660737405759,274.56001085217736,33399600,0.0009516199250387825,0.03807902188036638,0.08237665110431847,0.021292509724629594,0.016349985108434443,260.0259620666504,259.77062103271487,1.000982948082891,67.0430401894911,3.9127023825695915,2.1051082539868666,1.8075941285827248,0.7907658279950082,3.6326666666666663,333.5598,19.31,4.3,0
2026-04-24,270.5771179199219,272.5735550213531,269.16962610782736,272.2741016414235,38157100,-0.008667687188198547,0.003071345426463701,0.07184930544692181,0.01941987283156094,0.016587968087308676,260.9328422546387,259.6819790649414,1.0048169041001664,62.00790540951237,4.0122662425199564,2.4865398516934847,1.5257263908264718,0.9073131526415972,3.632333333333333,333.6122,18.71,4.3,0
2026-04-27,267.1332702636719,267.88193422863776,264.59781690250213,265.6159889280984,41466800,-0.012727786010601316,-0.019923050938585707,0.07560281933664204,0.019298487689392543,0.016388450971095914,261.87166595458984,259.7993685913086,1.0079765296371492,64.43035382361816,3.7698253939195183,2.7431969601386914,1.026628433780827,0.9936120693765831,3.631333333333333,333.7694,18.02,4.3,1
2026-04-28,270.2277526855469,272.7432830913257,268.181416710472,271.8548539018017,40018900,0.011584039752220443,0.0170566859346577,0.09763609332659229,0.0158353682077993,0.016201249512689822,263.0735206604004,260.0974365234375,1.011442189422327,62.674407998734864,3.783771185576825,2.951311805226318,0.8324593803505067,0.9582605249625706,3.631,333.8218,17.83,4.3,0
2026-04-29,269.688720703125,270.5571659728108,266.56429174844374,267.07336249706583,30047900,-0.001994732136373578,-0.010982296041874395,0.06454158924978226,0.009389297356496006,0.015213524636333998,263.8910621643066,260.22301208496094,1.0140957944109419,60.628049484558225,3.708577773769548,3.102764998934964,0.6058127748345838,0.7367477583097408,3.6306666666666665,333.8742,18.81,4.3,1
2026-04-30,270.8666381835937,275.50834883767226,267.6623648300734,270.018146234023,91848200,0.0043676927881806105,-0.007606951547291185,0.06149520867034153,0.009789086218708581,0.01518718314291492,264.67566299438477,260.3627624511719,1.016564966904673,61.63562559069234,3.7013674891856,3.2224854969850916,0.4788819922005083,2.1175887695738145,3.630333333333333,333.9266,16.89,4.3,1
2026-05-01,279.6409606933594,286.7083346607987,277.87409435408995,278.36321169794013,79915400,0.03239351501021126,0.033498186554415055,0.09463892693005693,0.01690032868398744,0.01652415113109549,265.8845054626465,260.7532659912109,1.0196785242628887,69.31018986567369,4.353483534929524,3.448685104573978,0.9047984303555454,1.744677548460324,3.63,333.979,16.99,4.3,0
2026-05-04,276.3368530273437,280.13010214166496,274.3703610857382,279.16182884121525,46668400,-0.011815535384456122,0.034453150498953145,0.06941989058265086,0.01664075866341029,0.01683605011067472,266.7814064025879,260.9978295898438,1.0221594824057847,65.74529786348688,4.551212776500506,3.669190638959284,0.882022137541222,0.9999190095684409,3.63,333.84245161290323,18.29,4.290322580645161,1
2026-05-05,283.6737670898437,284.0630869835518,276.00745521106614,276.43668191704,49311700,0.026550617415383337,0.049758080991567866,0.1210256575385309,0.018886879242336382,0.01657483669742999,268.3126739501953,261.3571887207031,1.0266129478341042,65.59480935845417,5.239544070164413,3.98326132520031,1.2562827449641034,1.071286312850224,3.63,333.7969354838709,17.38,4.287096774193548,1
2026-05-06,286.9978332519531,287.5168959460148,280.5693031693742,281.4177950537395,58336100,0.011717918777652159,0.06418181859330363,0.11050605997126772,0.017685171069900817,0.016240009054688753,269.7406265258789,261.66404052734373,1.0308662435321951,71.07153468468175,5.984292736876569,4.383467607535562,1.6008251293410067,1.2439586459519703,3.63,333.7514193548387,17.39,4.283870967741936,0
2026-05-07,286.9279479980469,291.60959552514373,285.2709015174152,288.7546745760609,45224300,-0.0002435044652232543,0.059296006042526495,0.10345893976078946,0.018332950548392037,0.016286922048632205,271.0857269287109,261.9277691650391,1.0349636764092067,67.05649867470444,6.494013321745399,4.805576750377529,1.6884365713678697,0.9470925692867314,3.63,333.7059032258064,17.08,4.280645161290322,1
2026-05-08,292.7974853515625,294.2349225642168,289.48339230776435,289.49338424193445,52692800,0.020456485310924144,0.04704791682013254,0.1260749155771388,0.015530905470932537,0.016591185803116935,272.7248016357422,262.334443359375,1.0396072972474049,68.9404219069857,7.287586408498669,5.301978682001757,1.9856077264969114,1.0793120053714886,3.63,333.6603870967742,17.19,4.27741935483871,0
2026-05-11,292.42779541015625,293.6267735875138,289.979924827367,291.72841688276577,42247300,-0.0012626131025762488,0.05822944788772122,0.13020691796126038,0.012324422802245674,0.016483530658664158,274.40927734375,262.9088116455078,1.0437431732556335,78.48876388415488,7.79679135113048,5.800941215827502,1.9958501353029776,0.8600596563287336,3.63,333.5238387096774,18.38,4.267741935483871,1
2026-05-12,294.54595947265625,295.0155556946294,292.3078994315659,292.3078994315659,45748100,0.007243374589372076,0.038326393357934974,0.1400209680056015,0.00897828719526871,0.016384226590500265,276.21813049316404,263.5147625732422,1.0482074241149621,75.99760198112351,8.275859121983046,6.295924797058612,1.979934324924434,0.9338208863277433,3.63,333.4783225806452,17.99,4.264516129032258,1
2026-05-13,298.6124572753906,300.6607090744109,293.24708951115105,293.24708951115105,52684300,0.013805987391627639,0.0404693787818291,0.12279155085827309,0.009262793385995775,0.015602319907733267,277.85098419189455,264.2214080810547,1.0515839205075266,77.99037903513482,8.881278321336481,6.812995501914187,2.0682828194222944,1.0723716470003217,3.63,333.43280645161286,17.87,4.2612903225806456,0
2026-05-14,297.9530334472656,300.1911240450107,295.12548538387824,299.5616620172475,35324900,-0.002208293097152536,0.038424578456518255,0.13319962417512654,0.00972983756349747,0.015196949026445902,279.6020980834961,264.9394219970703,1.0553435044732147,81.00478488744238,9.201794843699304,7.290755370271211,1.9110394734280929,0.7249276917210868,3.63,333.3872903225806,17.26,4.258064516129032,1
2026-05-15,299.9713134765625,302.93875555297063,296.26448829773227,297.643304079477,54862800,0.006773819369938039,0.024500989536800022,0.11204018769735424,0.006648693130946654,0.014487067378983125,281.113232421875,265.74232177734376,1.0578414102116938,88.43195171169874,9.509050413771433,7.734414378971255,1.774636034800178,1.1335244758336693,3.63,333.3417741935484,18.43,4.254838709677419,0
2026-05-18,297.5833435058594,300.4009207908792,294.6558756451712,299.98126929450746,34483000,-0.007960661114649215,0.01763015751793362,0.09179427596885259,0.008585900196914065,0.014733973311005,282.3642211914063,266.5539617919922,1.059313541217413,82.55392678827454,9.450919134384094,8.077715330053824,1.3732038043302701,0.7140101745880459,3.63,333.2052258064516,17.82,4.245161290322581,1
2026-05-19,298.7123718261719,300.2510533099592,296.09463441963413,296.7140952726279,42243600,0.0037939903054091673,0.01414520287759169,0.12426429897722602,0.008348314962150478,0.01297993782894749,284.01504669189455,267.3398681640625,1.062374454817935,84.0606772976569,9.38773683979639,8.339719632002337,1.048017207794052,0.8819763941096347,3.63,333.15970967741936,18.06,4.241935483870968,1
2026-05-20,301.98956298828125,302.5390768782648,297.82314269813475,297.9230626302997,38229800,0.010971059357449242,0.011309326287671118,0.10747317658408395,0.007467208747193502,0.012140763407932744,285.48035430908203,268.1723522949219,1.0645405906539005,84.80916051378384,9.492680640845492,8.570311833770969,0.9223688070745233,0.8023792358362953,3.63,333.1141935483871,17.44,4.238709677419354,1
2026-05-21,304.7271728515625,305.27671719779084,300.1411318265125,300.80056674721834,42965100,0.00906524661379593,0.02273559468726072,0.11645025773740514,0.007477445246238184,0.012127359385066072,287.06956787109374,269.0599884033203,1.0669351826507074,82.4376423049755,9.68510770323013,8.793271007662803,0.8918366955673278,0.8928030970106803,3.63,333.0686774193548,16.76,4.235483870967742,1
2026-05-22,308.55389404296875,311.13165741506583,305.5764509618376,305.85620846339293,43670200,0.012557860054279724,0.028611337754057775,0.14035472184416653,0.008312410596540918,0.011736215148612722,288.9684066772461,270.12497863769534,1.0697581842841142,91.10262340271453,10.030763557082594,9.04076951754676,0.9899940395358335,0.902286553491897,3.63,333.02316129032255,16.7,4.232258064516129,0
2026-05-26,308.0643005371094,311.5513139598484,307.4048960873393,309.2932516306072,48000500,-0.001586735786880733,0.03522024085008524,0.15322325906105538,0.005807904253140534,0.011009801744287655,291.014958190918,271.29277587890624,1.0726970419618358,87.70527920802918,10.148209959980136,9.262257606033437,0.8859523539466991,0.9851072827094026,3.63,332.84109677419355,17.01,4.219354838709678,1
2026-05-27,310.5821533203125,312.9900803339556,308.0343323058515,308.0643052358437,50430900,0.008173140408717527,0.039736491065217594,0.14933477495823455,0.005534826557442786,0.010964814323067966,293.0326782226563,272.4570260620117,1.075518889925641,87.3909808122359,10.325431609229724,9.474892406672694,0.8505392025570302,1.0240449296517242,3.63,332.7955806451613,16.29,4.216129032258064,1
2026-05-28,312.24072265625,312.5304508120942,309.30325358892543,310.412282475935,48220400,0.00534019523725493,0.033945410452369096,0.15778191183592916,0.005305601367187079,0.010767616670071103,295.1602783203125,273.6262982177734,1.0786985031877332,88.20665937647689,10.478919268810785,9.675697779100313,0.8032214897104719,0.9614200986175164,3.63,332.75006451612904,15.74,4.212903225806452,0
2026-05-29,311.7911071777344,314.7285763294451,309.2632884033746,311.5113496628706,70026800,-0.0014399642515899869,0.023181176329204023,0.15108715221843605,0.006152219719287215,0.010930957992705067,297.20650177001954,274.8722250366211,1.0812533049871549,84.27683485758533,10.443888487930792,9.82933592086641,0.6145525670643828,1.4272448899729988,3.63,332.70454838709674,15.32,4.209677419354839,0
2026-06-01,306.0460510253906,310.6720662449624,304.7571540774977,309.363197507879,48849900,-0.01842597822736758,-0.008127730895624019,0.09442497360386981,0.010329801283230746,0.010648869100004964,298.5267562866211,276.0228155517578,1.0815292775341012,70.58284141300366,9.839128969528076,9.831294530598743,0.007834438929332777,1.028179868491632,3.63,332.568,16.05,4.2,1
2026-06-02,314.92840576171875,315.1781903378333,306.42572903356995,307.1950545511415,44534700,0.029022935295418106,0.022281404280346084,0.13965402121213422,0.01714970914211817,0.011239513310546003,300.45633392333986,277.3704190063477,1.0832313517775083,75.5766788749956,9.961751616759841,9.857385947830963,0.10436566892887811,0.9394642180592672,3.63,332.57616666666667,15.77,4.196666666666667,0
2026-06-03,309.9926452636719,316.6668815001487,308.5838566628498,313.9092501546009,50836700,-0.01567264307615801,-0.0018980744718858356,0.09277868180702309,0.019090534507354682,0.0112637425627311,301.77227783203125,278.5494317626953,1.0833706460012462,63.97541505827681,9.550563376236653,9.796021433512102,-0.24545805727544945,1.0706833800155473,3.63,332.5843333333333,16.06,4.193333333333333,1
2026-06-04,310.9618225097656,313.26982953176514,309.3831669286496,312.96009909963743,44869100,0.00312645238815068,-0.004095878768165417,0.08349885079715813,0.018954089643984685,0.011137343866842158,302.97047729492186,279.74483367919925,1.0830243880119585,65.85479431674477,9.19688230285152,9.676193607379986,-0.4793113045284656,0.9585927482189729,3.63,332.5925,15.4,4.19,0
2026-06-05,307.0751647949219,314.8984348439246,306.8853260765596,312.5903972939029,65310500,-0.012498826008526143,-0.015125326778881454,0.07021698979637958,0.019695972040694266,0.011709954550482085,303.97783813476565,280.8429373168945,1.0823766516576716,58.280867691243756,8.50492720197417,9.441940326298823,-0.937013124324654,1.3659978118267189,3.63,332.60066666666665,21.51,4.1866666666666665,0
2026-06-08,301.2801818847656,317.1265012321255,300.9105055796523,308.4739595974908,77949100,-0.018871545388655542,-0.015572392209137198,0.028971206918044112,0.019784647279184348,0.012004636561873283,304.40197296142577,281.8197506713867,1.0801300201147748,53.99225133209067,7.403597050881444,9.034271671215347,-1.6306746203339024,1.588386690938664,3.63,332.62516666666664,18.92,4.176666666666667,0
2026-06-09,290.29962158203125,300.4908444635933,287.5320194610898,300.0212482417878,70108800,-0.036446341189923515,-0.0782043909952097,-0.007277604460068643,0.014181492023468547,0.014704681583640104,304.29556427001955,282.6586071777344,1.076548021333311,42.508909069070896,5.580417939113374,8.343500924794952,-2.763082985681578,1.3891882016649937,3.63,332.6333333333333,19.87,4.173333333333334,1
2026-06-10,291.3287353515625,294.4960172141002,287.1323727394638,290.4894628291428,52793300,0.0035450055495178656,-0.06020758942920834,-0.010922655760933653,0.016697941480407142,0.014628388824400531,304.1347030639648,283.5613687133789,1.072553375108657,40.111214653793155,4.1705012953930805,7.508900998914578,-3.338399703521498,1.038834924710329,3.63,332.6415,22.22,4.17,1
2026-06-11,295.375244140625,296.7440586571729,289.3404406054596,293.4668864344149,42572500,0.01388983748609407,-0.05012376838848487,-0.0108408509286676,0.019611984581597623,0.014632700043849652,303.97284240722655,284.4021157836914,1.0688135760509607,41.530971631723126,3.3411370899489725,6.675348217121457,-3.334211127172485,0.8461340780412977,3.63,332.64966666666663,19.44,4.166666666666667,0
2026-06-12,290.879150390625,296.88398158337014,289.3704417369658,295.7749221682621,38742100,-0.015221633631081977,-0.05274283387623768,-0.02374160442267359,0.019733489580352422,0.015000066373706867,303.61914825439453,285.11620635986327,1.064896142280939,34.1856266431039,2.294611933661429,5.799200960429451,-3.5045890267680226,0.7673983891053558,3.63,332.6578333333333,17.68,4.163333333333333,1
2026-06-15,296.1645812988281,297.5233947188816,291.4486474146935,293.8665449684006,45732600,0.018170538868479413,-0.016979545597506696,-0.012690320729724758,0.02260583813307661,0.01552204902072189,303.42881164550784,285.93021575927736,1.061198834267178,40.194327984678274,1.8701652092054815,5.013393810184658,-3.1432286009791763,0.9141313108053652,3.63,332.6823333333333,16.2,4.153333333333333,1
2026-06-16,298.9821472167969,300.2210994929347,293.71669913987887,294.99559499590845,39874400,0.009513514092780229,0.029908842414085424,0.004700544373411608,0.013029763561801369,0.015573097043773935,303.4987518310547,286.741882019043,1.0584388638800204,40.48828167031929,1.741072148353453,4.358929477818417,-2.6178573294649636,0.7927623436693868,3.63,332.6905,16.41,4.15,0
2026-06-17,295.6949768066406,301.8096980081642,294.10632015937927,300.59074812548096,42745100,-0.010994537435617069,0.014987335354369247,-0.010101339295337741,0.015157581382443927,0.015751052003136427,303.34788208007814,287.59481323242187,1.0547752188942479,36.785824833351604,1.3578651631337948,3.7587166148814926,-2.4008514517476978,0.8494126706161432,3.63,332.69866666666667,18.44,4.1466666666666665,1
2026-06-18,297.7532043457031,300.31099586682666,295.3652492546472,297.8530937792582,85962200,0.006960644246616354,0.008050641522097335,-0.01402816243269478,0.014208236825271269,0.015623831872134874,303.13606414794924,288.3811016845703,1.051164803716985,39.06954993522436,1.2063466147172903,3.2482426148486523,-2.041896000131362,1.6308597205317537,3.63,332.7068333333333,16.4,4.1433333333333335,0
2026-06-22,296.75408935546875,302.1594314563154,296.5043047694293,297.05381866220307,44879900,-0.003355513813629196,0.020197181396309105,-0.026164662053218213,0.011389587316402482,0.015465917945064557,302.7374099731445,289.11566467285155,1.0471152101554464,42.18752164937026,0.9941864808142213,2.7974313880417663,-1.803244907227545,0.8499098152398373,3.63,332.7395,17.28,4.13,0
2026-06-23,294.04638671875,301.3800886038737,293.9264950024863,297.2836155142734,52010900,-0.009124398732296202,-0.007152086082639619,-0.047017741808821456,0.009281038205785979,0.015207764605925152,302.0120346069336,289.7962725830078,1.042152930108605,30.408683303365905,0.6006353224816507,2.358072174929743,-1.7574368524480923,0.9772348246569309,3.63,332.74766666666665,19.49,4.126666666666666,0
2026-06-24,292.8274230957031,299.4417438827621,292.68755959702736,295.1054570720635,53081900,-0.004145480706800209,-0.0205855907397402,-0.04946005562748035,0.006994074884584804,0.01521225670066465,301.2501907348633,290.4780554199219,1.0370841621731768,32.688415485415035,0.18821341001245173,1.924100421946285,-1.7358870119338332,0.9926193872870354,3.63,332.7558333333333,18.63,4.123333333333333,0
2026-06-25,274.91290283203125,288.55113481081804,273.5141152813601,287.1523472601469,107013700,-0.06117774105404383,-0.07028213397145089,-0.11484642664414302,0.02692180354605191,0.019863009721296856,299.4667282104492,290.808935546875,1.0297714121035966,22.904762931499164,-1.5661325926994323,1.2260538190171415,-2.792186411716574,1.9005827648447147,3.63,332.764,18.89,4.12,1
2026-06-26,283.53546142578125,285.70360492137456,273.9737007161028,274.7630284991681,261775500,0.03136469225316163,-0.047750092064213434,-0.09193311169110618,0.03319206710950584,0.02142820239345374,298.0314651489258,291.160537109375,1.0235984179304138,33.48288371857974,-2.2349331048076806,0.5338564342521772,-2.768789539059858,3.908060322630272,3.63,332.77216666666664,18.41,4.116666666666666,0
2026-06-29,281.4972229003906,288.12151489662153,279.6088673150861,286.4829438934296,66427000,-0.007188654692930396,-0.05141248933827691,-0.09716083486651506,0.03306482242998471,0.02142229303599479,296.5167709350586,291.5318664550781,1.017099003757617,35.34634056362454,-2.896047313130964,-0.15212431522445108,-2.743922997906513,0.9943641421754955,3.63,332.7966666666667,17.65,4.1066666666666665,1
2026-06-30,289.11065673828125,289.69017405322865,280.45814550695326,280.9277417485351,65100200,0.027046212958856453,-0.016785548822913055,-0.05533609804919315,0.037037318493039796,0.022303483194958437,295.6700012207031,291.9191070556641,1.0128490875532987,49.07307129356993,-2.7736714458245046,-0.6764337413444619,-2.097237704480043,0.962792687708133,3.63,332.8048333333333,16.45,4.103333333333333,1
2026-07-01,294.1263427734375,296.33442991747245,288.95081360688545,293.1871503157195,50164200,0.017348672275670385,0.0044357856378425264,-0.06605330801445874,0.038077811500923854,0.0215730336680958,294.62989807128906,292.3503625488281,1.0077972727743076,52.05340391255966,-2.2460724193944657,-0.9903614769544627,-1.255710942440003,0.7388226530040104,3.63,332.813,16.59,4.1,1
2026-07-02,308.3640441894531,309.15337194761725,293.4269150966668,293.866538367699,75352800,0.04840675364798175,0.12167905184814165,-0.005253676495561743,0.020459430485243842,0.024217417216211443,294.5484680175781,293.20372619628904,1.0045863735728542,58.29293869666554,-0.6713440387840137,-0.9265579893203729,0.2552139505363592,1.0901217230834932,3.63,332.85551612903225,16.15,4.1,1
2026-07-06,312.3905944824219,313.9292760509671,306.7354678654279,307.0951430290638,53590000,0.01305778143996239,0.10176904473091386,0.004594686129392622,0.020314319323600952,0.024385755936027032,294.6199066162109,293.99786987304685,1.0021157865648234,63.817222743854266,0.8912744484699715,-0.5629915017623041,1.4542659502322755,0.7704213963517621,3.63,333.02558064516126,15.57,4.1,0
2026-07-07,310.3923034667969,315.2081573213481,309.88273318392555,315.0183186077797,42490000,-0.006396770744445224,0.10264783527413668,0.010802367147113134,0.020053356724968916,0.024252184642558725,294.7857635498047,294.7468579101562,1.000131996791838,59.541669770720276,1.945983387966976,-0.06119652381644808,2.007179911783424,0.6210325861600499,3.63,333.0680967741935,16.13,4.1,1
2026-07-08,313.1199645996094,314.5487250421545,306.7854009831778,311.6412289475945,41323500,0.008787785980344909,0.08304539214222961,0.039298246040532,0.020087400213777622,0.023855629277823427,295.37775268554685,295.59771484375,0.999255873279266,59.49282323318427,2.9677370532905343,0.5445901916049485,2.423146861685586,0.6205938303600566,3.63,333.1106129032258,16.9,4.1,1
2026-07-09,315.947509765625,316.2572401947346,307.8944576262147,310.24243869469103,48124500,0.00903022957872146,0.07418977432088125,0.08834971276855863,0.020315886499897975,0.022079107493530356,296.66014709472654,296.5739996337891,1.0002904754329234,63.682998389713966,3.9599951000120086,1.2276711732863606,2.7323239267256483,0.7348618975911778,3.63,333.15312903225805,15.84,4.1,0
2026-07-10,315.0483093261719,316.6369356310425,311.9010296470402,314.4488202226986,34132300,-0.002846043762522954,0.021676538697267933,0.08141858696494753,0.008436488303337809,0.022139455263491526,297.846125793457,297.47041076660156,1.0012630332740902,61.870814928514456,4.620546012102295,1.9062461410495475,2.7142998710527477,0.5287340136704084,3.63,333.1956451612903,15.03,4.1,1
2026-07-13,317.0365600585937,323.171283634363,315.5078797345754,316.7468014245228,43257800,0.006310939222858636,0.01487229659993261,0.07333490652201036,0.007129119671344999,0.022028668828157117,298.92919158935547,298.41736755371096,1.0017151281771575,63.73475491306351,5.244022756501806,2.5738014641399993,2.670221292361807,0.6697391182372611,3.63,333.32319354838705,17.16,4.1,0
2026-07-14,314.58868408203125,315.91755515351207,311.64124426456783,313.48965629761443,36336800,-0.007721115748007268,0.013519602671730802,0.08150991110764183,0.007575112504957625,0.021750285190019595,300.11466827392576,299.2918084716797,1.0027493562434868,63.95982669101113,5.477468586530563,3.154534888618112,2.322933697912451,0.5636341878117256,3.63,333.3657096774193,16.5,4.1,1
2026-07-15,327.2178039550781,328.44675508114506,317.0465830462295,317.34631234952286,60957600,0.04014486379221993,0.04502376389028995,0.10485123683617492,0.018689286039687773,0.023013988854851404,301.6673294067383,300.24334533691405,1.0047427664657358,70.2328175171159,6.6053976046420075,3.8447074318228918,2.7606901728191158,0.934502314616975,3.63,333.4082258064516,15.67,4.1,1
2026-07-16,332.97283935546875,334.3915986652446,326.50841333986017,327.72736328456057,62970600,0.017587781993612772,0.0538865762938705,0.11368803273067885,0.019082309182234816,0.023163033128834727,303.3668640136719,301.3760650634766,1.006605696938063,89.86146496815293,7.87291863248538,4.650349671955389,3.2225689605299905,0.9485691948423454,3.63,333.45074193548385,16.73,4.1,1
2026-07-17,333.452392578125,334.7013154010385,328.7164869908464,331.693929977533,63407100,0.0014402172368908062,0.05841670216010986,0.12769041997008457,0.01840619720383264,0.0228574840447207,305.2547348022461,302.3716375732422,1.0095349459762262,88.58513755148456,8.814525750324037,5.483184887629119,3.331340862694918,0.9405080325447572,3.63,333.4932580645161,18.77,4.1,0
2026-07-20,326.3085632324219,333.4224228207836,323.4010672140761,333.2226134619852,53468000,-0.02142383591993391,0.02924584840346034,0.09590277609091613,0.0237764361915975,0.023679200298973125,306.68250274658203,303.15785217285156,1.0116264531776693,82.10453589403863,8.881923564354338,6.1629326229741626,2.7189909413801754,0.8126673852311367,3.63,333.6208064516129,18.65,4.1,1
2026-07-21,327.45758056640625,329.3159936819017,321.94234806189104,322.85156758462244,41338900,0.0035212601306020552,0.040907054625713535,0.10346442496419694,0.022659143225232915,0.02360347425582192,308.2176773071289,303.96844482421875,1.0139791894693788,80.27771941221494,8.925169119774466,6.715379922334224,2.2097891974402426,0.6300109127072574,3.63,333.6633225806451,17.05,4.1,0
2026-07-22,325.60919189453125,328.7164973399543,323.0613709608057,327.58746619388995,38755900,-0.005644666001250687,-0.004916028532383043,0.10733954437593707,0.01423518408010782,0.02350493883299865,309.79581756591796,304.62467895507814,1.0169754421361323,76.16679298194356,8.709889827606219,7.114281903388623,1.595607924217596,0.596672245793389,3.63,333.7058387096774,16.64,4.1,0
2026-07-23,321.3828430175781,323.0214140443725,319.0748358849152,321.4527900194849,40840800,-0.012979820539962161,-0.0348076328397392,0.09751620807912653,0.010338942159514494,0.02377473337436415,311.22358856201174,305.2037799072266,1.0197238994111246,62.98072183280736,8.10482107201824,7.312389737114547,0.7924313349036929,0.6347518920955354,3.63,333.74835483870964,18.7,4.1,1
2026-07-24,332.7330322265625,334.0818750563203,321.3428614810286,321.5127284115298,47489400,0.03531672413627751,-0.0021573105114066626,0.2103216284099212,0.021901461332271582,0.01895482175351499,314.1145950317383,305.9675213623047,1.0266272499550253,67.69821584367355,8.443829920385156,7.538677773768669,0.9051521466164862,0.7738823072934969,3.63,333.7908709677419,18.58,4.1,1
2026-07-27,336.61968994140625,339.277401491225,333.73216560461384,334.2517370375488,49604300,0.011681009513348384,0.03159931387286341,0.18722253734572258,0.018661473260353934,0.0182726462995066,316.76880645751953,306.727666015625,1.0327363376519907,72.09229511610155,8.923255930741277,7.815593405163191,1.1076625255780863,0.9772978225386912,3.63,333.9184193548387,18.67,4.1,1
2026-07-28,339.78692626953125,342.59453283396704,335.31080637618777,339.73698155301014,51859000,0.009408945533389002,0.03765173394916932,0.2070702608308388,0.01862179114887987,0.01788225578676468,319.68329162597655,307.5643438720703,1.0394029672013836,72.29744384830792,9.449842102571665,8.142443144644886,1.3073989579267788,1.036595671020246,3.63,333.96093548387097,18.21,4.1,0
2026-07-29,337.8985900878906,344.2730974331505,337.0593175600121,339.43727163464206,56090800,-0.005557412706758247,0.03774278644240514,0.168751764117,0.018606362038007505,0.017693597063649476,322.12268829345703,308.32288940429686,1.044757620544561,68.64716157522221,9.604082603304278,8.434771036376764,1.1693115669275134,1.1313712219290462,3.63,334.0034516129032,20.66,4.1,0
2026-07-30,333.1426696777344,334.4615395264105,329.30598233808786,332.8129674612056,74817800,-0.014074993355015719,0.036591333095877365,0.13265158957336487,0.01891273436230865,0.018205095291330173,324.07350463867186,309.03407592773436,1.0486659235418891,64.42568866267331,9.23608840331525,8.595034509764462,0.6410538935507883,1.4724900288612202,3.63,334.04596774193544,17.09,4.1,0
2026-07-31,308.6438293457031,310.4222943774597,299.7415030462749,304.5473560391476,132489100,-0.07353858440208272,-0.07239799042391648,0.0009073209458820841,0.03472302109458376,0.023146860994233166,324.0874938964844,309.232705078125,1.0480375735632699,45.076211275337094,6.888195845175346,8.25366677684664,-1.3654709316712932,2.468715999956025,3.63,334.0884838709677,15.99,4.1,0
2026-08-03,303.1585693359375,311.5313230344714,302.29929450581176,309.313234694189,75052000,-0.017772135672998512,-0.09940333737249052,-0.029552826844163715,0.03154145195637601,0.02327909018465553,323.62589263916016,309.25608520507814,1.0464657224919371,43.52502190354419,4.532610326250506,7.509455486727413,-2.9768451604769073,1.3710554434200317,3.637741935483871,334.131,15.86,4.106451612903226,1
2026-08-04,309.1134033203125,310.1525156602479,301.0603512911937,302.46913991298527,68001000,0.019642637836096544,-0.09027281680898869,-0.004120270161986128,0.0341739662043614,0.02369965669149398,323.56194763183595,309.34380981445315,1.045962250952786,38.90518241286871,3.110441928966111,6.629652775175153,-3.5192108462090417,1.213959760682064,3.6416129032258064,334.131,16.5,4.109677419354838,1
2026-08-05,310.7320251464844,311.4414048335362,305.406631186344,309.09342362565195,49438800,0.005236336596166957,-0.08039857441944331,-0.007626276581177094,0.03549247482735178,0.023644105532516623,323.4425506591797,309.38737243652344,1.0454290623174671,35.64238660573109,2.089881627438274,5.721698545627778,-3.6318169181895037,0.8762384989797795,3.645483870967742,334.131,15.81,4.112903225806451,1
2026-08-06,312.14080810546875,316.0174696892129,308.96355554648414,314.06913775687,46139900,0.004533755277783991,-0.06304164396767842,-0.012048525601547344,0.03671276119765099,0.023573874499706757,323.25221557617186,309.4689025878906,1.0445386042766178,36.405352686271385,1.3788625773575518,4.853131351973733,-3.4742687746161813,0.8192105467105936,3.6493548387096775,334.131,15.15,4.116129032258065,1
2026-08-07,313.0599975585937,314.53873325457766,310.47223295908327,311.1816431226555,34437200,0.0029447910342257355,0.014308299058667151,-0.006311132955548304,0.013377044592383818,0.023576994125383468,323.15279998779295,309.5184594726563,1.0440501692156463,40.81970478684144,0.879408490764547,4.058386779731896,-3.1789782889673495,0.611264511612485,3.653225806451613,334.131,14.9,4.119354838709677,0
2026-08-10,308.260009765625,308.260009765625,304.6099853515625,306.8299865722656,44812500,-0.0153324852437281,0.016827630638520663,-0.027683085797255202,0.01244582169096001,0.023765756012281692,322.7139724731445,309.43884521484375,1.042900648912013,37.338130249394524,0.09517155065270799,3.265743733916059,-3.170572183263351,0.7943313325489727,3.664838709677419,334.131,15.46,4.129032258064516,0
2026-08-11,304.9100036621094,309.9700012207031,302.7900085449219,307.75,37476700,-0.010867469011185404,-0.013598244569962725,-0.030766142934111618,0.009662601988017407,0.02382203393275936,322.23003845214845,309.30122314453126,1.0418000781767869,36.61290150676921,-0.7875806306344657,2.4550788610059544,-3.24265949164042,0.663628956957181,3.6687096774193546,334.131,15.28,4.132258064516129,0
2026-08-12,302.25,305.6600036621094,300.57000732421875,305.1000061035156,41657800,-0.008723897642456846,-0.02729691328882433,-0.0763033174029425,0.008773128688694936,0.021766259317083817,320.98164825439454,309.2253021240234,1.0380187069092293,37.37003797379101,-1.6824143339692341,1.6275802220109168,-3.309994555980151,0.7504911959454761,3.67258064516129,334.131,14.55,4.135483870967742,1
2026-08-13,305.260009765625,306.0,302.04998779296875,304.2099914550781,40349300,0.009958675816790663,-0.022043892247241237,-0.08322849888743811,0.01049000623540727,0.02143736445072751,319.5960067749023,309.03193420410156,1.0341844042687953,29.62053421856632,-2.124207318709068,0.87722271386692,-3.001430032575988,0.7420381465717197,3.6764516129032256,334.131,14.63,4.138709677419355,1
2026-08-14,305.92999267578125,307.489990234375,304.29998779296875,306.0,28229400,0.002194794236790587,-0.022775202639800596,-0.08253771907153284,0.0103632483377278,0.021448310793700905,318.21988677978516,308.95068115234375,1.0300022178066368,26.093530105359207,-2.3926880025957757,0.22324057057438085,-2.6159285731701565,0.5365028280552661,3.680322580645161,334.131,14.25,4.141935483870967,0
2026-08-17,305.5899963378906,307.6600036621094,302.94000244140625,306.2099914550781,38169300,-0.0011113534012042736,-0.008661562781901,-0.06349378848441045,0.008438272776707133,0.02106093156662384,317.18395843505857,308.84324462890623,1.0270063015824555,22.134079896072677,-2.602891231995784,-0.3419857899396521,-2.260905442056132,0.7361130838544991,3.691935483870968,334.131,15.19,4.151612903225806,1
2026-08-18,310.0299987792969,311.489990234375,305.739990234375,307.5799865722656,53424500,0.014529279409058127,0.016791823999521283,-0.0532208836239636,0.009160597166331544,0.021383300320232827,316.3125793457031,308.90234130859375,1.0239889345147648,28.19749313596749,-2.3837295647525707,-0.7503345449022358,-1.6333950198503349,1.018448046034092,3.695806451612903,334.131,15.84,4.154838709677419,1
2026-08-19,316.8299865722656,319.2799987792969,309.6000061035156,310.1400146484375,50505600,0.021933322000267097,0.04823816897358357,-0.026962400143511034,0.009301322199527291,0.022049186644409673,315.87361907958984,309.21333740234377,1.0215394385416816,37.63356977276827,-1.6424075278466148,-0.9287491414911117,-0.7136583863555032,0.9521407217293634,3.699677419354839,334.131,14.89,4.158064516129032,0
2026-08-20,311.29998779296875,320.2799987792969,310.6499938964844,317.4599914550781,40959200,-0.017454152112068244,0.01978633897044424,-0.03137334628674593,0.015183324885933859,0.022197954637969454,315.3694763183594,309.6333447265625,1.018525561569806,52.826502491785526,-1.4840222730312007,-1.0398037677991296,-0.44421850523207107,0.7720840909493615,3.7035483870967743,334.131,16.01,4.161290322580645,0
2026-08-21,309.3500061035156,312.3800048828125,307.010009765625,312.04998779296875,46876800,-0.006263995393247401,0.01117907204135693,-0.07027563799894998,0.01589201795928088,0.020462119546255896,314.20032501220703,309.99377014160154,1.0135698045437622,57.12455620990089,-1.4985734215733828,-1.1315576985539804,-0.36701572301940244,0.8841417929801366,3.7074193548387098,334.131,15.13,4.164516129032258,1
2026-08-24,310.3399963378906,313.3599853515625,309.9700012207031,311.4700012207031,34673600,0.0032002269754076718,0.015543702532552661,-0.07806938925078921,0.01577538051345011,0.020218883277953636,312.88634033203124,310.2930651855469,1.008357502752869,51.59353498894244,-1.4139225543378302,-1.1880306697107503,-0.22589188462707988,0.6633173923486143,3.719032258064516,334.131,15.85,4.174193548387096,0
2026-08-25,309.8999938964844,313.5899963378906,308.2099914550781,310.7900085449219,25869800,-0.0014178077160482694,-0.00041933001104532686,-0.08795786436273734,0.014467267437745951,0.019988672393330582,311.3919937133789,310.67348205566407,1.0023127550280784,48.88491344827755,-1.366587482121929,-1.2237420321929862,-0.14284544992894288,0.50751414140136,3.7229032258064514,334.131,15.45,4.17741935483871,1
2026-08-26,313.45001220703125,315.42999267578125,308.79998779296875,310.29998779296875,34024500,0.011455367474878742,-0.010668101216686598,-0.0723547792090522,0.010786502529293047,0.020296322605270107,310.16956481933596,311.0191906738281,0.997268252635307,51.659356216203676,-1.030735608950522,-1.1851407475444935,0.15440513859397154,0.682260602716169,3.726774193548387,334.131,15.21,4.180645161290323,1
2026-08-27,314.5799865722656,315.3999938964844,309.3999938964844,310.54998779296875,32419200,0.003604958753321119,0.01053645649828372,-0.05571992060766451,0.006582713167579923,0.02019840350704832,309.2414306640625,311.3311474609375,0.9932878004211346,51.91627737333002,-0.6657171195359979,-1.0812560219427945,0.4155389024067966,0.6789317179302082,3.7306451612903215,334.131,14.51,4.183870967741935,1
2026-08-28,319.70001220703125,322.3699951171875,315.45001220703125,316.8500061035156,38649400,0.01627575132974779,0.033457268140645535,0.03582181728617817,0.007106439299530911,0.011884136966329195,309.7942398071289,311.8112481689453,0.9935313162252455,64.30716361948728,0.03628764069355839,-0.8577472894155239,0.8940349301090823,0.8976057475528832,3.734516129032258,334.131,14.43,4.187096774193549,0
2026-08-31,316.8500061035156,321.239990234375,312.79998779296875,319.6000061035156,41242700,-0.008914626195478559,0.020977024690485235,0.0451626249509256,0.010029598478816126,0.01126412936407635,310.4788116455078,312.19318420410156,0.9945086163140802,65.12159111990601,0.3585269216106326,-0.6144924472102927,0.9730193688209253,0.9969744627834266,3.746129032258065,334.131,14.92,4.196774193548388,1
2026-09-01,325.1300048828125,327.29998779296875,314.7300109863281,316.9800109863281,53167400,0.02613223487390992,0.04914492186603714,0.05181464598577468,0.013228694410519238,0.01186815268327128,311.27964172363284,312.7607025146484,0.9952645560036552,75.36587280320686,1.2674205409441583,-0.23810984957940257,1.5055303905235609,1.308697987356921,3.75,334.131,16.34,4.2,0
2026-09-02,324.9599914550781,328.3999938964844,323.5299987792969,326.8699951171875,33776400,-0.000522909067699362,0.03672030243994584,0.045788541756796475,0.013901271378101125,0.011870578535981023,311.9910400390625,313.378974609375,0.9955710667186829,73.30808254048492,1.9515108177999991,0.1998142838964778,1.7516965339035213,0.8477360925591558,3.75,334.131,15.2,4.2,1
2026-09-03,328.2099914550781,330.8099975585937,324.1099853515625,324.8699951171875,37225800,0.010001231183714099,0.04332762878951102,0.05148055919743699,0.013768163523367303,0.011986927625029214,312.794499206543,314.0866259765625,0.9958860815356209,74.84389005231682,2.7244988031679895,0.7047511877507802,2.0197476154172094,0.9448806905945843,3.75,334.131,14.32,4.2,0
2026-09-04,319.9700012207031,328.92999267578125,317.8599853515625,328.3099975585937,39606900,-0.025105848234065142,0.0008445073611602627,0.022072458046372256,0.019316186617935466,0.013489050103465057,313.13999938964844,314.9877679443359,0.9941338402860964,63.63292334612518,2.641746592914501,1.0921502687835245,1.5495963241309765,0.9987658816456795,3.75,334.131,14.53,4.2,0
2026-09-08,316.2200012207031,320.70001220703125,314.8999938964844,317.1000061035156,35477100,-0.011719848691107093,-0.001988337922287031,0.02582232921205141,0.0196885430801157,0.013278864727045417,313.53799896240236,315.6414587402344,0.9933359204895732,55.946209311352064,2.2476615667282545,1.3232525283724705,0.9244090383557839,0.9052804774392452,3.75,334.131,15.72,4.2,0
2026-09-09,315.3399963378906,319.1499938964844,309.8999938964844,315.489990234375,65640000,-0.0027828881140200545,-0.03011105833941874,0.03420679069401533,0.013173215680583938,0.013007354619289571,314.0594985961914,316.31831420898436,0.9928590425804413,48.38500967194764,1.843091295540603,1.427220281806097,0.41587101373450586,1.6168588821381555,3.75,334.131,16.46,4.2,1
2026-09-10,326.57000732421875,326.739990234375,316.510009765625,316.6700134277344,70011900,0.03561239017170226,0.004954504897453527,0.08046321695357728,0.023110916261851966,0.01478284447935814,315.27549896240237,317.06750122070315,0.9943481995114554,64.73086484303148,2.400957728185631,1.621967771082004,0.778989957103627,1.6663572529200328,3.75,334.131,17.84,4.2,1
2026-09-11,332.2699890136719,336.2200012207031,326.29998779296875,327.45001220703125,50716900,0.017454088133066703,0.01237012176440544,0.0884818790013957,0.024041981424262865,0.015035241326281321,316.62599792480466,317.8303741455078,0.9962106320897078,70.61890595778934,3.265370620975773,1.950648341060758,1.314722279915015,1.1924039788100247,3.75,334.131,15.84,4.2,1
2026-09-14,333.0799865722656,335.5,331.3399963378906,334.7900085449219,39269100,0.0024377692400032736,0.04097254524345151,0.08874577369489045,0.018625954929726986,0.01503350202716892,317.9834976196289,318.32469299316404,0.9989281529801319,70.52344784581248,3.9700201784515343,2.354522708538913,1.6154974699126212,0.9114267613981147,3.75,334.131,17.1,4.2,0
2026-09-15,331.3399963378906,331.7799987792969,328.3500061035156,330.1400146484375,31748200,-0.005223941108804753,0.04781479684656187,0.08426322951857435,0.017048924619160976,0.015140129526437703,319.27099761962893,318.70368103027346,1.0017800754215374,68.9065236556929,4.338051007595425,2.7512283683502154,1.5868226392452094,0.7424004863875784,3.75,334.131,17.2,4.2,1
2026-09-16,332.4100036621094,335.4800109863281,330.70001220703125,332.5299987792969,35981000,0.0032293334219983816,0.05413207180331181,0.07218657862442623,0.01615465945693987,0.014942417979566806,320.3899978637695,319.1440350341797,1.0039040768205376,67.48431485449555,4.662314480707494,3.133445590821671,1.5288688898858225,0.8588975361091566,3.75,334.131,17.71,4.2,1
2026-09-17,337.0,338.3399963378906,330.17999267578125,334.7699890136719,36700200,0.01380823768034456,0.0319379993320279,0.06366194578344886,0.009191380588479741,0.014522181719202838,321.39849853515625,319.6216357421875,1.005559269443205,69.43481658509073,5.229388824422415,3.5526342375418203,1.6767545868805946,0.8907425293624879,3.75,334.131,15.44,4.2,0
2026-09-18,336.1300048828125,338.489990234375,332.5299987792969,337.9100036621094,86588200,-0.0025815878848294282,0.011617106560237067,0.07976234520881853,0.007310198328145578,0.013770761817942314,322.63999938964844,320.02528564453127,1.0081703348529198,65.37525259967764,5.5446823456265975,3.9510438591587764,1.593638486467821,1.9912998693405082,3.75,334.131,14.81,4.2,1
2026-09-21,338.9800109863281,339.6400146484375,333.04998779296875,335.2799987792969,34999200,0.0084788803799567,0.017713536243290307,0.09578149118541668,0.007813549710605307,0.013589538730121435,324.1214996337891,320.50391967773436,1.0112871629142388,70.70934673068334,5.9558708352194,4.352009254370901,1.6038615808484993,0.8160342742229282,3.75,334.131,14.87,4.2,1
2026-09-22,339.75,345.3399963378906,338.75,340.1400146484375,40711800,0.002271487960105567,0.0253817943956669,0.09476704262794566,0.006279722455573348,0.013596414283549779,325.59199981689454,320.9581884765625,1.0144374298793453,65.91899015488741,6.271577512370243,4.735922905970769,1.5356546063994738,0.9425929328104038,3.75,334.131,14.21,4.2,0
2026-09-23,337.0199890136719,341.79998779296875,335.5,341.0799865722656,31658800,-0.008035352424806796,0.01386837129080054,0.08751208664510779,0.008661350557609153,0.013829719022474122,326.94799957275393,321.4068145751953,1.0172404091832417,62.438121304903966,6.229676425617583,5.034673609900132,1.1950028157174515,0.7281109668454316,3.75,334.131,15.18,4.2,0
2026-09-24,335.9200134277344,338.9100036621094,334.29998779296875,336.7200012207031,24733100,-0.0032638289175568325,-0.003204707929571615,0.07168607543668526,0.006264488245433991,0.01382019219651511,328.0714996337891,321.58085876464844,1.0201835423105543,58.320774105154996,6.038107135117059,5.2353603149435175,0.8027468201735415,0.5749722226516474,3.75,334.131,15.67,4.2,1
2026-09-25,341.07000732421875,341.6700134277344,334.5299987792969,336.0400085449219,30002500,0.015331012415526368,0.014696701780992472,0.08420758434315667,0.009268330427199517,0.014068794084291448,329.39600067138673,321.74280212402346,1.0237866970040659,74.39873469091043,6.230032621366149,5.434294776228044,0.7957378451381052,0.69943511333285,3.75,334.131,14.87,4.2,0
2026-09-28,338.3999938964844,342.989990234375,338.0400085449219,340.3699951171875,32820800,-0.007828344241351815,-0.0017110657591757894,0.05849227705797966,0.009698413532840199,0.01400714002356332,330.33099975585935,321.8417541503906,1.0263770797169527,76.30456214920326,6.096411545173794,5.566718130017195,0.5296934151565988,0.7703707876508958,3.75,334.131,16.07,4.2,0
2026-09-29,329.3999938964844,337.0899963378906,328.70001220703125,336.9700012207031,38478000,-0.026595745160542417,-0.030463594123666282,0.03960860833585911,0.014951071620627301,0.015293542915993578,330.9584991455078,321.90358276367186,1.0281292811471554,63.981708864063165,5.204299174422772,5.494234338898311,-0.2899351644755388,0.9060967254368912,3.75,334.131,16.04,4.2,1
2026-09-30,333.0199890136719,339.5,330.1400146484375,330.79998779296875,49988600,0.01098966358306952,-0.01186873221290663,0.02426716701740017,0.01665262007287868,0.014386765208527549,331.3529983520508,322.0148309326172,1.0289991842685893,57.55799025753661,4.734817022363018,5.3423508755912525,-0.6075338532282348,1.1815757423908373,3.75,334.131,16.34,4.2,0
2026-10-01,330.32000732421875,332.4800109863281,325.8099975585937,330.0,36306300,-0.008107566448037673,-0.016670653368857202,0.016494387032508273,0.01686418350914859,0.014536468055234378,331.6209991455078,322.10904724121093,1.0295302227173206,47.542243471638315,4.097647941990999,5.093410288871202,-0.9957623468802028,0.8556102977808424,3.75,334.131,16.39,4.2,1
2026-10-02,333.69000244140625,334.5400085449219,330.6099853515625,333.260009765625,33245500,0.010202213134125282,-0.021637800816056818,0.016696661067608476,0.015557392870684784,0.014543145406966619,331.8949996948242,322.3551904296875,1.0295940923191604,50.722255022615414,3.820576074216092,4.83884344594018,-1.0182673717240878,0.7871700201294188,3.75,334.131,15.31,4.2,0
2026-10-05,332.8900146484375,336.19000244140625,331.6499938964844,332.7950134277344,34328912,-0.002397398145331686,-0.016282444880103553,0.040378827322698374,0.01543578210689567,0.013230842814081196,332.54100036621094,322.358330078125,1.0315880476413255,51.876992348053086,3.4961409570135515,4.570302948154854,-1.0741619911413025,0.8179333342762222,3.75,334.131,15.31,4.2,0
