Date,close,high,low,open,volume,return_1d,return_5d,return_20d,volatility_5d,volatility_20d,sma_20,sma_50,sma_ratio,rsi_14,macd,macd_signal,macd_hist,volume_ratio,fed_rate,inflation,vix,unemployment,target
2021-12-15,321.7602844238281,322.2794934666321,312.00123771055326,315.9529188096588,35381100,0.01921797553476523,-0.0009556047902852249,-0.012511627767577305,0.02423618520739254,0.016401672015147972,321.7367477416992,311.6357995605469,1.0324126695180598,47.75418922098289,2.1093218660954562,2.7763084405490295,-0.6669865744535732,1.173513969705508,0.08,281.61183870967744,19.29,3.945161290322581,0
2021-12-16,312.38580322265625,323.7890062177765,310.57821058980744,322.7794315194058,35034800,-0.02913498543786608,-0.024617589410182994,-0.041932193233924275,0.027651368613666436,0.017599825992801483,321.0531311035156,312.25740295410156,1.0281681973468118,46.774617052837094,1.2645855397361743,2.4739638603864584,-1.2093783206502842,1.1320254194229011,0.08,281.6666129032258,20.57,3.9483870967741934,0
2021-12-17,311.32818603515625,312.4050716507524,305.0304840740271,308.52067208536005,47750300,-0.0033856122032094316,-0.054709107392644785,-0.051191172627257586,0.02103176891304996,0.017491521045259913,320.21327514648436,312.82445556640624,1.0236196993189033,40.60076771325813,0.5039755307397513,2.0799661944571173,-1.575990663717366,1.4823248232901414,0.08,281.7213870967742,21.57,3.9516129032258074,0
2021-12-20,307.5879821777344,310.36665235735023,305.33811582896186,307.7225745188773,28326500,-0.012013701377489583,-0.05742500720558519,-0.06761686885637164,0.021007876610521826,0.017512326148333868,319.0979537963867,313.3167041015625,1.0184517761713408,41.92129064972333,-0.396051143347961,1.5847627268961018,-1.9808138702440627,0.8707468229798591,0.08,281.88570967741936,22.87,3.961290322580645,1
2021-12-21,314.68377685546875,315.1068317195721,307.4822492884366,310.8378448851712,24740600,0.02306915448222613,-0.003197791938200023,-0.036900652305485226,0.02182398500342001,0.01840057974668961,318.49510650634767,313.9627685546875,1.0144359089854016,48.088250774034215,-0.5306405445564337,1.1616820726055948,-1.6923226171620285,0.7679422610819312,0.08,281.94048387096774,21.01,3.964516129032258,1
2021-12-22,320.3661499023437,320.7603321144237,313.203089758129,315.65485969090975,24831500,0.018057407037811224,-0.004332835930888401,-0.013266968101225629,0.021567174535187254,0.018880662774875212,318.2797348022461,314.74839294433593,1.0112195707335498,52.36939031583894,-0.1767461794327687,0.8939964221979222,-1.070742601630691,0.7775165685879737,0.08,281.9952580645161,18.63,3.967741935483871,1
2021-12-23,321.7987976074219,323.4333306981925,319.91429885047023,319.9335179502881,19617800,0.004471907239622208,0.03013259337543084,-0.00952907769202227,0.014591499133804083,0.018912124643499676,318.1249374389648,315.4968310546875,1.0083300563606035,57.96727362321927,0.21682097403987655,0.7585613325663131,-0.5417403585264365,0.6162382539968491,0.08,282.0500322580645,17.96,3.970967741935484,1
2021-12-27,329.2599182128906,329.2887615338592,322.5102876848739,322.5391310058425,19947000,0.02318566962009272,0.057597522428340264,0.03873472023346425,0.015129289349204437,0.018717295348544778,318.73884735107424,316.2708801269531,1.00780333372181,60.439110790867275,1.1178895217947797,0.8304269704120065,0.2874625513827732,0.6308098777230695,0.08,282.2691290322581,17.68,3.983870967741936,0
2021-12-28,328.1061096191406,330.567504020854,327.21193737349995,329.9329216504245,15661500,-0.0035042485584412253,0.06670653156256989,0.013724443046470247,0.01199808341453666,0.01820319096047481,318.96095275878906,316.99382934570315,1.006205557430396,54.4988894388181,1.719073715300226,1.0081563193896503,0.7109173959105757,0.505598580585615,0.08,282.3239032258065,17.54,3.987096774193549,1
2021-12-29,328.7790832519531,331.03854455105443,326.5964983307497,328.15409590492106,15042000,0.002051085344292103,0.04479197033076865,0.03436253693883429,0.011272844960662023,0.01765830793540755,319.50707092285154,317.6711187744141,1.0057794115987648,54.91539047164341,2.224180894991207,1.2513612345099616,0.9728196604812454,0.5084509434584095,0.08,282.37867741935486,16.95,3.990322580645161,0
2021-12-30,326.2504577636719,329.9137060860202,325.76971620596595,328.7406955115323,15994500,-0.0076909560768605445,0.018367445696500395,0.027993280420329558,0.011881299616280736,0.017773418522858006,319.9512771606445,318.27979248046876,1.0052516204913584,54.3338500971973,2.392859633347882,1.4796609142775459,0.9131987190703363,0.5569732303228561,0.08,282.43345161290324,17.33,3.9935483870967743,0
2021-12-31,323.36602783203125,326.28891555203285,322.91412956697064,325.4716783285754,18000800,-0.008841152136344399,0.004870217776641095,0.020729185441183073,0.013095513859549145,0.017912187249337554,320.2796264648438,318.8465179443359,1.0044946657399534,45.23884725126923,2.2676493097831667,1.6372585933786703,0.6303907164044964,0.6410870073109163,0.08,282.4882258064516,17.22,3.996774193548387,0
2022-01-03,321.8564758300781,324.9812959837682,317.0779035290574,322.4333715730328,28865100,-0.004668245492804979,-0.022485100594678564,0.036345825645847096,0.0042708206393443976,0.017296912196212922,320.8440200805664,319.3187506103516,1.0047766360957489,46.35298030423654,2.0232877933325994,1.7144644333694563,0.30882335996314314,1.0522093038091194,0.08,282.66925806451616,16.6,3.9935483870967743,0
2022-01-04,316.3375244140625,322.2891064033957,313.5588245196175,321.9333330536582,32674300,-0.01714724366437581,-0.03586822939304257,0.008645114194422154,0.006961624303606416,0.017695192339661454,320.9795867919922,319.7113153076172,1.0039669271109615,50.573363347768414,1.3685208194133338,1.6452757105782319,-0.27675489116489804,1.185357411508498,0.08,282.7323870967742,16.91,3.990322580645161,0
2022-01-05,304.19403076171875,313.5108044365724,303.8094433864934,313.308871857317,40054300,-0.03838777481374234,-0.07477681441003992,-0.05535659285724426,0.013684800364309448,0.018595186224102587,320.0882904052734,319.8807830810547,1.0006487020640005,35.891935664926635,-0.1287806716723594,1.2904644341281137,-1.4192451058004731,1.4296654246034175,0.08,282.79551612903225,19.73,3.987096774193549,0
2022-01-06,301.79034423828125,306.4247001927171,299.49238536143025,301.0884509560254,39646100,-0.007901820155440054,-0.07497342285143693,-0.06296094783866546,0.013655601545563499,0.01861788149719925,319.07440490722655,319.9641680908203,0.9972191786695903,40.4174679894104,-1.492159617592904,0.7339396237839102,-2.226099241376814,1.378476475453925,0.08,282.8586451612903,19.61,3.983870967741936,1
2022-01-07,301.9441833496094,304.3094237353557,298.14631308588326,302.0499324142328,32720000,0.0005097549151760195,-0.06624642862468288,-0.057220134907347675,0.015315960972347378,0.01862463577381227,318.1581100463867,319.7999505615234,0.9948660388713197,41.37206343754928,-2.5310572715547437,0.08094024471617944,-2.611997516270923,1.1172535776358068,0.08,282.9217741935484,18.76,3.9806451612903215,1
2022-01-10,302.16522216796875,302.59790121232373,292.9542288432168,297.56933505306506,44289500,0.0007320519173685813,-0.06118023137898654,-0.08253076531334624,0.016257608496811862,0.017162774493269473,316.7990493774414,319.61750366210936,0.9911817899446222,44.669179081238674,-3.2985317411821597,-0.5949541524634885,-2.7035775887186713,1.4964797358002608,0.08,283.11116129032257,19.4,3.970967741935484,1
2022-01-11,302.8480224609375,304.41521560321814,297.95407595164454,301.30964330202585,29386800,0.0022596918602009186,-0.04264274994915951,-0.07195017644098145,0.01714495361406317,0.01717739572719935,315.62508392333984,319.3091705322266,0.9884623213209127,36.68624306221146,-3.8077708978194096,-1.2375175015346729,-2.5702533962847367,0.9921215820576256,0.08,283.17429032258065,18.41,3.967741935483871,1
2022-01-12,306.0111694335937,310.95320590504565,304.8670023701138,307.35726904389804,34372200,0.010444667747712355,0.005973617126295183,-0.030669415401486266,0.006521598330024373,0.01600881126128005,315.1409774780273,319.10728637695314,0.9875706100479306,32.882254728282945,-3.9110232318639078,-1.77221864760052,-2.138804584263388,1.1804923165584447,0.08,283.2374193548387,17.62,3.964516129032258,0
2022-01-13,293.0599975585937,308.52066014986855,292.2908229193429,308.1264486110597,45366000,-0.042322546261862826,-0.028928515594900617,-0.0891977296596056,0.02088747936851298,0.017659630391930376,313.70596313476557,318.5742077636719,0.9847186479311039,23.115498699615372,-4.980490785809195,-2.413873075242255,-2.5666177105669403,1.5318029935089317,0.08,283.3005483870968,20.31,3.961290322580645,1
2022-01-14,298.2521057128906,298.8482206128136,292.0505272250826,292.53126883368355,39846400,0.017716877764113237,-0.012227682599349254,-0.04524436566565637,0.02342471137071666,0.017325607546173485,312.9992782592773,318.12827270507813,0.9838775899979324,19.706878848266058,-5.347449719915687,-3.0005884041769413,-2.346861315738746,1.3345900043742334,0.08,283.3636774193548,19.19,3.958064516129032,0
2022-01-18,290.9928894042969,297.86748852909545,290.1179361568295,292.358208481325,42333200,-0.02433919549785768,-0.03697425098597662,-0.06531787850574844,0.025243833788111764,0.01802260716605168,311.9825134277343,317.49031799316407,0.982652055028814,17.606530443510152,-6.15309634282238,-3.6310899919060295,-2.5220063509163504,1.4308618609498711,0.08,283.6161935483871,22.79,3.945161290322581,1
2022-01-19,291.6466369628906,301.8191439350218,291.04092729643247,294.49264788128625,45933900,0.0022466100801707967,-0.036986820673368226,-0.051826944284293686,0.025242602661410003,0.017938115511414984,311.18544616699216,316.8727313232422,0.982051831558682,17.578868161020125,-6.662029403470342,-4.237277874218892,-2.4247515292514503,1.5077015739586608,0.08,283.6793225806452,23.85,3.941935483870968,0
2022-01-20,289.9833068847656,299.6462002381442,289.541032877528,297.16558676731063,35380700,-0.005703237642121883,-0.05237672395584314,-0.07849298815950023,0.023376660530550843,0.0169032269739466,309.950422668457,316.2040270996094,0.9802228817624059,17.84856276499731,-7.117532868575154,-4.8133288730901445,-2.3042039954850093,1.1413799132723277,0.08,283.7424516129032,25.59,3.938709677419354,0
2022-01-21,284.6278076171875,292.39657724568343,284.2239718518976,291.03128783502143,57984400,-0.018468301934725928,-0.028772913436335812,-0.11155467672240094,0.01674774225911919,0.01636593012505213,308.1635055541992,315.44817626953125,0.9769069176386433,17.09938914646385,-7.820516631884914,-5.414766424849098,-2.4057502070358154,1.775621960247521,0.08,283.8055806451613,28.85,3.935483870967742,1
2022-01-24,284.9547424316406,285.6662305381032,265.4173987440913,280.9453743252705,85731500,0.0011486397523492453,-0.04458430645264433,-0.11449407346987395,0.011887879981761726,0.016273101639820434,306.32130279541013,314.79771545410154,0.9730734619644109,18.016644519116014,-8.256084419856279,-5.983030023850535,-2.273054396005744,2.3839794268928083,0.08,283.9949677419355,29.9,3.925806451612903,0
2022-01-25,277.3783264160156,283.6279682848352,274.1862239461247,280.2916198365642,72848600,-0.026588138000344208,-0.046786583054150066,-0.15757032340428923,0.01263153796353612,0.01536611307658233,303.7272232055664,313.96444030761717,0.9673937051851461,17.39621232513916,-9.107641264443771,-6.607952271969182,-2.4996889924745886,1.886947280244124,0.08,284.0580967741936,31.16,3.92258064516129,1
2022-01-26,285.2816772460937,296.6175725961171,281.74342604783857,296.1272067657119,90428900,0.02849303668457681,-0.02182421776941945,-0.13052006993334175,0.02123977810993636,0.017432001223811156,301.58600158691405,313.2068865966797,0.9628970961142053,32.96377341477756,-9.040557913907037,-7.094473400356754,-1.9460845135502831,2.1355292341756846,0.08,284.1212258064516,31.96,3.9193548387096775,1
2022-01-27,288.2910461425781,295.46370078193985,286.4546101746923,291.0024351218943,53481300,0.010548763332909106,-0.005835717787920691,-0.12314663301846307,0.022179498347567397,0.01776014710385581,299.5615997314453,312.52199584960937,0.9585296513836395,37.97110639878565,-8.64490981659992,-7.404560683605387,-1.2403491329945329,1.2081548469879035,0.08,284.1843548387097,30.49,3.916129032258064,1
2022-01-28,296.3868713378906,296.59839885177183,283.1087884211751,288.6661610944425,49743700,0.028082125004009306,0.04131382600718547,-0.09153576865603585,0.022762169605631478,0.019353022330691548,298.06842041015625,311.93299255371096,0.9555527229420356,45.66200712747508,-7.590590809492767,-7.441766708782864,-0.14882410070990293,1.0824581810854395,0.08,284.24748387096776,27.66,3.9129032258064513,1
2022-01-31,299.0020751953125,300.34814589285327,294.5696221023162,297.05026534834326,46444500,0.00882361572095558,0.049296715133778646,-0.07534481219336475,0.022412331655854753,0.01955179551462068,296.8502227783203,311.3918713378906,0.9533011298686368,47.61983712475406,-6.469434689264119,-7.247300304879115,0.7778656156149957,0.9803263511900503,0.08,284.4368709677419,24.83,3.903225806451613,0
2022-02-01,296.8675537109375,298.6655225486515,293.37736510025144,298.45399507703,40950400,-0.007138818294089466,0.07026225713717693,-0.07763995443836702,0.014946790258573624,0.019565861245793906,295.6007766723633,310.76671630859374,0.951198314232691,45.59610992106761,-5.687585486251464,-6.935357341153585,1.2477718549021208,0.8534741006487278,0.08,284.5,21.96,3.9,1
2022-02-02,301.386474609375,302.9825400250582,296.9828950636541,297.7040073654435,36636000,0.01522201009153612,0.05645226682184967,-0.04726296645451922,0.012683882811119573,0.019745943886317358,294.8532241821289,310.1965576171875,0.9505367385346881,46.661140899140236,-4.649726061950275,-6.478231085312923,1.8285050233626476,0.7604155510335225,0.0842857142857142,284.6133571428571,22.09,3.892857142857143,0
2022-02-03,289.6468200683594,299.2424331685659,288.4064984985747,297.5694324128608,43730000,-0.03895216119512768,0.004702795816664773,-0.047822143836722786,0.025783311449241633,0.019800663166822236,294.12586364746096,309.4546795654297,0.9504650699110606,47.49193714403353,-4.720096663710365,-6.1266042009924115,1.4065075372820468,0.9042091421478596,0.0885714285714285,284.7267142857143,24.35,3.8857142857142857,1
2022-02-04,294.1561889648437,296.906016986016,288.4161327669498,288.6468793583376,35096500,0.015568508210862086,-0.00752625230320636,-0.025296221099141425,0.022977096838477568,0.020141224743689384,293.74415588378906,308.8443316650391,0.951107486092291,46.95974307037064,-4.361718315356086,-5.773627023865147,1.4119087085090607,0.7291230071117357,0.0928571428571428,284.84007142857143,23.22,3.878571428571429,0
2022-02-07,289.3583679199219,295.98297161566165,288.3487929994967,294.37731117460294,28533300,-0.01631045419035948,-0.032252977739673616,-0.04168258944440362,0.022959216827044274,0.020420330427256755,293.1148651123047,308.13360412597655,0.9512590031967704,48.74073774523403,-4.413963529598163,-5.50169432501175,1.0877307954135862,0.5953629656121149,0.1057142857142857,285.18014285714287,22.86,3.857142857142857,1
2022-02-08,292.8292541503906,293.7907371307484,288.3968316951647,289.646747832777,32421200,0.011995112688184983,-0.013603034451110774,-0.0308968978977614,0.024342029071595765,0.020651514051708047,292.64806671142577,307.65055480957034,0.9512352964634476,50.873204221448475,-4.127714997817577,-5.226898459572915,1.099183461755338,0.6849673506403373,0.11,285.2935,21.44,3.85,1
2022-02-09,299.2231140136719,299.9153829422661,295.55027128070327,297.93473032420275,31284700,0.021834771535488517,-0.007178028139806392,-0.011969397778495261,0.025687751847058585,0.021286386764325583,292.4668212890625,307.1617370605469,0.9521590289464089,56.37688692836118,-3.3463552188922563,-4.850789811436783,1.504434592544527,0.659633878075044,0.1142857142857143,285.4068571428571,19.96,3.842857142857143,0
2022-02-10,290.7332458496094,297.21363213902004,289.1179613871902,292.3293112144285,45386200,-0.028373035926878898,0.0037508638313157316,-0.04992603247869265,0.021963790924794606,0.022004556983989048,291.70292510986326,306.619267578125,0.9513522337129021,54.038949864556095,-3.373298092150719,-4.555291467579571,1.1819933754288519,0.9459780270444392,0.1185714285714285,285.5202142857143,23.91,3.835714285714286,0
2022-02-11,283.67596435546875,292.5696824760353,282.8875412205064,291.51204526354115,39175600,-0.02427407802474446,-0.0356280948779476,-0.032020860169592824,0.022550721099731285,0.020603409964653617,291.23372344970704,305.9454602050781,0.9519138582886321,49.22321612955012,-3.918939059710283,-4.428020986005714,0.5090819262954307,0.821833263231208,0.1228571428571428,285.63357142857143,27.36,3.8285714285714287,0
2022-02-14,283.637451171875,285.3296704395343,280.1280445088522,282.4548166597546,36359500,-0.00013576470492049353,-0.019771043046628245,-0.04900101042399441,0.022040163568637576,0.020111377549163548,290.50299072265625,305.2822283935547,0.9515882802983022,54.18533684269383,-4.304847546834651,-4.403386298171501,0.09853875133685008,0.7655565557945437,0.1357142857142857,285.97364285714286,28.33,3.8071428571428574,1
2022-02-15,288.8968505859375,289.21412712294915,285.57972189739905,288.45457654151164,27058300,0.018542683246985936,-0.013428998328266495,-0.0072030585443179085,0.023367113136951737,0.01992486326866674,290.39818878173827,304.84879333496093,0.9525974684198777,52.50599516325295,-4.138586179820777,-4.350426274501356,0.2118400946805794,0.5790291813947477,0.14,286.087,25.7,3.8,0
2022-02-16,288.5595397949219,289.8794902474658,282.95213199832875,287.4708129536852,29982100,-0.0011675820983562124,-0.03563753506777145,-0.010585060058009743,0.019292036388487532,0.019917676184041527,290.2438339233398,304.34746032714844,0.9536594575533885,50.19327649126939,-3.9880690330980997,-4.277954826220705,0.28988579312260576,0.6527373534464534,0.1442857142857143,286.2003571428571,24.29,3.792857142857143,0
2022-02-17,280.1099853515625,285.958233038907,279.40664080865434,285.53430336959343,32461600,-0.02928184058431904,-0.036539544925460965,-0.03404789620226867,0.019545402310593568,0.020924057709783745,289.7501678466797,303.50926086425784,0.9546666451679318,38.34237116984792,-4.498732944587914,-4.322110449894147,-0.1766224946937669,0.7089711110696145,0.1485714285714285,286.3137142857143,28.11,3.7857142857142856,0
2022-02-18,277.41217041015625,283.1255458158132,275.85135224968457,282.3451367355774,34264000,-0.009631270152758997,-0.022080806033547007,-0.02535113229953967,0.017330968209728476,0.020638719427320578,289.38938598632814,302.61614318847654,0.9562919642594531,34.55542301660208,-5.062768449547264,-4.470242049824771,-0.5925263997224928,0.768235704687092,0.1528571428571428,286.4270714285714,27.75,3.778571428571429,0
2022-02-22,277.2099304199219,280.8903974019096,274.1075520292779,274.58928762159644,41736100,-0.0007290234957441077,-0.022661043967914685,-0.0271790949876074,0.017297031721499184,0.02063231914216892,289.0021453857422,301.7549401855469,0.9577379088078456,35.53788849997416,-5.46311434639108,-4.668816509138033,-0.7942978372530476,0.9843158642606771,0.17,286.8805,28.81,3.75,0
2022-02-23,270.0320739746094,281.0445725990345,269.86830032930663,279.58007749575995,37811200,-0.025893215421393334,-0.06529935017660038,-0.026484594295187458,0.013534074219868922,0.020587803923538317,288.63483276367185,300.56865295410154,0.960295858955551,27.80107193956411,-6.2871104851809605,-4.992475304346619,-1.2946351808343417,0.9301818692618106,0.1742857142857143,286.9938571428571,31.02,3.742857142857143,1
2022-02-24,283.8290100097656,284.3781957137695,261.6017198059236,262.555576397828,56989700,0.05109369354565474,-0.01639360039359028,-0.005092045343924934,0.032365223878349045,0.022801137189335324,288.5621994018555,299.7186865234375,0.9627768049733876,45.99758307243728,-5.760433240856514,-5.146066891648598,-0.6143663492079163,1.4621255784938385,0.1785714285714285,287.1072142857143,30.32,3.7357142857142858,1
2022-02-25,286.4495544433594,286.7578722133429,280.9963051733294,284.35883888428555,32546700,0.009232828009735794,0.02263242805800081,-0.006387613225795508,0.02891219505693378,0.022770946691174788,288.47012481689455,299.1338116455078,0.9643514493732644,44.556683938002564,-5.073102131758844,-5.131473939670648,0.05837180791180341,0.8580599840788029,0.1828571428571428,287.2205714285714,27.59,3.7285714285714286,1
2022-02-28,287.87554931640625,288.212770094987,282.29704319923974,283.5591880367457,34627500,0.004978171028465761,0.03771780773273137,-0.028716933321183413,0.0278043002778516,0.02183411645842744,288.0445587158203,298.45611694335935,0.9651152794783733,48.90028087662478,-4.363027146077343,-4.977784580951987,0.6147574348746438,0.9314789028199378,0.1957142857142857,287.56064285714285,30.15,3.707142857142857,0
2022-03-01,284.1758117675781,289.0124260885947,281.4780750548052,285.5728272162815,31217800,-0.012851864486628228,0.025128541885582,-0.04958582116210952,0.029219596337588926,0.021846780332644384,287.3032455444336,297.8919171142578,0.964454652974814,43.60396345121972,-4.052115242147067,-4.792650713191003,0.7405354710439358,0.8573157918152153,0.2,287.674,33.32,3.7,1
2022-03-02,289.2243957519531,290.45763760043087,282.9714776377345,284.57081381078126,31873000,0.0177657062118437,0.07107423016403747,-0.0257460199454016,0.023533248000800033,0.022263064500853802,286.92108764648435,297.44984130859376,0.9646032634753159,42.45967452402038,-3.359609298808266,-4.506042430314456,1.14643313150619,0.8863570317203636,0.2041935483870967,287.70261290322577,30.74,3.7,0
2022-03-03,285.11041259765625,292.05703176941057,283.30869674167064,291.82580808856017,27314500,-0.014224191370859174,0.004514699141735079,-0.054003956324894964,0.014038717757467043,0.02210213581219367,286.10728454589844,297.0002899169922,0.9633232500408057,45.46002011647052,-3.1069425087994205,-4.226222446011449,1.1192799372120286,0.7695639832391729,0.2083870967741935,287.7312258064516,30.48,3.7,0
2022-03-04,279.271728515625,284.8598787290603,276.68001821827283,283.53992798121607,32356500,-0.02047867711612028,-0.025057905716357687,-0.03581980133697227,0.015844250131469437,0.020850968605056266,285.5885299682617,296.2920489501953,0.9638751055930873,46.37255611657046,-3.3393414176576925,-4.048846240340698,0.7095048226830052,0.9264619983507422,0.2125806451612903,287.7598387096774,31.98,3.7,0
2022-03-07,268.7216796875,279.1078951009538,268.3555560309153,277.9902652976739,43157200,-0.037777002649714064,-0.06653524300479607,-0.08646600082374445,0.02010325121515976,0.02192140795804078,284.31680450439455,295.25915954589846,0.9629398286632903,39.52819007119185,-4.324964498720078,-4.1040698920165735,-0.2208946067035047,1.2216202889308105,0.2251612903225806,287.84567741935484,36.45,3.7,0
2022-03-08,265.7735290527344,273.58726615536074,260.1372168079997,267.6522801991081,48159500,-0.01097101893004715,-0.06475668214117614,-0.08150736761728783,0.020136289775777378,0.02179941119626823,283.13756256103517,294.1386541748047,0.9625989598523436,33.221462391478326,-5.283069077269147,-4.339869729067088,-0.9431993482020591,1.3263738377755796,0.2293548387096774,287.87429032258063,35.13,3.7,1
2022-03-09,277.9613647460937,279.0211886551483,270.5233679518194,273.0862041672424,35204500,0.045857974407003566,-0.03894218873403377,-0.050773237965702434,0.03158115489217604,0.024282202546346044,282.3941680908203,293.11268310546876,0.9634321009207517,43.438309746107414,-5.001265896009443,-4.472148962455559,-0.5291169335538841,0.9658746866452793,0.2335483870967742,287.9029032258064,32.45,3.7,0
2022-03-10,275.1577453613281,276.1308607136372,270.33074508462164,272.6816172407287,30628000,-0.01008636357547954,-0.03490811558107909,-0.08042616871918584,0.03141528834848584,0.023651564113880325,281.19089965820314,292.0537158203125,0.9628054170391286,46.70343086966043,-4.947135993852669,-4.567146368734981,-0.3799896251176875,0.841071000721534,0.237741935483871,287.9315161290322,30.23,3.7,0
2022-03-11,269.83941650390625,278.9345880109205,269.2227807529442,277.44118984064033,27209300,-0.019328290579056828,-0.033774675517113883,-0.07186597901676195,0.03129304157312545,0.023242328445089774,280.14620819091795,290.8749224853516,0.96311571240737,45.12896817607198,-5.2726030620557935,-4.708237707399144,-0.5643653546566494,0.7663160373147212,0.2419354838709677,287.96012903225807,30.75,3.7,0
2022-03-14,266.34197998046875,274.9746736705197,265.744632542936,270.0995117672135,30660700,-0.012961177313348005,-0.008855629772032692,-0.06110487511475993,0.02671801866058095,0.022843562099101832,279.27950897216795,289.6767529296875,0.9641074271498644,43.293685363017886,-5.7465097690754305,-4.915892119734401,-0.8306176493410291,0.8740001855711451,0.254516129032258,288.04596774193544,31.77,3.7,1
2022-03-15,276.6607666015625,277.3063052834026,268.54835505285934,270.1091737905865,34245100,0.0387426218797744,0.04096434128572635,-0.024597191032029286,0.031187610032926746,0.024672388669545853,278.93067474365233,288.7426477050781,0.9660182759997139,53.93774344742769,-5.229165837347352,-4.978546863256992,-0.2506189740903606,0.9791261885397824,0.2587096774193548,288.0745806451613,29.83,3.7,1
2022-03-16,283.6363220214844,283.80973979385806,272.8550761301039,278.54916547604324,37826300,0.025213388604419684,0.020416352756702505,-0.018209020118370223,0.02591753534768844,0.024992897663673103,278.6676483154297,287.9782446289062,0.9676690983186097,49.87543972892655,-4.207793198223669,-4.824396130250327,0.616602932026658,1.065122580625178,0.2629032258064516,288.1031935483871,26.67,3.7,1
2022-03-17,284.4359436035156,284.81168204871824,278.7996317030362,282.576451409173,30816600,0.0028191790682248197,0.0337195605015721,-0.014290278513532706,0.024740530612890447,0.02500423738534328,278.4614685058594,287.3402130126953,0.9691002369151733,48.666948434812966,-3.295832933697284,-4.518683490939718,1.2228505572424346,0.8667233483400079,0.2670967741935484,288.1318064516129,25.67,3.7,1
2022-03-18,289.4555969238281,290.0047824722256,282.0368875720342,284.580435823197,43390600,0.017647746120685648,0.07269575614294244,0.03336407861553403,0.02001706749607657,0.024347119288515295,278.92874908447266,287.0454443359375,0.9717233092821163,50.99851307854456,-2.143346616180793,-4.043616115987934,1.9002694998071412,1.2018977478647843,0.2712903225806451,288.16041935483867,23.87,3.7,0
2022-03-21,288.2320556640625,289.17626805109586,284.1276588300462,287.9719290179041,28351200,-0.004227043017197563,0.08218785369545945,0.0390029220344188,0.017231425374074745,0.024241922978196755,279.469743347168,286.77427856445314,0.974528624903703,52.64616468873745,-1.31358032413425,-3.497608957617197,2.184028633482947,0.7917980455844116,0.2838709677419355,288.2462580645161,23.53,3.7,1
2022-03-22,292.9530944824219,293.85875989793885,287.8563228402571,288.84869714839016,27599700,0.016379298296584244,0.05888918794301978,0.056791486649313105,0.011961749191944928,0.02443453812548334,280.256901550293,286.5944567871094,0.9778866789404649,52.44292471164443,-0.27190186680269335,-2.8524675394542967,2.5805656726516033,0.7863323692109924,0.2880645161290323,288.2748709677419,22.94,3.7,0
2022-03-23,288.54998779296875,292.1533901687108,286.84465430957243,289.5327472603568,25715400,-0.015030074002912897,0.01732382417196976,0.06857671959406053,0.0138705426209605,0.023871629832994085,281.18279724121095,286.32215209960935,0.9820504462518483,52.24499503228022,0.1960815973817489,-2.2427577120870876,2.4388393094688365,0.7454929758346913,0.292258064516129,288.30348387096774,23.57,3.7,1
2022-03-24,292.9915771484375,293.08793014220737,287.42271518108265,288.21276856606795,24484500,0.015392789961424347,0.030079298124318088,0.03228199660900288,0.014819543280215303,0.021332207597447306,281.6409255981445,286.12502319335937,0.9843281879188016,59.1212314754024,0.9148155808982779,-1.6112430534900146,2.5260586343882925,0.7449064063867635,0.2964516129032258,288.3320967741936,21.67,3.7,0
2022-03-25,292.5868225097656,294.34034652445496,288.3572007411437,294.08021997832736,22566500,-0.0013814548616419842,0.010817637037301875,0.02142530149272681,0.013473193690082977,0.021269622378358288,281.94778900146486,285.8565362548828,0.9863261924858253,68.34002115399502,1.4352128836351312,-1.0019518660649855,2.4371647497001168,0.6971376777791439,0.3006451612903226,288.3607096774193,20.81,3.7,1
2022-03-28,299.3504943847656,299.4468179763362,293.2131585363844,293.2131585363844,29578200,0.023116802790304147,0.03857460855659234,0.03986078392419201,0.015582971705315056,0.02181558719785587,282.5215362548828,285.98234619140624,0.9878985189728909,74.37403965951448,2.3661280381026586,-0.3283358852314568,2.694463923334115,0.9209298719664559,0.3132258064516129,288.44654838709675,19.63,3.7,1
2022-03-29,303.8884582519531,304.2834849768808,297.7607660592807,302.4432514351578,30393400,0.015159366536253938,0.03732803638361082,0.06936778454774895,0.01542173195152958,0.021698534033058787,283.5071685791016,286.0950732421875,0.9909543892743125,71.17234807044272,3.4305159116279924,0.42343447414043306,3.0070814374875594,0.9475275306388299,0.3174193548387097,288.47516129032255,18.9,3.7,0
2022-03-30,302.39501953125,304.40869996608586,300.1983066415058,302.2986959453416,28163600,-0.004914430542356851,0.047981397761190925,0.04553773461970456,0.01202444766995308,0.021510058788648583,284.1656997680664,286.32311584472654,0.9924650998914454,72.72860621500665,4.106209123574615,1.1599894040272696,2.9462197195473454,0.8831188296784696,0.3216129032258065,288.50377419354834,19.33,3.7,0
2022-03-31,297.0477905273437,303.6283150055242,296.643149106342,302.4335907750661,33422100,-0.01768292682926853,0.01384412964489834,0.041869315893886094,0.016294600542782256,0.02166449971356079,284.76256866455077,286.43113891601564,0.9941746199181434,72.69354434735855,4.162244407567982,1.7604404047354123,2.40180400283257,1.038068022727354,0.3258064516129032,288.5323870967742,20.56,3.7,1
2022-04-01,298.1172180175781,298.8012742137478,294.37894572954843,298.06902682456194,27110500,0.0036001866512318514,0.018901724487704552,0.0674808352500269,0.016121847601187244,0.02099212821858211,285.70484313964846,286.59381713867185,0.9968981396462114,77.62133282399407,4.244024165956773,2.2571571569796847,1.9868670089770886,0.8489502380602331,0.33,288.561,19.63,3.7,1
2022-04-04,303.4644775390625,303.5993481964913,298.39661041143324,298.7627341145734,24289600,0.017936768486713328,0.013743031100556857,0.12928915110967365,0.014676314007389729,0.01881285352074918,287.4419830322266,286.9705505371094,1.0016427905031886,75.50409782750093,4.686293691582534,2.742984463900255,1.9433092276822794,0.783768971175768,0.374,288.8347,18.57,3.69,0
2022-04-05,299.5239562988281,303.36819729800135,298.550840896908,301.8266373690895,23156700,-0.012985115332739827,-0.014362184000770495,0.12698942353810194,0.01414818401719283,0.018915081843766203,289.12950439453124,287.2619348144531,1.0065012775928157,66.04396105609092,4.665052523645727,3.1273980758493494,1.5376544477963776,0.7786218346117474,0.3886666666666666,288.9259333333333,21.03,3.686666666666667,0
2022-04-06,288.5595397949219,295.7855716762638,285.87144770227894,294.04169166779053,40110400,-0.0366061420909094,-0.04575300134828553,0.03812823072914884,0.02084237835804869,0.018794448159800713,289.65941314697267,287.4855590820313,1.0075616113445236,53.45489374671442,3.7205932832281405,3.246037117325108,0.4745561659030324,1.3376411329050435,0.4033333333333333,289.01716666666664,22.1,3.6833333333333336,1
2022-04-07,290.3612976074219,292.5580106672026,285.5246829888432,285.8233566950077,31411200,0.006243972435569178,-0.022509822099842647,0.055253949788434786,0.021137413280696567,0.01859354255491622,290.41959075927736,287.5871514892578,1.0098489771025996,50.80207689214258,3.081962384374208,3.2132221707349284,-0.13125978636072055,1.0461654057208174,0.418,289.1084,21.55,3.68,0
2022-04-08,286.1219787597656,290.12037745533155,285.45718142982423,289.4652242441084,24361900,-0.014600151199861133,-0.04023665368132212,0.060341674566375625,0.02099006564773971,0.018324740334974998,291.2337188720703,287.54377014160156,1.0128326505862104,48.2260955321816,2.208309180793833,3.0122395727467093,-0.8039303919528762,0.8152506917879938,0.4326666666666667,289.19963333333334,21.16,3.6766666666666663,0
2022-04-11,274.8397216796875,281.9212093584241,274.58920983375054,281.1311855569594,34569300,-0.039431633770263264,-0.0943265455367519,0.03190537856571418,0.018835415806576623,0.020385378167582756,291.6586059570312,287.1128271484375,1.0158327262969815,36.285376666384785,0.5986480242411858,2.5295212630456048,-1.930873238804419,1.1493164138473988,0.4766666666666667,289.4733333333333,24.37,3.666666666666667,0
2022-04-12,271.7567138671875,280.119637735793,270.2440568620464,278.6744307786593,30966700,-0.01121747538404616,-0.0927045795426723,-0.017725869824678275,0.019003536721528522,0.018599057946127196,291.4134033203125,286.567919921875,1.0169086735171142,37.02553104401799,-0.9152426563825884,1.8405684791599661,-2.7558111355425545,1.0351832673557926,0.4913333333333333,289.5645666666667,24.26,3.6633333333333336,1
2022-04-13,277.11358642578125,278.0385105603026,271.02444128433206,272.4022274692682,21907200,0.019712015509621317,-0.039665829025355426,-0.022996827589694457,0.022431052175216206,0.01823226706866336,291.08726654052737,286.1728405761719,1.0171729293194314,37.9037545347262,-1.6635803626657548,1.139738710794822,-2.803319073460577,0.752352518256153,0.506,289.6558,21.82,3.66,0
2022-04-14,269.6081237792969,277.7783698621316,269.1167734779353,277.56640502923614,28221600,-0.02708442679873635,-0.07147362268708413,-0.052130612032942336,0.022142708748351406,0.019107440397479896,290.3458755493164,285.53727355957034,1.016840540395308,34.20330281265238,-2.8296530175909993,0.3458603651176577,-3.1755133827086572,0.9735441777545348,0.5206666666666666,289.7470333333333,22.7,3.6566666666666663,1
2022-04-18,270.27294921875,272.1420858288505,268.1725889134815,268.7217745923152,20778000,0.002465895426791098,-0.055392562325045414,-0.06627146929940397,0.023407319220222638,0.018558638116988883,289.3867431640625,285.1497961425781,1.0148586710521998,28.181070825824236,-3.657961438472455,-0.4549039956003648,-3.2030574428720904,0.7458570526800581,0.5793333333333334,290.11196666666666,22.17,3.6433333333333335,1
2022-04-19,274.8783264160156,275.716571073064,268.2400250211419,269.17459327763214,22297700,0.017039726730247784,0.0001404627253009938,-0.04632978527416387,0.019648324976072638,0.01910148738341299,288.7190567016602,284.76423889160156,1.0138880423519896,28.25365655471292,-3.897854340082347,-1.1434940644967613,-2.7543602755855856,0.8092008734464372,0.5940000000000001,290.2032,21.37,3.64,1
2022-04-20,275.899658203125,279.1176785794068,274.94583091837654,278.8286195154006,22906700,0.0037155777264288314,0.015245048694407792,-0.05821217321300609,0.018588513628209232,0.018658140481826253,287.8663848876953,284.4950646972656,1.0118501886632625,29.99717997561511,-3.95991086584678,-1.706777424766765,-2.253133441080015,0.8384418181764942,0.6086666666666667,290.2944333333333,20.32,3.6366666666666663,0
2022-04-21,270.5523681640625,282.5861150592423,269.82976470304897,278.03852943515125,29454600,-0.01938128547852591,-0.023676999552225242,-0.0623726230819297,0.01810647243163127,0.01883246909329437,286.96650390625,284.0495269775391,1.0102692546604437,29.997152330941603,-4.389967909196002,-2.243415521652613,-2.1465523875433896,1.0707835530065961,0.6233333333333333,290.3856666666667,22.68,3.633333333333333,0
2022-04-22,264.0199584960937,272.8550005549341,263.393708222996,271.3905058085866,29405800,-0.02414471443106192,-0.02072699147514445,-0.09888208710404667,0.017221954927330575,0.018870268201828685,285.51792297363284,283.3454638671875,1.0076671744689147,26.219656249960067,-5.197982968989095,-2.8343290111199098,-2.363653957869185,1.0595315884416374,0.638,290.4769,28.21,3.63,1
2022-04-25,270.46563720703125,270.8413756866367,260.87908697872507,263.3070532274066,35678900,0.024413603985294685,0.0007129384899162705,-0.07560554201649339,0.021553674260447683,0.01998102250306665,284.41186370849607,282.94011169433594,1.0052016379202893,27.333011906758372,-5.25762173155573,-3.318987555207074,-1.938634176348656,1.2558922363367788,0.6819999999999999,290.7506,27.02,3.62,0
2022-04-26,260.3492736816406,268.1919165159082,260.1373087724541,267.3633451272445,46518400,-0.03740350763171785,-0.05285630527445062,-0.1302861409441849,0.02454525687767161,0.020281355476958342,282.46180267333983,282.47357788085935,0.9999583139506079,25.195337710670657,-6.051434698765263,-3.865476983918712,-2.185957714846551,1.5900348011525072,0.6966666666666667,290.84183333333334,33.52,3.6166666666666663,1
2022-04-27,272.87432861328125,280.34123080111425,268.9626376903315,271.7952455176826,63477700,0.048108660932761005,-0.01096532561709962,-0.10205760961463739,0.036242084706534686,0.023273032076486174,280.9110961914063,282.2583154296875,0.9952269989416243,40.26090031147809,-5.605256035237176,-4.213432794182404,-1.3918232410547713,2.0536013248602494,0.7113333333333334,290.93306666666666,31.6,3.613333333333333,1
2022-04-28,279.0501708984375,280.35086291082894,271.1785981856094,274.77235637930573,33646600,0.022632551462577144,0.03140908649974161,-0.0771998449875263,0.03598197008150371,0.02408620258982637,279.7438537597656,282.0613818359375,0.9917836037635245,43.33864478535349,-4.69914851217294,-4.310575937780512,-0.38857257439242776,1.0789499169140646,0.726,291.0243,29.99,3.61,0
2022-04-29,267.38250732421875,279.2910262219157,266.3997773201998,278.0673990236614,37073900,-0.04181206389035075,0.0127359645357068,-0.09986703873629454,0.040370654151855326,0.025390675369279782,278.2605895996094,281.6378411865234,0.9880085304848032,39.85184357637921,-4.866437450026922,-4.421748240229794,-0.44468920979712756,1.1819332123363377,0.7406666666666667,291.11553333333336,33.4,3.606666666666667,1
2022-05-02,274.07861328125,274.53144585501184,266.12997704590924,267.56553951466765,35151100,0.025043171387841623,0.01335835528508622,-0.08063474124768844,0.04045430149436624,0.026209783205513978,277.058659362793,281.5172137451172,0.9841624093851647,49.56628681692782,-4.407884006473864,-4.4189753934786085,0.011091387004744213,1.106452161212747,0.7841935483870968,291.4160322580645,32.34,3.6,0
2022-05-03,271.4869079589844,273.7510711128351,269.9164452309345,273.58726807497914,25978600,-0.009456065510686562,0.042779586514088086,-0.10537500085479334,0.03498271914989034,0.02572156276114038,275.45978088378905,281.3987084960938,0.9788949720343612,49.84538694884671,-4.205131915364063,-4.376206697855699,0.17107478249163588,0.8155611680294095,0.7983870967741936,291.53406451612904,29.25,3.6,1
2022-05-04,279.38739013671875,280.25450833918546,266.621396692136,272.26732383050563,33599300,0.029100785143304053,0.023868355651248674,-0.06722856632549146,0.03038823333484264,0.026755124685221596,274.4529525756836,281.4422576904297,0.9751661133900015,51.26609983204313,-3.3681209361810716,-4.174589545520774,0.8064686093397029,1.0377912130611215,0.8125806451612904,291.6520967741935,25.42,3.6,0
2022-05-05,267.2187805175781,275.8900225285143,264.3187223916875,275.109613099755,43260400,-0.04355461287349405,-0.042398792814807185,-0.07395617310905933,0.03492038649370664,0.02725313857251786,273.3859146118164,281.38599182128905,0.9715690281606002,48.73524500973112,-3.6446752561693643,-4.068606687650493,0.42393143148112866,1.3297275897173602,0.8267741935483871,291.77012903225807,31.2,3.6,0
2022-05-06,264.69439697265625,269.04927528391744,261.36076616080453,264.7714617150036,37780300,-0.009446879220211923,-0.010053426375806196,-0.0883964248894773,0.02973154024373835,0.027184225197199638,272.1025695800781,281.00329956054685,0.9683251762723487,47.10410568799154,-4.0211894334626095,-4.059123236812916,0.03793380335030694,1.1500244964230961,0.8409677419354838,291.88816129032256,30.19,3.6,0
2022-05-09,254.91519165039065,262.41099624830406,253.7012379585317,260.1950242973113,47726000,-0.03694526757691741,-0.06991943443319493,-0.10906812277981937,0.0287184528225725,0.028075909667253974,270.5422302246094,280.3726123046875,0.9649381514147495,40.16518056080928,-5.050461199973256,-4.257390829444985,-0.7930703705282713,1.4028831326569065,0.8835483870967742,292.24225806451614,34.75,3.6,1
2022-05-10,259.6554870605469,263.7502396394238,255.3873167232384,261.76549132988686,39336400,0.01859557831554204,-0.04358007900780603,-0.05524759858706707,0.03235286949687382,0.027361229482406074,269.7830184936523,279.80821105957034,0.9641711995228629,42.280200153325964,-5.4211723666574585,-4.4901471368874795,-0.931025229769979,1.1482299396394362,0.8977419354838709,292.3602903225806,32.99,3.6,0
2022-05-11,251.03240966796875,261.4475309989085,249.82807066667772,255.97502163371612,48975900,-0.03320968676686342,-0.10148983622659002,-0.07626050486225378,0.025560146837659798,0.02816104701012253,268.7468032836914,279.1453430175781,0.9627486540829309,41.003539342057074,-6.337716663989966,-4.859661042307977,-1.478055621681989,1.3929930112713036,0.9119354838709678,292.4783225806452,32.56,3.6,0
2022-05-12,246.0223846435547,250.38690814257984,240.88708121967693,248.27690379509,51033800,-0.019957682081929717,-0.07932225359672695,-0.11219659845351415,0.02230556206336077,0.02782920619476302,267.1922431945801,278.28130279541017,0.9601516182027413,41.58712700739301,-7.383242350012949,-5.364377303848971,-2.0188650461639783,1.3937916571817326,0.9261290322580644,292.59635483870966,31.77,3.6,1
2022-05-13,251.58154296875,253.43142022710916,246.0223258803733,247.9492678815467,34925100,0.022596148449051112,-0.04953959794343832,-0.06686215740777735,0.028477515441016583,0.02802375874491988,266.29091415405276,277.61072540283203,0.959224157379534,41.09895588646944,-7.674781270670451,-5.826458097213267,-1.8483231734571834,0.9451922665767439,0.9403225806451612,292.7143870967742,28.87,3.6,1
2022-05-16,251.9476623535156,256.10986406168763,246.43660714810295,250.4639088051504,32550900,0.0014552712430540016,-0.011641241456275986,-0.0678028893317123,0.024174139078369374,0.028014141808545757,265.374649810791,277.06424407958986,0.9578090839269723,45.639048341072446,-7.786526955356237,-6.218471868841862,-1.5680550865143754,0.8671243873522683,0.9829032258064516,293.0684838709677,27.47,3.6,1
2022-05-17,257.07342529296875,258.5282469958444,252.87267503794865,256.3893394840578,28828800,0.02034455446647887,-0.009944183336191292,-0.06477375410129638,0.024558142905339007,0.02814880099691504,264.48440475463866,276.8312789916992,0.9553992804496967,41.11594447096385,-7.376448873198058,-6.4500672697131005,-0.9263816034849572,0.7613482049339952,0.9970967741935484,293.18651612903227,26.1,3.6,0
2022-05-18,245.36892700195312,254.56254010236933,244.10384241044304,253.98310507106703,31356000,-0.04552978697691845,-0.022560762865267092,-0.11065882212399947,0.028761541076510973,0.029647571799704765,262.9578681945801,276.4231869506836,0.9512873037003736,32.171140842021586,-7.904792702434918,-6.741012356257465,-1.163780346177453,0.8189527115924929,1.011290322580645,293.3045483870968,30.96,3.6,0
2022-05-19,244.4611358642578,248.8358391110842,243.2443400632524,245.19507408358177,32692300,-0.0036996988526101227,-0.006345962305661201,-0.09643690231527746,0.02742526819518307,0.029465926122286316,261.65330657958987,275.75318237304685,0.9488677676459876,36.30696963327188,-8.30107057732343,-7.053024000470658,-1.2480465768527713,0.8502590780032463,1.025483870967742,293.4225806451613,29.35,3.6,0
2022-05-20,243.9010162353516,249.67600344933277,237.9908442252686,248.4205560699694,39199300,-0.0022912420288239144,-0.030528975388120716,-0.07620235369834649,0.02414151698692868,0.029107723244707687,260.64735946655276,275.1280477905273,0.947367458751426,30.545953386675293,-8.56162750864658,-7.354744702105842,-1.2068828065407384,1.0066722762255331,1.0396774193548386,293.5406129032258,29.43,3.6,1
2022-05-23,251.713623046875,252.5344867374103,244.74115917492952,246.7305445650261,33175400,0.03203187478310743,-0.000928920333907346,-0.06933233498273306,0.02971403084985369,0.02953957967246774,259.7097587585449,274.7655319213867,0.9452050151357799,38.057033736942884,-8.044971256101405,-7.492790012904955,-0.5521812431964506,0.8547208490889057,1.082258064516129,293.89470967741937,28.48,3.6,0
2022-05-24,250.71897888183597,252.3703436440929,244.80880649372511,249.0483104249833,29043900,-0.003951491194633561,-0.024718410329232055,-0.03698990461398688,0.02749392842375419,0.028425218007427686,259.2282440185547,274.45307189941406,0.9445266625165004,31.10845389833021,-7.627847843414088,-7.519801579006781,-0.10804626440730658,0.7655100731841641,1.0964516129032258,294.01274193548386,29.45,3.6,1
2022-05-25,253.5195770263672,255.50894824222087,248.31438673907397,249.2897686501269,28547900,0.01117026783142383,0.033217938897166066,-0.07092917712440328,0.015525189699500052,0.026140673558173975,258.260506439209,273.99024810791013,0.9425901404253408,39.701130179799534,-6.990705171307127,-7.413982297466851,0.4232771261597241,0.7887446833523535,1.1106451612903223,294.1307741935484,28.37,3.6,1
2022-05-26,256.7835998535156,257.9521066935268,252.46685283903992,253.2780498622008,25002100,0.01287483540890011,0.05040663803550394,-0.07979414946506502,0.01449785289354812,0.025717970413995317,257.1471778869629,273.4531936645508,0.9403699932735445,44.11818495357553,-6.151475271948726,-7.161480892363226,1.0100056204144998,0.6991273107362674,1.1248387096774193,294.2488064516129,27.5,3.6,1
2022-05-27,263.8719787597656,263.9685561619244,258.3867241840581,259.2751950241192,26910800,0.027604484516509764,0.08188142400006693,-0.013129237957950513,0.014342467136893286,0.024996541130832564,256.9716514587402,273.04191436767576,0.9411436044676442,56.93710477463674,-4.858401959167111,-6.700865105724004,1.8424631465568932,0.7633465012127091,1.1390322580645162,294.36683870967744,25.72,3.6,0
2022-05-31,262.5490417480469,265.34961052088613,259.70983610714705,263.1864174502178,37827700,-0.005013556262914776,0.04304661213808858,-0.042066658887287445,0.013499072825611436,0.024282115964054104,256.3951728820801,272.5037832641602,0.9408866541626518,52.36634526738434,-3.8954773650830816,-6.13978755759582,2.2443101925127387,1.0689551931336294,1.1958064516129032,294.8389677419355,26.19,3.6,1
2022-06-01,263.0801696777344,268.1694785962378,260.7817625947678,265.7648569786376,25292200,0.002022966551891603,0.04930297200087219,-0.030965538428542105,0.012331183616762775,0.02422882699070471,255.97483596801757,272.0007455444336,0.9410813762868968,61.35557191920706,-3.0542871802833247,-5.522687482133321,2.4684003018499965,0.715414223172002,1.21,294.957,25.69,3.6,1
2022-06-02,265.16607666015625,265.2336837998182,252.63111175251524,255.38340607068776,44008200,0.007928788342264736,0.04593925159703849,-0.050901772873869766,0.012321856379089648,0.023274847517266457,255.26377029418944,271.4450051879883,0.9403885332773297,69.09645788843213,-2.19403121148315,-4.856956228003288,2.6629250165201377,1.2267548873588903,1.225666666666667,294.95553333333334,24.72,3.5966666666666667,0
2022-06-03,260.7624206542969,264.074846353105,259.20763325124227,261.0424863281772,28059000,-0.0166071620522682,0.015494840025028767,-0.02416132522862302,0.016424912899186985,0.021474248098842796,254.9409523010254,270.88925384521485,0.9411261195569527,59.374331994049584,-1.8463270858366627,-4.254830399569963,2.4085033137333003,0.799092089674656,1.2413333333333334,294.9540666666667,24.79,3.5933333333333333,0
2022-06-06,259.5359802246094,264.77980709613064,258.0584370323219,262.732495427998,22400300,-0.004703286718270805,-0.016432205327507776,-0.019488197736878266,0.00917063856974699,0.021402134557839403,254.68303146362305,270.22014190673826,0.9425020269270765,57.61443672754447,-1.65070426285979,-3.7340051722279286,2.0833009093681385,0.6522218922334224,1.288333333333333,294.94966666666664,25.07,3.583333333333333,1
2022-06-07,263.1573181152344,263.76572323582315,256.822230539594,257.4982427783105,22860700,0.01395312467847809,0.00231681046381893,0.032332817873591324,0.011813342982480015,0.019842768864702192,255.09513778686522,269.63155181884764,0.9460878597703999,56.29488917784405,-1.1897454186786263,-3.2251532215180685,2.0354078028394422,0.6906277345007384,1.304,294.9482,24.02,3.58,0
2022-06-08,261.1390075683594,263.64020598603173,260.3664178533954,262.3944253321601,17372300,-0.007669596883455032,-0.0073785953223036715,0.005713418671050796,0.01229044475632389,0.01953815410049893,255.16931381225587,268.86732208251954,0.9490529077160982,70.40753945624553,-0.9760418046842574,-2.7753309381513067,1.7992891334670493,0.5428312793154919,1.3196666666666663,294.9467333333333,23.96,3.5766666666666667,0
2022-06-09,255.71176147460935,263.36021011485053,255.55724349069743,258.5992407787773,26439700,-0.02078297740458912,-0.03565431636137906,0.018640428990144287,0.013480481514335658,0.018585166211522133,255.40328140258788,267.90378814697266,0.9533395670481264,63.03443091913013,-1.2304299230826246,-2.4663507351375706,1.235920812054946,0.8563099488540085,1.3353333333333333,294.94526666666667,26.09,3.5733333333333333,0
2022-06-10,244.3162841796875,251.6460439882833,243.87204872141052,251.6460439882833,31422800,-0.044563758933917286,-0.06306942707980412,-0.006934736716494472,0.02168098756473402,0.02074112116111397,255.31797637939454,266.7422134399414,0.9571712444265253,50.38455940640925,-2.324755783837645,-2.438031744877586,0.11327596103994075,1.0510784636087314,1.351,294.9438,27.75,3.5700000000000003,0
2022-06-13,233.95413208007807,240.4823755104024,233.24916419131785,236.7064259770885,46135800,-0.042412858947987186,-0.09856763645022204,-0.07006639151927574,0.02454967064037197,0.022043312680410442,254.43660583496094,265.48034027099607,0.9584009330982401,34.29537623544341,-3.9822510754654274,-2.746875610995154,-1.2353754644702732,1.5148193452882746,1.398,294.9394,34.02,3.56,1
2022-06-14,236.1077423095703,237.31488645148173,233.2299000655882,235.49933694664017,28651500,0.009205266905715881,-0.10278861328803812,-0.06286988295894491,0.02293232739885834,0.02220056475750225,253.64460983276368,264.24015075683593,0.9599018510482812,37.33888032968874,-5.063678752018092,-3.210236239199742,-1.8534425128183498,0.9468022478188751,1.4136666666666666,294.9379333333333,32.69,3.556666666666666,1
2022-06-15,243.1284637451172,246.54710394987805,237.97154789524555,239.796749111128,33111700,0.02973524445607434,-0.06896918231768767,-0.054245052875299904,0.032551573708050965,0.022811284146040278,252.9473617553711,263.033430480957,0.9616548029383812,41.60942279050468,-5.293187856999907,-3.626826562759775,-1.666361294240132,1.0865029853508459,1.4293333333333331,294.93646666666666,29.62,3.553333333333333,0
2022-06-16,236.5712890625,238.93728870881043,234.68814708832016,237.5466562553709,33169200,-0.02697000006338779,-0.07485174831901453,-0.03585473534463923,0.03299961596210672,0.021297430747422418,252.50747985839843,261.77437713623044,0.9645996778630117,34.50320269842787,-5.9357609155619,-4.0886134333202,-1.8471474822417004,1.085161554582947,1.4449999999999998,294.935,32.95,3.55,1
2022-06-17,239.1593475341797,241.9116415660145,235.6634634572943,236.31049083013176,43084800,0.010939867140834503,-0.021107625563407173,-0.021687653177812516,0.02974375797158636,0.02147257421168079,252.24239044189454,260.78637329101565,0.9672376177432142,29.648378233223113,-6.165102540163872,-4.503911254688934,-1.6611912854749376,1.3859977388364095,1.4606666666666666,294.93353333333334,31.13,3.546666666666667,1
2022-06-21,245.04058837890625,246.01595545881756,240.95560233610817,241.67988876042264,29928300,0.024591306613620967,0.047387307077070506,0.004672273043975439,0.02218915074163016,0.02220804590821755,252.29936904907225,259.8799591064453,0.970830416922345,36.58817737398826,-5.805369756552835,-4.764202955061715,-1.0411668014911202,0.9773394903014038,1.5233333333333332,294.92766666666665,30.19,3.533333333333333,0
2022-06-22,244.4514923095703,248.3529899538609,241.7861089374633,243.254000161548,25939900,-0.0024040754767737926,0.03533873950249444,-0.02885076560179778,0.022826006257832623,0.020930345660808196,251.93626251220704,259.0465493774414,0.9725520881002958,35.74272537980312,-5.504363190804014,-4.912235002210175,-0.592128188593839,0.8572215076846206,1.539,294.9262,28.95,3.53,1
2022-06-23,249.9850311279297,250.47755532769023,244.93435931975776,246.8078492299289,25861400,0.02263655159589595,0.02820141779039309,-0.0029273721406315456,0.021237773839415667,0.02158407185049081,251.89956512451172,258.54945556640627,0.9742800060153808,38.96374415715888,-4.7643821501823425,-4.882664431804608,0.11828228162226573,0.8591451901686022,1.5546666666666666,294.92473333333334,29.05,3.526666666666667,1
2022-06-24,258.5219116210937,258.79231063631465,252.7469254380334,252.83383624957412,33923200,0.034149566694636535,0.09278650273066114,0.01973155151724737,0.014070551728511016,0.022783948984249874,252.14968185424806,258.2847595214844,0.9762468460059255,48.46353755738945,-3.449325259640233,-4.595996597371734,1.146671337731501,1.116994094187437,1.5703333333333331,294.9232666666667,27.23,3.523333333333333,0
2022-06-27,255.80831909179688,259.1013820613785,254.25350226058265,259.01447122802466,24615100,-0.010496566856870615,0.0696145550206344,-0.0037980648385453897,0.01911466896775369,0.02275436113641993,252.1009178161621,257.8586541748047,0.9776709593980143,47.494798776646014,-2.596170401756126,-4.196031358248613,1.5998609564924866,0.8110216788854832,1.6173333333333333,294.9188666666667,26.95,3.513333333333333,0
2022-06-28,247.68663024902344,257.7590321077553,247.53211228973697,254.92949381458487,27295500,-0.03174911930780078,0.010798381964483461,-0.06133788281277741,0.026330173824635397,0.022842827532547884,251.291650390625,257.4202243041992,0.9761923371400222,40.19586474664703,-2.546042253814562,-3.866033537361803,1.3199912835472407,0.8987662646302029,1.633,294.9174,28.36,3.51,1
2022-06-29,251.33706665039065,252.98843151702383,246.9913331816008,248.75859390135693,20069800,0.014738124531376906,0.02816744653823,-0.04270430782381485,0.026657815012219952,0.02317172258827691,250.73105163574218,257.041506652832,0.9754496653117859,43.9141750703056,-2.186550433479823,-3.5301369165854073,1.3435864831055842,0.6807459584757787,1.6486666666666667,294.9159333333333,28.16,3.506666666666667,0
2022-06-30,248.0246124267578,250.6320551562228,244.22935890804,248.23707094153855,31730900,-0.013179330322337424,-0.007842144356909997,-0.05722802014845585,0.025820230131464703,0.023284540603218506,249.97827377319337,256.5044323730469,0.9745573262049437,45.09848943750429,-2.1442207068010646,-3.252953674628539,1.1087329678274744,1.0646522170426425,1.6643333333333332,294.91446666666667,28.71,3.5033333333333334,1
2022-07-01,250.6802978515625,250.86378606740377,245.8807076454668,247.5996939785026,22837700,0.010707346334787315,-0.030332491819975216,-0.054629079975260564,0.0189998959829784,0.023359357803361822,249.25398483276368,256.00004516601564,0.9736482064724749,54.56684043213904,-1.8747712778597645,-2.977317195274784,1.1025459174150196,0.7944796886327868,1.68,294.913,26.7,3.5,1
2022-07-05,253.83824157714844,253.9637892662612,246.0062908587965,247.37760464946803,22941000,0.012597494708004087,-0.007701381728486667,-0.026553592575856988,0.020388574003488376,0.0233467972506524,248.90777587890625,255.66576263427734,0.9735671030577598,65.9143861287738,-1.3903835217722929,-2.659930460574286,1.269546938801993,0.8052417761160396,1.7638709677419355,294.9367419354839,27.54,3.5129032258064514,1
2022-07-06,257.0830383300781,258.8020102285566,253.4036657301254,254.70738716056056,23824400,0.012782931101197104,0.037936678582964234,-0.009451259483977514,0.011664065937766805,0.0235308151657536,248.78512878417968,255.52702423095704,0.9736157243365237,66.49953128957185,-0.7361884331877491,-2.275182055096979,1.53899362190923,0.834164747222459,1.7848387096774192,294.9426774193548,26.73,3.5161290322580645,1
2022-07-07,259.197998046875,259.8353737242691,255.93387539808108,256.0304528288306,20859900,0.008226757123048323,0.031276450788768395,-0.015045449226783858,0.011002745382754768,0.023383795650428644,248.58716278076173,255.3016714477539,0.9736997073739634,63.69775512651461,-0.0465380765957093,-1.8294532593967252,1.782915182801016,0.7329358384680373,1.805806451612903,294.9486129032258,26.08,3.5193548387096776,0
2022-07-08,258.4833374023437,258.9082544536916,254.26316663768768,255.71173945693104,19658800,-0.002757199708008806,0.042168093211613744,-0.010169565208753784,0.006454200588863734,0.023330216417323593,248.45437927246093,255.26435272216793,0.9733218783700713,70.74413960591521,0.4373066593653334,-1.3761012756443136,1.813407935009647,0.6879703181829476,1.826774193548387,294.9545483870968,24.64,3.52258064516129,0
2022-07-11,255.4413299560547,257.39206399672923,253.19119709803016,256.5422299287005,19455200,-0.011768679083379197,0.018992446336214996,-0.001057563864075628,0.010759466265479446,0.022997368025745247,248.44085769653321,254.9156927490234,0.9746000923573388,65.28279857326021,0.5687364806067308,-0.9871337243941047,1.5558702050008355,0.6892690015126208,1.889677419354839,294.9723548387097,26.17,3.532258064516129,0
2022-07-12,244.9729766845703,256.8223064920128,243.3988561695892,256.7643659368481,35868500,-0.04098143896011397,-0.03492485938090506,0.0026878785713679854,0.021322803922904705,0.022641568384453338,248.47369232177735,254.23414886474606,0.9773419244869684,49.94156908180249,-0.16985507689355472,-0.8236779948939947,0.65382291800044,1.260838585875416,1.9106451612903224,294.9782903225806,27.29,3.535483870967742,0
2022-07-13,244.0555419921875,244.8570873615849,239.603594413408,241.61228376039588,29497400,-0.0037450444730648957,-0.050674274049788415,0.04317688181994539,0.018618302235371708,0.020327882138666074,248.9787628173828,253.76760955810542,0.9811290071689542,49.65974548768415,-0.819773679149165,-0.8228971317450289,0.003123452595863885,1.06811905036933,1.9316129032258065,294.9842258064516,26.82,3.5387096774193547,1
2022-07-14,245.36892700195312,246.39258278636143,237.50800563214517,241.9792718550764,25102800,0.005381500452907861,-0.05335330962865281,0.03922440069855959,0.017945432931978783,0.02027756598574,249.44182205200195,253.1934158325195,0.985182893606526,45.72300029152268,-1.2148555612866687,-0.9012888176533569,-0.31356674363331183,0.9148659151146508,1.9525806451612904,294.9901612903226,26.4,3.541935483870968,1
2022-07-15,247.91839599609372,251.4432504207944,246.03525438925857,246.9526808402148,29774100,0.010390349851105318,-0.0408728141334892,0.019701240147669496,0.020231459353907664,0.019330325018887796,249.6813186645508,252.72204559326167,0.9879680978302751,38.94934565480956,-1.3071716966335032,-0.9824653934493861,-0.3247063031841171,1.0917503165804943,1.9735483870967745,294.9960967741935,24.23,3.545161290322581,0
2022-07-18,245.5330810546875,251.89714046464383,244.6156545937457,250.84451446983317,20975000,-0.009621371305757465,-0.038788746140148045,0.03788199332092179,0.020157956100944344,0.01836709070856018,250.12940826416016,252.04495941162105,0.9923999624831514,39.2176893186597,-1.5548841433378016,-1.0969491434270693,-0.4579349999107323,0.7866947138803515,2.036451612903226,295.0139032258065,25.3,3.554838709677419,1
2022-07-19,250.632080078125,250.8155683351032,244.9826399167173,248.7489235338921,25012600,0.020767055101230225,0.02310092921327156,0.04797108146611606,0.011910014520789904,0.01874576649418764,250.70304489135742,251.713225402832,0.9959867801548452,53.30015732049785,-1.324483612323803,-1.142456037206416,-0.18202757511738699,0.9710397411347483,2.05741935483871,295.0198387096774,24.5,3.5580645161290323,1
2022-07-20,253.278076171875,255.7889412022588,250.03328774217377,250.98933621319568,22788300,0.010557292158789977,0.03778866935126901,0.033616829960557926,0.011083153631099822,0.018128331194380617,251.11491928100585,251.48489898681638,0.9985288193951164,52.22483328529409,-0.9177999339672738,-1.0975248165585878,0.17972488259131403,0.8971215367551028,2.0783870967741938,295.0257741935484,23.88,3.5612903225806454,1
2022-07-21,255.760009765625,255.80831320834824,248.21777641916705,250.8831597992093,22404700,0.009799243705822303,0.04234881282905545,0.04626078306666148,0.011048584211238392,0.018184255411207155,251.6803451538086,251.50179534912107,1.0007099345133488,59.03859258501178,-0.3907248573036952,-0.9561648247076093,0.5654399674039141,0.8882007657935251,2.0993548387096777,295.03170967741937,23.11,3.564516129032258,0
2022-07-22,251.43359375,256.23319944277154,250.1878423691355,256.1462886118709,21881300,-0.016915920591298317,0.014178850019510802,0.005794597442632554,0.015611848894823581,0.018020113006393366,251.7527732849121,251.3373574829101,1.0016528215549105,50.847129560991675,-0.31844879726324393,-0.8286216192187362,0.5101728219554923,0.8743493217602147,2.120322580645161,295.0376451612903,23.03,3.567741935483871,0
2022-07-25,249.9560089111328,252.5344810154432,248.00527515501608,252.05162349916128,21056000,-0.0058766404951294815,0.018013572091575725,-0.033134145791539726,0.014935110597027549,0.016211687405142085,251.32447814941406,251.3158294677734,1.0000344135968633,45.46270021642705,-0.3760632240099824,-0.7381099401769855,0.3620467161670031,0.8635719544180342,2.183225806451613,295.0554516129032,23.36,3.57741935483871,0
2022-07-26,243.26364135742188,250.9700588947091,241.01353801634696,250.95072573000823,39348000,-0.026774181516437512,-0.029399423722638707,-0.049039365799019796,0.01638882567657833,0.017069971291676277,250.6972442626953,251.26065460205075,0.9977576658778997,35.05328657775006,-0.9507811897171337,-0.7806441900850152,-0.17013699963211848,1.566457708766976,2.2041935483870967,295.0613870967742,24.69,3.5806451612903225,1
2022-07-27,259.5263671875,260.79145210139694,249.97545646972603,252.20625685812743,45994000,0.0668522666985143,0.02466968760211552,0.04780127585640348,0.036932620674001396,0.021738854084304236,251.28923110961915,251.41955108642574,0.9994816633143944,50.271933894790905,-0.09291222267557941,-0.6430977966031282,0.5501855739275487,1.7653321829030606,2.2251612903225806,295.0673225806452,23.24,3.583870967741936,1
2022-07-28,266.933349609375,268.31431531179504,258.68613331334205,260.5016826567174,33459300,0.028540384941017072,0.04368681348577175,0.06205325448744392,0.038410013070612856,0.022356152060511378,252.06904525756835,251.71926483154294,1.001389565579176,56.299494566176946,1.1711365597735153,-0.2802509253277995,1.4513874851013147,1.2520555413878312,2.2461290322580645,295.0732580645161,22.33,3.5870967741935487,1
2022-07-29,271.1148681640625,272.33167871252647,267.1457929503217,268.1791152582621,32152800,0.015665028595365227,0.07827623238616055,0.09309663065847262,0.03553532352567582,0.022170170712691093,253.2235580444336,252.0000936889648,1.004855015478601,61.48943504982316,2.4817103160859233,0.2721413229549451,2.2095689931309783,1.2022169717314792,2.2670967741935484,295.0791935483871,21.33,3.5903225806451613,0
2022-08-01,268.4785461425781,271.6364248715957,266.38293077002675,268.29505785999686,21539600,-0.009724003848763596,0.07410318844557429,0.07099978914798744,0.03615508832752799,0.022348379768360502,254.11347045898438,252.4622860717773,1.006540320983775,69.46584274132508,3.269926626969095,0.8716983837577751,2.39822824321132,0.8073408662808426,2.33,295.097,22.84,3.6,0
2022-08-02,265.39794921875,268.36270297109587,263.04160096615,266.5374864718585,22754200,-0.011474275945282164,0.09098896874936879,0.04553966167500523,0.03217314542442864,0.022490018676008,254.69145584106445,252.88102233886715,1.0071592303979666,67.06311136789282,3.6044652740283993,1.4182517618119,2.1862135122164994,0.8531648165781133,2.3374193548387097,295.13738709677415,23.93,3.596774193548387,1
2022-08-03,272.7855834960937,273.7802690088794,267.12647689627147,267.2713577584934,23518900,0.0278360639149271,0.05109005474967532,0.06107966230683215,0.019646897067139367,0.023097143812920835,255.47658309936523,253.458713684082,1.0079613337649869,69.9789489040576,4.414818626195995,2.017565134688719,2.397253491507276,0.882342458676717,2.3448387096774197,295.1777741935484,21.95,3.5935483870967744,1
2022-08-04,273.9251708984375,274.070022316073,270.5645001241118,272.1385914908116,18098700,0.004177593946639524,0.026193135100182063,0.05681823533567232,0.016760554423000115,0.02306866562383809,256.2129417419434,253.90294464111324,1.009097953172994,69.34913311596904,5.090306787469274,2.63211346524483,2.4581933222244436,0.6825317032350178,2.3522580645161293,295.21816129032254,21.44,3.5903225806451613,0
2022-08-05,273.21051025390625,273.9251301220604,269.1255240569013,269.5794114121241,16774600,-0.002608963032448841,0.007729720262245499,0.056975327692550204,0.015904807789920494,0.02306673669825974,256.9493003845215,254.35277526855464,1.010208361647422,71.11706457495497,5.504516243746821,3.2065940209452286,2.297922222801592,0.6360568464478553,2.359677419354839,295.2585483870968,21.15,3.5870967741935487,0
2022-08-08,270.70928955078125,276.11730051736697,269.74357435929414,274.3113883534034,18739200,-0.009154921239305613,0.008308833015724382,0.059770905504419325,0.01580486596865126,0.02298577896202628,257.7126983642578,254.69656951904292,1.0118420473856808,65.95061175247494,5.566782214726402,3.6786316597014634,1.8881505550249384,0.7115161180088848,2.381935483870968,295.3797096774193,21.29,3.57741935483871,1
2022-08-09,272.62139892578125,273.3746556298809,268.09219211802474,270.05262233660574,23405200,0.0070633312147247995,0.02721742850046449,0.11286315174596306,0.013996495324702306,0.020507325296567968,259.09511947631836,255.01332550048824,1.0160061987655713,65.5488798090887,5.704659923160818,4.083837312393334,1.6208226107674841,0.9102181763241461,2.3893548387096777,295.42009677419355,21.77,3.574193548387097,1
2022-08-10,279.2461853027344,279.8738942312327,277.10229657539446,278.2901367727336,24687800,0.024300316860881077,0.023683809546823698,0.1441911256072741,0.012603521940857705,0.02079464610167542,260.8546516418457,255.32080963134763,1.021674073564502,67.70016426116743,6.276146386640903,4.5222991272428485,1.7538472593980545,0.9691616985669929,2.3967741935483877,295.4604838709677,19.74,3.570967741935484,0
2022-08-11,277.1795959472656,281.2259454287706,276.6871011826993,280.8783020655473,20065900,-0.007400600130771151,0.011880708290348263,0.12964424360489324,0.013747911494311994,0.02104064928051043,262.4451850891113,255.61342071533198,1.0267269392767433,70.0874839934912,6.487513024695943,4.915341906733468,1.5721711179624753,0.7955867828690669,2.404193548387097,295.50087096774195,20.2,3.567741935483871,1
2022-08-12,281.9019775390625,281.9019775390625,277.1023709654231,278.5895808890098,22619700,0.017037262702032763,0.03181234600776861,0.13707567526979414,0.014717507156918632,0.021160481684206277,264.1443641662598,255.98985687255856,1.0318548062541433,73.72361051148951,6.95589609574057,5.3234527445348885,1.6324433512056817,0.909744652766131,2.4116129032258065,295.5412580645161,19.53,3.564516129032258,1
2022-08-15,283.408447265625,284.09409682100915,280.1636287959346,281.02312948938925,18085700,0.005343948771532547,0.04691068317573044,0.15425769125791056,0.01208752417088109,0.020816537752167078,266.03813247680665,256.35470428466795,1.0377735537140202,82.30004012137576,7.3637676413191,5.731515723891731,1.6322519174273689,0.7316421463773788,2.433870967741936,295.6624193548387,19.95,3.554838709677419,0
2022-08-16,282.6745300292969,283.95894794046416,280.46306311134526,281.9792138029151,18102900,-0.0025896096020040504,0.036875796042160625,0.1278465627432206,0.01324345023427192,0.020681924601553256,267.64025497436523,256.79294647216796,1.0422414581522508,74.82921138376915,7.540861435768193,6.093384866267024,1.4474765695011689,0.7427184227023728,2.4412903225806453,295.7028064516129,19.69,3.5516129032258066,0
2022-08-17,281.9292907714844,283.8938524278254,280.1389197170631,280.4002056199427,18253400,-0.0026363862981757524,0.009608387186529344,0.11312157385531707,0.009594543986867567,0.020747038508957757,269.0728157043457,257.24081268310545,1.045995823515828,68.76696194032758,7.534225106741587,6.3815529143619365,1.1526721923796508,0.7559252986746439,2.448709677419355,295.74319354838707,19.9,3.548387096774193,0
2022-08-18,280.8163757324219,282.50027733774294,279.76148592010856,280.8357203997343,17186200,-0.003947497033802594,0.013120661976317116,0.09796827107473982,0.00884839938184509,0.020827212121694538,270.32563400268555,257.59399383544917,1.0494252213635438,63.15122341098881,7.354386041205942,6.576119539730738,0.7782665014752039,0.7195042152006789,2.4561290322580644,295.7835806451613,19.56,3.545161290322581,0
2022-08-19,276.9259338378906,279.9260110820991,276.3549560628905,279.58728744368415,20570000,-0.013854042109845754,-0.017651680717572726,0.10138796374695103,0.006840865625052023,0.020669175237553898,271.6002510070801,257.9097323608398,1.0530825980117957,61.074605272844245,6.819327180140419,6.624761067812674,0.19456611232774534,0.8635381007325381,2.4635483870967745,295.82396774193546,20.6,3.541935483870968,0
2022-08-22,268.7967529296875,273.3549182202422,268.28383861490187,272.98716276174565,25061100,-0.02935507265622095,-0.05155701771388155,0.07537623960563855,0.011555373197973924,0.021948874713732195,272.5422882080078,258.17143218994136,1.0556640054872282,53.934972540129856,5.673926721612588,6.434594198572658,-0.7606674769600694,1.043305693468094,2.4858064516129037,295.945129032258,23.8,3.532258064516129,0
2022-08-23,267.5289611816406,269.87093596211275,266.52247730381634,267.5289611816406,17527400,-0.004716544133174461,-0.05357953136452209,0.09974906109608983,0.01122692955227781,0.020855231341925084,273.75555419921875,258.6356857299804,1.0584601016157673,42.90935197069712,4.610738681934777,6.0698230952450825,-1.4590844133103058,0.7643929326994574,2.493225806451613,295.98551612903225,24.11,3.5290322580645164,0
2022-08-24,266.8999328613281,268.29351690361904,266.24183017802443,266.5321774149117,18137000,-0.0023512531784751767,-0.05330896221896353,0.02841162442851508,0.011280008617417599,0.01495305968172156,274.12423248291014,259.2946017456054,1.0571922077724323,40.39132108013166,3.6750336716559104,5.590865210527248,-1.9158315388713376,0.8421329267148876,2.5006451612903224,296.0259032258064,22.82,3.5258064516129037,1
2022-08-25,269.8612976074219,270.0258011315452,265.67085828538086,268.39027578883355,16583400,0.011095412105751157,-0.039011535906433914,0.010968835487703554,0.014979144962986739,0.013753893321262948,274.2706298828125,259.96967285156245,1.0550100974255394,45.684386529098056,3.13628495478207,5.0999491593782125,-1.9636642045961423,0.8013942754583212,2.5080645161290325,296.06629032258064,21.78,3.52258064516129,0
2022-08-26,259.4480285644531,271.30314585092145,259.3415886262844,270.08375290777207,27549300,-0.03858748599851969,-0.06311400680757073,-0.04303282840448763,0.020521773232728635,0.01582733866639945,273.68728790283205,260.2960641479492,1.0514461246224278,37.94697188936569,1.8477591138631624,4.449511150275203,-2.601752036412041,1.3462975388273768,2.515483870967742,296.1066774193548,25.56,3.5193548387096776,0
2022-08-29,256.68035888671875,258.78039270297364,255.34483826720637,257.28036854850586,20338500,-0.010667530191106556,-0.045076415213014864,-0.043944618388963685,0.018334182955150033,0.01585271640407731,273.0973785400391,260.6982455444336,1.0475612444944213,33.245017988103726,0.5963904708867744,3.6788870143975174,-3.082496543510743,0.9968408987815736,2.537741935483871,296.2278387096774,26.21,3.509677419354839,0
2022-08-30,254.4931182861328,258.4415857939152,252.25758389365097,258.073859967287,22767100,-0.008521262047756606,-0.04872684750813594,-0.04108860284986249,0.01818796992140878,0.01577460992046566,272.5521369934082,261.0049209594726,1.0442413728886308,21.306446837180033,-0.565303761359587,2.8300488592460966,-3.3953526206056837,1.115837401242918,2.545161290322581,296.2682258064516,26.21,3.5064516129032257,0
2022-08-31,253.0415496826172,258.49972965735697,252.9060483881915,256.835201986513,24791800,-0.005703763674598017,-0.05192351691564967,-0.07237931550645615,0.017904003636167676,0.014136107730719114,271.5649353027344,261.1649401855468,1.0398215591641007,21.614640061640245,-1.5848154984557254,1.9470759877057322,-3.5318914861614576,1.2112915050364619,2.5525806451612905,296.3086129032258,25.87,3.503225806451613,0
2022-09-01,252.0059967041016,252.4802216307378,247.1768588698768,250.5253174553684,23263400,-0.004092422686370889,-0.06616473374146115,-0.08001883916853636,0.014243203923899472,0.014015409587716033,270.4689765930176,261.3160302734375,1.0350263484027467,11.50565195642531,-2.448125894769248,1.068035611210736,-3.5161615059799844,1.122454099977419,2.56,296.349,25.56,3.5,0
2022-09-02,247.8059234619141,256.20611724920184,246.2671805322541,253.2641326770218,22855400,-0.0166665607053752,-0.04487259034865576,-0.09298539345496848,0.004915551554079867,0.014288262963515779,269.198747253418,261.27244812011713,1.0303372942318696,7.131479066465445,-3.4316583910324994,0.16809681076208904,-3.599755201794588,1.0868246160635144,2.5773333333333333,296.4042666666667,25.47,3.5033333333333334,0
2022-09-06,245.0864715576172,249.5188219970164,243.81870184632467,247.94138995000887,21328200,-0.010974119852767972,-0.04516858001674495,-0.09465067872507416,0.004941365677824406,0.014323392635235547,267.91760635375977,261.00373931884764,1.0264895324984826,6.806047154450454,-4.380061400230716,-0.7415348314364719,-3.638526568794244,1.0079980263689585,2.6466666666666665,296.62533333333334,26.91,3.5166666666666666,1
2022-09-07,249.7704925537109,250.4866292810051,245.0574812149777,246.48976943648967,24126700,0.019111707661075616,-0.018556987961898974,-0.0838191956394857,0.01365266890707079,0.015084463071844407,266.7750610351562,260.88298278808594,1.0225851383026252,16.112655583979517,-4.699542864726368,-1.5331364380944512,-3.1664064266319167,1.1383179417642189,2.664,296.6806,24.64,3.52,1
2022-09-08,250.1866149902344,252.0350498159717,246.57685541782595,249.20919235362013,20319900,0.0016660192013433495,-0.011282473949292715,-0.10406434122276775,0.013774817703873411,0.013605620702024111,265.32208251953125,260.9329824829102,1.0168207943467191,17.242843481865208,-4.863097859184279,-2.199128722312417,-2.663969136871862,0.9686913782706009,2.6813333333333333,296.73586666666665,23.61,3.523333333333333,1
2022-09-09,255.9351959228516,256.68039408500294,251.89963127190487,252.10285370983144,22084700,0.022977172191412265,0.015591689365088923,-0.07664489138102304,0.0176228216835371,0.014994189473770412,264.25986251831057,261.02494506835933,1.0123931352580269,28.409440118778406,-4.477243061252409,-2.6547515901004157,-1.8224914711519933,1.0477810793359204,2.6986666666666665,296.79113333333333,22.79,3.526666666666667,1
2022-09-12,258.0545654296875,258.828795252262,256.61260484004885,257.21261449388913,18747700,0.008280883366564185,0.0413575342534076,-0.08459469606264303,0.013672744246542821,0.01447021845568433,263.0674919128418,261.22554412841794,1.0070511779028712,37.392125666122,-3.9548459448202493,-2.9147704610443825,-1.0400754837758668,0.897706807942352,2.7506666666666666,296.9569333333333,23.87,3.536666666666666,0
2022-09-13,243.8671112060547,252.00600375133772,243.47999634028216,250.4962926921304,33353300,-0.05497850503055135,-0.0049752250453197755,-0.1395206686359286,0.03156525207038746,0.018166750871134577,261.0904251098633,261.0892803955078,1.00000438437899,28.690991530005007,-4.632253715371775,-3.258267111909861,-1.3739866034619137,1.5407552972947753,2.768,297.0122,27.27,3.54,1
2022-09-14,244.08970642089844,246.03490888980133,241.80578027171973,245.3574762961727,23913000,0.0009127725905428985,-0.022744024222920878,-0.1364991165083017,0.029721096558348117,0.01823157087071919,259.1611839294434,260.89430969238276,0.9933569813577656,29.30644830401556,-5.092440199772284,-3.6251017294823455,-1.4673384702899384,1.0900326490145467,2.785333333333333,297.0674666666667,26.16,3.543333333333333,0
2022-09-15,237.4701690673828,243.29610345654865,236.15400813965695,241.71865662350373,31530900,-0.02711928106505712,-0.050827842741898666,-0.15769600094563274,0.031052004041431585,0.018727718641644287,256.93822784423827,260.5020523071289,0.9863193996694931,22.443638742741868,-5.9230059214517325,-4.084682567876223,-1.8383233535755092,1.3950645414624974,2.802666666666666,297.1227333333333,26.27,3.546666666666667,0
2022-09-16,236.8508453369141,237.39279145182184,234.2572270866671,236.386307438201,39791800,-0.0026080064409815806,-0.07456712046626923,-0.15656327121535352,0.025951313779118725,0.018746769588086694,254.73995132446288,260.0551092529297,0.9795614170252764,26.93155680670087,-6.5556401500248285,-4.578874084305944,-1.9767660657188841,1.6767128644283695,2.8200000000000003,297.178,26.3,3.55,0
2022-09-19,236.63790893554688,237.2379185278828,233.08621305250247,234.6539876734692,26826900,-0.0008990316292277756,-0.08299274402868895,-0.14548303347395375,0.024145319474707282,0.018768840538684266,252.7255500793457,259.6182006835937,0.9734508189868847,28.413617789978545,-6.993571977648145,-5.061813662974385,-1.9317583146737602,1.1157013708742507,2.872,297.3438,25.76,3.56,0
2022-09-20,234.63462829589844,235.660456863792,231.91521092748425,234.26688762643548,26660300,-0.008465594750476257,-0.03785866353399048,-0.12709277274166053,0.011445910221839984,0.018066056985819815,251.01744384765624,259.20206665039063,0.9684237749007852,28.52665807807348,-7.4167879964400925,-5.532808529667527,-1.8839794667725656,1.1050977136216682,2.889333333333333,297.39906666666667,27.16,3.563333333333333,0
2022-09-21,231.2474365234375,239.67667590576733,231.19904532157508,236.3959532496293,28625600,-0.01443602675811917,-0.05261291058016293,-0.1356171851374608,0.010607573215372788,0.0181428536114815,249.2033676147461,258.927555847168,0.9624443671103063,27.38049726516512,-7.934049030089483,-6.013056629751918,-1.920992400337565,1.1598823245540018,2.9066666666666667,297.4543333333333,27.99,3.566666666666667,1
2022-09-22,233.2120056152344,235.99917354124665,229.911938187388,230.20225587391252,31061200,0.008495528085985082,-0.017931361521624,-0.12621931704867384,0.00859757320397626,0.018451809247588942,247.51897125244142,258.7106851196289,0.9567404266197493,30.863272980159508,-8.092176248217413,-6.428880553445017,-1.6632956947723958,1.226457205661149,2.924,297.5096,27.35,3.5700000000000003,0
2022-09-23,230.2506561279297,233.3571883981517,227.61833404254136,231.8184307644762,34176000,-0.012698100509415888,-0.027866437206908845,-0.14678148304584004,0.009453214354795743,0.018015518930373425,245.5384391784668,258.40831970214845,0.9501955643745682,31.661986935005288,-8.360079569120131,-6.8151203565800405,-1.5449592125400908,1.3041494780597342,2.9413333333333336,297.56486666666666,29.92,3.5733333333333333,0
2022-09-26,229.7958068847656,233.66686706312996,229.263533156856,229.40870677369827,27694200,-0.0019754525386080912,-0.02891380371622898,-0.11428963960048444,0.009330838145744,0.01651458000910605,244.05582809448242,258.0458679199219,0.9457846779791067,33.23435454149697,-8.510988041428845,-7.154293893549802,-1.3566941478790433,1.0565131654994901,2.993333333333333,297.73066666666665,32.26,3.583333333333333,0
2022-09-27,228.78933715820312,234.0055901447024,226.94090238363955,232.2442506798707,27018700,-0.0043798437413054,-0.024912312305086504,-0.10866052178470276,0.009219017090109829,0.01647921790497927,242.66127700805663,257.7109930419922,0.9416023513149735,24.97693363474606,-8.612518041608155,-7.445938723161473,-1.166579318446682,1.0177746202561209,3.010666666666667,297.78593333333333,32.6,3.586666666666667,1
2022-09-28,233.29913330078125,234.51851197700628,227.16349151340208,229.1764446378298,29029700,0.019711566100913513,0.008872300632555508,-0.08327920663663158,0.012532846852161699,0.017399672436971717,241.60157775878906,257.3643341064453,0.9387531438558351,31.650943865454806,-8.234160166652856,-7.60358301185975,-0.630577154793106,1.0807793158369128,3.028,297.8412,30.18,3.59,0
2022-09-29,229.8442230224609,232.21524468551831,226.85383225435683,231.18941598968385,27484200,-0.014808928903589647,-0.01444086287019819,-0.09167398274809824,0.01371248167267577,0.017559689183635846,240.44171142578125,256.89565704345705,0.9359508611120958,20.16376359636385,-8.11949472936979,-7.7067653553617586,-0.4127293740080322,1.018137337888814,3.045333333333333,297.8964666666667,31.84,3.5933333333333333,0
2022-09-30,225.39247131347656,232.78619560885667,225.22795302914213,230.6087242746121,35694800,-0.019368560368599352,-0.021099548188709072,-0.10560671467621419,0.015160575122814093,0.017863886320302474,239.11103515625,256.2883062744141,0.9329767660184545,14.540902957168043,-8.292252774045693,-7.823862839098545,-0.4683899349471474,1.2925330675952051,3.062666666666667,297.9517333333333,31.62,3.5966666666666667,1
2022-10-03,232.97976684570312,233.82171772604815,227.0957534839904,227.8215772820597,28880400,0.033662595241143345,0.013855605130924653,-0.059829710319614815,0.02286611583434103,0.019650457540481257,238.36972732543944,255.91922973632813,0.9314256203843305,36.20313259563175,-7.7278515668871535,-7.804660584656267,0.0768090177691132,1.0344942457054576,3.1251612903225805,298.05725806451613,30.1,3.6,1
2022-10-04,240.85739135742188,242.2896796214913,237.08309847338117,237.1895532288344,34888400,0.033812483454565,0.0527474503362626,-0.017255461606337952,0.02596849815654489,0.02117410769730848,238.15827331542968,255.7372573852539,0.9312615445650828,46.569460517532384,-6.569175713427654,-7.557563610410544,0.9883878969828901,1.2200695076344394,3.147741935483871,298.0823870967742,29.07,3.6,1
2022-10-05,241.1670684814453,242.50258909201372,236.2314751573396,238.06055067024135,20347100,0.0012857281326437153,0.03372466527991902,-0.03444531811705298,0.025658097103794103,0.02066736245157444,237.7281021118164,255.6953259277344,0.9297319035820156,54.53040012924766,-5.561815251810202,-7.158413938690476,1.5965986868802737,0.7162847579633351,3.1703225806451614,298.10751612903226,28.55,3.6,0
2022-10-06,238.8347320556641,242.2703009633561,238.1476271342794,239.9379836305957,20239900,-0.00967104024802068,0.03911566240376896,-0.045373662116230395,0.024653715532416548,0.020729988503033557,237.1605079650879,255.28149322509765,0.9290156719506834,52.3332136960735,-4.895245542322527,-6.705780259416887,1.8105347170943595,0.7126113108592079,3.192903225806452,298.1326451612903,30.52,3.6,0
2022-10-07,226.6892852783203,233.541063442652,225.65376961113512,233.13458913635256,37769600,-0.050852933628234176,0.005753581551710907,-0.1142707650625242,0.03515710542417286,0.022522929852370994,235.69821243286134,254.47661193847657,0.9262077588876608,40.86386195427455,-5.286085592143706,-6.421841325962251,1.1357557338185442,1.2940695389010435,3.215483870967742,298.1577741935484,31.36,3.6,0
2022-10-10,221.86013793945312,226.99896799750223,219.42136587622,225.5376480865996,29743600,-0.021302936011899032,-0.04772787378405374,-0.14025881475868063,0.030990272046319777,0.02252060991641895,233.88849105834962,253.49151733398438,0.9226679200874124,38.847606373412944,-5.917290141489929,-6.320931089067787,0.4036409475778582,1.0002394365439353,3.283225806451613,298.2331612903226,32.45,3.6,0
2022-10-11,218.1439208984375,221.676257382616,216.8858233948525,220.28267336430167,30474000,-0.01675026922605538,-0.09430256771849932,-0.10548035846409176,0.019509384216065222,0.019705953857656663,232.60233154296876,252.48482482910157,0.9212527196452673,38.62570490663764,-6.640840476682797,-6.3849129665907896,-0.25592751009200754,1.0297874310446409,3.305806451612903,298.25829032258065,33.63,3.6,1
2022-10-12,218.4729461669922,220.51493088352663,216.7406533349188,218.1342225142281,21903900,0.0015082944654134511,-0.0941012488037899,-0.10494813824608296,0.019568710731362543,0.019716398461459003,231.32149353027344,251.5463247680664,0.9195979855541881,36.83210638803132,-7.105798518710657,-6.5290900770147635,-0.5767084416958932,0.7427049856808917,3.3283870967741933,298.2834193548387,33.57,3.6,1
2022-10-13,226.6892852783203,228.4893288195169,212.0663551272384,212.76314712814823,42551800,0.03760803914388511,-0.050852933628234176,-0.04539889718107459,0.032562409613727035,0.021209597898552986,230.7824493408203,250.62439880371093,0.9208299369191472,47.09137594300544,-6.733669665051508,-6.570005994622113,-0.16366367042939522,1.416358262569731,3.350967741935484,298.3085483870968,31.94,3.6,0
2022-10-14,221.1923675537109,229.5925754900993,220.97945807089755,227.9473631652827,30198600,-0.02424868788068435,-0.02424868788068435,-0.0661111331940969,0.025649127627939923,0.02178084316345714,229.99952545166016,249.5697427368164,0.9215841749462634,43.508107683652845,-6.803879302865113,-6.616780656270714,-0.18709864659439912,1.021484471786018,3.373548387096774,298.33367741935484,32.02,3.6,1
2022-10-17,229.8732452392578,231.2571570244088,227.5602872186214,228.21837517177028,28142300,0.03924582833283785,0.036117832496757485,-0.028586559637541198,0.02977517073812838,0.023762598041662638,229.6612922668457,248.70299743652345,0.923435964319096,50.73299076535855,-6.088858100563044,-6.511196145129181,0.42233804456613644,0.9498159164864813,3.4412903225806453,298.40906451612904,31.37,3.6,1
2022-10-18,230.8119354248047,236.06689189792664,227.7828264734796,235.39914650154012,26329600,0.0040835121310871525,0.05807182008186751,-0.016292108709004993,0.02685223778781587,0.02372578703874713,229.47015762329102,247.90505035400392,0.9256372844990927,48.23267714375489,-5.384386339222203,-6.285834183947785,0.901447844725582,0.8891326283200305,3.4638709677419355,298.4341935483871,30.5,3.6,0
2022-10-19,228.8571014404297,231.8862111237713,226.73769337233605,229.39904756859667,19985700,-0.008469379977154023,0.04753062315322221,-0.010336698728184768,0.02813353682487937,0.02357910370224017,229.35064086914062,247.02976440429688,0.9284332251306282,49.28330453641243,-4.927030418529597,-6.014073430864149,1.0870430123345516,0.6848948199810937,3.4864516129032257,298.4593225806452,30.76,3.6,0
2022-10-20,228.53770446777344,233.531375534734,227.29896641864065,228.16996380022997,21811000,-0.0013956174863963833,0.008153976872721236,-0.020043141154460486,0.023460613069029617,0.023489452956595987,229.11692581176757,246.01559478759765,0.9313105781346103,52.42935831544249,-4.538033596221254,-5.71886546393557,1.180831867714316,0.7594841942428445,3.509032258064516,298.48445161290323,29.98,3.6,1
2022-10-21,234.31524658203125,235.16688446931025,226.9408823376677,227.17315124335872,26299700,0.025280476706076804,0.0593279016516417,0.017652894121801044,0.019871461900416734,0.02400225610517726,229.32015533447264,245.15830780029296,0.9353962237383278,51.06118349325088,-3.7206619730905004,-5.319224765766557,1.5985627926760566,0.9285187732397131,3.531612903225806,298.5095806451613,29.69,3.6,1
2022-10-24,239.27989196777344,239.85086976349376,233.52169327420836,235.9023868621264,24911200,0.021187888787271625,0.040921015922166015,0.041271793474298546,0.014554191037236644,0.02439913434611303,229.79435958862305,244.3058660888672,0.9406010722028036,48.685660177879505,-2.6418303062696964,-4.7837458738671845,2.141915567597488,0.8838394320993174,3.599354838709677,298.5849677419355,29.85,3.6,1
2022-10-25,242.5800018310547,242.94774252500144,237.9056946583769,239.28959165367505,34775500,0.013791839490322477,0.05098551937789142,0.060276693154259986,0.014525724830810034,0.02447524826913499,230.48389282226563,243.48929718017578,0.946587367459168,51.1213485148956,-1.503228865321887,-4.127642472158125,2.624413606836238,1.217073431082786,3.621935483870968,298.61009677419355,28.46,3.6,0
2022-10-26,223.8634033203125,230.61839877791695,222.6440099889164,223.718229712473,82543200,-0.07715639529006768,-0.02182015803174464,-0.04044477082691822,0.04232724597152202,0.030000059694512374,230.0121063232422,242.3130746459961,0.9492352266144746,40.5705233144717,-2.0870933854895384,-3.7195326548244076,1.6324392693348693,2.6414901727990503,3.644516129032258,298.6352258064516,27.28,3.6,0
2022-10-27,219.4407196044922,226.15701124638468,218.50198634809385,223.5924250678105,40424600,-0.01975617117502748,-0.03980518175093528,-0.045263279977900805,0.04287476088416197,0.030134556971157345,229.49193115234374,241.06330322265626,0.951998616481146,44.94260416462615,-2.873559236051136,-3.5503379710697534,0.6767787350186172,1.2673978927283247,3.667096774193548,298.6603548387097,27.39,3.6,1
2022-10-28,228.2667236328125,228.97320270821285,218.76327910286216,218.94715681380413,40647700,0.04022044789238666,-0.025813612376697104,0.012752210855075274,0.0461138697997725,0.031239507839575055,229.63564376831056,240.01231018066406,0.9567661075194739,54.233806317543845,-2.7529203732798067,-3.390854451511764,0.6379340782319574,1.2645741472819139,3.6896774193548394,298.68548387096774,25.75,3.6,0
2022-10-31,224.64730834960935,227.3473663725247,223.69888795758465,226.22475535763192,28357300,-0.015856079351387664,-0.06115258368695198,-0.035764730169088765,0.04390976036134521,0.030476242427953066,229.21902084350586,238.96673767089842,0.959208896926831,54.303283736885845,-2.9157587185061686,-3.2958353049106455,0.38007658640447683,0.8829309247822859,3.7574193548387096,298.76087096774194,25.88,3.6,0
2022-11-01,220.81495666503903,228.14094541319037,220.0020375414093,227.0376938120004,30592300,-0.017059415101498443,-0.08972316349957798,-0.08321286957160778,0.041525998169496606,0.02949219423152365,228.2168991088867,238.00710174560547,0.9588659222144428,51.48104018452643,-3.315825263324399,-3.2998332965933965,-0.01599196673100245,0.9589332223282051,3.78,298.786,25.81,3.6,0
2022-11-02,213.00509643554688,223.8440621960301,212.94701812750728,222.0633780228133,38407000,-0.03536834799347033,-0.048504162465667244,-0.11677370473185122,0.028913696973273516,0.030280326399925415,226.8088005065918,236.9166244506836,0.9573359447969181,41.30167716865206,-4.214489323716123,-3.4827645020179423,-0.7317248216981804,1.1707514839390132,3.790666666666666,298.78753333333333,25.86,3.5966666666666667,0
2022-11-03,207.3436737060547,213.3051102957607,207.08237299301675,212.9954183740974,36633900,-0.02657881348489366,-0.05512671449601758,-0.1318529264088354,0.029666152897057676,0.0306296231539538,225.23424758911133,235.72549926757813,0.9554937768248911,41.215481399145716,-5.322165949752133,-3.850644791564781,-1.4715211581873522,1.0894799647584954,3.801333333333333,298.78906666666666,25.3,3.5933333333333333,1
2022-11-04,214.2534942626953,214.447044310669,206.5500783111964,210.5372801806807,36789100,0.033325446748071474,-0.061389716149160334,-0.05485830969186223,0.026706797075849442,0.03000492639993054,224.6124580383301,234.6133432006836,0.9573729054540647,39.86433045465438,-5.578141541703587,-4.1961441415925425,-1.3819974001110449,1.0956930673901972,3.812,298.7906,24.55,3.59,1
2022-11-07,220.52462768554688,221.04722910682952,214.1470592473895,214.8341789629505,33498000,0.02926969030041837,-0.01835179194600678,-0.006019604361152564,0.032256046376608914,0.030454296463550176,224.54568252563476,233.83487518310548,0.9602745627648708,43.75662709379122,-5.214862298911498,-4.399887773056334,-0.8149745258551642,0.9921270756685707,3.844,298.7952,24.35,3.58,1
2022-11-08,221.4923858642578,224.18277156558537,218.56005889650208,221.3278675751174,28192500,0.004388435835342985,0.0030678592132071802,0.01534979728992436,0.031380084521893906,0.030202885113592853,224.71310577392578,233.13111572265626,0.9638915212041238,45.47614905705226,-4.793613096725267,-4.478632837790121,-0.3149802589351456,0.8378220993948097,3.854666666666666,298.7967333333333,25.54,3.5766666666666667,0
2022-11-09,217.27291870117188,221.26012061364744,217.098728086194,220.04072724111327,27852900,-0.01905016800745396,0.020036244845983653,-0.0054927966454164645,0.027224515849686822,0.03053984111470564,224.65310440063476,232.38671173095702,0.9667209571807369,43.39686838064787,-4.745542149654881,-4.5320147001630735,-0.21352744949180735,0.8204772146859262,3.865333333333333,298.7982666666667,26.09,3.5733333333333333,1
2022-11-10,235.1475524902344,235.48627617138317,227.42479136911933,227.84092326094827,46268000,0.08226811650487642,0.1340956214733442,0.03731216145275407,0.03783854912881608,0.03476193061863977,225.07601776123047,232.02883178710937,0.9700346979626298,50.42727972604467,-3.2279027618009195,-4.271192312490643,1.0432895506897237,1.3555208514456902,3.876,298.7998,23.53,3.5700000000000003,1
2022-11-11,239.14442443847656,239.99606241623323,234.1313937515766,235.15723711883936,34620200,0.016997293426679994,0.11617514226051595,0.08116038127041825,0.037757132527870406,0.0343180217675834,225.97362060546874,231.77160034179687,0.9749840803283156,49.9297572566498,-1.6832450488157065,-3.7536028597556563,2.07035781093995,1.007746240367048,3.8866666666666654,298.80133333333333,22.52,3.566666666666667,0
2022-11-14,233.76364135742188,236.0475673740293,231.4990747757724,234.18946032496396,31123300,-0.022500140213132847,0.06003417310266568,0.01692409272821127,0.042349748174408015,0.03379817324821074,226.16814041137695,231.49075469970703,0.9770072273718463,45.52509010013053,-0.8830971143522675,-3.1795017106749786,2.296404596322711,0.9020426694559784,3.9186666666666654,298.8059333333333,23.73,3.556666666666666,1
2022-11-15,234.17010498046875,239.03796188941357,232.29263846365,237.7411602960992,31390100,0.0017387803367820975,0.05723771978320058,0.01454937566154646,0.04249172486133452,0.033792372188390846,226.33604888916017,231.27242736816407,0.9786555685207314,56.42573108316368,-0.21371235116089338,-2.586343838772162,2.3726314876112684,0.9031521318810823,3.929333333333333,298.80746666666664,24.54,3.553333333333333,1
2022-11-16,234.5971221923828,236.6060485555232,233.3257795259496,235.62584176038104,24093300,0.0018235342720185344,0.07973475753339487,0.025081243779744522,0.039620233972790186,0.0337146253652063,226.6230499267578,230.9689599609375,0.9811840082974149,59.944754146943154,0.3472339201093462,-1.9996282869958604,2.3468622071052065,0.6891372634043008,3.94,298.809,24.11,3.55,0
2022-11-17,234.54855346679688,236.07223336578545,230.6180718084606,230.7636397185708,23123500,-0.00020703035541125292,-0.0025473325879604714,0.026301344948842065,0.014147732895639791,0.03370978296505126,226.923592376709,230.65619873046876,0.9838174461631466,54.658344048907374,0.7788902295181117,-1.4439245836930659,2.2228148132111776,0.6601590508395413,3.9506666666666654,298.8105333333333,23.93,3.546666666666667,0
2022-11-18,234.1021881103516,236.54783321127655,231.97680729240216,236.32460928740483,27613500,-0.00190308296447661,-0.021084482065448107,-0.0009092812985392884,0.010340048158224884,0.033259851659048434,226.912939453125,230.21953857421875,0.9856371916060124,57.35759476761602,1.0725987599707594,-0.9406199149603008,2.01321867493106,0.7868695778670616,3.961333333333333,298.8120666666667,23.12,3.543333333333333,1
2022-11-21,234.90765380859372,237.45033878363537,234.07302987509,234.30593853934627,26394700,0.0034406585634407794,0.00489388531308288,-0.018272484675680878,0.002065389580791274,0.03291319896146693,226.694327545166,229.75660034179688,0.9866716656145011,61.50882134578516,1.354742607222505,-0.48154741052373967,1.8362900177462447,0.750552435050671,3.993333333333333,298.81666666666666,22.36,3.533333333333333,1
2022-11-22,237.7997283935547,238.0714650543678,233.6072093349116,236.40221710449453,19665700,0.012311538334623506,0.015499943570459918,-0.019705966697243338,0.005535451743001411,0.03288123334010109,226.455313873291,229.63525268554687,0.9861522184635547,72.01703109676438,1.7910636213086946,-0.02702520415725279,1.8180888254659473,0.5714856120940824,4.004,298.8182,21.29,3.53,1
2022-11-23,240.2745056152344,240.95384732065145,237.06217820148208,237.8773882479825,19508500,0.010406980859053006,0.024200567209839097,0.07330855357112687,0.006318829883615913,0.027528623234455117,227.2758689880371,229.5589486694336,0.9900544949581376,80.99594094361647,2.309917714173366,0.440363379508871,1.8695543346644952,0.6240761898546712,4.014666666666666,298.8197333333333,20.35,3.526666666666667,0
2022-11-25,240.1871490478516,241.3614364595325,239.4495654089073,240.0124527302193,9200800,-0.0003635698558993594,0.02404020616504421,0.09454229589089769,0.006350210948366369,0.02698791939946398,228.31319046020508,229.61328826904298,0.9943378807967135,78.00687092689626,2.6831348674336937,0.8889176770938355,1.7942171903398583,0.30980569295908245,4.036,298.8228,20.5,3.52,0
2022-11-28,234.62620544433597,239.3719120438035,233.69454115958348,238.8187391513324,24778200,-0.023152544278743803,0.00223841279833481,0.027859872478624093,0.01419940747595293,0.026330693974416938,228.63116455078125,229.5687954711914,0.9959156865440459,65.46614090948499,2.501356396716915,1.2114054210184515,1.2899509756984633,0.8572247012123103,4.068,298.8274,22.21,3.51,0
2022-11-29,233.23843383789065,235.6258367832805,231.18099474535325,234.27685297681788,17956300,-0.005914819292317075,-0.00710585604019176,0.03824272612655255,0.014335493562115598,0.026074488327404423,229.06072082519532,229.5008059692383,0.9980824244072505,62.76506798681491,2.2197264536558237,1.413069627545926,0.8066568261098976,0.6325961975107354,4.078666666666666,298.82893333333334,21.89,3.506666666666667,1
2022-11-30,247.6114501953125,247.7958461354622,232.78232631910615,233.47138249410668,47594200,0.06162370463956912,0.04126044158267317,0.12135271059071373,0.032070219930927374,0.028809174975000126,230.400545501709,229.76034240722657,1.0027863951096823,77.00978634150586,3.12034559283353,1.754524820603447,1.3658207722300832,1.6279766999935181,4.089333333333333,298.83046666666667,20.58,3.5033333333333334,0
2022-12-01,247.17469787597656,248.5624948221186,243.51593758658888,246.37888704446783,26041500,-0.0017638615621023979,0.028717954254338762,0.16041682575782423,0.03235183939705533,0.02719644788316553,232.10902557373046,230.07888763427735,1.0088236602685603,65.52922554732763,3.7555587437199733,2.1547316052267522,1.6008271384932211,0.910003910275428,4.1,298.832,19.84,3.5,1
2022-12-02,247.49493408203125,248.504239491352,242.32220868898867,242.44837741835488,21528500,0.0012955865175785508,0.030425378972809947,0.19364593892986526,0.032277574735207724,0.026030748855053815,234.1165885925293,230.3645462036133,1.016287412497927,61.91310034181167,4.23598038271831,2.570981360725064,1.6649990219932462,0.7726932082964247,4.10741935483871,298.8832258064516,19.06,3.5,0
2022-12-05,242.8171844482422,246.33037684588197,240.7403313992676,244.57377324279295,23435300,-0.018900385380165585,0.03491075938595234,0.13331726646439224,0.03134628363472571,0.02610282891811611,235.54477310180664,230.61587677001953,1.0213727536925068,63.18046210133709,4.1909520050760705,2.8949754895952653,1.2959765154808052,0.8617835952482078,4.129677419354838,299.03690322580644,20.75,3.5,0
2022-12-06,237.88705444335935,244.4281775081437,236.58659838862877,243.41887208872768,22463700,-0.020303876004845622,0.01993076582180997,0.07873237080155104,0.03344911028981757,0.02618946592201012,236.41289443969725,230.77770172119142,1.0244182721141484,54.78147568296698,3.7146265007779675,3.0589056918318063,0.6557208089461612,0.8431612437920467,4.137096774193548,299.08812903225805,22.17,3.5,0
2022-12-07,237.15924072265625,238.89643054089544,235.0629882369305,237.60567377568205,20481500,-0.0030594927597306087,-0.04221214109610716,0.07073315318387463,0.01022762108940909,0.026238231526088066,237.19623718261718,230.94509979248048,1.027067633804544,53.270592965043384,3.2410458629865673,3.0953337260627585,0.1457121369238088,0.780048966577464,4.144516129032258,299.13935483870966,22.68,3.5,1
2022-12-08,240.09979248046875,241.4002634352855,235.88785939315616,237.6153345268196,22611800,0.012399060432358722,-0.02862309717096423,0.10506083278004841,0.01388352360834532,0.025738181890331214,238.33758087158202,231.08111297607422,1.0314022543947983,56.599032834997885,3.06764583556253,3.089796147962713,-0.022150312400182948,0.8698642758138893,4.151935483870967,299.1905806451613,22.29,3.5,0
2022-12-09,238.17823791503903,240.98296029845363,236.95542284837845,237.47948221736485,20609700,-0.008003149630318895,-0.03764398734684493,0.01288844129020017,0.01332126904625487,0.018402228649031994,238.48911514282227,231.2477932739258,1.031314123116058,54.6812197443701,2.7435457822409433,3.0205460748183595,-0.2770002925774162,0.8340052481181496,4.159354838709677,299.2418064516129,22.83,3.5,1
2022-12-12,245.05897521972656,245.088088800465,239.8765505287897,240.1482871547053,30665100,0.028889025987092865,0.009232422229828785,0.024732129110422107,0.019067533272865193,0.01913086534500959,238.78484268188475,231.64112335205078,1.030839598886666,60.23082196647104,3.0072464852005965,3.017886156894807,-0.010639671694210762,1.2509239633253868,4.181612903225807,299.3954838709677,25.0,3.5,1
2022-12-13,249.3388671875,256.13231253660445,245.60246632207827,253.96810428467265,42196900,0.017464742778492193,0.04813970550409796,0.06662809382860257,0.015098591646283134,0.018583214921833385,239.56360397338867,231.9683053588867,1.0327428292531213,61.313040254747555,3.520994868308179,3.118507899177482,0.40248696913069715,1.6833216050653352,4.189032258064516,299.44670967741934,22.55,3.5,1
2022-12-14,249.6300811767578,254.84162114511395,246.80594445741409,249.54274040610767,35410900,0.0011679446230852264,0.05258424852475163,0.06602028127193482,0.014314820298674745,0.018586324365963643,240.33660278320312,232.14375915527344,1.0352921123434111,59.58254394006974,3.9066097332101037,3.2761282659840067,0.630481467226097,1.4013751410837447,4.196451612903226,299.49793548387095,21.14,3.5,0
2022-12-15,241.6623077392578,246.69916567601092,240.04158720461845,246.2333334693487,35560400,-0.031918322503201035,0.0065077742993724375,0.030116249853572974,0.023517196577402318,0.020195131314239747,240.6898620605469,232.15366394042968,1.0367696032672031,51.300934052240805,3.5286040143075184,3.3266234156487093,0.20198059865880902,1.3760680999000272,4.203870967741936,299.54916129032256,22.83,3.5,0
2022-12-16,237.46975708007807,242.4677863716708,236.3245684954236,241.21585785298825,86102000,-0.017348798405514287,-0.00297458256960359,0.012454579532057197,0.02479973782873383,0.020638122258890487,240.83592224121094,232.12636444091797,1.037520760820384,52.569733965552196,2.8577851903403655,3.2328557705870407,-0.37507058024667517,2.969960291070044,4.211290322580645,299.60038709677417,22.62,3.5,0
2022-12-19,233.3548889160156,237.9744421045968,231.6662416587444,237.63476384948163,29696400,-0.017327967210051476,-0.047760284205941694,-0.0031921922659848834,0.01914628895906708,0.021029673921804055,240.79855728149414,232.25967651367188,1.0367643703633576,50.10029747558398,1.9713959426307213,2.9805638049957768,-1.0091678623650555,1.0206665348002697,4.233548387096774,299.75406451612906,22.42,3.5,1
2022-12-20,234.66505432128903,235.742301427316,231.38478542376703,232.33586378495448,25150800,0.005614475922743445,-0.058850884467909426,-0.0010327440735599103,0.015308445048874455,0.02105374023733548,240.78642730712892,232.5157748413086,1.035570285377261,35.61255445390093,1.3589800009127373,2.656247044179169,-1.2972670432664315,0.866285880402619,4.240967741935484,299.8052903225807,21.48,3.5,1
2022-12-21,237.2174530029297,238.37234134182555,233.02493348625407,234.5583132732424,23690600,0.01087677365947326,-0.04972408820008756,-0.002448595692512101,0.017802852180713046,0.02101254511890439,240.75731353759767,232.89724548339845,1.0337490812219996,39.431389659262685,1.067290140826799,2.3384556635086953,-1.2711655226818963,0.8103740299659764,4.248387096774193,299.8565161290323,20.07,3.5,0
2022-12-22,231.1616058349609,234.84948021515527,226.9690712195299,234.1410100436657,28651700,-0.02552867460344066,-0.04345196403415408,-0.03792703581655277,0.015973360113613395,0.021611273880449602,240.301668548584,233.15101867675781,1.0306696059593026,34.54549129618107,0.34350782518558276,1.9394660958440728,-1.59595827065849,0.9649858889712362,4.255806451612903,299.9077419354839,21.97,3.5,1
2022-12-23,231.68560791015625,231.821476231181,227.03695660431103,229.14292298446296,21207000,0.0022668214009962107,-0.02435741393364599,-0.035395487108269896,0.015738396327287147,0.021627913913997664,239.87659149169923,233.25094512939452,1.0284056570858873,38.56881176715774,-0.1856719753745324,1.5144384816003518,-1.7001104569748842,0.7000944980667099,4.263225806451613,299.9589677419355,20.87,3.5,0
2022-12-27,229.9678497314453,231.87970583722927,228.8711887518556,231.65649676645367,16688600,-0.007414177316430681,-0.014514541350746146,-0.019854370930427967,0.014330096603251822,0.02108114907642599,239.6436737060547,233.42645477294923,1.0266345943485835,41.29320031713986,-0.7351847567319112,1.0645138339338993,-1.7996985906658105,0.5583872263476488,4.292903225806452,300.163870967742,21.65,3.5,0
2022-12-28,227.6095733642578,232.64643111207877,227.26019552023155,229.89993593986588,17457100,-0.010254808965433515,-0.03006617656573307,-0.024133503132443,0.013735334626321245,0.02115882556077151,239.36223068237305,233.3811813354492,1.0256278133168202,39.86398220029979,-1.3454611502578189,0.5825188370955557,-1.9279799873533747,0.5845888370191263,4.300322580645162,300.2150967741936,22.14,3.5,1
2022-12-29,233.8983612060547,234.7815128184782,228.69652150065144,228.69652150065144,19770700,0.027629715871979377,-0.013991768964967344,-0.05538148166589674,0.01965324438715902,0.016773426064071256,238.67657623291015,233.4429098510742,1.0224194702900797,43.85459342366181,-1.3065953498256135,0.2046959997113219,-1.5112913495369353,0.6944151261230282,4.307741935483871,300.2663225806452,21.44,3.5,0
2022-12-30,232.74346923828125,232.87933756720665,229.67671003277965,231.1809760513705,21938500,-0.004937580416632392,0.006843106136101618,-0.0583847325867326,0.015349444426449806,0.016779005964570656,237.95501480102538,233.52063720703126,1.0189892321596516,44.53123344620753,-1.3533830950663344,-0.10691981924420935,-1.246463275822125,0.7761483287612689,4.315161290322581,300.3175483870968,21.67,3.5,0
2023-01-03,232.51058959960935,238.4985264103855,230.3949082976441,235.9073132717817,25740000,-0.001000585062318038,0.00356078090863976,-0.06054404522662027,0.015375930848206163,0.016756846755522154,237.2057975769043,233.60009490966797,1.015435364735749,35.42285664653613,-1.3931942843647676,-0.364174712268321,-1.0290195720964466,0.9039052816829073,4.345483870967742,300.48645161290324,22.9,3.5064516129032257,0
2023-01-04,222.3397979736328,225.99854338319813,219.2924526600918,225.4259564644858,50623400,-0.0437433479631657,-0.033170079064184343,-0.08433252581006778,0.02548862639874521,0.01879551715214434,236.18192825317382,233.3605859375,1.0120900549865326,22.411759184563223,-2.2198537300825762,-0.7353105158311721,-1.4845432142514041,1.696731179681886,4.353225806451613,300.5196774193549,22.01,3.509677419354839,0
2023-01-05,215.7501373291016,220.8355222293349,215.2163636110892,220.49584400645327,39585600,-0.029637791814997927,-0.05210429359303281,-0.09305641774436502,0.027596641709359007,0.019324175472734368,235.07508239746093,232.88999084472655,1.0093825052111889,19.328676460024894,-3.3678948431849847,-1.2618273813019347,-2.10606746188305,1.2897720524952239,4.360967741935484,300.55290322580646,22.46,3.5129032258064514,1
2023-01-06,218.2928466796875,219.09835714227597,212.87751216247156,216.4198034707522,43613600,0.011785435606501249,-0.06671921276361303,-0.07955158730260858,0.02260526403280431,0.019672198395269676,234.1317626953125,232.4042477416992,1.007433233128911,26.539318069924633,-4.026139472569639,-1.8146897995554756,-2.2114496730141635,1.3694065724833855,4.368709677419355,300.5861290322581,21.13,3.5161290322580645,1
2023-01-09,220.418212890625,224.41665135349575,219.7291716302323,219.76798480761224,27369800,0.009736307182141246,-0.052956400400810955,-0.0819724972958682,0.024838161136840065,0.01956443533801318,233.1476837158203,232.33534393310546,1.0034964107008564,32.14064253988391,-4.326431385060374,-2.3170381166564553,-2.009393268403919,0.8530020781364339,4.391935483870967,300.6858064516129,21.97,3.5258064516129037,1
2023-01-10,222.0971527099609,224.48455530245445,220.62200037429596,221.03930492500655,27033900,0.007617064839233745,-0.044786935973887054,-0.06751702147873995,0.025942794041031735,0.019710987168930036,232.3436294555664,232.38847259521484,0.9998070337175177,37.5749214451069,-4.378466243901698,-2.729323742105504,-1.6491425017961943,0.8341826698325858,4.399677419354839,300.71903225806454,20.58,3.5290322580645164,1
2023-01-11,228.8129425048828,228.9876239869565,224.29044544975037,224.465126931824,28669300,0.030238072451528097,0.029113746572791532,-0.06629437954793171,0.02183786219984957,0.019828904741142735,231.5313278198242,232.39939697265626,0.9962647529892937,44.22960839622945,-3.8336047252348635,-2.9501799387313765,-0.883424786503487,0.8873784893211745,4.4074193548387095,300.7522580645161,21.09,3.532258064516129,1
2023-01-12,231.47213745117188,232.8211212975009,226.66820302336927,228.3180371449277,27269500,0.011621698131137448,0.07287133309254035,-0.07165641657821664,0.009123556299444691,0.019548926854282393,230.63799133300782,232.5358935546875,0.991838239711439,44.34681949009145,-3.1509016054901053,-2.9903242720831225,-0.16057733340698288,0.864011806793659,4.4151612903225805,300.78548387096777,18.83,3.535483870967742,1
2023-01-13,232.1708984375,232.3067667845128,227.98807845959973,230.00670447846076,21333300,0.003018769317216563,0.06357538494230419,-0.06994021977221299,0.010449533999906311,0.01957668710142488,229.76503219604493,232.7630123901367,0.9871200318155926,51.11014214585975,-2.5243709161198638,-2.897133600890471,0.37276268477060714,0.6913464782269269,4.422903225806452,300.8187096774193,18.35,3.5387096774193547,1
2023-01-17,233.2578582763672,233.80133166035083,230.0940435204723,230.9480815858975,29831300,0.004681723016029871,0.058251290659512955,-0.03477765954283041,0.011006892233343495,0.018452379066921303,229.34480972290038,233.16806762695313,0.9836029952859171,51.708196604992615,-1.9180224866908873,-2.701311378050554,0.7832888913596667,0.97579891894827,4.453870967741936,300.9516129032258,19.36,3.5516129032258066,0
2023-01-18,228.851806640625,235.22794870990265,228.57037036509703,234.4418522484385,30028700,-0.018889188421347125,0.03041305954734619,-0.036290728324394506,0.017671268125911726,0.018524623518469265,228.91391220092774,233.59823028564452,0.9799471165556829,48.85437834820344,-1.7725852723349078,-2.515566156907425,0.7429808845725172,1.0814337197924624,4.461612903225807,300.98483870967743,20.34,3.554838709677419,0
2023-01-19,225.08628845214844,228.5703673178189,223.8731729886452,226.8817052615486,28623000,-0.016453958759389264,-0.016286902357609656,-0.0354335857383431,0.013622548892296709,0.01848676449666009,228.50048217773437,233.8148861694336,0.9772708911790665,47.4825707536973,-1.938821552221242,-2.4002172359701883,0.46139568374894635,1.0328060151938636,4.469354838709678,301.018064516129,20.52,3.5580645161290323,1
2023-01-20,233.1316680908203,233.63632824749808,227.59015038517927,227.92982862321077,35389800,0.035743535041594665,0.007169461767287277,-0.006534361219243556,0.021926246497907934,0.020252201249147443,228.42381286621094,234.06702697753906,0.9758906062754852,49.260988686123014,-1.4051721530105397,-2.2012082193782585,0.7960360663677188,1.2538116763510792,4.477096774193549,301.05129032258066,19.85,3.5612903225806454,1
2023-01-23,235.4220428466797,237.9356145518044,232.5784924785256,233.9857182735425,31934000,0.00982438282458964,0.014003238265690277,-0.007568625889545433,0.022243711542428185,0.020223438846463427,228.33404235839845,234.3456201171875,0.9743473859004368,52.52655689175197,-0.7883494562611304,-1.918636466754833,1.1302870104937026,1.1150941722763579,4.500322580645162,301.15096774193546,19.81,3.570967741935484,0
2023-01-24,234.89796447753903,236.7516084406,233.3451855854794,235.34439747923588,40234400,-0.0022261227657511817,0.007031300952907715,0.016163404943837056,0.02232606627961008,0.019338355722187735,228.52086029052734,234.69812103271485,0.9736799735975455,52.23958149932967,-0.33790659274205836,-1.6024904919522782,1.2645838992102199,1.3770851462714868,4.508064516129033,301.1841935483871,19.2,3.574193548387097,0
2023-01-25,233.51014709472656,236.12077368624207,224.08666058005852,227.5610247047765,66526600,-0.005908171175085575,0.020355270611504217,0.007875064839063528,0.019979266710246375,0.019396041894220575,228.61208724975586,234.6653729248047,0.9742046063311244,62.546273445212265,-0.09185380892449757,-1.3003631553467223,1.2085093464222247,2.1130922650295534,4.515806451612903,301.2174193548387,19.08,3.57741935483871,1
2023-01-26,240.6820831298828,240.98293336442927,234.85912950577276,236.46043582898827,33454500,0.03071359478115898,0.06928807074381127,0.04659013601661921,0.018897732173800953,0.020416720653794927,229.14779891967774,234.69612609863282,0.9763595280792008,77.64142644471511,0.6740896092233868,-0.9054726024327006,1.5795622116560875,1.0350588697563685,4.523548387096774,301.2506451612903,18.73,3.5806451612903225,1
2023-01-27,240.8373870849609,242.458107545592,239.5466304719591,241.642897519024,26498900,0.0006452659585560738,0.03305307707547778,0.05811624495923029,0.0146771528691875,0.020203311922933457,229.8091896057129,234.8376010131836,0.9785877074805053,76.39166900964902,1.2788947154796517,-0.46859913885023013,1.747493854329882,0.808548019371784,4.531290322580645,301.2838709677419,18.51,3.583870967741936,0
2023-01-30,235.54823303222656,238.3529556677396,235.0532723969044,237.2951076248889,25867400,-0.021961515679741472,0.0005360168657999598,0.007053798144051049,0.0191415287599138,0.020067081747508663,229.89168319702148,234.86516357421874,0.9788241035770909,66.49039192331503,1.3162437521804975,-0.11163056064408461,1.427874312824582,0.7820057122083905,4.554516129032258,301.3835483870968,19.94,3.5935483870967744,1
2023-01-31,240.4976806640625,240.63354898590805,235.78108776494383,236.26633388704025,26541100,0.021012459181380283,0.02383893023074246,0.033316558574808086,0.021109318833103692,0.020527695936221012,230.27939376831054,234.98317474365234,0.9799824775519641,68.72035884062961,1.7253336204865377,0.25576227558203984,1.4695713449044978,0.7968289084992212,4.562258064516129,301.41677419354835,19.4,3.596774193548387,1
2023-02-01,245.29196166992188,247.6502511666021,238.2267779645673,240.68212262765823,31259900,0.019934832604711294,0.05045525739151646,0.05497113956109456,0.02096457693041185,0.02090547934241965,230.91846237182617,235.19804290771484,0.9818043531188401,67.4476209001357,2.4086334708178185,0.6863365146291956,1.722296956188623,0.9307863174569145,4.57,301.45,17.87,3.6,1
2023-02-02,256.7922668457031,256.8796075980904,249.65914256333585,251.18282257259764,39940400,0.04688415020813719,0.0669355338225428,0.15495412510969375,0.02566571112910673,0.02007134216591653,232.64108581542968,235.65184448242186,0.9872236999731323,72.58089976322023,3.8339368038084274,1.3158565724650422,2.518080231343385,1.2084749737142684,4.572857142857143,301.46325,18.73,3.5964285714285715,0
2023-02-03,250.72671508789065,256.4041014975154,249.51359959938435,251.8816034023148,29077300,-0.023620461131164228,0.04106226247771505,0.16211613207659936,0.03049703028948557,0.0195242741468866,234.38991470336913,235.96822570800782,0.9933113409659158,65.10268955578445,4.423074183120207,1.9373000945960752,2.4857740885241313,0.8940029980167463,4.575714285714286,301.4765,18.33,3.592857142857143,0
2023-02-06,249.19329833984372,250.67815038089995,247.2620281315424,249.84354121530777,22518000,-0.006115888957063831,0.057928964832227425,0.14155503549549686,0.027190838869170793,0.019737255337058657,235.93493728637696,236.1960971069336,0.998894309331291,62.8763707140104,4.71191980600608,2.492224036878076,2.2196957691280037,0.7155373576563498,4.5842857142857145,301.51625,19.43,3.5821428571428573,1
2023-02-07,259.6649169921875,260.83920438047807,252.40562393796253,252.84235731907512,50841400,0.04202207170941996,0.07969821694413182,0.17805563155090698,0.030435156610132852,0.021250234026417448,237.89727249145508,236.58390533447266,1.0055513799855726,72.67531143395489,5.7198690633713625,3.1377530421767332,2.5821160211946292,1.5574674817923924,4.587142857142857,301.5295,18.66,3.5785714285714287,0
2023-02-08,258.8594055175781,268.5934414880708,258.354730598475,265.1384914873045,54686000,-0.0031021190076039318,0.05531140831232517,0.16552329626497042,0.03138555756361712,0.021406658779982848,239.73538513183593,236.9573504638672,1.0117237750275756,75.9856466711421,6.38013187884971,3.786228809511329,2.593903069338381,1.607171406538013,4.59,301.54275,19.63,3.575,0
2023-02-09,255.84127807617188,265.89559774062724,255.0454669626534,265.7208865475254,42375100,-0.011659330806897406,-0.003703338816284041,0.11812415537076659,0.025027595188712077,0.021154480150843584,241.0868019104004,237.3816519165039,1.0156084093441213,68.93827126561047,6.583961446888964,4.345775336986856,2.2381861099021076,1.220778801741093,4.592857142857143,301.556,20.71,3.571428571428572,0
2023-02-10,255.3365631103516,256.29734113427406,252.96855922241397,253.81288289399168,25818500,-0.001972765964958989,0.018385946710325562,0.10309848054266935,0.021674874207935464,0.02117624926187465,242.28002319335937,237.82361450195313,1.0187382935068865,67.11714571105412,6.6283639152088085,4.802293052631247,1.826070862577562,0.7453597074740653,4.595714285714286,301.56925,20.53,3.567857142857143,1
2023-02-13,263.3139953613281,266.49720913120274,259.26702917112374,259.742590569191,44630900,0.031242812050888524,0.05666563714015682,0.13413867600728513,0.02372909329220723,0.02195439059594298,243.8371780395508,238.13766540527342,1.0239336882075234,71.6504350960002,7.223991625050644,5.286632767115126,1.9373588579355179,1.2465387810141142,4.604285714285715,301.609,20.34,3.5571428571428574,1
2023-02-14,264.1388854980469,266.8562519181329,261.33414871350027,264.62413161713886,37047900,0.003132724242730811,0.017229776581616507,0.13239008301744515,0.016379399949982738,0.02196402045921329,245.38122940063477,238.47694915771484,1.028951562267571,73.5382279485624,7.6741300225845634,5.764132218209014,1.90999780437555,1.0244218877584739,4.607142857142858,301.62225,18.91,3.553571428571429,0
2023-02-15,262.02764892578125,263.3994740205076,258.972656227329,261.0547258535999,28922400,-0.007992903310259591,0.012239243931926547,0.14496648626966535,0.01700830925633325,0.021430749984014744,247.04002151489257,238.76760345458985,1.0346463169232925,67.78767745996225,7.770930350812648,6.165491844729741,1.6054385060829075,0.8009665080051925,4.61,301.6355,18.23,3.55,0
2023-02-16,255.0518341064453,259.5175484370859,254.80860328435423,256.87119590508456,29603600,-0.02662243792948671,-0.003085678650696533,0.13312914731661807,0.020984998702703355,0.02212597794268131,248.5382987976074,239.0122964477539,1.03985569985909,60.63613242011012,7.201738196733061,6.372741115130405,0.8289970816026555,0.8187197416478963,4.612857142857143,301.64875,20.17,3.5464285714285717,0
2023-02-17,251.0725860595703,253.0476191837961,249.0683664238048,252.3665906841138,30000100,-0.015601722923561767,-0.016699437788463056,0.0769561600775781,0.022089538970964457,0.021524736337918206,249.43534469604492,239.27600708007813,1.0424586557588567,61.848553396773816,6.356285944678035,6.369450081039932,-0.013164136361896617,0.8359153744386847,4.615714285714286,301.66200000000003,20.02,3.5428571428571427,0
2023-02-21,245.8284912109375,248.5721416274502,244.77773242454728,247.58947974202167,28397400,-0.020886767969915176,-0.06640552518447207,0.04420337296552601,0.011598611971460124,0.022168053486270423,249.9556671142578,239.44939208984374,1.0438768080917575,54.05038354358939,5.203125919448524,6.136185248721651,-0.9330593292731262,0.795176087425855,4.627142857142857,301.71500000000003,22.87,3.5285714285714285,0
2023-02-22,244.69989013671875,247.4532643654593,243.56157186049097,247.2100335838988,22491100,-0.004591010052005462,-0.07359384183315132,0.04172844018031907,0.00904774952208381,0.022200288552957328,250.4457633972168,239.54139404296876,1.0455218581231602,49.5236030256033,4.150327228012543,5.739013644579829,-1.5886864165672865,0.6458334081121495,4.630000000000001,301.72825,22.29,3.525,1
2023-02-23,247.8716583251953,249.8856017148156,243.6978093067613,248.6402611536904,29219100,0.01296187009607741,-0.05402479722510345,0.061502728721432476,0.015638234070889167,0.02223504197415938,251.16383895874023,239.73526245117188,1.0476716541017659,41.711324566689115,3.531206316959498,5.297452179055764,-1.766245862096266,0.88651392388549,4.632857142857144,301.74150000000003,21.14,3.521428571428572,0
2023-02-24,242.47189331054688,244.20369522047608,241.3822242019968,243.1918617404836,24990900,-0.02178451966284989,-0.04932307520928558,0.007436408050773835,0.014536838169710483,0.02191513582255267,251.25332946777343,239.6835208129883,1.0482711895066512,42.233861002264696,2.5751479231772123,4.7529913278800535,-2.177843404702841,0.7680912160760405,4.635714285714286,301.75475,21.67,3.517857142857143,1
2023-02-27,243.386474609375,245.97445391978175,242.6373195783351,245.6242009691581,21190000,0.0037719064520882473,-0.030613105041948585,0.010584268311775169,0.01522940396552866,0.021926652925820543,251.38078384399415,239.5644729614258,1.0493241369911765,44.472576977465984,1.8697109613092948,4.1763352545659025,-2.3066242932566077,0.6566282187448919,4.644285714285715,301.7945,20.95,3.507142857142857,0
2023-02-28,242.6664886474609,244.6804466802184,241.99516930320848,242.3259744546454,22491000,-0.0029582003809769386,-0.012862636661441273,0.03021994911021242,0.012795303909275975,0.021293151756789527,251.73669662475587,239.42520111083985,1.051421051154162,30.130775539148956,1.2382761599061212,3.5887234356339466,-2.3504472757278254,0.7006082622930802,4.647142857142858,301.80775,20.7,3.503571428571429,0
2023-03-01,239.60177612304688,244.13558648881545,239.1347623459425,243.9701913432016,27565300,-0.012629319118167781,-0.02083414917278248,-0.0037252107319365457,0.013600236447862155,0.021014433364168063,251.69190139770507,239.3839904785156,1.051414929187982,28.61925071796142,0.48497238295715306,2.9679732250985884,-2.4830008421414353,0.8573081811315567,4.65,301.821,20.58,3.5,1
2023-03-02,244.31072998046875,244.592871158647,238.95965271701235,239.8742028427946,24808200,0.01965325104686877,-0.014366016545767413,-0.004000260272587042,0.015846059456483295,0.021000478905715617,251.64283981323243,239.52080993652345,1.0506095060379994,37.661475882545396,0.2648934080711456,2.4273572616931,-2.1624638536219543,0.7793789209358378,4.655806451612904,301.85403225806454,19.59,3.496774193548387,1
2023-03-03,248.37754821777344,248.69861464364337,244.5831538131821,245.3614953141732,30760100,0.0166460893372542,0.02435603907155892,-0.032768582680824165,0.01347154329724104,0.018371933753151676,251.22210388183595,239.8212631225586,1.0475389071462402,43.08082610262924,0.41386668134350657,2.0246591456231813,-1.6107924642796747,0.9805042535927666,4.661612903225807,301.88706451612904,18.49,3.4935483870967743,1
2023-03-06,249.91476440429688,253.0767646369181,249.04886339595808,249.48667584365677,24109800,0.006189030359441405,0.02682273041424965,-0.0032383891892380223,0.013464454640578901,0.017679493441375035,251.18150634765624,240.12625732421876,1.0460393175932887,34.72070940930581,0.6484941361787548,1.749426143734296,-1.100932007555541,0.7746533630387998,4.679032258064517,301.9861612903226,18.61,3.4838709677419355,0
2023-03-07,247.2683868408203,250.71254274610072,246.5289706683779,249.36016545686795,21473200,-0.010589120533892937,0.018963880093245677,-0.007724571695336135,0.014991745978543886,0.017788697189393708,251.08526077270508,240.32727600097655,1.0447638942642732,31.529665299576507,0.6138217765139302,1.522305270290223,-0.9084834937762927,0.6910988024241176,4.68483870967742,302.01919354838714,19.59,3.4806451612903224,0
2023-03-08,246.8306121826172,247.6478641053872,244.01886473628255,247.16140250674363,17340200,-0.0017704432976503037,0.03017021065761205,-0.049426410615017624,0.012603190128776056,0.01474844664779586,250.44354553222655,240.64065612792967,1.040736630135705,32.72895703295839,0.5447395074439214,1.3267921177209625,-0.7820526102770411,0.5898821746058313,4.690645161290323,302.05222580645164,19.11,3.47741935483871,0
2023-03-09,245.48797607421875,252.5319301715648,244.76800759955387,248.8932070956166,26653400,-0.005439504024748354,0.004818642610761037,-0.05165518099148758,0.010667429054988386,0.014763321812103353,249.77497406005858,240.91670349121094,1.0367690178409352,37.5348977995145,0.3773024901812789,1.136894192213026,-0.7595917020317471,0.952097222266874,4.696451612903226,302.0852580645161,22.61,3.4741935483870967,0
2023-03-10,241.8589630126953,245.9452372856859,240.895778592542,244.2815470078051,28333900,-0.014782854621059993,-0.02624466362540434,-0.054652303055309104,0.008098951843521284,0.014880867041185148,249.07585830688475,241.15452575683594,1.032847538420391,37.88073414382135,-0.047674021017058976,0.899980549567009,-0.947654570584068,1.0381627085978304,4.702258064516129,302.11829032258066,24.8,3.470967741935484,1
2023-03-13,247.04464721679688,250.9266159729401,239.0764041542882,240.7011840514009,33339700,0.02144094285159648,-0.011484384263335867,-0.032474455646099964,0.014126877599944694,0.01583179007884076,248.66126251220703,241.5432272338867,1.0294689913678594,51.60214943960351,0.03358328160226165,0.7267010959740596,-0.693117814371798,1.2049734697440149,4.719677419354839,302.21738709677425,26.52,3.4612903225806453,1
2023-03-14,253.7286376953125,254.00105499083597,248.93211882541823,249.798019838824,33620300,0.027055799645195444,0.02612647308873739,-0.036402765651944446,0.018045040981446218,0.015397326975147388,248.18199462890624,241.9398327636719,1.025800471935234,60.375657916886446,0.6300595166231915,0.707372780103886,-0.07731326348069456,1.2397834933999266,4.725483870967742,302.25041935483875,23.73,3.458064516129032,1
2023-03-15,258.252685546875,259.2645337884642,252.19136451987217,252.940534238226,46028000,0.017830261072047993,0.04627494646331476,-0.022284488480645903,0.018252683862864178,0.015981770122533816,247.88768463134767,242.45001708984375,1.0224279940532606,61.57007013833452,1.4510967428568335,0.8561175726544756,0.5949791702023579,1.6696844783151958,4.731290322580645,302.28345161290326,26.14,3.454838709677419,1
2023-03-16,268.7213134765625,269.07155146435696,256.1511367025181,258.02887075000007,54768800,0.04053637586582748,0.09464144751154557,0.025545642142052127,0.020467135142692335,0.018370487535983814,248.2223678588867,243.1742315673828,1.0207593389273448,76.28599980441533,2.912927034235935,1.2674794649707675,1.6454475692651673,1.8977930958250582,4.737096774193549,302.3164838709678,22.99,3.4516129032258065,1
2023-03-17,271.8639221191406,275.6583166534781,268.8381452248547,270.7256186044692,69527400,0.011694675803421983,0.12405973602421483,0.06591635802814433,0.010936284250363304,0.017256102646503277,249.06297225952147,244.16471405029296,1.020061286202967,77.29897936257554,4.275732344733086,1.8691300409232312,2.406602303809855,2.253330414340831,4.742903225806452,302.3495161290323,25.51,3.4483870967741934,0
2023-03-20,264.8588562011719,269.96670228330714,262.543294560003,269.4802407516752,43466600,-0.025766809598586127,0.07210926925586025,0.054909499909841175,0.024877967411575837,0.017977889053265233,249.75228576660157,245.14688842773438,1.0187862769476872,68.98616374533148,4.735922331356051,2.4424884990097953,2.2934338323462553,1.3786350984118607,4.760322580645162,302.4486129032258,24.15,3.438709677419354,1
2023-03-21,266.36688232421875,267.5538496813645,262.2222204606799,267.43710366119547,34558700,0.005693697181496038,0.04981008349590699,0.08354764336757814,0.023950282099246316,0.0170931254111517,250.77920532226562,246.108369140625,1.0189787783241606,73.52486604565928,5.162797797000508,2.986550358607938,2.17624743839257,1.0854959129824195,4.766129032258065,302.4816451612904,21.38,3.435483870967742,0
2023-03-22,264.91729736328125,273.4303763569465,264.8102603593326,265.9972279895284,34873300,-0.00544206152164628,0.02580655377229979,0.082621235404996,0.024306266085056025,0.0171170948105188,251.79007568359376,246.99835083007812,1.019399825292,69.21269700358226,5.322772677222645,3.453794822330879,1.8689778548917655,1.074482771157597,4.771935483870968,302.5146774193549,22.26,3.432258064516129,1
2023-03-23,270.1418762207031,273.4498093699548,267.7484933121212,270.4142935461412,36610900,0.01972154672202242,0.005286379132947161,0.0898457614960173,0.017640174818161946,0.017365890354184246,252.90358657836913,247.95924530029296,1.0199401368240506,69.8633162554085,5.8042262651429155,3.9238811108932867,1.8803451542496288,1.1153193928437006,4.777741935483872,302.5477096774194,22.61,3.429032258064516,1
2023-03-24,272.9730224609375,273.0313954676099,267.826251303453,269.7331721343457,28172000,0.010480219800951485,0.004079615762001776,0.12579243199675183,0.017466713201578478,0.016263849829155578,254.42864303588868,248.84244689941406,1.022448726919699,70.5586683079361,6.341134887205783,4.407331866155786,1.9338030210499966,0.8540971012480393,4.783548387096775,302.5807419354839,21.74,3.425806451612903,0
2023-03-27,268.89654541015625,273.83898269172226,268.059815935794,272.90498464073,26840200,-0.014933626092536678,0.015244682646811558,0.10481301741078197,0.013561426286330308,0.01692708660748034,255.70414657592772,249.59093505859374,1.0244929228535438,68.80406545417303,6.364337092609219,4.798732911446473,1.5656041811627457,0.8068103423657944,4.800967741935484,302.6798387096774,20.6,3.4161290322580644,0
2023-03-28,267.7776794433594,268.6630431725957,264.6837609123016,268.3225140934646,21878600,-0.004160953295588965,0.005296443412298624,0.10348025776389469,0.013804876282926594,0.01695944552631319,256.95970611572267,250.30307067871092,1.0265943019354973,67.99874553009874,6.220733135472983,5.0831329562517755,1.1376001792212076,0.6582716615472841,4.806774193548387,302.71287096774194,19.97,3.412903225806452,1
2023-03-29,272.9146728515625,273.527619165426,270.8715283691032,271.4066242065595,25087000,0.019183799855468253,0.03018819672357753,0.13903443149523187,0.015195480669512266,0.016701837681461197,258.62535095214844,251.09620697021484,1.0299850964408503,72.12375960986945,6.44712001488989,5.355930367979399,1.0911896469104914,0.7576289508664624,4.81258064516129,302.7459032258065,19.12,3.4096774193548387,1
2023-03-30,276.3587951660156,276.7576972006701,273.8584053599599,276.53394388967973,25053400,0.01261977701113337,0.023013532860167718,0.13117747709283556,0.013873452317059607,0.01648655831239095,260.2277542114258,252.04634674072267,1.032459932772282,77.91256688393632,6.825761999461861,5.649896694275892,1.1758653051859689,0.75633419396811,4.8183870967741935,302.778935483871,19.02,3.4064516129032256,1
2023-03-31,280.4936828613281,281.4374193382453,275.3372029511124,276.0474474143603,32766000,0.014962026784161475,0.02755092914526691,0.12930369461331415,0.014476954082665503,0.016435211987559997,261.8335609436035,253.15449462890626,1.0342836745893835,77.53051304515569,7.374480954527996,5.994813546326313,1.3796674082016835,0.9861830238431402,4.824193548387097,302.8119677419355,18.7,3.403225806451613,0
2023-04-03,279.4527587890625,280.4645776022263,276.2615716824238,278.7619618964318,24883300,-0.003711042835785494,0.0392575269526223,0.11819227429469059,0.01095082216408897,0.016584795353980393,263.3104606628418,254.0809164428711,1.036325216191693,73.3405991653154,7.63731262062953,6.3233133611869565,1.3139992594425731,0.7480606888971761,4.8453333333333335,302.87760000000003,18.55,3.413333333333333,0
2023-04-04,279.404052734375,282.58553031935185,277.9349590223858,279.4527167048261,25824300,-0.0001742908350540473,0.04341800748734492,0.12996269480352995,0.009964912188641484,0.016204536685107677,264.91724395751953,254.960556640625,1.0390518731527905,70.88792234657615,7.752314581211124,6.609113605191791,1.1432009760193331,0.7713051763223053,4.853,302.89390000000003,19.0,3.42,0
2023-04-05,276.6409606933594,279.3748723279069,275.25942646851195,278.11008412867955,22064800,-0.009889233939074038,0.013653673519501863,0.12077249352153707,0.010684009397352416,0.01651480240787362,266.40776138305665,255.7954165649414,1.0414876269505828,59.22496514568429,7.533652768352567,6.794021437823947,0.7396313305286206,0.654401434506027,4.860666666666667,302.91020000000003,19.08,3.4266666666666667,1
2023-04-06,283.704345703125,284.1713297291427,274.3934656981096,275.5415076837403,29770300,0.025532679586068197,0.026579760317368306,0.15567511794285283,0.01453088068035299,0.016849610492831412,268.31857986450194,256.7993005371094,1.044857128906891,62.6376425446811,7.839943852865247,7.003205920832207,0.8367379320330395,0.878870204105732,4.868333333333333,302.92650000000003,18.4,3.433333333333333,0
2023-04-10,281.5542297363281,281.7585352734682,277.00092706983764,281.37908101323706,23103000,-0.007578720591917887,0.0037810009272982725,0.16412567981426918,0.014295632500108216,0.0164221364265176,270.30334320068357,257.61674346923826,1.049246021670017,69.87974923653194,7.819052188361582,7.166375174338082,0.6526770140234994,0.6873472821920139,4.899,302.99170000000004,18.97,3.46,0
2023-04-11,275.1717834472656,278.2365144767618,274.01403245876395,278.0127315105797,27276600,-0.022668621583272208,-0.015319137876281474,0.1138544653662763,0.017870153174980224,0.01741903373862977,271.709700012207,258.30343139648437,1.0519012408903876,59.39383323250957,7.204437052789785,7.173987550028423,0.030449502761362268,0.8189037840742689,4.906666666666666,303.00800000000004,19.1,3.466666666666667,1
2023-04-12,275.8139953613281,279.23870411334195,274.32542401576865,277.0788133677007,27403400,0.0023338581667680103,-0.012848981029133011,0.08704322013716315,0.018002459628526535,0.016673776405117958,272.8139678955078,259.1087466430664,1.0528937036283106,61.82933382453402,6.692029711195289,7.077595982261797,-0.38556627106650776,0.8304606696864612,4.914333333333333,303.02430000000004,19.09,3.473333333333333,1
2023-04-13,281.9920349121094,282.05040792429327,275.50265429718814,275.91126538247534,24222700,0.022399296825702297,0.01934302933787646,0.09192295257245431,0.020311625499628855,0.016898511190542764,274.00093536376954,259.93863372802736,1.0540985440835067,62.603491142313715,6.707143584809614,7.003505502771361,-0.2963619179617467,0.7591522574662153,4.922,303.04060000000004,17.8,3.48,0
2023-04-14,278.3922424316406,280.66887902365164,276.00856885442937,279.22894208294247,20987900,-0.012765582125717545,-0.01872408143174198,0.03598869337888089,0.017136283846993745,0.015021908243685081,274.48448181152344,260.6006393432617,1.0532763177529048,55.67100584610806,6.355387321138892,6.873881866444867,-0.518494545305975,0.6945376543920748,4.929666666666667,303.05690000000004,17.07,3.486666666666667,1
2023-04-17,280.9801940917969,283.7043967289592,278.4116924129814,282.07960200286976,23836200,0.009296062410186323,-0.0020388102322910218,0.033532481623880894,0.01781869708166407,0.01494879441307216,274.94029541015624,261.0843978881836,1.0530705688813575,63.05168302589326,6.213815026809357,6.741868498517766,-0.5280534717084091,0.8533054389710589,4.9526666666666666,303.1058,16.95,3.506666666666667,0
2023-04-18,280.56182861328125,283.86005216252715,279.2386674537209,283.6751943988744,20161800,-0.001488950065921535,0.0195879283060596,0.059288077572087206,0.01304378772472606,0.013512932161797438,275.7254440307617,261.6811001586914,1.0536696913286951,64.02046418600105,5.998709971406868,6.593236793095587,-0.594526821688719,0.753185060772424,4.960333333333333,303.1221,16.83,3.513333333333333,1
2023-04-19,280.6396789550781,281.22340905975057,276.8355460862607,278.2462667608946,17150300,0.00027748016250694896,0.017496152026035272,0.05358322516042624,0.013139745498992928,0.013509756893266776,276.4390838623047,262.3100277709961,1.053863957132602,59.529540736769746,5.768029286076342,6.428195291691738,-0.6601660056153964,0.6622172111683006,4.968,303.1384,16.46,3.52,0
2023-04-20,278.3630065917969,281.2039550334732,277.3608970127179,277.52630699953454,23244400,-0.008112439309217123,-0.012869258244984083,0.050754365088050646,0.008437240924609814,0.013607301707211899,277.11136932373046,262.6839895629883,1.0549229505183932,52.545713058592405,5.339949138549116,6.210546061063214,-0.8705969225140979,0.9181393186475967,4.975666666666666,303.1547,17.17,3.526666666666667,0
2023-04-21,278.02252197265625,278.51869257683563,275.3956176560884,277.2928296281938,21676400,-0.0012231676303163797,-0.0013280558960803157,0.02917224779143357,0.006239101438685955,0.01301038527303078,277.5054016113281,263.06725189208987,1.0548838732886479,46.52634486971487,4.9165434221384885,5.951745533278269,-1.035202111139781,0.8822256943695455,4.983333333333333,303.171,16.77,3.533333333333333,0
2023-04-24,274.1405334472656,277.234451496004,271.173129844423,274.45187596772155,26611000,-0.013962856310512972,-0.024342145063422915,0.004277019669572724,0.006008655628499095,0.013269752110421253,277.5637771606445,263.43323699951173,1.0536399291223795,43.085039188657724,4.219112013556128,5.605218829333841,-1.3861068157777137,1.0865144977478434,5.006333333333333,303.2199,16.89,3.553333333333333,0
2023-04-25,267.96246337890625,273.9751203403817,267.91379941458,271.94171485112884,45772200,-0.02253614228684575,-0.04490762445001606,-0.003473759879753069,0.009422493524588639,0.013826228277470815,277.517073059082,263.6857550048828,1.0524537931673368,37.15596141697647,3.1317728473782154,5.110529632942717,-1.9787567855645012,1.7993150588002207,5.013999999999999,303.2362,18.76,3.56,1
2023-04-26,287.3722839355469,291.4585727273819,284.8037824567908,288.6662882525056,64599200,0.07243484894074359,0.023990210527380373,0.07317489841916491,0.038325708171402656,0.021251679581230642,278.4968032836914,264.1669207763672,1.0542455598347051,58.76925578384245,3.7925409770007263,4.846931901754319,-1.0543909247535925,2.342697348403664,5.0216666666666665,303.2525,18.84,3.566666666666667,1
2023-04-27,296.5761108398437,296.9361172975543,287.2555213812772,287.9560271426598,46462600,0.03202753855817586,0.06542932723368411,0.08669903212258068,0.03900658388230661,0.021926077016605195,279.6798751831055,264.81566528320315,1.0561304025726954,60.162833956590426,5.001225378876825,4.87779059717882,0.12343478169800459,1.6220998209366246,5.029333333333333,303.2688,17.03,3.5733333333333333,1
2023-04-28,298.9403991699219,300.56516432614853,295.0973405603856,295.77839869337646,36469600,0.0079719446161155,0.0752380672214854,0.08171118270486355,0.03835924451276065,0.02185877208220625,280.80895538330077,265.5539202880859,1.0574460926001974,63.680889547186595,6.079810513471102,5.118194580437277,0.9616159330338254,1.2483475558202661,5.037,303.2851,15.78,3.58,0
2023-05-01,297.2864074707031,300.24410228095644,296.8875053999733,298.6582327311371,21294100,-0.005532847697438892,0.08443068864126912,0.05986845920404238,0.036915817715359116,0.02180587027654852,281.64859161376955,266.3986117553711,1.0572449674490128,68.80068244226327,6.723627899173152,5.4392812441844525,1.2843466549887,0.7434907765014862,5.06,303.334,16.08,3.6,0
2023-05-02,297.1404724121094,300.8083821173536,295.681087639922,299.42684782678805,26404400,-0.0004908904508462708,0.10888841916617475,0.06329410988709538,0.0320247285060025,0.021764537189950892,282.53297729492186,267.31996948242187,1.0569093578828213,68.2849329176204,7.139779146554247,5.7793808246584115,1.3603983218958353,0.9194769883510535,5.0606451612903225,303.3559354838709,17.78,3.6,0
2023-05-03,296.1577453613281,300.25374274084976,295.8561416167109,298.3176355367741,22360800,-0.003307281040525134,0.03057170756158123,0.059962239140749274,0.015354117325418772,0.021802045029568794,283.3706619262695,268.32655456542966,1.0560664127529407,63.33324524586171,7.306064385932359,6.084717536913201,1.2213468490191577,0.7833914345377428,5.0612903225806445,303.377870967742,18.34,3.6,1
2023-05-04,297.1404724121094,299.42684782678805,295.1848873161754,297.94798558856564,22519900,0.003318255443842233,0.0019029232350087355,0.07410150567497675,0.005375558742461643,0.021585707728518734,284.39563751220703,269.3753662109375,1.0557596320426261,68.56087660081526,7.4314790318215955,6.354069835894881,1.0774091959267142,0.7883369028023891,5.061935483870967,303.3998064516129,20.09,3.6,1
2023-05-05,302.2385559082031,303.5228215296377,296.031301762526,297.4420521379096,28197100,0.017157149461023646,0.01103282375831216,0.06532931372321227,0.008976784156640442,0.021219958486391917,285.3223480224609,270.4627041625977,1.0549415635914439,70.0494476712392,7.851733873368232,6.6536026433895525,1.1981312299786797,0.9897998011772107,5.06258064516129,303.42174193548385,17.19,3.6,0
2023-05-08,300.2927551269531,301.8008039789724,297.80207398264633,301.7326922255804,21318600,-0.006437963466980667,0.010112630718060123,0.06655387634621368,0.009179277230927482,0.02119047170884785,286.2592742919922,271.61912139892576,1.0538995664873112,68.08773970606092,7.936294340766722,6.910140982864987,1.0261533579017348,0.7506956363126733,5.064516129032258,303.48754838709675,16.98,3.6,0
2023-05-09,298.6874389648437,301.6451339704267,298.0161195443124,299.6603622188009,21340800,-0.0053458371362664625,0.0052061792194662004,0.08545809175265484,0.00975376677998267,0.02040691792774387,287.43505706787107,272.72514068603516,1.0539367817166887,66.09403072890382,7.784043909520108,7.084921568196012,0.6991223413240961,0.7594139423030731,5.06516129032258,303.50948387096776,17.71,3.6,1
2023-05-10,303.8536071777344,304.5249264836218,299.33925948976275,300.26351860842567,30078000,0.01729623525781654,0.025985684780983398,0.10166130902702442,0.01161346350371513,0.020604327341843347,288.83703765869143,273.9488830566406,1.0543464694432523,71.61714224193257,7.988168313309359,7.265570917218682,0.7225973960906771,1.0652585052806052,5.065806451612903,303.5314193548387,16.94,3.6,0
2023-05-11,301.7132263183594,302.6958883395591,297.96749541594016,301.7035172755466,31680200,-0.00704411864402521,0.015389199152608057,0.06993527818045164,0.012887411039865286,0.02034967687669951,289.8230972290039,275.19111206054686,1.0531702679599542,69.49559382306478,7.886318950706254,7.389720523916196,0.49659842679005806,1.1073788964906133,5.066451612903226,303.5533548387097,16.93,3.6,0
2023-05-12,300.60406494140625,302.2385686971637,298.29824184109515,302.14127044452766,19774700,-0.003676210653697942,-0.005407949895357866,0.07978606844700331,0.010330716351033203,0.020065004430331563,290.9336883544922,276.3169787597656,1.0528983403782601,72.81878011362585,7.628169751067048,7.437410369346367,0.19075938172068163,0.6926918413324545,5.067096774193548,303.57529032258066,17.03,3.6,1
2023-05-15,301.0807800292969,301.50886857686805,299.26141854774806,300.7305419583336,16336500,0.0015858570907334446,0.002624188858670884,0.07153737651321102,0.009896980802038192,0.020032565271792306,291.9387176513672,277.3710433959961,1.052520530178679,81.67098880330215,7.37701394923198,7.4253310853234895,-0.04831713609150956,0.5798713148186733,5.069032258064516,303.6410967741936,17.12,3.6,1
2023-05-16,303.2990417480469,305.2157014683238,301.4407550392499,301.4407550392499,26730300,0.007367662985774626,0.015439560495699167,0.08104171992016052,0.009628845625438717,0.02001096957118334,293.0755783081055,278.4387289428711,1.0525675771499357,72.69196653738449,7.27312627636428,7.394890123531648,-0.12176384716736788,0.9378705454938423,5.069677419354838,303.6630322580645,17.99,3.6,1
2023-05-17,306.1657409667969,306.5850053814175,302.9870680194989,304.49841357542465,24315000,0.009451725274923106,0.0076093675850623654,0.09095671042228037,0.007025935107652093,0.020024161310056632,294.3518814086914,279.61667602539063,1.0526978776543454,66.67398929198703,7.33753072930142,7.383418244685603,-0.0458875153841829,0.8425363201936015,5.070322580645161,303.6849677419355,16.87,3.6,1
2023-05-18,310.5729064941406,311.07995152372933,305.8926785291236,306.6824666262682,27276000,0.01439470501639728,0.029364573386095882,0.11571185516607696,0.007021682945508241,0.019907361383263208,295.9623764038086,280.8915219116211,1.0536536467516786,68.88447186259563,7.655940234731986,7.43792264269488,0.21801759203710613,0.9385816735699929,5.070967741935484,303.70690322580646,16.05,3.6,0
2023-05-19,310.3974609375,310.79723506942764,308.47661095325554,308.8373747474863,27546700,-0.0005649094076528582,0.032579053772951116,0.11644718109573815,0.006038203235729615,0.019895901691400004,297.5811233520508,282.18971160888674,1.0545427813629735,72.35810182799955,7.804163532363077,7.51117082062852,0.29299271173455743,0.9384185701727357,5.071612903225806,303.7288387096774,16.81,3.6,1
2023-05-22,313.1666259765625,314.54145037268586,310.07573340848427,310.65100947389675,24115700,0.008921352097078117,0.040141539244350266,0.1423579798235275,0.00542146851869993,0.019355961227994743,299.5324279785156,283.61586486816407,1.0561201437647016,75.08490687709869,8.052258614450977,7.619388379393012,0.4328702350579654,0.8250432266994918,5.073548387096774,303.7946451612903,17.21,3.6,0
2023-05-23,307.3942565917969,314.66812088311536,307.38449657033,312.0452341385488,30797200,-0.018432262271771083,0.01350223469268963,0.14715416747431886,0.013021853148230577,0.019047337795456715,301.50401763916017,284.8228570556641,1.0585667904463019,65.29465423591941,7.69439756129691,7.634390215773792,0.06000734552311737,1.081329327369564,5.074193548387097,303.8165806451613,18.53,3.6,0
2023-05-24,306.0194396972656,308.6033161721185,304.8103574976606,306.8774884337067,23384900,-0.004472487253907698,-0.0004778499027006111,0.06488849761830551,0.0127167595555618,0.011368939806125687,302.4363754272461,285.8686730957031,1.0579556414913518,61.95802816206748,7.216664647025027,7.55084510202404,-0.3341804549990126,0.8851159275939146,5.07483870967742,303.83851612903226,20.03,3.6,1
2023-05-25,317.7882995605469,318.7438294879401,312.0159906409768,315.1751430242443,43301700,0.03845788318194354,0.02323252581127,0.07152359190574908,0.021238739906127603,0.012281150061530566,303.4969848632812,287.05938537597655,1.0572620172852927,67.75233813526131,7.698957713005086,7.580467624220249,0.1184900887848368,1.6488279121517655,5.075483870967742,303.86045161290326,19.14,3.6,1
2023-05-26,324.5843811035156,325.0816363269195,315.7991718307155,315.9356633458704,36630600,0.02138556250298307,0.04570565791088166,0.08578292530818943,0.02210805404780267,0.012887726063864369,304.77918395996096,288.1766467285156,1.0576123617924051,74.96744146364102,8.531222799887303,7.77061865935366,0.7606041405336423,1.3943805443133959,5.0761290322580646,303.8823870967742,17.95,3.6,0
2023-05-30,322.9463195800781,327.3632951279749,322.2735326633113,326.866039835357,29503100,-0.0050466430882115665,0.03122840300437235,0.08631377508204352,0.023011684497985803,0.012868842232617247,306.0621795654297,289.1982946777344,1.0583125322591802,74.91701277329366,8.955388854123214,8.007572698307571,0.9478161558156426,1.1057880610675692,5.078709677419355,303.97012903225806,17.46,3.6,0
2023-05-31,320.1967163085937,327.5583326539221,319.16313582793106,323.99940574363865,45950600,-0.008514118615934985,0.04164833741118912,0.07759375122924084,0.020643973193400902,0.013145693887391128,307.21499176025384,290.3050518798828,1.0582488653603166,67.66334265428878,8.966315400837743,8.199321238813607,0.7669941620241367,1.6613902997767005,5.079354838709677,303.99206451612906,17.94,3.6,1
2023-06-01,324.2821655273437,325.2084750715489,316.61828563761367,317.7980879864151,26773900,0.012759185246648874,0.059678319286332826,0.09496432427152057,0.01936438889079349,0.01317778932717576,308.62121276855464,291.46335754394534,1.058867966694655,73.40794783737152,9.198600634080378,8.399177117866962,0.799423516213416,0.9603754854758537,5.08,304.014,15.65,3.6,1
2023-06-02,327.03179931640625,329.07941048845686,324.2529005654924,325.9104976467162,25873800,0.008479139716460082,0.029086973210284084,0.10059661903895756,0.012460544415409915,0.013201299938976327,310.11577911376946,292.7056475830078,1.0594799986762276,76.50814543629045,9.495107137496746,8.61836312179292,0.8767440157038262,0.9225397887134368,5.081333333333333,304.03383333333335,14.6,3.5966666666666667,1
2023-06-05,327.5583190917969,330.1129454845389,326.31025620693947,326.8562818593042,21307100,0.0016099956533011106,0.009162295419670174,0.08377410058590917,0.008916161963668071,0.012894879527619425,311.38176727294916,293.8539764404297,1.0596479620416936,76.53159329737949,9.661208030945318,8.826932103623399,0.8342759273219187,0.7691602377754201,5.085333333333334,304.09333333333336,14.73,3.586666666666667,0
2023-06-06,325.3547058105469,327.0025428376745,323.88240041372416,326.96353250247705,20396200,-0.006727392201058557,0.0074575435124957234,0.08345839270414124,0.009266337127762083,0.01290749488489268,312.63486480712885,294.9016101074219,1.0601327835858454,72.10718091842435,9.50545800729742,8.962637284358204,0.5428207229392168,0.737505717638168,5.086666666666667,304.11316666666664,13.96,3.583333333333333,0
2023-06-07,315.31170654296875,326.14449888626166,314.45365769277373,323.37536016910263,40717100,-0.03086784696277345,-0.015256276897346321,0.055657739192982225,0.017261750817257795,0.014984430899600458,313.46607818603513,295.8299133300781,1.059615894340878,58.0143710204922,8.473956388993827,8.864901105285329,-0.39094471629150185,1.4224580267264384,5.088,304.133,13.94,3.58,1
2023-06-08,317.144775390625,318.4903491637824,315.28242630303987,315.85770223750364,23277700,0.005813513452303187,-0.02200981396899193,0.043742012268151775,0.015907961228516353,0.014615952323994662,314.13063659667966,296.81725524902345,1.0583301039325717,56.03082132893314,7.715458261201547,8.635012536468572,-0.9195542752670249,0.8229857748692303,5.089333333333333,304.1528333333333,13.65,3.5766666666666667,1
2023-06-09,318.6365966796875,321.75673881470783,316.3159729270914,316.8814888323344,22529000,0.0047039125497969625,-0.025670906175690678,0.056090913109228646,0.015222316300052764,0.014458244229086538,314.97680511474607,297.73169372558596,1.057921651448551,57.382465182261946,7.152273582871317,8.338464745749121,-1.1861911628778046,0.809612572587163,5.0906666666666665,304.17266666666666,13.83,3.5733333333333333,1
2023-06-12,323.5703430175781,323.81410551348466,317.0472562466259,320.3819105271756,24260300,0.015483928680202208,-0.012174858160452162,0.07640042419469095,0.01779658625818224,0.014638011872475272,316.1251190185547,298.67592468261716,1.058421830800322,58.97388245340362,7.023099840958537,8.075391764791004,-1.0522919238324668,0.8648587563370796,5.094666666666667,304.23216666666667,15.01,3.563333333333333,1
2023-06-13,325.949462890625,328.572349691123,322.14677395783576,326.1249647437929,22951300,0.007352713017081403,0.0018280266719867821,0.08259804182421826,0.018036947395751027,0.014649114876355276,317.3685531616211,299.5850402832031,1.0593604836263082,67.00023095062741,7.0316473567860385,7.8666428831900115,-0.834995526403973,0.808659459493741,5.096,304.252,14.61,3.56,1
2023-06-14,328.9233703613281,330.58096729872784,324.50639495848685,325.9982202996805,26003800,0.009123829946917406,0.04316891360487585,0.08448535961603065,0.004245823925686431,0.014675112923445907,318.64976959228517,300.57445251464844,1.0601359061836961,70.38714374191862,7.195446179022838,7.732403542356577,-0.5369573633337392,0.9173844886249481,5.097333333333333,304.27183333333335,13.88,3.556666666666666,1
2023-06-15,339.4149475097656,341.11152517053205,328.78690731624766,329.0599201554074,38899100,0.03189672152791179,0.07022083870595264,0.10859871662314613,0.010913996780837393,0.015907137448093807,320.3122299194336,301.77467041015626,1.0614284806742795,69.69812197646657,8.078714132171797,7.801665660319621,0.27704847185217574,1.3378978833553055,5.0986666666666665,304.2916666666667,14.5,3.553333333333333,0
2023-06-16,333.788818359375,342.7007887065748,333.4183243934552,342.55453717316414,46552000,-0.01657596164125552,0.04755330002133884,0.07475189039283547,0.017479409933776544,0.016471402782543956,321.4730255126953,302.9176275634766,1.0612555898396188,58.566211617472376,8.229860042075927,7.887304536670882,0.34255550540504487,1.5497398513046052,5.1,304.3115,13.54,3.55,0
2023-06-20,329.6156311035156,333.545081300088,327.48026928452794,330.84420359010136,26375400,-0.012502477693444813,0.018683072217187346,0.061914714469540444,0.01943787477502984,0.01684758153609443,322.4339340209961,303.8358532714844,1.0612109484422627,55.92718357073889,7.921587796751851,7.894161188687076,0.027426608064774705,0.8797657773801056,5.105333333333333,304.3908333333333,13.88,3.536666666666666,0
2023-06-21,325.2377014160156,329.3036733312241,323.784886322757,327.9775897528391,25117800,-0.013281923775408266,-0.0021836559210659523,0.0385452166296818,0.020662587265811,0.017175093865140004,323.03748779296876,304.70952270507814,1.060148973767485,54.354031874160846,7.240552896748682,7.763439530299397,-0.5228866335507156,0.836419955557968,5.1066666666666665,304.41066666666666,13.2,3.533333333333333,1
2023-06-22,331.2342529296875,331.6340270315193,325.0231887076145,325.783726576518,23556800,0.018437442792038405,0.007025595553824093,0.07755511310528118,0.02209133196400363,0.016838329495758596,324.22948760986327,305.83077209472657,1.060159791603436,55.81280109414554,7.102822507275562,7.631316125694631,-0.528493618419069,0.7940108082382059,5.1080000000000005,304.4305,12.91,3.53,0
2023-06-23,326.6612548828125,329.5279043913859,325.13044892910204,326.01771828331994,23146900,-0.013805933433598483,-0.03757551846353546,0.06745262721207212,0.014605938566066965,0.017207175133512796,325.26157836914064,306.84771728515625,1.0600097704714948,49.699346495858904,6.54917267124506,7.414887434804717,-0.8657147635596569,0.7805076913064751,5.109333333333334,304.45033333333333,13.44,3.526666666666667,0
2023-06-26,320.40142822265625,327.7240333118318,320.29415725203825,325.39367934124914,21520600,-0.019163052142201265,-0.04010736549690275,0.008222859890445688,0.015045032714672118,0.015795942487990888,325.3922348022461,307.6159051513672,1.0577874204590683,44.68730305368448,5.541407594100463,7.040191466663867,-1.4987838725634042,0.7533336798851689,5.113333333333333,304.50983333333335,14.25,3.5166666666666666,1
2023-06-27,326.2225036621094,327.7630696544983,321.08397083431,323.5800965917035,24354100,0.01816806957367212,-0.010294194574591131,0.005046831129164264,0.01861214104217551,0.015587344566678646,325.4741409301758,308.57251037597655,1.0547736106939845,50.611349656056696,5.153057410948122,6.662764655520719,-1.5097072445725965,0.8712414585310587,5.1146666666666665,304.5296666666666,13.74,3.513333333333333,1
2023-06-28,327.47052001953125,329.5473811002,325.481409860504,326.31020823977883,20259500,0.0038256599204895547,0.006865189963507934,0.014009140730681935,0.017545250367608137,0.015551369982584218,325.7003509521484,309.50231689453125,1.0523357441073276,59.77727388735104,4.889627006381488,6.308137125692872,-1.4185101193113843,0.7369462536125262,5.116,304.5495,13.43,3.51,0
2023-06-29,326.6905517578125,327.7241025708121,324.32118695571927,326.35903826648905,16997000,-0.0023817968764706654,-0.013717485832721255,0.02028076841038029,0.014769322723590965,0.015417720020523206,326.02504272460936,310.42489135742187,1.0502541896655624,57.80829687084992,4.565293728291863,5.959568446212671,-1.3942747179208084,0.6526396060125629,5.117333333333334,304.5693333333333,13.54,3.506666666666667,1
2023-06-30,332.0435791015625,334.1789412635381,328.7869152430103,329.3231809112348,26832800,0.016385620321576866,0.01647677567601602,0.023934136376563497,0.015243182242662606,0.015582286936673384,326.4131134033203,311.4529693603516,1.0480333967394604,60.31511681637345,4.686182444067299,5.704891245783598,-1.0187088017162989,1.0301916789700234,5.118666666666667,304.58916666666664,13.59,3.5033333333333334,0
2023-07-03,329.55712890625,332.3945278816647,328.1725746162176,330.7272007694062,12508700,-0.007488324882053976,0.028575717450395333,0.0077219695305545955,0.011318079874698305,0.015604066629505512,326.5393798828125,312.47685180664064,1.045003423437182,54.78638346794008,4.52914273350666,5.46974154332821,-0.9405988098215499,0.4928923137059582,5.133548387096774,304.7040322580645,13.57,3.5129032258064514,1
2023-07-05,329.7131042480469,333.1257787584637,326.3784503898892,326.7294540565752,18172400,0.00047328771892907184,0.010700060684816881,0.006578325234493976,0.008968078737691274,0.015601882125799379,326.647119140625,313.51066345214844,1.0419011447452142,53.119904070671986,4.366934238441445,5.249180082350858,-0.8822458439094127,0.7205144039244412,5.147096774193549,304.799064516129,14.18,3.5258064516129037,1
2023-07-06,332.75537109375,334.4324586282588,327.1293421510927,328.8844206088985,28161200,0.00922701223125899,0.016138402546597375,0.022746452259745364,0.009526382457668679,0.015623796035674944,327.0171524047852,314.68296020507813,1.0391956151412485,53.172975117438526,4.4327701318403,5.085898092248747,-0.6531279604084466,1.0996312916895665,5.153870967741936,304.8465806451613,15.44,3.532258064516129,0
2023-07-07,328.806396484375,333.2623825906087,328.591884271755,330.85400764917136,21214800,-0.011867500730025515,0.0064766021397859586,0.04279793506355989,0.011637268339200537,0.014068914557344868,327.69188690185547,315.8998388671875,1.0373284395362596,40.148511568564885,4.118817143506476,4.892481902500293,-0.7736647589938173,0.8611803904758193,5.160645161290323,304.89409677419354,14.83,3.5387096774193547,0
2023-07-10,323.55078125,326.8659745717447,319.41657937452953,326.2516884002901,32791400,-0.01598392029646767,-0.02557735907600489,0.02019899540039649,0.010078241529782588,0.014607517586906824,328.0121871948242,316.62340881347654,1.0359694768748346,40.426706145422294,3.4066531351636513,4.595316149032965,-1.1886630138693137,1.3058972542880405,5.180967741935484,305.0366451612903,15.07,3.5580645161290323,1
2023-07-11,324.1748962402344,324.55515029230673,318.84137119543414,322.80007207810127,26698200,0.0019289552873993365,-0.01633171366639352,0.017381241258091595,0.010401612537557689,0.014584659154342077,328.2891021728516,317.1753845214844,1.0350396600547493,44.55085061771412,2.859654573601347,4.248183833946642,-1.3885292603452948,1.0544852116251602,5.187741935483871,305.0841612903226,14.84,3.564516129032258,1
2023-07-12,328.786865234375,333.1258197926784,327.29503995487715,328.20182929500714,29995300,0.014226792535850352,-0.0028092271788355827,0.016121756302349022,0.013099281214028275,0.014521353082682074,328.54992828369143,317.7723138427734,1.033916153080128,53.53806633125225,2.766412149418727,3.9518294970410586,-1.1854173476223315,1.1714417884782755,5.194516129032258,305.13167741935484,13.54,3.570967741935484,1
2023-07-13,334.11065673828125,335.16369770913235,330.56146024108614,331.0879956045949,20567200,0.016192226840056945,0.004072918913604617,0.025038218425887715,0.01466790873896144,0.014858696353211444,328.9579879760742,318.508798828125,1.0328065949399026,52.906393733186796,3.086522824237761,3.7787681624803993,-0.6922453382426381,0.8069920054931581,5.201290322580645,305.1791935483871,13.61,3.57741935483871,1
2023-07-14,336.62628173828125,342.661844143398,335.7194923009407,338.91765538868515,28352700,0.0075293168573504765,0.02378264333515734,0.02341855906587398,0.01290647499406397,0.01481896781909105,329.3431335449219,319.29851501464844,1.0314583941294329,60.5057146423796,3.5028243748881778,3.723579404961955,-0.22075503007377728,1.1073675108221683,5.208064516129032,305.22670967741936,13.34,3.583870967741936,1
2023-07-17,337.1040344238281,338.33257714303016,333.6621092446477,337.05526407197954,20363900,0.0014192376277926133,0.041889106623284045,-0.006808518902577276,0.006817897187541373,0.012952402132845986,329.227587890625,320.11744079589846,1.0284587652333976,70.05373692576126,3.8271796572944936,3.7442994554284628,0.08288020186603084,0.8252199878145321,5.228387096774194,305.3692580645161,13.48,3.603225806451613,1
2023-07-18,350.52069091796875,357.62881326178683,333.63284869185065,337.20150526147,64738600,0.03979975059352858,0.08127031112924432,0.05012712121644336,0.014610114465056959,0.015161241750626497,330.0641815185547,321.18504516601564,1.0276449245884083,74.67311805432033,5.107964175438326,4.017032399430436,1.0909317760078903,2.530209078972644,5.235161290322581,305.41677419354835,13.3,3.609677419354839,0
2023-07-19,346.22076416015625,353.4166384044317,343.6466474604791,352.72436118966306,39732900,-0.012267255169877589,0.053024925169542714,0.05037726214939675,0.01936816936264327,0.015149031096505578,330.8944381713867,322.0646893310547,1.0274160724004604,67.92836683575449,5.710203310962754,4.3556665817369,1.3545367292258543,1.513395601607975,5.241935483870968,305.4642903225806,13.76,3.6161290322580646,0
2023-07-20,338.2155456542969,349.0386052267981,336.75297084061185,344.74839172455427,33778400,-0.02312171693479448,0.012286016124385624,0.039902644071639015,0.02393809716228092,0.015835143397883104,331.54333038330077,322.8231451416016,1.0270122677786135,59.68204320951255,5.478376618259858,4.580208589041492,0.8981680292183665,1.2657168219785013,5.248709677419355,305.51180645161287,13.99,3.6225806451612894,0
2023-07-21,335.19293212890625,341.56000752112044,331.35123269865875,340.43870595783125,69405400,-0.008936944396045421,-0.004257984854817098,0.011951297802703653,0.024233613539040195,0.015526618596585261,331.7412643432617,323.5532550048828,1.0253065274780047,52.75355915090544,4.993194208922944,4.662805713017782,0.3303884959051615,2.3949743957818606,5.255483870967742,305.5593225806452,13.6,3.629032258064516,1
2023-07-24,336.4994812011719,338.2643490243122,333.76935318489967,337.2210384138867,26678100,0.003897901617338384,-0.0017933728490955314,0.030117518289362932,0.02431102198425437,0.015155844188132624,332.23317565917966,324.20617248535154,1.024758946173953,56.197748631104716,4.660389179350489,4.662322406284324,-0.0019332269338354635,0.9150073260676304,5.275806451612904,305.7018709677419,13.91,3.6483870967741936,1
2023-07-25,342.2230834960937,343.1103826284992,336.4605340248674,338.4496147386664,41637700,0.01700924552540406,-0.02367223287203013,0.06810723471018032,0.015490227865231451,0.014699992498348016,333.3242584228516,325.01636962890626,1.0255614472693515,60.15837999999006,4.8031183087180125,4.690481586771062,0.1126367219469504,1.380468115276781,5.28258064516129,305.74938709677417,13.86,3.6548387096774193,0
2023-07-26,329.3426513671875,336.0705206538034,324.79891447113727,332.92109821610006,58383700,-0.037637531627971565,-0.048749568310585745,0.009564477220461276,0.02156096257261462,0.01688377365110716,333.48026580810546,325.59114135742186,1.0242301569317673,47.61057000345291,3.832707874905509,4.518926844397952,-0.686218969492443,1.8323068451844344,5.289354838709677,305.79690322580643,13.19,3.6612903225806455,0
2023-07-27,322.4685363769531,332.8138025679025,320.8401897883476,331.9850338749244,39635300,-0.02087222824525803,-0.04655909368944078,-0.015274607443380828,0.021233373901489827,0.017527264404475783,333.23016662597655,326.018896484375,1.0221191784260493,45.73713200052382,2.4803747679977732,4.111216429117917,-1.6308416611201437,1.207205042232059,5.296129032258064,305.8444193548387,14.41,3.667741935483871,1
2023-07-28,329.9276733398437,331.52676966933615,324.8574310459994,325.3449560601863,28484900,0.0231313635950241,-0.015708143831140498,0.00990883135313636,0.025738678777220213,0.018303789357512593,333.39202270507815,326.5514691162109,1.0209478573389388,54.165643320553436,1.9876190172550423,3.686496946745342,-1.6988779294902998,0.8526707832086278,5.302903225806452,305.8919354838709,13.33,3.674193548387097,0
2023-07-31,327.538818359375,329.2744062182313,325.0426629130829,328.5138683869609,25446000,-0.007240541408019552,-0.02662905395815407,-0.013566775645463158,0.025484614414604288,0.01799472658456561,333.1667846679687,326.9789306640625,1.0189243202653435,52.147927133108006,1.388341960342359,3.2268659494647456,-1.8385239891223866,0.7632882527520192,5.323225806451613,306.03448387096773,13.63,3.6935483870967754,1
2023-08-01,327.9483337402344,330.093455775555,325.374217054016,326.8270321220212,18311900,0.0012502804489269437,-0.041711826128240315,-0.004881688256463956,0.02290747236980059,0.017922801928307554,333.08634490966796,327.32643920898437,1.0175968238758928,49.43421821546779,0.9356692314867132,2.768626605869139,-1.832957374382426,0.5445513344732733,5.33,306.082,13.93,3.7,0
2023-08-02,319.3288269042969,325.30588726504845,318.21725578875714,325.30588726504845,27761300,-0.026283124349596343,-0.030405489302161803,-0.03149488816173285,0.019591644393889995,0.01885284265491892,332.56713104248047,327.5050665283203,1.015456446423318,40.45095332555009,-0.11724777354891103,2.191451729985529,-2.30869950353444,0.8139485960997093,5.33,306.12051612903224,16.09,3.7,0
2023-08-03,318.50982666015625,321.64948875271074,317.8175495134228,317.86629010944046,18253700,-0.0025647551211719355,-0.012276266581770612,-0.0428108624866651,0.017741332337815,0.018685667001305833,331.85485382080077,327.6119305419922,1.0129510646080233,38.03450088525823,-1.0061799448495208,1.5519253950185192,-2.55810533986804,0.5430778746723226,5.33,306.1590322580645,15.92,3.7,1
2023-08-04,319.6019287109375,326.7783131025437,319.07539331182784,323.5996401737791,23741500,0.0034287860510706647,-0.031296994654553045,-0.027993578810669217,0.011893446733134814,0.018574078487762363,331.3946304321289,327.856083984375,1.0107929869860903,38.53331963084863,-1.6040510841839932,0.9207300991780168,-2.52478118336201,0.7037040385287705,5.33,306.1975483870968,17.1,3.7,1
2023-08-07,321.8737487792969,322.8487988022052,319.3483727907042,320.17717126140934,17741500,0.007108280220718299,-0.017295872313560112,-0.005183212552366978,0.013257221254339402,0.018326367018596523,331.31077880859374,328.1731701660156,1.0095608322916554,28.022180505523266,-1.8729610473355365,0.36199186987530624,-2.2349529172108427,0.5378590109991054,5.33,306.3130967741935,15.77,3.7,0
2023-08-08,317.9150085449219,320.54765518196075,314.94111824721926,318.802307526203,22327600,-0.012299046596339402,-0.030594225257628005,-0.019310217317609735,0.013449336969989456,0.01851860276865886,330.99778442382814,328.17570434570314,1.008599296172005,28.16965254480222,-2.3780981477338514,-0.18602613364652526,-2.192072014087326,0.6814075676414721,5.33,306.3516129032258,15.99,3.7,0
2023-08-09,314.1903991699219,318.9486185830014,313.0398174565163,318.324602002666,22373300,-0.011715739348221788,-0.016091336896167485,-0.04439491843461585,0.008745214212118756,0.018317285287333215,330.2679611206055,327.96782470703124,1.007013298989402,30.16109896468052,-3.0438798358210875,-0.7575968740814378,-2.2862829617396496,0.6908371513670506,5.33,306.3901290322581,15.96,3.7,1
2023-08-10,314.87286376953125,320.0698965106326,313.1665264082013,317.88576445394,20113700,0.002172137027141474,-0.011418683463432222,-0.057579106145720815,0.009082459146727636,0.017842161000018453,329.30607147216796,327.8063555908203,1.0045750055048341,32.54603028142425,-3.4763739557402573,-1.3013522904132018,-2.1750216653270558,0.6215009344746124,5.33,306.4286451612903,15.85,3.7,0
2023-08-11,313.0008544921875,314.3659187348988,311.2457463891283,312.2695668882884,24355500,-0.005945286154331653,-0.02065405000956777,-0.07018295518726592,0.008567200901120555,0.017684920378372094,328.12480010986326,327.66243835449217,1.001411091725048,30.00998458438316,-3.9249399013825723,-1.826069812607076,-2.098870088775496,0.7572463537183515,5.33,306.46716129032257,14.84,3.7,1
2023-08-14,315.9551696777344,315.9746599630073,312.09395075011946,313.37129346143496,18836100,0.009438680895424323,-0.018387890046978494,-0.06273690785766173,0.009358677439362313,0.01789163265206815,327.0673568725586,327.4958984375,0.9986914597496153,26.54927869879714,-3.9959799305871115,-2.2600518362030835,-1.735928094384028,0.5870347841818714,5.33,306.58270967741936,14.82,3.7,0
2023-08-15,313.8295593261719,316.97898134379494,312.8935197157339,314.9411305404492,16966300,-0.006727569464144434,-0.012850759193310357,-0.10467607916584754,0.008351911845494697,0.014775993865372681,325.23280029296876,327.23185363769534,0.9938910184858107,32.859143882800936,-4.175664198828315,-2.64317430872813,-1.532489890100185,0.57128974646309,5.33,306.6212258064516,16.46,3.7,0
2023-08-16,313.0674743652344,316.9954936708588,312.48119971164607,313.45831419457073,20698900,-0.0024283402830943546,-0.003574026474565173,-0.09575765877400033,0.006668466531094884,0.014699218558717394,323.5751358032227,326.94203674316407,0.989701841422777,37.99039712069559,-4.3296496571680905,-2.9804693784161223,-1.3491802787519682,0.7200483953894973,5.33,306.65974193548385,16.78,3.7,0
2023-08-17,309.6280212402344,314.50381263909213,308.9733414603899,313.20426358487214,21257200,-0.010986299780817887,-0.016657016633658817,-0.08452457251412948,0.007759741104569611,0.014148330919382139,322.14575958251953,326.6275030517578,0.9862787321111532,21.099655461564225,-4.675325127010694,-3.3194405281350368,-1.3558845988756576,0.7559330423947244,5.33,306.6982580645161,17.89,3.7,0
2023-08-18,309.2372131347656,311.0937247535903,304.4200159024574,307.2927349685256,24755000,-0.001262185844496111,-0.012024380455855299,-0.07743516198055977,0.007646926766051859,0.014120284234411671,320.8479736328125,326.5060131835937,0.9826709483981243,22.37246658429639,-4.924049003511527,-3.640362223210335,-1.283686780301192,0.9562360263226611,5.33,306.7367741935484,17.3,3.7,1
2023-08-21,314.5136108398437,315.383227213463,309.7843803763491,310.6539967499684,24040000,0.017062622093863666,-0.004562542335866948,-0.06533701116818136,0.010733263682155608,0.014794944550955279,319.7486801147461,326.4533898925781,0.9794619691955465,32.31757818995652,-4.641894400324929,-3.8406686586332546,-0.8012257416916748,0.9333727544843339,5.33,306.8523225806452,17.13,3.7,1
2023-08-22,315.0803527832031,318.61750272062665,314.1032382228466,318.0507893960546,16084600,0.0018019631705161743,0.003985582045607394,-0.07931297455333808,0.010235494746368303,0.01407104186686937,318.39154357910155,326.38226501464845,0.9755172927818604,42.90410908631242,-4.32272383653094,-3.937079694212792,-0.3856441423181485,0.657093600888947,5.33,306.89083870967744,16.97,3.7,1
2023-08-23,319.51641845703125,321.66608212966844,316.0574250271208,316.40920172771865,21166400,0.014079156744122523,0.020599214609797967,-0.02983589544009857,0.011502564575327643,0.012196789957780061,317.9002319335938,326.3011865234375,0.9742539870009321,51.49999272378014,-3.6695254340903602,-3.883568842188306,0.21404340809794586,0.9358402672970331,5.33,306.9293548387097,15.98,3.7,0
2023-08-24,312.6473083496094,325.35957674760573,312.6375276630827,325.23254709942444,23281400,-0.021498457389430348,0.009751336772689578,-0.030456391614787193,0.015294120452906968,0.012249982564028771,317.40917053222654,326.0351434326172,0.9735428125643965,41.1586834919726,-3.6639055497607274,-3.8396361837027904,0.175730633942063,1.0679619666933335,5.33,306.967870967742,17.2,3.7,1
2023-08-25,315.58843994140625,317.9139473148537,311.5040788241883,314.11298756039173,21684100,0.009407186670892465,0.020538365167172667,-0.04346174800459146,0.015462183853015997,0.011132552265411015,316.6922088623047,325.76844482421876,0.9721389959459963,42.143274039543606,-3.383128413122506,-3.7483346295867337,0.3652062164642276,1.0104521011379417,5.33,307.0063870967742,15.68,3.7,1
2023-08-28,316.2919311523437,318.68584344960186,314.3572339791844,318.207066953983,14808500,0.0022291412545658584,0.005654191905244854,-0.034337570317211186,0.013691895217640552,0.011106450774531857,316.12986450195314,325.3059844970703,0.9717923418798962,47.79138847062,-3.06847319906484,-3.612362343482355,0.5438891444175149,0.7075952345968365,5.33,307.12193548387097,15.08,3.7,1
2023-08-29,320.8941955566406,321.45115801127633,314.51363868595456,314.51363868595456,19284600,0.014550685461780732,0.018451936853828066,-0.021509907073293144,0.014959508645335639,0.01167519101354412,315.77715759277345,325.04809204101565,0.9714782683693699,58.90942215905957,-2.419847899969568,-3.373859454779798,0.9540115548102301,0.9193404447631071,5.33,307.1604516129032,14.45,3.7,1
2023-08-30,321.26544189453125,322.26208781651366,318.97899784822044,321.1481929412585,15222100,0.0011569119760692637,0.005473970464322742,0.0060646419210212965,0.01380104068069046,0.01004947129583502,315.87398834228514,324.88108825683594,0.9722757025874335,58.56667522767091,-1.8544739788527522,-3.0699823595943894,1.2155083807416371,0.7480294452962221,5.33,307.1989677419355,13.88,3.7,0
2023-08-31,320.259033203125,323.3369376753796,319.30145033255354,321.66608035944125,26411000,-0.0031326391206952797,0.024346043129864547,0.005491844824100589,0.0070551625792398915,0.010058939186043345,315.9614486694336,324.7815148925781,0.9728430781349678,59.957679985664456,-1.4706669108664983,-2.7501192698488115,1.2794523589823132,1.2723615335494964,5.33,307.23748387096776,13.57,3.7,1
2023-09-01,321.1383972167969,324.3921747944003,319.30141751711045,323.7277442108601,14942000,0.002745789884134542,0.017586060111774326,0.00480744441079084,0.0065913395722460725,0.010048991062790922,316.03827209472655,324.5795977783203,0.9736849581980588,57.54029773352442,-1.0830549344490805,-2.4167064027688654,1.3336514683197849,0.735425488089326,5.33,307.276,13.09,3.7,1
2023-09-05,325.9164428710937,327.1867092747721,321.13836974277154,321.47058500612,18553900,0.014878462668141301,0.030429204070066218,0.012559875128458575,0.008206458837653046,0.010468024334189148,316.2404067993164,324.56470153808596,0.9743524335846708,66.32364978316899,-0.38587319207618975,-2.0105397606303304,1.6246665685541406,0.9113763507516169,5.33,307.332,14.01,3.726666666666667,0
2023-09-06,325.2618713378906,326.8056990885685,322.6236503266788,325.7504285755841,17535800,-0.0020084029128347725,0.013610952898894357,0.02310951856785537,0.007191713644214711,0.010040871923880396,316.60774993896484,324.66191040039064,0.9751921608189487,66.51681417685023,0.11253270248550962,-1.5859252680071625,1.698457970492672,0.8716247517212996,5.33,307.346,14.45,3.733333333333333,0
2023-09-07,322.3598327636719,325.4572688809115,321.4999672739755,323.70825547986243,18381000,-0.008922160357381803,0.0034065004399068677,0.02600153796975757,0.00894180984712213,0.009869851937675084,317.01622161865237,324.58465698242185,0.9766827075742543,67.49947987624415,0.2702375746120538,-1.2146926994833194,1.4849302740953731,0.9227916896034195,5.33,307.36,14.4,3.74,1
2023-09-08,326.6200561523437,328.46681688735,321.9201377501079,322.5357246617766,19530100,0.0132157389217753,0.01986211875305388,0.0373077318959143,0.010098580718670301,0.010222051807837767,317.603581237793,324.5676477050781,0.9785435593580384,71.59514928909775,0.7305627723873727,-0.825641605109181,1.5562043774965537,0.9819190561961012,5.33,307.374,13.84,3.7466666666666666,1
2023-09-11,330.2060852050781,330.6751109123213,327.75351820340376,329.5220931094113,16583300,0.01097920652815576,0.028236075370830616,0.054968638155331595,0.010509544080034022,0.010240430633003231,318.4638427734375,324.6379583740234,0.9809815351491565,70.34985005069555,1.3689559113481664,-0.3867221018177116,1.755678013165878,0.8503770169039052,5.33,307.416,13.8,3.7666666666666666,0
2023-09-12,324.1772155761719,329.08234867340195,323.89387388585794,328.13454656577954,17565500,-0.018257899835982583,-0.005336420831058564,0.026022824398865607,0.013296627595405688,0.011120241572066206,318.87494506835935,324.48063110351563,0.9827241274276,60.33291505189234,1.372585369922092,-0.03486060746975089,1.4074459773918429,0.9036873665118378,5.33,307.43,14.23,3.773333333333333,1
2023-09-13,328.3690490722656,329.1409777651763,323.59097536312447,323.7277558674077,16544400,0.012930685115064122,0.009552849590375612,0.04632925520882014,0.014625101082057123,0.011237410846617769,319.60191955566404,324.4568695068359,0.9850366862056235,60.11160012465084,1.6941782403459342,0.31094716209338613,1.383231078252548,0.8520798558338815,5.33,307.444,13.48,3.78,1
2023-09-14,330.9486389160156,333.05917964974554,328.86738060055865,331.388322477558,20267000,0.007855764272053145,0.026643537064496403,0.05711600857622323,0.013366340659337164,0.01124364916170646,320.4959777832031,324.4815802001953,0.9877170148933162,73.17497882286025,2.1326108387225418,0.6752798974192172,1.4573309413033244,1.0449656984479678,5.33,307.458,12.82,3.786666666666666,0
2023-09-15,322.6627502441406,329.6784251727831,322.10578782450574,329.2094292987057,37679800,-0.025036781232926297,-0.012115930524356,0.04209802766459836,0.017909957164650395,0.012519640050060269,321.14771423339846,324.2797277832031,0.9903416301376121,57.890175869733206,1.7908263327001919,0.8983891844754122,0.8924371482247797,1.8638580037371342,5.33,307.47200000000004,13.79,3.793333333333333,0
2023-09-18,321.5292358398437,322.8385654506952,318.8910152474716,320.29806225418173,16834200,-0.003513000504208441,-0.026277072876611518,0.03974949386095128,0.0163250362818602,0.012561865675607494,321.76231536865237,324.1341845703125,0.9926824466083254,55.78581272975896,1.412215370286333,1.0011544216375963,0.41106094864873666,0.8493548304905377,5.33,307.514,14.0,3.8133333333333335,0
2023-09-19,321.128662109375,321.8517470885968,317.0834237409372,318.7054373268487,16505900,-0.0012458392140372032,-0.00940397202616039,0.02103263910222264,0.014606645044157967,0.01206574344026983,322.0930679321289,324.0857421875,0.993851397960549,50.28552952850278,1.0675346278416669,1.0144304628784104,0.05310416496325643,0.8489256956645175,5.33,307.528,14.11,3.82,0
2023-09-20,313.42901611328125,322.0471733986375,313.17498661327795,321.9690173569062,21436500,-0.02397682581653604,-0.04549768926515496,-0.005241001716975058,0.014625889414394824,0.013301649753863097,322.0105010986328,323.8708245849609,0.9942559707602187,41.90227633374789,0.17110320170417026,0.8457650106435625,-0.6746618089393922,1.087546849137849,5.33,307.54200000000003,15.14,3.826666666666666,0
2023-09-21,312.2173767089844,317.9041899225686,307.791049475954,311.95356654433346,35560400,-0.0038657537815801613,-0.05659869842155374,-0.022844027181121107,0.011896780009938868,0.012888121776940854,321.64554901123046,323.5394348144531,0.9941463525016393,41.72529937064178,-0.6298340014723749,0.550645208220375,-1.1804792096927499,1.740548173509556,5.33,307.55600000000004,17.54,3.8333333333333335,0
2023-09-22,309.7550354003906,314.0934255806642,308.9147015377864,313.96639594173394,21447900,-0.007886624807846188,-0.040003734034943506,-0.009250912680126233,0.009193313111782349,0.012087395875240622,321.50093536376954,323.0523223876953,0.9951977221136831,38.65629683333655,-1.4465973960828364,0.15119668735973268,-1.5977940834425692,1.0545260559813951,5.33,307.57000000000005,17.2,3.84,1
2023-09-25,310.2728881835937,310.3999178157117,307.7910094721355,309.34461765593346,17836000,0.0016718139304294777,-0.03500878427695098,-0.016843303128591947,0.010088539924814944,0.011879211205084244,321.2351577758789,322.52525451660154,0.996000013262043,32.96451383488527,-2.0287161026465697,-0.28478587064152777,-1.7439302320050418,0.8853152868526262,5.33,307.612,16.9,3.86,0
2023-09-26,304.9965209960937,308.650919524038,302.92501329864484,307.918083681108,26297600,-0.017005569575830548,-0.05023575599672503,-0.03571197695463657,0.010277770429074129,0.012390259253716234,320.6703872680664,321.8831042480469,0.9962324304569713,29.949751717566045,-2.8825795247104793,-0.8043446014553182,-2.0782349232551613,1.2691310002678449,5.33,307.62600000000003,18.94,3.8666666666666663,1
2023-09-27,305.63165283203125,307.10707545013054,302.60259191792346,305.15284644995364,19410100,0.002082423215396867,-0.024877605072887832,-0.04756253910462338,0.007880777802274756,0.011828201656745628,319.9072601318359,320.9853234863281,0.9966413936226648,32.67210176424659,-3.468045141697644,-1.3370847095037834,-2.13096043219386,0.936454349291813,5.33,307.64000000000004,18.22,3.873333333333333,1
2023-09-28,306.46221923828125,308.2601064170978,302.3681069221391,303.87284184688065,19683600,0.002717540537944485,-0.01843317476870443,-0.046077855647822186,0.0086319518653066,0.011857781646576316,319.16709899902344,320.1901525878906,0.9968048561749995,27.522405043993473,-3.8209653830926413,-1.8338608442215552,-1.9871045388710862,0.9395378586464156,5.33,307.654,17.34,3.88,1
2023-09-29,308.5238342285156,312.15870054663463,307.771466967037,310.4780627905331,24147300,0.006727142403910591,-0.0039747575702313576,-0.036642835198863244,0.009301373558474393,0.012024635268531016,318.580339050293,319.596318359375,0.9968210544029498,24.97167737571864,-3.8894667652143085,-2.244982028420106,-1.6444847367942024,1.158860043724863,5.33,307.668,17.52,3.8866666666666663,1
2023-10-02,314.4354248046875,314.5233913479347,307.96693177846345,309.0417636602757,20570000,0.019160887815860894,0.0134157278306275,-0.020872534926380304,0.012998684827308786,0.01288067986305196,318.2451904296875,319.1811682128906,0.997067565770112,38.7242964937899,-3.4272316566382415,-2.481431954063733,-0.9457997025745084,0.974026819594086,5.33,307.7105806451613,17.61,3.893548387096774,0
2023-10-03,306.2178955078125,314.03481069195016,304.0877634575696,313.48759919542874,21033500,-0.02613423504040402,0.004004552274005979,-0.06044048342498742,0.016605469557509675,0.013474893677495065,317.26026306152346,318.5755364990234,0.9958713922231628,26.546644082999492,-3.68155427438046,-2.7214564181270786,-0.9600978562533813,0.9901614664379114,5.33,307.7251612903226,19.78,3.887096774193549,1
2023-10-04,311.660400390625,312.71570064039577,306.8139213204077,306.8432335596144,20720100,0.017773307708835784,0.019725533997314804,-0.041816985468721146,0.01828044504353991,0.014256810531440435,316.58018951416017,317.96428283691404,0.9956470163554069,30.74517301825506,-3.4046949184341315,-2.8581041181884896,-0.5465908002456419,0.9681516103152505,5.33,307.7397419354839,18.58,3.8806451612903214,1
2023-10-05,312.05126953125,312.6571055637684,307.6933472507753,311.78745935358154,16965600,0.0012541508004708657,0.018237322391192246,-0.03197843584929294,0.018318764771957114,0.01417951573970575,316.06476135253905,317.6184552001953,0.9951083011008383,37.42469471023964,-3.117801931264694,-2.9100436808037307,-0.2077582504609632,0.7953517285220436,5.33,307.7543225806452,18.49,3.8741935483870966,1
2023-10-06,319.7704772949219,321.65630098463043,309.06128169271835,309.3055602997531,25673600,0.024736985609022932,0.03645307693821853,-0.0209710908084193,0.02066883353671521,0.01501918470848128,315.72228240966797,317.5644940185547,0.9941989370865274,48.19715967638911,-2.2417204595283238,-2.7763790365486494,0.5346585770203256,1.1864989163797308,5.33,307.76890322580647,17.45,3.867741935483871,1
2023-10-09,322.2718200683594,322.74081581096533,315.7837673168204,317.3178438029665,19891200,0.00782230678265683,0.024922113240069876,-0.024028222047425607,0.019646898164765877,0.01490333956842095,315.32556915283203,317.411376953125,0.9934286923792244,51.12342600695667,-1.3302478549076113,-2.487152800220442,1.1569049453128306,0.9122934793526364,5.33,307.81264516129033,17.7,3.848387096774193,0
2023-10-10,320.8746032714844,323.52257487302114,320.1710797301385,323.38576454759857,20557100,-0.00433552271675075,0.04786365519025626,-0.01018767558607614,0.011862033402941521,0.014376018748196516,315.16043853759766,317.27809265136716,0.9933255583577387,58.35160704859929,-0.7124305119508563,-2.132208342566525,1.4197778306156685,0.9364103185474117,5.33,307.8272258064516,17.03,3.841935483870968,1
2023-10-11,324.8124389648437,325.20327882959333,321.60750436322496,323.63010886357574,20063200,0.01227219497339771,0.042199902707351855,-0.010831136848830192,0.011129565729940727,0.014344568886154629,314.98260803222655,317.2153747558594,0.9929613540158598,63.31346440076099,0.09386262416018099,-1.6869941492211837,1.7808567733813647,0.9066461566548556,5.33,307.8418064516129,16.09,3.835483870967742,0
2023-10-12,323.58123779296875,325.99471177384464,321.1970760539996,323.0047438226922,19313100,-0.003790498836185874,0.0369489548273223,-0.02226146373400406,0.012118375555797757,0.014225707867005217,314.6142379760742,317.3004229736328,0.9915342533351057,65.00537542170402,0.6262886330529795,-1.2243375927663511,1.8506262258193307,0.8746346178797614,5.33,307.8563870967742,16.69,3.829032258064516,0
2023-10-13,320.22967529296875,326.1900485749301,318.8910036746948,324.7732507534645,21072400,-0.010357715802250422,0.0014360237440662615,-0.007540613068384605,0.009377143165309404,0.013268304653883662,314.4925842285156,317.3348199462891,0.9910434167978965,60.17981858391624,0.7689332140026295,-0.8256834314125551,1.5946166454151847,0.9915973227568724,5.33,307.8709677419355,19.32,3.8225806451612905,1
2023-10-16,325.02740478515625,328.4473057791793,323.034082713558,323.47376637843024,22158000,0.01498215144426629,0.008550498508409277,0.010879784963178318,0.011181836052203442,0.013670616394230612,314.66749267578126,317.4433294677734,0.9912556461758194,70.681992916651,1.2546538769267954,-0.409615969744685,1.6642698466714805,1.0297829801384057,5.33,307.9147096774193,17.21,3.803225806451613,0
2023-10-17,324.4606628417969,325.82861728065586,319.9170860395432,322.04718865285014,18338500,-0.0017436743333504312,0.01117589093605642,0.01037590575233982,0.010885094186205235,0.013674664587320985,314.83409271240237,317.49506774902346,0.9916188460643283,69.4685465350734,1.5756960204664097,-0.012553571702466071,1.5882495921688757,0.8486594688225183,5.33,307.9292903225807,17.88,3.796774193548387,0
2023-10-18,322.5552062988281,327.909803713785,320.78663169696983,324.8807432411604,23153600,-0.005872688930238179,-0.006949341820803534,0.029117247339501162,0.009675273041203851,0.012511533134000115,315.2904022216797,317.5878717041016,0.9927658777707907,66.27777115830898,1.6572658842509327,0.3214103194882137,1.335855564762719,1.06724979073172,5.33,307.943870967742,19.22,3.7903225806451615,1
2023-10-19,323.737548828125,329.1703024841639,323.33692834747904,324.5485406563444,25052100,0.003665550907901105,0.00048306581748192023,0.03689792105927059,0.009780356892558625,0.012454413540975885,315.86641082763674,317.7788146972656,0.9939819655018516,65.66707877930021,1.7966055988494531,0.6164493753604616,1.1801562234889915,1.1834207440281823,5.33,307.9584516129033,21.4,3.783870967741936,0
2023-10-20,319.19390869140625,324.3237582391077,318.00182817517407,324.1283234715317,25027700,-0.014034949461889545,-0.003234449151581331,0.03047205763359062,0.010846721534089533,0.012779981280109638,316.3383544921875,317.8652355957031,0.9951964514123285,55.04234997063703,1.522845129593179,0.7977285262070051,0.725116603386174,1.1723556278592848,5.33,307.97303225806456,21.71,3.7774193548387096,1
2023-10-23,321.7832946777344,325.1152580837002,316.96612824184217,318.0213985858915,24374700,0.008112266292749082,-0.00998103562856878,0.03709768701198857,0.008576954980309756,0.012863297481238802,316.9138748168945,318.04088439941404,0.9964564003000816,68.72775366240722,1.4975667764687728,0.9376961762593586,0.5598706002094141,1.1245458508937654,5.33,308.01677419354843,20.37,3.758064516129033,1
2023-10-24,322.9656066894531,324.24562410946174,320.1026687848026,323.7179740081932,31153600,0.003674249195884549,-0.004607819447970285,0.05891570708634264,0.00894766858354582,0.012070194667812303,317.8123291015625,318.18109313964845,0.998841024667911,65.15571418401943,1.5550109990130636,1.0611591408100998,0.49385185820296384,1.4213738054881957,5.33,308.0313548387097,18.97,3.751612903225807,1
2023-10-25,332.87359619140625,338.2770379621599,329.8933791970604,337.1240202368528,55053800,0.030678156734751383,0.03198953137658789,0.08913325274704653,0.016006662860145227,0.013564928649863335,319.17442626953124,318.5619738769531,1.0019225533579055,72.2394393741852,2.3726771621422245,1.3234627450765248,1.0492144170656996,2.3229319157886654,5.33,308.045935483871,20.19,3.7451612903225806,0
2023-10-26,320.3860778808594,333.81162115649903,319.4578072066944,332.7465699625012,37828500,-0.03751429507603965,-0.010352431960387043,0.04543417677123851,0.025535536624585672,0.01648986977776873,319.87061920166013,318.7083459472656,1.0036468240294742,50.59671716813155,1.9901044371183616,1.4567910834848923,0.5333133536334693,1.5372827176237374,5.33,308.0605161290323,20.68,3.738709677419355,1
2023-10-27,322.2621154785156,329.0139799295623,320.8843805209721,322.8679216685348,29856500,0.00585555280699146,0.0096123600844642,0.04452907596054456,0.024691671072914072,0.016478851591917545,320.55753326416016,318.9610278320313,1.0050053307232556,49.99047766203246,1.8173441396948533,1.5289016947268845,0.2884424449679688,1.1994011129304651,5.33,308.0750967741936,21.27,3.732258064516129,1
2023-10-30,329.5904541015625,331.6814932194884,324.23585648353105,325.77971392594014,22828100,0.022740304463543026,0.02426216510601331,0.04819758876178981,0.02638182774989093,0.016689582724095757,321.3152847290039,319.3680926513672,1.0060970150820994,57.66052307027112,2.24587696902546,1.6722967495865997,0.5735802194388602,0.9129142123140103,5.33,308.11883870967745,19.75,3.712903225806452,1
2023-10-31,330.37213134765625,331.241777466002,327.0304168400943,331.0952162716641,20265300,0.0023716622746994265,0.022932858808476286,0.07887924316045569,0.0264056842916797,0.015273619979693448,322.5229965209961,319.6852630615234,1.0088766477137439,55.17354579573445,2.6183840433287173,1.8615142083350233,0.756869834993694,0.8116725313294351,5.33,308.13341935483874,18.14,3.706451612903226,1
2023-11-01,338.1499938964844,339.46910432501784,331.8769062105877,332.01371654234873,28158800,0.02354273200073087,0.015851055071499642,0.08499505703213561,0.024803446260349672,0.01560013967106483,323.84747619628905,320.14665588378904,1.0115597656401676,62.084518650937696,3.50085145252325,2.1893816571726687,1.3114697953505812,1.1112711613239055,5.33,308.148,16.87,3.7,1
2023-11-02,340.3484802246094,340.8467882699962,336.87970636333785,339.29318001958046,24348100,0.00650151225138873,0.06230733393844079,0.09068128687912802,0.010112820514027072,0.015592059503085879,325.26233673095703,320.5632971191406,1.0146586950347904,67.01363923764791,4.3277253810300635,2.6170504019441476,1.710674979085916,0.9470875175210277,5.33,308.1677666666667,15.66,3.7033333333333336,1
2023-11-03,344.72589111328125,346.2795289919968,339.3810750406,341.62845567867816,23637700,0.012861555561473503,0.06970653562988605,0.07804164421139848,0.009479087756397274,0.01499410231898524,326.510107421875,321.2048687744141,1.016516681916135,66.7774628675041,5.275437442847931,3.148727810124904,2.126709632723027,0.9231096670389665,5.33,308.18753333333336,14.91,3.706666666666667,1
2023-11-06,348.3705444335937,349.3574393741001,345.26332825669493,345.3610456461087,23828300,0.010572612659125014,0.05698007966651897,0.08098357578921522,0.007992312769166903,0.015044769289103479,327.8150436401367,321.86051086425783,1.018500352093178,69.34985223577664,6.248569523182027,3.768696152736329,2.479873370445698,0.923453855307361,5.33,308.24683333333337,14.89,3.716666666666667,1
2023-11-07,352.2790832519531,354.16490704694723,349.44545721598166,351.17493911544506,25833900,0.011219487068615974,0.06630992697517768,0.09787150388433252,0.00637265428578774,0.014992659476544276,329.38526763916013,322.58025390625,1.0210955681586382,73.29961639043397,7.251578443162714,4.465272610821606,2.7863058323411076,0.9910464434457047,5.33,308.26660000000004,14.81,3.72,1
2023-11-08,354.887939453125,355.54258936078696,352.2985626023582,353.40270657525184,26767800,0.007405651726719142,0.04949858305117849,0.09259343818275556,0.0026720472232587378,0.014904008804755956,330.88904266357423,323.2601287841797,1.0235999221682173,73.88368142487447,8.162886456994158,5.204795380056117,2.9580910769380413,1.0138348510227715,5.33,308.2863666666667,14.45,3.7233333333333336,0
2023-11-09,352.4354553222656,356.4416310081341,352.1129908166349,354.00859546088725,24847300,-0.0069105874227188835,0.0355135274577385,0.08917147893401078,0.008040367500923132,0.01501177398857254,332.3317535400391,323.8835290527344,1.0260841436179644,76.33137639500147,8.588210110303635,5.881478326105621,2.7067317841980136,0.9313348002669491,5.33,308.3061333333333,15.29,3.7266666666666666,1
2023-11-10,361.2098693847656,361.6300213922687,352.80668013888885,353.2170514609085,28042100,0.0248965134750041,0.04781763916324899,0.12797125704950774,0.01134497050619979,0.01525704437737674,334.3807632446289,324.7025457763672,1.0298064108032199,78.44360156016765,9.52352281106971,6.60988722309844,2.913635587971271,1.0375310977026548,5.33,308.3259,14.17,3.73,0
2023-11-13,358.2883605957031,360.0374040118228,357.5262124297735,359.7931253712149,19986500,-0.008088120056183978,0.028469158258585203,0.10233277354730275,0.013702364571913967,0.015425345913710716,336.04381103515624,325.4455450439453,1.032565405035057,74.85915117859408,9.914732655436183,7.270856309565989,2.6438763458701935,0.7424641458709034,5.33,308.3852,14.76,3.74,1
2023-11-14,361.7961120605469,363.43768679672274,358.9429549170476,362.51919694143055,27683900,0.009790302590381827,0.02701559434281564,0.1150692626087444,0.013572855452226912,0.015375612215141048,337.91058349609375,326.1631384277344,1.036017083736034,72.37007890742835,10.388068318099045,7.894298711272601,2.4937696068264437,1.0108625024487505,5.33,308.40496666666667,14.16,3.743333333333333,1
2023-11-15,361.9429931640625,365.3306622150657,359.436476024947,363.5193258281366,26860100,0.00040597756200067003,0.019879666020234943,0.12211176907417198,0.013677268283038889,0.015192619611236764,339.87997283935545,326.8967608642578,1.039716551307429,89.72564175720436,10.652249813421918,8.445888931702465,2.206360881719453,0.9741895143360557,5.33,308.42473333333334,14.18,3.7466666666666666,1
2023-11-16,368.30712890625,368.48335928952025,362.4423144168183,363.2060092906745,27182300,0.017583254441681406,0.045034270372915186,0.13767195136757948,0.013160766350320046,0.015402788523019406,342.1084518432617,327.8157067871094,1.0435999397229443,90.53757859379374,11.245516801289057,9.005814505619783,2.2397022956692734,0.9820815983669487,5.33,308.4445,14.32,3.75,0
2023-11-17,362.1192626953125,366.5447732050072,359.32882848725313,365.80064944827456,40157000,-0.01680083203741778,0.0025176314038588554,0.1344804923749534,0.013704016100283885,0.015608692430955654,344.25471954345704,328.52569091796875,1.0478776213255594,79.22491612845207,11.088554124799202,9.422362429455667,1.6661916953435352,1.4122525933528787,5.33,308.4642666666667,13.8,3.753333333333333,1
2023-11-20,369.5505981445313,370.950700532352,363.2452072509325,363.46060991672704,52465100,0.020521789959214498,0.031433445200684584,0.14844556649417062,0.01508427404521235,0.015921969709760866,346.64308471679686,329.3125811767578,1.052626302578877,81.44228951202,11.43202546395645,9.824295036355824,1.6077304276006252,1.7582588829773953,5.33,308.5235666666667,13.41,3.763333333333333,0
2023-11-21,365.27197265625,368.3561243217149,363.3627202596963,367.8176325584251,28423100,-0.01157791520231266,0.009607235898437372,0.13099340948547655,0.016779921014714205,0.0164494670342539,348.7584030151367,330.13447631835936,1.0564131529201988,73.06175088421283,11.229532594271404,10.10534254793894,1.1241900463324637,0.9569194191371764,5.33,308.5433333333333,13.35,3.7666666666666666,1
2023-11-22,369.9520263671875,371.85147806167527,367.1322205576516,370.0988850281661,23345300,0.01281251796272298,0.022127885756568988,0.11138891939768247,0.017386717319406633,0.015514632288127736,350.6123245239258,330.9661358642578,1.0593601173375806,74.1525497579638,11.316250071096931,10.347524052570538,0.9687260185263931,0.8302828669268744,5.33,308.5631,12.85,3.77,0
2023-11-24,369.540771484375,370.0694925138933,367.2986596667437,369.4428557559924,10176600,-0.001111643817310326,0.0033494941620828556,0.15342331329950798,0.01581060696067984,0.011936651085217107,353.07005920410154,331.737978515625,1.0643040051788095,71.64653755068657,11.222424342105171,10.522504110477465,0.699920231627706,0.3806515055906764,5.33,308.6026333333333,12.46,3.7766666666666655,1
2023-11-27,370.6961364746094,372.683733332582,368.336537498751,368.9044009726802,22179200,0.003126488548458317,0.02368521827714387,0.15029387157151808,0.01242325376802662,0.011968740780113354,355.49176025390625,332.6986462402344,1.0685097888772697,70.359265272545,11.113189148046558,10.640641117991285,0.47254803005527357,0.841689017326782,5.33,308.6619333333333,12.69,3.786666666666666,1
2023-11-28,374.70068359375,374.994400937648,370.2555718847297,370.44160282909473,20453100,0.0108027754408897,0.013936076615967297,0.1368675243193993,0.009828865434968633,0.011433025396628955,357.7472717285156,333.7620751953125,1.0718631573679165,70.41107687862713,11.220411040860313,10.756595102565091,0.4638159382952214,0.7796981367276512,5.33,308.6817,12.69,3.79,0
2023-11-29,370.93115234375,376.26721663239306,369.5506210654893,375.7385254123956,28963400,-0.010060113085053612,0.015493057532847576,0.12276768270569649,0.009281594632200213,0.011993291372942137,359.7752227783203,334.758125,1.0747318613351664,64.30239555821085,10.875845517670314,10.780445185586137,0.09540033208417675,1.0861147381518268,5.33,308.70146666666665,12.98,3.793333333333333,1
2023-11-30,370.9898986816406,372.1452267516367,367.6218003340975,370.578664516551,30554400,0.00015837531444695685,0.002805424056315342,0.09711638437944003,0.007537259512498306,0.011300016844447197,361.41721801757814,335.9093426513672,1.075936784505232,67.27858677488658,10.486631832522278,10.721682514973367,-0.23505068245108873,1.14065306890419,5.33,308.7212333333333,12.92,3.7966666666666655,0
2023-12-01,366.6818542480469,370.2555545365773,363.5487299547205,368.8848238631299,33040500,-0.011612295776523673,-0.007736405444098593,0.07737179847566544,0.009368104307259196,0.011860495708819939,362.73388671875,336.9986322021484,1.0763660503558492,55.5580629202505,9.718524895523899,10.521050991083474,-0.8025260955595748,1.2137702056251374,5.33,308.741,12.63,3.8,0
2023-12-04,361.4240417480469,361.7960736746708,355.3144534312384,361.3848694843087,32063300,-0.014338894709644667,-0.025012655418375496,0.04843892224294355,0.010402862571505012,0.012317422107347124,363.5687942504883,338.0320123291016,1.0755454542468734,53.04069290510906,8.58655265262746,10.13415132339227,-1.5475986707648097,1.159920933803042,5.33,308.8336129032258,13.08,3.790322580645161,1
2023-12-05,364.7334289550781,365.2817212233485,357.9776614584204,358.7903292029664,23065000,0.009156522048243465,-0.026600577674628312,0.04696977050137341,0.009784969952046552,0.012272198393823926,364.3869384765625,339.12122314453126,1.0745034919895389,52.85933781004134,7.865824061145474,9.680485870942912,-1.8146618097974372,0.8355523258078078,5.33,308.8644838709677,12.85,3.787096774193549,0
2023-12-06,361.0912170410156,366.3587674073999,360.3373225744815,365.7321604216408,21182100,-0.009985955837656713,-0.026527659487643906,0.025014638132119682,0.009776077683532341,0.012382838091968924,364.8275451660156,340.2431170654297,1.0722554751808786,49.223666665368654,6.920964823265535,9.128581661407438,-2.2076168381419023,0.7738628349031608,5.33,308.89535483870964,12.97,3.7838709677419353,1
2023-12-07,363.1962890625,363.68583789268007,358.66306211428184,360.5331422311326,23118900,0.0058297513817546776,-0.021007605993683898,0.023411191775572826,0.010842148205933972,0.012346961670589775,365.2429626464844,341.39440979003905,1.0698563074630087,44.9497483800306,6.269745070819681,8.556814343289886,-2.2870692724702053,0.8502890458287881,5.33,308.9262258064516,13.06,3.7806451612903222,1
2023-12-08,366.4076843261719,366.6328576380953,360.53309906732864,361.4828248793624,20154400,0.008842037653967516,-0.0007477051801138002,0.03964478826663487,0.01119467990012875,0.012302699259433784,365.9415740966797,342.5933190917969,1.0681515187359119,54.50243283822153,5.944259757933423,8.034303426218594,-2.090043668285171,0.7477105667391892,5.33,308.9570967741936,12.35,3.7774193548387096,0
2023-12-11,363.5389709472656,363.8327181906465,358.44768073859893,360.77793808950827,27708800,-0.007829293711953289,0.005851656101762748,0.006448056268415492,0.009351407638474573,0.01122903823022681,366.0580291748047,343.69362182617186,1.0650707663115841,43.01959936641348,5.3926658129623775,7.505975903567351,-2.1133100906049735,1.0286081263932378,5.33,309.04970967741934,12.63,3.767741935483871,1
2023-12-12,366.5545959472656,366.5937682209635,362.7165198765075,363.09838231575895,24838300,0.008295190449987278,0.004993145260649534,0.023071459362561386,0.009174515047150486,0.011176136978804754,366.4713409423828,344.73600524902344,1.0630492184234097,51.53432060798947,5.139613111768995,7.03270334520768,-1.8930902334386852,0.9138198592091312,5.33,309.08058064516126,12.07,3.764516129032258,0
2023-12-13,366.5447692871094,369.7464376106383,363.0200118977458,368.16027437565873,30955500,-2.6808176094128555e-05,0.015102976723674555,0.013125230117917441,0.0070108603252531255,0.010993097322927328,366.7087738037109,345.9425427246094,1.0600279772344527,45.41141464497224,4.881997465730194,6.602562169312183,-1.7205647035819887,1.1320632584756176,5.33,309.1114516129032,12.19,3.761290322580645,0
2023-12-14,358.2811584472656,365.94750897813526,356.5187948133364,365.50690312981,43277500,-0.022544615371038024,-0.013532986881340525,-0.010117158740346244,0.013051494421104225,0.01216215655013661,366.5256820678711,346.87495788574216,1.0566507432589058,37.48372516200206,3.9653211237380788,6.075113960197362,-2.109792836459283,1.5365598456818506,5.33,309.1423225806452,12.48,3.758064516129032,1
2023-12-15,362.98089599609375,364.61597239957655,358.6238993402138,359.1819921925265,78502300,0.013117456606415168,-0.009352392094014172,-0.014461389672183134,0.014091478028967068,0.01185089550582317,366.2593704223633,347.89355041503904,1.052791493218008,42.050120657114306,3.576846402440083,5.575460448645907,-1.998614046205824,2.5544829210974256,5.33,309.1731935483871,12.28,3.7548387096774194,1
2023-12-18,364.8607177734375,365.2034079122954,360.97369907312446,361.7276233545495,21802900,0.005178844942197669,0.0036357775418900395,0.0075705861591561785,0.01389897926282282,0.011280857256394277,366.39644317626954,348.79535522460935,1.050462506704901,39.3964825508741,3.3816813762261404,5.136704634161954,-1.7550232579358136,0.731310009547693,5.33,309.2658064516129,12.56,3.7451612903225806,1
2023-12-19,365.45794677734375,365.45794677734375,362.1094201402803,363.7249250586426,20603700,0.001636868467372432,-0.0029917758010586937,-0.01107467120263439,0.01330822833535149,0.010254993125787225,366.19181060791016,349.65907775878907,1.0472824356658805,43.669262321122226,3.2378788246467707,4.756939472258917,-1.5190606476121467,0.7300991144177008,5.33,309.2966774193548,12.53,3.741935483870968,0
2023-12-20,362.8731689453125,368.1700908565403,362.7850537417236,367.1616214647713,26316700,-0.007072709335846028,-0.010016785531922201,-0.006567171561216334,0.013611518746065204,0.010046358704353133,366.0718704223633,350.4990490722656,1.044430423966391,41.12989021792998,2.882121000487814,4.381975777904697,-1.499854777416883,0.9360345394529167,5.33,309.3275483870968,13.67,3.738709677419355,1
2023-12-21,365.7321472167969,366.583957397764,362.30530541678434,364.77262075610525,17708000,0.007878726001688152,0.02079648508959453,-0.011406557741630796,0.007543908288319195,0.009764539032048531,365.8608764648437,351.3174432373047,1.0413968435313796,48.92819749820907,2.798615319450505,4.065303686213858,-1.2666883667633533,0.6362179308689649,5.33,309.3584193548387,13.65,3.735483870967742,1
2023-12-22,366.7503662109375,367.3378307474357,364.9194584779402,365.8691843460341,17107500,0.002784056588651662,0.010384761998285308,-0.007551007869115445,0.00565004880383899,0.009791102854064421,365.7213562011719,352.1808258056641,1.0384476649588514,56.64716945058679,2.7825230353276424,3.8087475560366153,-1.0262245207089729,0.6070843361950193,5.33,309.3892903225806,13.03,3.732258064516129,1
2023-12-26,366.8286743164063,369.0610154296221,365.6929176265688,367.1615638820972,12673100,0.00021351882011155787,0.005393719978895595,-0.010432971314412343,0.005400317544647345,0.009758541501648786,365.5279830932617,353.1128057861328,1.0351592383614892,52.84420954778165,2.7444522566325418,3.595888496155801,-0.8514362395232591,0.4574388176348438,5.33,309.51277419354835,12.99,3.719354838709677,0
2023-12-27,366.25103759765625,367.2203346368523,365.0173650898164,365.8789757378514,14905400,-0.0015746771154858674,0.0021701288131947827,-0.02255038852625857,0.0055086318122884795,0.009390980421362098,365.10550079345705,353.9372784423828,1.0315542414752796,57.6398886259072,2.6372696318671274,3.4041647232980665,-0.7668950914309391,0.5434554929916905,5.33,309.5436451612903,12.43,3.7161290322580647,1
2023-12-28,367.4357604980469,368.5910885400905,366.33917592392487,367.5238756999293,14327000,0.0032347291304934966,0.012573515881583397,-0.009423290073150459,0.003584059636401151,0.009191607225404302,364.93073120117185,354.7967803955078,1.0285626909983998,56.45304691731473,2.6177480958926935,3.246881397816992,-0.6291333019242984,0.5366869368032121,5.33,309.57451612903225,12.47,3.712903225806452,1
2023-12-29,368.1798706054688,369.2764551389083,365.67338313483896,368.140698335078,18730800,0.002025143405784302,0.006692666770747424,-0.007574405896650038,0.0019943020435084233,0.00920739283336612,364.7902297973633,355.70927368164064,1.0255291520002654,52.91657249619559,2.6319807689162644,3.1239012720368464,-0.491920503120582,0.7175428673328331,5.33,309.60538709677417,12.45,3.709677419354839,0
2024-01-02,363.1179504394531,368.04281055620135,359.1036439905656,366.0454429301767,25258600,-0.013748497867880127,-0.009904327592123452,-0.009719335078367197,0.006832046230626605,0.009356231220972027,364.6120346069336,356.4968817138672,1.0227636013365744,49.353758003076635,2.209337741444415,2.94098856591836,-0.7316508244739452,0.9822519860983807,5.33,309.73893548387093,13.2,3.706451612903226,0
2024-01-03,362.8536376953125,365.45804133585006,360.8073269519671,361.2968758344811,23083500,-0.0007278977638554007,-0.010836221101039545,0.0039554533792254265,0.006769514656880474,0.008769138126252568,364.6835144042969,357.3700762939453,1.0204646068473178,43.79517153800426,1.8319447489757863,2.7191798025298457,-0.8872350535540594,0.9136190928520541,5.33,309.77987096774194,14.04,3.712903225806452,0
2024-01-04,360.2491760253906,365.301323264692,359.49528162444665,362.9221232500447,20901500,-0.0071777196074546135,-0.01638728892519603,-0.01229460360278578,0.007104243927790924,0.008654307129020086,364.4593017578125,358.13939392089844,1.017646502853886,40.28992683578915,1.3076262911907293,2.4368691002620224,-1.1292428090712932,0.8308150644978253,5.33,309.8208064516129,14.13,3.7193548387096778,0
2024-01-05,360.0631408691406,364.2830491168241,358.8392688743441,361.2576411312496,21004600,-0.0005164068889831341,-0.020065057410070586,-0.0028471370206665236,0.006408418538458716,0.008367044147830426,364.40789794921875,358.8813446044922,1.0153993887612551,53.66056405485577,0.8670933412457202,2.122913948458762,-1.2558206072130416,0.835207831738502,5.33,309.86174193548385,13.35,3.725806451612904,1
2024-01-08,366.8580017089844,367.3573509370132,361.2967357312922,361.58065245967487,23134000,0.0188713035814827,-0.0035902801918817895,0.010081910957670193,0.012199246840242498,0.009309370441202945,364.59098358154296,359.56103271484375,1.0139891434528399,57.33317171437305,1.0541052184986484,1.9091522024667393,-0.855046983968091,0.9198517437878496,5.33,309.9845483870968,13.08,3.7451612903225806,1
2024-01-09,367.9350891113281,368.1308907001316,363.4312342532303,364.2341014424794,20830000,0.0029359790363743254,0.013266043901286606,0.004168593756337824,0.009762545947390077,0.009124088953566478,364.66735382080077,360.51201293945314,1.0115262202983664,55.996980704367324,1.2745334026473074,1.7822284425028532,-0.5076950398555458,0.8271293667258522,5.33,310.0254838709677,12.76,3.751612903225807,1
2024-01-10,374.7691650390625,376.1399255368866,368.4540036584579,368.5029465849431,25514200,0.018574134759043126,0.032838384698117506,0.03089130736805079,0.011702981368341917,0.009780475859570443,365.22886352539064,361.56215393066407,1.0101412981277618,64.60835009096992,1.977877399817885,1.8213582339658596,0.1565191658520253,1.0175659768550822,5.33,310.0664193548387,12.69,3.758064516129033,1
2024-01-11,376.59033203125,382.5138608324762,372.4291670394017,377.9316910243427,27850800,0.00485943658677912,0.045360703350249,0.027378557505327805,0.009131951059358207,0.00968581038800825,365.7306503295898,362.5021514892578,1.0089061508381907,72.04913674188968,2.651668754244895,1.9874203380216668,0.664248416223228,1.1041222816973102,5.33,310.1073548387097,12.44,3.764516129032258,1
2024-01-12,380.35003662109375,380.5556387457832,376.6098767088899,377.4323150873344,21661200,0.009983539857660872,0.05634260619674514,0.03766325014222449,0.007467981843462338,0.009865393454404516,366.42091369628906,363.50170959472655,1.008030785067881,72.83572640168254,3.449268970672506,2.2797900645518347,1.1694789061206712,0.8748583633906194,5.33,310.14829032258064,12.7,3.770967741935484,1
2024-01-16,382.1124267578125,385.7938434606626,379.51782397721394,385.4315821131416,27202300,0.0046336005443177175,0.04158127934450495,0.06651555000499565,0.006371658667417949,0.008020963654545453,367.6124771118164,364.38095825195313,1.0088685173763356,73.45295934132066,4.1754510432167535,2.6589222602848186,1.516528782931935,1.1355154397214382,5.33,310.3120322580645,13.84,3.796774193548387,0
2024-01-17,381.3291320800781,381.9557389879291,376.7665338147622,379.8702862611416,22234100,-0.002049906317835748,0.036403277004921186,0.050548765200529644,0.007660686093172067,0.007751967964972962,368.52988891601564,365.2005712890625,1.0091164085948756,71.67108008089161,4.634328578260124,3.05400352387988,1.580325054380244,1.0516308505689607,5.33,310.35296774193546,14.79,3.803225806451613,1
2024-01-18,385.63720703125,385.7546939747168,381.9655906494616,383.5321529482961,23392100,0.011297523815377408,0.02899929611619645,0.05694361778544166,0.0052814708303723515,0.007980736314200395,369.56871337890624,366.0187976074219,1.009698725296868,76.06633632002146,5.284699251925929,3.5001426694890903,1.7845565824368386,1.1022594289734382,5.33,310.3939032258064,14.13,3.809677419354839,1
2024-01-19,390.3368835449219,390.3368835449219,385.2749354141452,387.4877057228784,29331100,0.012186781845692218,0.03650266707465866,0.06807605905676395,0.005948790434178304,0.008243915041047191,370.81266021728516,366.8581243896484,1.0107794691318777,78.13324775661012,6.108927401878077,4.021899615966888,2.0870277859111894,1.3542644687435432,5.33,310.4348387096774,13.3,3.816129032258064,0
2024-01-22,388.2220153808594,392.2460923450514,385.36303712070327,391.6586277842315,27016900,-0.005418058741607723,0.020696668862445033,0.06985594032543951,0.007840526332635964,0.008141686369874118,372.0801025390625,367.57698303222656,1.0122508201402838,73.81890349213293,6.516365359244389,4.520792764622389,1.9955725946220007,1.2454009491855447,5.33,310.5576451612903,13.19,3.835483870967742,1
2024-01-23,390.5620422363281,391.0320198597543,385.6959257751216,387.47789064929606,20525900,0.006027548059512,0.022112904179039106,0.06789092839796962,0.00788755194438863,0.008098657701390736,373.32159729003905,368.29046508789065,1.0136607723497477,84.87174873703101,6.947991367198426,5.0062324851375966,1.9417588820608298,0.9400789494294051,5.33,310.5985806451613,12.55,3.841935483870968,1
2024-01-24,394.14556884765625,397.1514059663693,392.07968703700567,393.14689994749176,24867000,0.0091753069264211,0.03360990726742252,0.07469713778271281,0.007152936829136385,0.008201806035382791,374.691357421875,369.1246673583984,1.0150807858583768,86.66801126602613,7.492845873853071,5.5035551628806925,1.9892907109723783,1.1190158672372972,5.33,310.63951612903224,13.14,3.848387096774193,1
2024-01-25,396.4072265625,398.5025096949156,394.11614184479663,395.8687348533506,21021200,0.005738127975042362,0.027927853782991674,0.08063315197813803,0.00666616748404423,0.008173304271659746,376.1702850341797,369.8286145019531,1.017147592921567,92.71330751654887,8.014754768013347,6.005795083907223,2.0089596841061237,0.9285142279394389,5.33,310.6804516129032,13.45,3.85483870967742,0
2024-01-26,395.4868774414063,397.6800763339306,394.01823107466254,395.917682766026,17803300,-0.00232172639503736,0.013193715771140369,0.07982459254045038,0.006191428644570201,0.008201378861221272,377.6320770263672,370.5725848388672,1.0190502278806448,91.13227003256533,8.258903347589921,6.456416736643764,1.8024866109461577,0.7813775195028375,5.33,310.7213870967741,13.26,3.861290322580645,1
2024-01-29,401.1558532714844,401.4104281984527,395.8785030835569,397.5723526181703,24510200,0.014334169231488447,0.03331557041641875,0.09177139625095565,0.006064587210082331,0.008524645459731483,379.3180816650391,371.35977966308593,1.0214301667487342,90.89418552355625,8.808295282733468,6.926792445861705,1.8815028368717632,1.0522260022199168,5.33,310.84419354838707,13.6,3.8806451612903214,0
2024-01-30,400.0494384765625,404.41620490062047,397.95418539261016,403.64273939955535,33477600,-0.0027580671848581595,0.024291649505697732,0.08655977802014125,0.0073952943158615446,0.008661780686536847,380.91156005859375,372.1219085693359,1.023620354746246,88.26398115604668,9.050090116852346,7.351451980059833,1.6986381367925123,1.3931002885647104,5.33,310.885129032258,13.31,3.887096774193549,0
2024-01-31,389.26959228515625,406.6388032074163,388.9073309710071,398.4535321203711,47871100,-0.026946285020314598,-0.012371004389965967,0.07201968895796496,0.015402236580598994,0.010424169265820248,382.2191421508789,372.54115783691407,1.0259782955798982,65.79224104580103,8.27646483353584,7.5364545507550345,0.7400102827808057,1.9025436746347515,5.33,310.92606451612903,14.35,3.893548387096774,1
2024-02-01,395.3400268554688,399.4718199134869,393.40140285508346,393.4307745878308,30657700,0.01559442271017586,-0.0026921802518222737,0.0895302837984362,0.01722552003285874,0.010707933617414461,383.84346160888674,373.2055731201172,1.0285040986924001,68.69017010035186,8.06028066180528,7.641219772965084,0.4190608888401952,1.200363816613248,5.33,310.967,13.88,3.9,1
2024-02-02,402.6245422363281,404.02464472350925,395.1246505510253,395.36942496681314,28256700,0.018425949527044683,0.018047791727247242,0.11762793374980784,0.019054614547878334,0.010787280409204467,385.9622299194336,373.86705200195314,1.0323515481043706,70.74592452244566,8.380151490269498,7.789006116425967,0.5911453738435304,1.090651186308529,5.33,311.0145172413793,13.85,3.9,0
2024-02-05,397.1709899902344,402.5658280683722,395.5456841655395,401.3321553615057,25352300,-0.013545007007776166,-0.009933454164392397,0.10305928296776146,0.01925385170134884,0.011544864370495718,387.81762237548827,374.5050323486328,1.0355471592554264,63.12288206136898,8.10022103151158,7.8512490994430895,0.2489719320684909,0.9704049513339178,5.33,311.1570689655172,13.67,3.9,0
2024-02-06,397.0142822265625,399.4424550677267,394.4882235276778,397.39614463854895,18382600,-0.00039455994425907637,-0.007586952906516342,0.08220150678763183,0.019254868488414137,0.011120749963966533,389.3254364013672,375.0462774658203,1.0380730586956652,63.81984997356874,7.77609118060758,7.836217515675988,-0.06012633506840803,0.7100842226961885,5.33,311.2045862068965,13.06,3.9,1
2024-02-07,405.3953552246094,405.6401296281696,398.8843620658444,398.9235343367266,22340500,0.02111025565892377,0.04142569380975525,0.10181215986699943,0.014770127975681342,0.01175239945646881,391.1984497070313,375.763369140625,1.0410765972258191,66.24270008625179,8.102102491787889,7.889394510898368,0.2127079808895207,0.8604599390527603,5.33,311.2521034482759,12.83,3.9,1
2024-02-08,405.4541320800781,406.8738356895148,403.9071708692484,405.3953886087612,21225300,0.00014498650443628414,0.025583306868916855,0.08187697896068191,0.014459220022194259,0.011341215440293468,392.73269805908205,376.4585290527344,1.0432296461639416,63.45412373094037,8.269881558911948,7.965491920501084,0.3043896384108633,0.8243156674658564,5.33,311.2996206896552,12.79,3.9,1
2024-02-09,411.7594299316406,412.0238053720999,406.4135661003917,406.5702252814866,22032800,0.015551198896937679,0.022688352887218155,0.09338821235982309,0.013843299898302727,0.011631926627301033,394.49115295410155,377.1997039794922,1.0458416292276556,69.49392440358665,8.810075453690388,8.134408627138946,0.6756668265514421,0.8654536013004901,5.33,311.34713793103447,12.93,3.9,0
2024-02-12,406.5801086425781,411.9455447595813,406.0807592685953,411.7693143498308,21202900,-0.012578512870785596,0.023690347204298856,0.0689629801393048,0.013530266787937555,0.012158219083746664,395.80265655517576,377.9126831054688,1.0473389072383004,62.670426016762605,8.719739337324427,8.251474769176042,0.4682645681483848,0.8336052664066069,5.33,311.4896896551724,13.93,3.9,0
2024-02-13,397.8270263671875,401.4986431273402,394.9582769763814,396.4758666187003,27824900,-0.02152855510962881,0.0020471408133402313,0.0411255916032669,0.01808137197745005,0.013366996314007878,396.58838653564453,378.44942565917967,1.0479296826646536,52.69191083405187,7.851341351396002,8.171448085620035,-0.3201067342240336,1.092616087686045,5.33,311.5372068965517,15.85,3.9,1
2024-02-14,401.6720581054688,402.0153819358465,396.84600689910087,400.2791853329973,20401200,0.009665084278945857,-0.009184360578274653,0.053347421725751465,0.01534335797589106,0.013431989574268652,397.60553283691405,379.14922973632815,1.0486782028105952,53.76256237568487,7.38822476203984,8.014803420903997,-0.6265786588641564,0.8039987917081861,5.33,311.58472413793106,14.38,3.9,0
2024-02-15,398.7980651855469,401.3190066322356,396.5714141818058,400.34791702088137,21825500,-0.007155073055062466,-0.016416325221262462,0.034127563197579036,0.015464899546499685,0.013443227371142242,398.2635757446289,379.89671020507814,1.0483469981344031,52.30208900451795,6.7119234432964845,7.754227425382495,-1.0423039820860103,0.8627929698116348,5.33,311.6322413793104,14.01,3.9,0
2024-02-16,396.3457946777344,400.4950474520792,395.7376363376296,400.171330958188,22296500,-0.006149153473629654,-0.03743359382556266,0.015394166900758677,0.011392578799218359,0.013319774548938864,398.5640213012695,380.5289575195313,1.0473947210201804,46.49924572622617,5.909945863107396,7.3853711129274755,-1.4754252498200797,0.8938405719393031,5.33,311.67975862068965,14.24,3.9,0
2024-02-20,395.1000061035156,396.7675320143623,390.41126629664336,395.5413968145009,24307900,-0.003143186053561342,-0.028235770257896697,0.017716642668779814,0.011129668601716129,0.013273075372205706,398.90792083740234,381.2091333007813,1.046428025958802,46.40510271800063,5.114886894211281,6.931274269184237,-1.8163873749729555,0.9797955633716666,5.33,311.8698275862069,15.42,3.9,0
2024-02-21,394.5016784667969,394.60959394201785,389.6363818587016,392.53007321174096,18518900,-0.0015143701024443734,-0.008358778262896105,0.010087094505934813,0.006723594787610451,0.013228656879578929,399.10490264892576,381.8352410888672,1.0452280452448843,54.45981007340365,4.385958296343972,6.422211074616184,-2.036252778272212,0.7494858614166083,5.33,311.91734482758625,15.34,3.9,1
2024-02-22,403.7908935546875,404.9483581581281,400.7697091781749,402.3587758261095,27009900,0.0235467061230068,0.0052750381971113924,0.024471478228794474,0.012741557886703805,0.01408258054172332,399.58716888427733,382.5829052734375,1.044445957664226,56.82876763675384,4.505897968315708,6.038948453356089,-1.5330504850403814,1.0884088660720221,5.33,311.96486206896554,14.54,3.9,0
2024-02-23,402.505859375,407.9204617572133,401.162019956702,407.73411674298126,16295900,-0.0031824248644514164,0.009297422713743675,0.015384766986679566,0.01220953301717003,0.014076009670000628,399.89210052490233,383.3622430419922,1.043118115523702,49.89380079552461,4.446008683095499,5.720360499303972,-1.2743518162084726,0.6629824588883055,5.33,312.01237931034484,13.75,3.9,0
2024-02-26,399.7593994140625,404.2911912249742,399.5828131595868,403.6045434024342,16193500,-0.006823403677159168,0.008612693214276934,0.010803195292590217,0.01232400391986818,0.014165237465436641,400.10572662353513,384.0263391113281,1.0418705330197302,52.43407085055448,4.129329289721738,5.402154257387526,-1.2728249676657875,0.6609809016173797,5.33,312.1549310344828,13.74,3.9,0
2024-02-27,399.7004699707031,400.52442923735737,396.13976854109416,400.20071277924296,14835800,-0.00014741227709902383,0.011643795991190586,-0.0036279747357850223,0.0120957275683014,0.013793243684207394,400.03295745849607,384.689453125,1.0398854302057259,52.530672774099905,3.829459845987458,5.087615375107513,-1.2581555291200548,0.6177600068289301,5.33,312.2024482758621,13.43,3.9,1
2024-02-28,399.9358520507813,401.48567367865326,397.58167859587735,400.3870613953607,13183100,0.0005888961804207948,0.013774779375094193,-0.00028393097166623527,0.011962454572071258,0.01377948367690932,400.027278137207,385.5225469970703,1.0376235611979574,43.92401666932723,3.5696557486407983,4.784023449814169,-1.2143677011733711,0.5731595708835582,5.33,312.2499655172414,13.84,3.9,1
2024-02-29,405.7428894042969,406.29219561123216,398.1702767687543,400.83834831741547,31947300,0.014519921941827274,0.0048341750167404385,0.04231847913533726,0.008108202309460796,0.012565746578309627,400.85094299316404,386.3777868652344,1.0374585615942196,50.28491006453384,3.7886651393346256,4.584951787718261,-0.796286648383635,1.4387720360142242,5.33,312.2974827586208,13.4,3.9,1
2024-03-01,407.5674133300781,407.9303446245592,403.0356216104399,403.4181602950467,17823400,0.004496748984215149,0.012575106267862957,0.030928784448834623,0.007842972397636984,0.012179885847024622,401.46231231689455,387.2319207763672,1.0367490146783267,45.462635215214675,4.062624090346958,4.480486248244,-0.4178621578970425,0.8265792385002999,5.33,312.345,13.11,3.9,0
2024-03-04,406.99847412109375,409.3820740419509,404.4481066223211,405.5467190993445,17596000,-0.001395938905752514,0.01810857910443575,0.010863550096750663,0.006483003361269019,0.011527173040130474,401.68100891113284,388.0627313232422,1.0350929797908037,50.50303641867718,4.18558111973573,4.421505222542346,-0.23592410280661635,0.8367170221699578,5.33,312.41061290322585,13.49,3.9,0
2024-03-05,394.9626770019531,406.3412180011649,392.991071894389,406.0567462440755,26919200,-0.02957209396210081,-0.011853358513932322,-0.0055601064627996966,0.016447126986431884,0.013022602625967309,401.5705932617187,388.704521484375,1.0330998768118547,46.807936100906495,3.274095476621767,4.19202327335823,-0.9179277967364632,1.2752985753610393,5.33,312.43248387096776,14.46,3.9,0
2024-03-06,394.4133911132813,397.4247865981622,390.784048581795,395.2765951551313,22344100,-0.0013907285945125025,-0.013808366789779036,-0.0065511273264394765,0.016384734674411167,0.01302529858992893,401.4405487060547,389.2781463623047,1.0312434757959168,41.269551122524035,2.4788392411641667,3.8493864669194178,-1.3705472257552511,1.0487120433788615,5.33,312.4543548387097,14.5,3.9,1
2024-03-07,401.3287963867188,401.9565620702222,394.56050584072034,398.3664344564578,18718500,0.01753339371647078,-0.01087903973883253,-0.010031093808752445,0.0172097071902349,0.01273799516991799,401.23722076416016,389.9697149658203,1.028893284185741,52.77417041174828,2.37918261991274,3.5553456975180824,-1.1761630776053424,0.8860773874527637,5.33,312.4762258064516,14.44,3.9,0
2024-03-08,398.4645385742188,402.58436507476455,396.61060766849016,400.171309298901,18002200,-0.007136935695339464,-0.02233464810516428,-0.017238925325538057,0.016884006519504745,0.01282457155751961,400.8877410888672,390.60243225097656,1.026331911910067,52.30176238473291,2.0455030755429107,3.2533771731230483,-1.2078740975801376,0.8587207340211005,5.33,312.4980967741936,14.74,3.9,0
2024-03-11,396.7970275878906,397.9348848449285,393.5992867821094,396.051557611515,16120800,-0.004184841623033342,-0.025065073168229812,-0.03633772843097738,0.016806152681478743,0.012247247642599712,400.1396209716797,391.2133520507812,1.0228168820775314,51.826871649848286,1.6277418373063028,2.9282501059596995,-1.3005082686533966,0.7799742360006532,5.33,312.5637096774193,15.22,3.9,1
2024-03-12,407.3515625,407.6360342642544,399.02366133031137,399.8378019777306,22457000,0.026599329577315256,0.03136723092948257,0.0018974215438072317,0.01489866683364381,0.013498052869555232,400.1781936645508,392.0116680908203,1.0208323533161734,61.39127395382836,2.1238434603113205,2.7673687768300237,-0.6435253165187031,1.083252777954646,5.33,312.5855806451613,13.84,3.9,0
2024-03-13,407.1749877929688,410.1961717884516,403.5946789555971,410.11771230614136,17115900,-0.000433470061947272,0.032355890969285594,0.02349755246933194,0.014781074780761712,0.012499602675783518,400.64559173583984,392.7915704345703,1.0199953916846538,53.578047842394305,2.4742379921867155,2.7087426199013622,-0.23450462771464675,0.8475051285847482,5.33,312.6074516129033,13.75,3.9,1
2024-03-14,417.101806640625,419.652174073812,410.0098292271171,412.21687278632703,34157300,0.02437973634250734,0.039301964862514804,0.03841379609010476,0.016300543984425223,0.013420951319470397,401.41707916259764,393.8712475585937,1.0191581174070885,63.048066251919266,3.512450163216215,2.8694841285643333,0.6429660346518817,1.6356169375392506,5.33,312.6293225806452,14.4,3.9,0
2024-03-15,408.4698181152344,414.53182378938754,404.9091164524236,411.2850199444151,45079900,-0.020695159761865867,0.025109585853778427,0.024252256402466754,0.02010063284722759,0.014223111108064781,401.90066680908205,394.7835711669922,1.0180278414855297,57.04532787261574,3.5972446580006476,3.015036234451596,0.5822084235490514,2.044796473580087,5.33,312.65119354838714,14.41,3.9,1
2024-03-18,409.3526306152344,412.6975312789775,405.8802070917239,406.34123515822085,20106000,0.002161267395651034,0.03164238175791945,0.032816888969582125,0.019558212192225453,0.014115177331457712,402.551008605957,395.76564025878906,1.0171449152148,57.7043636023494,3.693108639293257,3.1506507154199284,0.5424579238733287,0.9165491691294424,5.33,312.7168064516129,14.33,3.9,1
2024-03-19,413.3645629882813,413.6196087209555,407.6164248857175,409.8528945727863,19837900,0.009800675683987237,0.014761206392282622,0.046227680593809994,0.016411017815753073,0.014177534155693504,403.4642364501953,396.83166870117185,1.0167138065637045,60.10932903748728,4.046169228306383,3.3297544179972194,0.7164148103091632,0.9136361270807111,5.33,312.7386774193549,13.82,3.9,1
2024-03-20,417.1116333007813,417.8276771775804,412.6288753346162,413.94328882066856,17860100,0.009064807794388008,0.02440387009445888,0.05731269616356616,0.01645772084579418,0.014222753784490472,404.59473419189453,397.8367413330078,1.016986849520844,58.83249994665382,4.575585051142184,3.5789205446262122,0.9966645065159718,0.8237981309204393,5.33,312.7605483870968,13.04,3.9,1
2024-03-21,421.1725158691406,422.5948446210825,419.0047172996796,421.6237252238155,21296200,0.009735721193446123,0.009759509941473121,0.04304609784890823,0.013092925668861565,0.013482887886201828,405.4638153076172,398.90148986816405,1.0164509925536303,60.21499019772281,5.262171156524971,3.915570667005964,1.3466004895190071,0.9954051285598802,5.33,312.78241935483874,12.92,3.9,0
2024-03-22,420.5545654296875,421.6531778067011,417.9355573407252,421.4962588399353,17648500,-0.001467214540763484,0.029585410668075074,0.04484085295730367,0.005200712064739202,0.013452297722777362,406.3662506103516,399.81719787597655,1.016380117636677,60.17070619740705,5.690831789144568,4.2706228914336855,1.4202088977108822,0.8223086845740184,5.33,312.8042903225807,13.06,3.9,0
2024-03-25,414.7868347167969,419.2499850699005,413.5606994442316,417.1214010653521,18060500,-0.013714583521397872,0.01327511708766882,0.03759119941835132,0.010334827965323753,0.013781996722237316,407.1176223754883,400.5811279296875,1.0163175296838949,66.41758830546516,5.50172035567698,4.516842384282345,0.984877971394635,0.8378609899058175,5.33,312.86990322580647,13.19,3.9,0
2024-03-26,413.5999450683594,417.8570831519167,413.30568457627095,417.4843332386425,16725600,-0.0028614448412951354,0.0005694297507663482,0.034774727932331606,0.009685952422410337,0.01381691909911473,407.8125961303711,401.2461260986328,1.0163651923461166,65.72349772640078,5.196177803589933,4.652709468143863,0.5434683354460699,0.7725459267273981,5.33,312.89177419354843,13.24,3.9,0
2024-03-27,413.3841552734375,416.3465173372015,411.0103740796991,416.3366986755512,16705000,-0.0005217355502458165,-0.00893640390186845,0.033626150678155886,0.008335102048582562,0.01382427868540758,408.4850112915039,401.87156066894534,1.0164566276139322,61.09809408221514,4.880362911008433,4.698240156716777,0.18212275429165636,0.7653691205058905,5.33,312.91364516129033,12.78,3.9,0
2024-03-28,412.6876831054688,413.815721504757,411.118224059313,412.92309148516256,21871200,-0.0016848061520596813,-0.020145741813570983,0.017116242533216308,0.005466498209371553,0.013507437537061288,408.83225097656253,402.4987316894531,1.0157355012288487,63.63808212860646,4.5217538859170645,4.662942902556835,-0.14118901663977024,1.0257446851917467,5.33,312.9355161290323,13.01,3.9,1
2024-04-01,416.4641723632813,419.7207945425888,414.15903226844193,415.8560141116514,16316000,0.009150961883316988,-0.009726188710439954,0.021828926313100405,0.008132880419267303,0.01361170833636599,409.2770889282227,403.1152709960937,1.01528549865378,68.12508542895613,4.490520842540832,4.628458490553634,-0.1379376480128025,0.7679239719497837,5.33,313.023,13.65,3.9,0
2024-04-02,413.3939514160156,414.31600751259526,409.8626759328322,412.08932675524255,17912000,-0.007372113019574522,-0.003358070180149886,0.01571376233960775,0.0060667766310055935,0.013735991208968524,409.5968627929688,403.57641235351565,1.0149177460703018,56.45973663450453,4.169958572392545,4.536758506921417,-0.3667999345288715,0.8424143787981722,5.33,313.0280666666667,14.61,3.9,0
2024-04-03,412.4228515625,415.17920112214335,411.0888008867087,411.716596483538,16502300,-0.0023490906197085604,-0.002845971136830827,0.04420715064289604,0.006024430574387858,0.011768565705304561,410.4698715209961,404.06042907714846,1.0158625838676816,55.516617027528824,3.7938182462421537,4.3881704547855644,-0.5943522085434108,0.7956040565330479,5.33,313.0331333333333,14.33,3.9,0
2024-04-04,409.9019470214844,420.4859554910503,409.59786785676073,416.8761903565226,19370900,-0.006112426921701775,-0.008423661641433156,0.03926985304551822,0.006515439128348002,0.01189175262118945,411.2442993164062,404.44722717285157,1.016805831977307,41.03563707106516,3.2547892154023543,4.161494206908923,-0.9067049915065688,0.9406459125565296,5.33,313.0382,16.35,3.9,1
2024-04-05,417.3960266113281,418.36714603884514,410.33350586860576,411.99124304246095,16554800,0.01828261525542585,0.011408975112678688,0.04003507938943662,0.01104887337958718,0.011944342608157035,412.0476608276367,404.912236328125,1.0176221508251222,61.43789622858429,3.393199723017915,4.007835310130722,-0.6146355871128071,0.8081423460721635,5.33,313.0432666666667,16.03,3.9,0
2024-04-08,416.48382568359375,419.1224712417984,415.2184456732601,417.0527692258899,14272400,-0.0021854566636394512,4.7190902883409436e-05,0.0452218086303271,0.010443232162363468,0.0117946690635137,412.9486251831055,405.3137683105469,1.0188369048117527,59.13091863664747,3.3902038960255254,3.884309027309683,-0.49410513128415756,0.703125327148316,5.33,313.0584666666667,15.19,3.9,1
2024-04-09,418.14154052734375,419.5736580977935,413.57050478624086,418.29848942937065,12496900,0.0039802622371447605,0.011484418422345044,0.053792018224545046,0.009627653876448138,0.011700065942933015,414.01585083007814,405.7668615722656,1.0203293813246586,56.50894266481924,3.4814612966465575,3.803739481177058,-0.3222781845305005,0.6212010347302722,5.33,313.06353333333334,14.98,3.9,0
2024-04-10,415.1792297363281,415.93451830181,411.68719880938414,414.1296507389469,16216600,-0.007084469022809015,0.006683378875310453,0.01921599904585647,0.01040379580434789,0.010432620191474444,414.40723419189453,406.0473291015625,1.020588499150652,47.30943476077199,3.276974794754153,3.698386543892477,-0.4214117491383238,0.8188010280076545,5.33,313.0686,15.8,3.9,1
2024-04-11,419.7600708007813,421.1725811111206,414.2964045264092,417.6903687099733,17966400,0.011033406144527858,0.024049955973447057,0.030908290993088894,0.010140824745720886,0.01066204955554676,415.03648834228517,406.44154174804686,1.0211468211572878,48.06146288913786,3.444843349185021,3.647677904950986,-0.20283455576596499,0.9052074975469604,5.33,313.07366666666667,14.91,3.9,0
2024-04-12,413.8451232910156,417.06250067629605,411.7557842388935,415.95406972864896,19253800,-0.014091258128677286,-0.008507276288997945,-0.007807885983134422,0.00971045588086612,0.009764163905170134,414.8736541748047,406.93305236816406,1.0195132878993975,41.96044416393083,3.0652591577273256,3.5311941555062543,-0.46593499777892866,1.0079125147558061,5.33,313.07873333333333,17.31,3.9,0
2024-04-15,405.7428894042969,418.6712525249299,405.5368771254888,418.4554515197094,20273500,-0.019577937326619832,-0.02578956400447796,-0.006675961331782387,0.01262059770540666,0.009644078798103552,414.7373077392578,407.14110961914065,1.0186574087967266,39.73729594204306,2.0866003596933638,3.2422753963436763,-1.1556750366503126,1.1349863091769103,5.33,313.0939333333333,19.23,3.9,1
2024-04-16,406.6649169921875,410.4119935798852,405.8311689524943,406.65512826574127,16765600,0.002272442997693247,-0.02744674332208752,-0.006565766095132708,0.012331589738700575,0.009645598364021303,414.6029220581055,407.2219171142578,1.0181252644655094,42.082819159795754,1.3696180279634973,2.867743922667641,-1.4981258947041436,0.9474600897073857,5.33,313.09900000000005,18.4,3.9,0
2024-04-17,403.9772033691406,410.8828050323144,402.49602250375233,409.2839199801292,15855500,-0.006609160295719563,-0.02698118201698496,-0.022709638076563454,0.012318045819083292,0.009438223253482361,414.13355407714846,407.35804138183596,1.0166328193063985,39.8345547376218,0.5778670456761574,2.409768547269344,-1.8319015015931868,0.9062258697464991,5.33,313.1040666666667,18.21,3.9,0
2024-04-18,396.5517272949219,404.02627254838046,396.2378594372626,402.79031869935466,21029900,-0.018380928459058588,-0.055289545433858445,-0.04929113542856667,0.009119588001128321,0.0098671674916617,413.10555877685545,407.34879028320313,1.0141322832692101,34.776900544555104,-0.6413817246653366,1.799538492882408,-2.4409202175477445,1.1911799024394665,5.33,313.1091333333334,18.0,3.9,0
2024-04-19,391.50006103515625,397.7386525149493,390.1758290287668,396.3163237053195,30565800,-0.012738984379731644,-0.053993779310880896,-0.07045202076577017,0.00903493439134865,0.009681024156881787,411.62193603515624,407.07088439941407,1.0111799979073834,27.001538433856354,-1.9923063406729398,1.0411695261713385,-3.0334758668442783,1.687025614080017,5.33,313.11420000000004,18.71,3.9,1
2024-04-22,393.3049926757813,395.1589237744009,388.1944686964581,392.4417885622407,20286900,0.004610297213882175,-0.030654626497032655,-0.0647943810241719,0.009746035610418452,0.00984553103228173,410.25945739746095,406.8279016113281,1.0084349076662182,31.051065331545658,-2.88403556603447,0.2561285077301768,-3.140164073764647,1.1116060861103074,5.33,313.12940000000003,16.94,3.9,1
2024-04-23,399.7887878417969,400.4067648369335,395.3648819975192,396.5223465632018,15734500,0.01648541281386806,-0.01690858705306686,-0.03615844481959074,0.01397776069560408,0.010460488269559342,409.509555053711,406.58848876953124,1.0071843310001714,39.20550101141474,-3.032591492136646,-0.4016154922431878,-2.630975999893458,0.8676900238119134,5.33,313.1344666666667,15.69,3.9,1
2024-04-24,401.250244140625,404.5951441800033,399.01377498623856,401.7406981651391,15065300,0.003655570999671065,-0.006750279980585527,-0.029859048761946116,0.014128121205524135,0.010526576509951714,408.8920700073242,406.48189147949216,1.0059293626071744,42.47172572023401,-2.99783860707214,-0.9208601152089784,-2.0769784918631613,0.834607286727183,5.33,313.13953333333336,15.97,3.9,0
2024-04-25,391.421630859375,392.25540884693,380.6218216022703,386.507271018032,40586500,-0.024494971466747284,-0.012936764821431579,-0.05312860721411816,0.016105191643021093,0.011712053087496172,407.79394378662107,406.3537835693359,1.0035441043630382,28.280799206693146,-3.7204960830093796,-1.4807873087690586,-2.239708774240321,2.108954919864234,5.33,313.1446,15.37,3.9,1
2024-04-26,398.5626525878906,405.1151126000372,398.0133463554319,404.30097191316094,29694700,0.018243809655683396,0.018039822354204427,-0.03422692533803662,0.017108303620488534,0.01261255331543779,407.0876922607422,406.2915954589844,1.001959422273696,36.42844299904925,-3.6746277444118505,-1.9195553958976173,-1.7550723485142332,1.5122569421545053,5.33,313.1496666666667,15.03,3.9,0
2024-04-29,394.5703125,398.562615947593,391.5687358860943,397.5130370183344,19582100,-0.010016844433285765,0.003217146610853705,-0.052570812367944364,0.018133597507370137,0.01247499820663727,405.9929992675781,406.20704040527346,0.9994730737865061,32.759330357142886,-3.915292184209534,-2.3187027535600007,-1.5965894306495332,0.9890289161445949,5.33,313.1648666666667,14.67,3.9,0
2024-04-30,381.89697265625,394.4820415046003,381.74005368851095,393.8248198455559,28781400,-0.032119344619344625,-0.04475316899739312,-0.07619119402177443,0.02048173858867566,0.01409324251456785,404.4181503295898,405.9180639648437,0.9963048857185528,28.684459569597692,-5.070206907379031,-2.869003584323807,-2.2012033230552244,1.4148206809390453,5.33,313.16993333333335,15.65,3.9,1
2024-05-01,387.39990234375,394.05045900742965,382.85829240714,385.1143693830856,23562500,0.014409461403228407,-0.03451796478414326,-0.06067304254346817,0.02259182857019344,0.014674025012112346,403.16700286865233,405.7640618896484,0.993599583440432,29.516934229527877,-5.478294343253992,-3.3908617361098443,-2.087432607144148,1.138516027406527,5.33,313.175,15.39,3.9,1
2024-05-02,390.2445068359375,392.29460134045365,387.11540734616494,390.0679505478797,17709400,0.007342811588174847,-0.00300730447842934,-0.04795644501907326,0.020769325403072327,0.0148324636583402,402.184130859375,405.6789184570313,0.9913853359426503,34.45735759503211,-5.508670245565497,-3.8144234380009756,-1.6942468075645216,0.8591488995268699,5.33,313.1707741935484,14.68,3.9064516129032256,1
2024-05-03,398.8961181640625,399.3767535859637,394.18774100881984,394.5997356096934,17446700,0.022169719692588075,0.0008366704055351448,-0.044322195871050796,0.021704824253224193,0.015139330866382297,401.2591354370117,405.5810229492188,0.9893439602258013,45.523319920552915,-4.779535131508283,-4.007445776702437,-0.7720893548058454,0.8445771281076151,5.33,313.1665483870968,13.49,3.9129032258064513,1
2024-05-06,405.644775390625,406.0273140130064,398.6116505989638,400.95603550783153,16996600,0.01691833266671905,0.028067146817146726,-0.02602514101280673,0.02182858941481435,0.01572849151240644,400.7171829223633,405.64380126953125,0.9878548166353109,49.380216008478364,-3.6154533673044966,-3.9290472948228494,0.3135939275183528,0.8173984888568704,5.33,313.153870967742,13.49,3.932258064516129,0
2024-05-07,401.5249633789063,406.75322090554647,401.2797363262293,406.74340224425765,20018200,-0.010156206271241697,0.05139603643918833,-0.03973912069937191,0.01253643142875905,0.01580093396940314,399.88635406494143,405.67911254882813,0.9857208362355864,48.53563088604221,-2.9908677197343536,-3.7414113798051503,0.7505436600707966,0.9456109103646054,5.33,313.1496451612903,13.23,3.938709677419354,1
2024-05-08,402.7020568847656,404.3597941214035,398.9451617518151,400.3773092630151,11792300,0.002931557470185364,0.039499634482193624,-0.030052497711618442,0.012609127916836384,0.015786901643815257,399.26249542236326,405.73914428710935,0.9840374069006191,53.96888290560654,-2.373536830489968,-3.4678364699421143,1.0942996394521463,0.5629218106602992,5.33,313.14541935483874,13.0,3.94516129032258,1
2024-05-09,404.4481201171875,404.8404774527952,401.2895941728853,402.7315305808264,14689700,0.00433586867156599,0.03639670266318795,-0.03647786378152407,0.012710146553424251,0.01557881692795422,398.4968978881836,405.8293896484375,0.9819320829213333,58.727898534029364,-1.7235370801423642,-3.1189765919821646,1.3954395118398004,0.706760720525756,5.33,313.1411935483871,12.69,3.9516129032258074,1
2024-05-10,406.8218688964844,407.4496645311695,403.93799631140473,405.0562460600837,13402300,0.005869105730072599,0.01986920998103603,-0.016970731317745846,0.009644005577129798,0.015384092889104256,398.145735168457,405.85096923828127,0.9810146219823356,59.04198310746118,-1.005277691292008,-2.6962368118441336,1.6909591205521255,0.6540269188369884,5.33,313.1369677419355,12.55,3.958064516129032,0
2024-05-13,405.8213195800781,410.3629290881058,402.9766919421273,410.0294239104783,15440200,-0.002459428543308828,0.00043521869419649306,0.00019330018548546768,0.0065380279183333435,0.014743879943915517,398.14965667724607,405.81604736328126,0.9811087049517973,54.35487395861423,-0.5108985977317957,-2.259169169021666,1.7482705712898703,0.7624675282668582,5.33,313.12429032258063,13.6,3.977419354838709,1
2024-05-14,408.6071166992188,409.51935413927424,403.69275704643184,404.153785097042,15109300,0.006864590362140932,0.01763813950872417,0.004775921467227606,0.0036561378017351924,0.014814858107338022,398.2467666625977,405.84822021484376,0.9812702060188361,55.21126967601804,0.10448648618819334,-1.7864380379796942,1.8909245241678876,0.7491909008012401,5.33,313.12006451612905,13.42,3.983870967741935,1
2024-05-15,415.751220703125,416.4685861383269,410.0418663164104,410.660957995032,22239500,0.01748404203435605,0.032404015810858944,0.029145251850327014,0.007178126829056435,0.015194489045339328,398.83546752929686,406.2639910888672,0.9817150332726746,67.91530973904744,1.1553351022640186,-1.1980834099309516,2.3534185121949704,1.0855584772357076,5.33,313.1158387096774,12.45,3.990322580645161,0
2024-05-16,413.6973876953125,418.0506717757775,413.0684896947791,414.4933540645919,17530100,-0.004940052862235755,0.022868860350853115,0.043236882404597665,0.008854081994395212,0.014550249535933708,399.69275054931643,406.6496710205078,0.98289210353046,62.047169880071245,1.801644802529097,-0.598137767438942,2.399782569968039,0.8630542987539201,5.33,313.1116129032258,12.42,3.996774193548387,0
2024-05-17,412.9308776855469,415.5939551336606,410.7886480687753,415.2205329091171,15352200,-0.0018528277735467835,0.015016421820275738,0.054740263880740825,0.009234722702414972,0.014159583846519143,400.76429138183596,406.8817126464844,0.9849651112976819,65.40609166952186,2.2263351389659647,-0.03324318615796068,2.2595783251239254,0.785237803449641,5.33,313.1073870967742,11.99,4.003225806451613,1
2024-05-20,417.9720764160156,419.3772981518083,412.71474538865465,412.9309356548489,16272100,0.012208335590509378,0.02994114958896299,0.06271744371312482,0.009387687394394172,0.014312824474457203,401.99764556884764,407.2718634033203,0.9870498840985497,84.71663325523308,2.935845299699281,0.5605745110134877,2.3752707886857936,0.840923232118605,5.33,313.09470967741936,12.15,4.02258064516129,1
2024-05-21,421.6079711914063,425.46988664412265,417.49054998726376,419.4362322821608,21453300,0.008698893970543242,0.0318174940201974,0.054576776570941954,0.0094677263750729,0.014034006027471974,403.08860473632814,407.7680822753906,0.9885241691479371,84.14696112669475,3.7483152903369046,1.198122666878171,2.5501926234587335,1.0925371583736585,5.33,313.0904838709677,11.86,4.029032258064516,1
2024-05-22,423.0623168945313,424.9195918098365,419.7310556819618,422.6397727564984,18073700,0.0034495213622627308,0.017585266927278465,0.05436027285322198,0.0071195610288592075,0.014033385440051314,404.17920837402346,408.08229736328127,0.990435534659365,83.69439069142547,4.4581661904836665,1.8501313715992702,2.6080348188843963,0.9134294655383632,5.33,313.08625806451613,12.29,4.035483870967742,0
2024-05-23,419.603271484375,426.0889486573305,418.0506543072696,425.4698570651074,17211700,-0.008176207787891077,0.014275854682002986,0.07199816873463671,0.008152301375699837,0.012785160185653168,405.5882904052734,408.3308630371094,0.9932834549623873,73.79768606913734,4.687576621520805,2.4176204215835773,2.2699561999372273,0.9244705364192525,5.33,313.0820322580645,12.77,4.041935483870968,1
2024-05-24,422.7085571289063,423.59296088139126,417.05816150216543,419.7900037534496,11855300,0.007400527725978323,0.023678731651560536,0.060582456445015476,0.007858406575915931,0.012352302616623699,406.7955856323242,408.442998046875,0.9959666038530994,71.40288155316026,5.061609556267342,2.94641824852033,2.115191307747012,0.6688111709794634,5.33,313.0778064516129,11.93,4.048387096774193,1
2024-05-28,422.8658142089844,423.3571529882785,419.210252491479,422.18776429444347,15718000,0.00037202246660483773,0.011708288828600866,0.0717121912434413,0.006740524315777485,0.011988380098868814,408.2103607177734,408.73091796875,0.9987264059847403,79.7220321405649,5.309517867014961,3.419038172219256,1.8904796947957045,0.8964949829533059,5.33,313.06090322580644,12.92,4.074193548387097,0
2024-05-29,421.7357482910156,423.4750768037088,418.3160195321069,418.3160195321069,15517100,-0.002672398382646879,0.00030307088181524833,0.10431812370145432,0.005932318277769227,0.00874942975414732,410.2022994995117,408.9785803222656,1.002992135129135,76.54355349685996,5.353092990332357,3.8058491358418767,1.54724385449048,0.9198311035708803,5.33,313.0566774193548,14.28,4.080645161290322,0
2024-05-30,407.4869079589844,416.9500674611062,407.0643338259667,416.9500674611062,28394500,-0.0337861810144654,-0.03681587395889441,0.05185082777179084,0.015800628330624393,0.012041899340507867,411.20664978027344,408.8610272216797,1.0057369678262877,53.142069174431775,4.189569507865315,3.882593210246564,0.30697629761875067,1.6594189389233078,5.33,313.0524516129032,14.47,4.087096774193548,1
2024-05-31,407.93890380859375,409.53083651523417,397.5028738526741,409.53083651523417,47995300,0.0011092279059303767,-0.02779856228126576,0.04534182201851,0.016222579515687657,0.01199325683252895,412.09136962890625,408.6775726318359,1.008353277071423,51.20280131153746,3.2662893029626616,3.759332428789784,-0.4930431258271222,2.5768728250472943,5.33,313.0482258064516,12.92,4.0935483870967735,0
2024-06-03,406.3567504882813,409.2163453409128,401.8364584078778,408.3319416725267,17484700,-0.003878407539808393,-0.03868340577652052,0.01870319610668747,0.01468932367549132,0.011101836096212701,412.4644012451172,408.3812573242187,1.0099983626762206,50.56940954712718,2.3794872900600126,3.48336340104383,-1.1038761109838173,0.9386596719171131,5.33,313.079,13.11,4.1066666666666665,1
2024-06-04,408.8625793457031,409.2261651733177,402.5832565749533,405.2856193346044,14348900,0.006166573717332868,-0.0331150790457625,0.007932566004281716,0.01568708392908339,0.01053561372021379,412.6252914428711,408.14741760253906,1.0109712168868668,50.27330182956486,1.857477903448455,3.158186301524755,-1.3007083980763001,0.775829254735895,5.33,313.0965,13.16,4.109999999999999,1
2024-06-05,416.66510009765625,416.7338647316788,409.0886349128657,410.5724875475957,16988000,0.019083479746274223,-0.01202328285877352,0.037706588878915204,0.01958585137072077,0.011004886248894664,413.3822982788086,408.18498291015624,1.0127327451676396,50.96411406848023,2.049751658783805,2.936499372976565,-0.8867477141927602,0.9261091585479472,5.33,313.114,12.63,4.113333333333333,1
2024-06-06,417.1662292480469,417.9425528471417,413.29447761268017,416.66508413024746,14861300,0.0012027144828621328,0.023753698830581316,0.03591780105414322,0.0087712928534668,0.01100323291957161,414.10550689697266,408.25630859375,1.0143272698549848,53.78346946016817,2.2170106111855716,2.792601620618367,-0.5755910094327952,0.8034498828449802,5.33,313.1315,12.58,4.116666666666666,0
2024-06-07,416.5079040527344,418.8958034078802,415.6726221003712,418.8172023955245,13621700,-0.0015780884193313804,0.021005597073823656,0.029817876102508745,0.00912436399695785,0.011011637817403924,414.70849609375,408.31878356933595,1.0156488331703923,53.91069579236198,2.2702729017753427,2.688135876849762,-0.4178629750744194,0.7385653234262985,5.33,313.149,12.22,4.12,1
2024-06-10,420.4582214355469,420.6645753157591,416.5471841383872,417.34315052242914,13982900,0.009484375552960334,0.03470219439032607,0.03351922200262125,0.008062058705045663,0.011115826596364828,415.39031372070315,408.4741943359375,1.0169315944083304,52.78447317655391,2.6012555941509845,2.6707598203100065,-0.06950422615902196,0.75695804951038,5.33,313.2015,12.74,4.13,1
2024-06-11,425.1848754882813,425.3224647271418,417.8835891699695,418.1096157814106,14551100,0.011241673516565909,0.03992122773548634,0.04771448658301036,0.008267922551738685,0.011266577258061647,416.3584915161133,408.6486083984375,1.018866779328803,53.91057277306079,3.207983604131755,2.778204577074356,0.4297790270573989,0.7896175582475289,5.33,313.219,12.85,4.133333333333333,1
2024-06-12,433.4197692871094,435.7192312163597,425.74505981738713,427.7792095971262,22366200,0.019367795689748224,0.04021135723996627,0.060724964333294995,0.008364592238247159,0.011859005649680546,417.5991241455078,409.0491247558594,1.0209021334411887,59.861551881142844,4.303696694431892,3.0833030005458637,1.2203936938860283,1.1902688964008072,5.33,313.2365,12.04,4.136666666666667,1
2024-06-13,433.9306945800781,435.709368351957,431.7589858154619,433.213359235482,15960600,0.0011788232313656444,0.04018653514271664,0.0437268081767932,0.008369411131673382,0.011362329893690279,418.50809783935546,409.4792816162109,1.0220495068456403,64.45281787481109,5.15387396297308,3.497417193031307,1.656456769941773,0.8638120987057648,5.33,313.254,11.94,4.14,1
2024-06-14,434.9035949707031,435.4637283515464,429.1549255106968,430.68790003484014,13582000,0.0022420640041758144,0.044166486971732644,0.051260191401085065,0.0074018613884611305,0.01123746841662752,419.568408203125,409.9793145751953,1.02338921327742,62.85479546886046,5.83884394569219,3.9657025435634834,1.8731414021287067,0.7430169156427983,5.33,313.2715,12.66,4.1433333333333335,1
2024-06-17,440.6031188964844,443.1286073434569,433.0856417971322,434.92324397820295,20790000,0.013105258249624718,0.04791176966919064,0.06701422128090484,0.007669709379486364,0.01142431115060933,420.9520202636719,410.4434564208984,1.0256029513405063,66.74086363426889,6.763624684686135,4.525286971788014,2.2383377128981214,1.1206689299255799,5.33,313.324,12.75,4.153333333333333,0
2024-06-18,438.6082763671875,442.34246889984814,437.18341197055486,441.9198947788086,17112500,-0.0045275270277093105,0.03157073934836174,0.04937219760736422,0.009708294038792876,0.0113509987905937,421.9838302612305,410.8859454345703,1.0270096481760227,65.66889064348338,7.251956917347911,5.070620960899993,2.181335956447918,0.9203514788011256,5.33,313.3415,12.3,4.156666666666666,0
2024-06-20,437.9793701171875,438.79497924029823,433.6260860366594,438.5689526211533,19877400,-0.0014338677218063145,0.010520057351278034,0.038830857204900315,0.006678247431174694,0.011284481603141263,422.80240020751955,411.2827020263672,1.0280091968964302,87.906224700465,7.50174085271135,5.556844939262264,1.944895913449086,1.0736041657833568,5.33,313.3765,13.28,4.163333333333333,1
2024-06-21,441.9886779785156,442.774807970896,438.7753333987664,439.6302580124377,34187100,0.0091541020762127,0.018569747425301042,0.04473657976184775,0.007320863471459842,0.01139546063574268,423.74871826171875,411.81889099121094,1.02896862560577,88.88893536187948,7.9317814194672565,6.031832235303263,1.8999491841639937,1.7694897831634733,5.33,313.394,13.2,4.166666666666667,0
2024-06-24,439.9152221679688,444.90721036131976,438.6770389987755,442.0082999216464,15913700,-0.004691196661484653,0.011523535917433048,0.04840751267676935,0.008263833333108546,0.01125335405850951,424.7643157958984,412.2219940185547,1.030426134362882,87.90244749845594,8.01291323566295,6.4280484353752,1.5848648002877495,0.826453234064288,5.33,313.4465,13.33,4.176666666666667,1
2024-06-25,443.1383972167969,443.6002568065394,439.01114003233465,440.48515617122325,16413400,0.007326809545129542,0.005754108882983555,0.04833079374274507,0.006619057020914275,0.011251651258321064,425.78580780029296,412.8078594970703,1.0314382296864064,88.09535115627533,8.242282175487333,6.790895183397628,1.451386992089705,0.8424334251041403,5.33,313.464,12.84,4.18,1
2024-06-26,444.3274536132813,445.7425115856911,440.42622281234816,441.2221891732116,16507000,0.002683261942437065,0.01303937375159303,0.05075283620276383,0.005803861789797116,0.011241338008816167,426.8588897705078,413.57955078125,1.0321083065257293,86.04364492373286,8.422911545434033,7.117298455804909,1.3056130896291238,0.8455255068824762,5.33,313.4815,12.55,4.183333333333334,1
2024-06-27,445.0054931640625,448.267989524247,443.9441847148766,444.3470860716105,14806300,0.0015259906748217311,0.016042132406818732,0.055176126205430887,0.005427296715071129,0.011177921726470667,428.02237701416016,414.3463623046875,1.033006238146761,86.10769171092547,8.522531311745979,7.398345026993124,1.124186284752855,0.7597950042155812,5.33,313.499,12.24,4.1866666666666665,0
2024-06-28,439.207763671875,447.4917286115272,438.6771093729576,445.2217457631377,28362300,-0.013028444774837888,-0.0062918224950001544,0.07784509169085618,0.007863063161743738,0.008164568354455077,429.60841979980466,415.0509735107422,1.0350738757842852,75.97848598620456,8.04096118270769,7.526868258136038,0.5140929245716519,1.4555502981172783,5.33,313.5165,12.44,4.19,1
2024-07-01,448.81829833984375,449.447196335744,437.940051387917,440.8880838417333,17662800,0.021881522739084946,0.020238163453401903,0.1002096003827837,0.01253603489857681,0.009076346961850515,431.6523895263672,416.09630493164065,1.0373857792303207,78.73364586831116,8.338680101473471,7.689230626803526,0.6494494746699457,0.9829598149479144,5.33,313.569,12.22,4.2,1
2024-07-02,451.3240966796875,451.6287242891569,445.2609636362825,445.3494309967801,13979800,0.005583102001662121,0.018472106037983327,0.11065977404675342,0.012446993106185598,0.008842374878072067,433.9007568359375,417.29278564453125,1.0397993249889388,77.73151523706787,8.676800716203559,7.8867446446835325,0.7900560715200262,0.7856578854935019,5.33,313.58490322580644,12.03,4.2,1
2024-07-03,452.7882690429688,453.0339384006955,449.9483468618941,450.2529744663604,9932800,0.003244170595040119,0.019041847090212283,0.10743387122284287,0.012437735125912553,0.008851415321076798,436.09704132080077,418.482451171875,1.0420915861575548,73.99564297829137,8.959629184459573,8.10132155263874,0.858307631820832,0.5652325207869255,5.33,313.6008064516129,12.09,4.2,1
2024-07-05,459.460693359375,460.2370169877969,451.0194971621594,451.6483951731934,16000300,0.014736301208751135,0.03248319496582752,0.102709809992938,0.013202535669012638,0.008539178843099382,438.23682098388673,419.67588928222654,1.0442268240222354,77.43988800567851,9.611387568767157,8.403334755864424,1.2080528129027321,0.9130735992001625,5.33,313.63261290322583,12.48,4.2,0
2024-07-08,458.1635437011719,459.598274429734,456.4143789671548,458.46817132419625,12962300,-0.0028232004977812863,0.04315902767934321,0.0982757269854364,0.009776253602906475,0.008678111559499845,440.286686706543,420.8141552734375,1.0462734705786039,74.8269693313564,9.909016671273776,8.704471138946294,1.2045455323274812,0.7437368786151047,5.33,313.6803225806452,12.37,4.2,0
2024-07-09,451.5796508789063,459.2346874209495,450.0663190511327,458.9104170237532,17207200,-0.014370180501658947,0.006152495451448026,0.08420427676141173,0.010784374362352831,0.009591166733141239,442.04027404785154,422.01731567382814,1.0474458218427674,61.49893188283395,9.504067775207659,8.864390466198568,0.639677309009091,0.9772440017639824,5.33,313.69622580645165,12.51,4.2,1
2024-07-10,458.1733703613281,458.3797242331141,450.91136946375343,453.2305038870679,18196100,0.014601453961861521,0.01517595389217985,0.08970011050565874,0.012328795162765303,0.009808320569958338,443.9260314941406,423.2095300292969,1.048950933272721,68.69489806451772,9.604486373466273,9.01240964765211,0.592076725814163,1.0211888793389134,5.33,313.7121290322581,12.85,4.2,0
2024-07-11,446.823486328125,456.72886266734906,443.7280281074878,454.9600551032178,23111200,-0.024772029034014542,-0.013173447994691223,0.05089224026370642,0.017511392497538362,0.011615779760695853,445.0079620361328,424.25459350585936,1.0489172512164842,57.013758199546196,8.668305222747165,8.943588762671121,-0.27528353992395616,1.2666065639805881,5.33,313.72803225806456,12.92,4.2,0
2024-07-12,445.693359375,448.4546806966465,442.8436006787632,446.459846610387,16324300,-0.002529246979410371,-0.029964117025363612,0.02831802090633362,0.0147394436930002,0.010960580919050207,445.6216415405273,425.53052124023435,1.047214287336514,53.07855507873464,7.745893279652364,8.70404966606737,-0.9581563864150056,0.9097127775683351,5.33,313.743935483871,12.46,4.2,1
2024-07-15,446.0963134765625,449.3391675395858,443.6101403560481,445.44774266395785,14429400,0.0009041061372947468,-0.02633825931920941,0.028035856989230057,0.01503031635606193,0.010961116520156876,446.22992248535155,426.70444946289064,1.045758775299949,55.283105289626256,6.967078058495929,8.356655344553083,-1.389577286057154,0.8075601518813492,5.33,313.7916451612903,13.12,4.2,0
2024-07-16,441.7331848144531,446.4303821266817,438.92274152217504,446.3517811207802,17175700,-0.00978068755625039,-0.021804494611945113,0.015703686800312866,0.01446222657633696,0.011240957992198597,446.57140197753904,427.7342230224609,1.0440394477252033,48.821893750914676,5.929442444276333,7.871212764497733,-1.9417703202214005,0.9516899218621001,5.33,313.8075483870968,13.19,4.2,0
2024-07-17,435.8371276855469,437.14410559537976,431.5723108003405,434.9232447792037,21778000,-0.013347553074109286,-0.0487506348484773,-0.010816971116487273,0.010051538260687892,0.011277968474513487,446.3331024169922,428.4730432128906,1.041683040478296,43.40256023660674,4.5785673351684295,7.212683678631873,-2.634116343463443,1.2034052090459293,5.33,313.8234516129032,14.48,4.2,0
2024-07-18,432.74169921875,436.9475578488645,426.8751131633182,436.6429302135875,20794800,-0.007102259697870927,-0.03151532437360294,-0.013375436498891391,0.005668316290370698,0.01134108279775129,446.03977355957034,429.0149816894531,1.0396834436948423,40.815426317257,3.2210832285711604,6.4143635886197305,-3.19328036004857,1.1375029778030255,5.33,313.8393548387097,15.93,4.2,0
2024-07-19,429.5381164550781,433.4983352820313,424.5166491892186,425.5976003585523,20940400,-0.007402990674241661,-0.036247439141961935,-0.01927317640520554,0.005245790008918705,0.011441947004462695,445.61771087646486,429.57524475097654,1.0373449502072403,42.465466772245954,1.86526334363856,5.504543539623497,-3.639280195984937,1.1421468405162034,5.33,313.85525806451614,16.52,4.2,1
2024-07-22,435.2671508789063,436.89839903999433,431.3069619660928,434.1370778123692,15808800,0.013337662489906865,-0.024275391368427268,-0.015207464431783557,0.01047498412827352,0.01167156331947086,445.28163452148436,430.2265466308594,1.0349933959410982,38.76120224996662,1.2387717257928443,4.651389176857367,-3.4126174510645226,0.9077519633564222,5.33,313.90296774193547,14.91,4.2,1
2024-07-23,437.1441345214844,440.6228216077749,435.4244487287082,436.21057880982977,13107100,0.004312256596409769,-0.010388737932144121,-0.0062991401680262404,0.010712989365726705,0.011683194066649149,445.14308013916013,430.88046691894533,1.0331010902448214,38.11573126071988,0.883544546822634,3.8978202508504207,-3.0142757040277868,0.7587322720694646,5.33,313.91887096774195,14.72,4.2,0
2024-07-24,421.4703979492188,433.83249840274334,420.18309274942834,432.820341719192,26805800,-0.03585484817135354,-0.032963528859096036,-0.04889668646108636,0.018529126603498335,0.013974453519282165,444.05968017578124,431.1734375,1.029886448364021,28.8014922475015,-0.6551627934267685,2.987223641994983,-3.6423864354217517,1.5063991251288311,5.33,313.9347741935484,18.04,4.2,0
2024-07-25,411.1523132324219,422.3548321849788,410.27774573844266,421.3721545577555,29943800,-0.0244811611135739,-0.049889774951904386,-0.07466371954079909,0.02021390147208719,0.014751836341005041,442.40092315673826,431.2800573730469,1.0257857176411755,18.838837136329474,-2.676331566831891,1.8545126002296084,-4.530844167061499,1.6215235621770496,5.33,313.95067741935486,18.46,4.2,1
2024-07-26,417.90325927734375,421.490056226304,410.0418390958428,410.95575198353527,23583800,0.016419574516915336,-0.02708690272648051,-0.06090314457472734,0.023521281016415225,0.015395055098289635,441.04581146240236,431.4659802246094,1.0222029816413474,25.73733365554837,-3.6908318436446166,0.7454437114547635,-4.43627555509938,1.247467976631993,5.33,313.9665806451613,16.39,4.2,1
2024-07-29,419.3380432128906,424.6641392672528,417.3432087885028,424.1040058109664,15125800,0.0034332920447377457,-0.03659616314681935,-0.04523991172849284,0.021927244838062316,0.015271563785864271,440.0523254394531,431.5377166748047,1.0197308565060255,29.28408540542867,-4.329151782543818,-0.2694753873449528,-4.059676395198865,0.8291058025566352,5.33,314.0142903225807,16.6,4.2,0
2024-07-30,415.5939636230469,421.6177512482942,410.1302493681845,420.3108034246303,32687600,-0.008928547386631847,-0.04929763251204822,-0.07402624812689684,0.02096248579589509,0.014233115809480458,438.39110870361327,431.57564819335937,1.0157920414156463,21.601919417987133,-5.078597949446078,-1.2312998997651778,-3.8472980496808997,1.7208755050737703,5.33,314.0301935483871,17.69,4.2,0
2024-07-31,411.1032104492188,414.473787669868,405.0695551430125,413.2159614481329,42891400,-0.01080562656559969,-0.024597664629460114,-0.08911752447158638,0.015479758724194558,0.014139510506140054,436.3800643920898,431.5390948486328,1.0112179165253963,23.777386865774915,-5.966131832544534,-2.178266286321049,-3.7878655462234847,2.098371210249541,5.33,314.0460967741936,16.36,4.2,0
2024-08-01,409.8845825195313,420.05530026736574,405.9342299111822,413.5008583778063,30296400,-0.0029642870663936227,-0.0030833602830149243,-0.09475441272831653,0.011011788702803784,0.014026849173401267,434.234880065918,431.3773449707031,1.0066242122553026,23.74653088219634,-6.690715515032082,-3.0807561320632555,-3.6099593829688263,1.4118594441086543,5.33,314.062,18.59,4.2,0
2024-08-02,401.4139099121094,407.8111498348948,397.3358044115477,405.3446197900361,29437900,-0.020665994693807033,-0.039457336115895525,-0.12633677763129858,0.009017188950834178,0.013651053762491788,431.33254089355466,430.9734637451172,1.0008331769323269,20.706171588676,-7.857884984068448,-4.036181902464294,-3.821703081604154,1.3302024953017095,5.323548387096774,314.0836129032258,23.39,4.196774193548388,0
2024-08-05,388.3050231933594,394.0930082876218,378.9007919561324,382.4286307082766,40709200,-0.032656782425950825,-0.07400478092033336,-0.15247507460649545,0.011650864422912022,0.014794053787738473,427.83961486816406,430.27831787109375,0.9943322661132549,18.575979426075378,-9.72850860849502,-5.17464724367044,-4.55386136482458,1.7310000304025877,5.304193548387097,314.1484516129032,38.57,4.187096774193549,1
2024-08-06,392.687744140625,398.6427974223072,391.59698650264767,393.07100276300895,24946500,0.011286799514522938,-0.055116824322304914,-0.13041311012057433,0.01676029297411214,0.015327500057603046,424.89501953125,429.74000732421877,0.9887257697435802,24.161526392022438,-10.733611958238328,-6.2864401865840165,-4.447171771654311,1.043581387760566,5.297741935483871,314.17006451612906,27.71,4.183870967741935,0
2024-08-07,391.5281982421875,402.97638538590667,390.58483621712907,401.5613573427881,20650900,-0.002952844634800389,-0.04761580962999867,-0.1454584147188267,0.017164984482950837,0.014515569991059159,421.562760925293,429.11640014648435,0.9823972255112766,24.734999652029188,-11.491265116365696,-7.327405172540352,-4.163859943825344,0.8594715042468112,5.291290322580645,314.19167741935485,27.85,4.180645161290323,1
2024-08-08,395.7144165039063,398.82948747665125,393.0120532994856,395.4687471216862,20203000,0.010691996848536833,-0.034571112503236856,-0.11438313201532724,0.019421149940469423,0.014489950873678853,419.007307434082,428.5733721923828,0.9776792834576604,29.511981683184658,-11.619970092694587,-8.1859181565712,-3.434051936123387,0.8459498627210501,5.28483870967742,314.21329032258063,23.79,4.17741935483871,1
2024-08-09,398.9867248535156,400.9815590644515,395.2918776876415,397.0312061411671,19276700,0.008269368547448419,-0.006046589315066853,-0.10479544632879778,0.01857100408324183,0.014821689897765215,416.67197570800784,428.11839172363284,0.9732634331135811,27.349747650357088,-11.327347170559506,-8.81420395936886,-2.513143211190645,0.8022047761827575,5.2783870967741935,314.2349032258065,20.37,4.174193548387096,1
2024-08-12,399.7630615234375,401.6792947885224,397.2375729606365,400.0087309169643,16762900,0.001945770677475256,0.029507829272588326,-0.10386378580902422,0.006156097201226656,0.014846870539041606,414.3553131103516,427.9639147949219,0.9682015207027642,26.337409287829047,-10.907067629171536,-9.232776693329397,-1.674290935842139,0.6942215844440096,5.259032258064516,314.2997419354839,20.71,4.164516129032258,1
2024-08-13,406.83831787109375,407.7620371122612,402.475227409518,402.49487016333154,19414300,0.017698624582004996,0.03603518047510357,-0.07899534864698177,0.007972167140882454,0.015665403658167258,412.6105697631836,427.94190307617185,0.9641742647710305,39.60630631333689,-9.889083805431483,-9.364038115749814,-0.5250456896816686,0.8003172528279549,5.252580645161291,314.3213548387097,18.12,4.161290322580645,1
2024-08-14,409.6389770507813,410.4840953956977,405.3053951498375,407.6146635587636,18267000,0.00688396116261325,0.04625663972583416,-0.06010995615239856,0.005771796762660727,0.01568244146407827,411.3006622314453,428.0075476074219,0.9609659094346147,48.796490408861786,-8.75540761232179,-9.24231201506421,0.48690440274241986,0.7585111390103396,5.2461290322580645,314.3429677419355,16.19,4.158064516129032,1
2024-08-15,414.4823913574219,414.5611340262228,411.16480439429694,413.27150876832536,20752100,0.011823616838199769,0.04742807962198747,-0.04219447280974442,0.0058712589329645536,0.01598842341563509,410.38769683837893,428.11994384765626,0.9585811236684941,47.194366256406816,-7.3810538113520465,-8.870060374321778,1.489006562969731,0.8617777735327694,5.239677419354838,314.3645806451613,15.23,4.154838709677419,0
2024-08-16,411.9622192382813,414.787581998409,410.81040112271256,414.0590996262473,22775600,-0.006080287538602236,0.03252111806358848,-0.04091813169422165,0.009122660367693658,0.01596775311277181,409.5089019775391,428.02588623046876,0.9567386346279083,44.056514641880035,-6.421205688343036,-8.380289437126029,1.9590837487829926,0.9422178168178243,5.233225806451613,314.3861935483871,14.8,4.151612903225806,1
2024-08-19,414.9747009277344,415.1912808651751,409.9835383078453,412.44466030467504,15234000,0.007312519325250566,0.038051638253738584,-0.0466206786112775,0.008768418266668581,0.015718756774286347,408.4942794799805,427.9820556640625,0.9544659035906435,49.495040487341164,-5.355699865307315,-7.775371522762287,2.4196716574549715,0.6309749295775815,5.213870967741936,314.4510322580645,14.65,4.141935483870967,1
2024-08-20,418.19378662109375,419.23729981689326,415.082955234779,415.14201975205145,16387600,0.00775730589398016,0.02791150255811936,-0.0433503423788002,0.006789319243814352,0.015813225992181823,407.54676208496096,428.01577331542967,0.9521769698534359,55.904248831063185,-4.203075078383961,-7.060912233886621,2.8578371555026605,0.6741755618558217,5.207419354838709,314.4726451612904,15.88,4.138709677419355,0
2024-08-21,417.5440368652344,419.7688702359865,415.1616580728871,417.48494231064296,16067300,-0.0015537049488687504,0.019297626098390364,-0.009315864419160214,0.007393329169328108,0.013674274985784522,407.3504440307617,427.9574896240234,0.9518479145875779,56.43895022932751,-3.3039550682603362,-6.309520800761365,3.0055657325010285,0.6759290538053376,5.200967741935484,314.49425806451615,16.27,4.135483870967742,0
2024-08-22,409.087646484375,420.1528703345148,408.16226230018384,417.7606371537281,19361900,-0.020252691055886785,-0.013015618963640896,-0.005021659082530161,0.011514661879319356,0.013309829789008912,407.24721069335936,427.6355450439453,0.9523231064702754,56.45250606751585,-3.2364482523259426,-5.694906291074281,2.458458038748338,0.8330710521373426,5.194516129032258,314.51587096774193,17.55,4.132258064516129,1
2024-08-23,410.3083801269531,412.7399696060687,405.6814592418378,410.4954277824997,18493800,0.0029840393692375233,-0.004014540737221295,-0.018173773431497064,0.011536056737891239,0.012756157436819777,406.86746673583986,427.1733172607422,0.9524646093180305,73.1248797259677,-3.0492952341394357,-5.165784079687312,2.1164888455478765,0.8045296719746449,5.188064516129032,314.5374838709678,15.86,4.129032258064516,0
2024-08-26,407.0596618652344,410.7907306533513,404.94310328054127,409.8948787784743,13152800,-0.007917747769893402,-0.019073546037396527,-0.029280389762830872,0.010866084640359172,0.012808493880909053,406.25354766845703,426.6358966064453,0.9522254243018135,65.47328426363586,-3.127072585678718,-4.758041780885593,1.630969195206875,0.5746480374704354,5.168709677419355,314.6023225806452,16.15,4.119354838709677,1
2024-08-27,407.4042053222656,407.9161077791715,403.8700384507919,406.4394348780717,13492900,0.0008464200443061287,-0.025800434258015592,-0.01970615316301738,0.009364835339062719,0.012692319230882768,405.844059753418,426.0859088134766,0.952493502738858,67.39795662424967,-3.124888154150767,-4.431411055538629,1.3065229013878614,0.6153075123890097,5.162258064516129,314.623935483871,15.43,4.116129032258065,0
2024-08-28,404.2146606445313,408.54622911327857,400.975815861933,408.42810007077503,14882700,-0.007828943923667397,-0.03192328244171583,-0.016756253976125013,0.00917615905271751,0.012587283106586118,405.49963226318357,425.3581396484375,0.9533134421697745,59.52314526099282,-3.342002056400929,-4.213529255711089,0.8715271993101599,0.7249854164560832,5.155806451612903,314.6455483870968,17.11,4.112903225806451,1
2024-08-29,406.6954345703125,415.4865540874309,404.2146347079457,408.4871383812944,17045200,0.006137268553855879,-0.005847675760000892,-0.007780599918190023,0.006414647135825641,0.012667993383723502,405.34017486572264,424.7198828125,0.9543706128885592,58.79229699842466,-3.2761235520457035,-4.026048114978012,0.7499245629323088,0.8580209672795568,5.1493548387096775,314.6671612903226,15.65,4.109677419354838,1
2024-08-30,410.6529235839844,410.99745657650817,405.7208262421071,409.1368642535232,24308300,0.009730841994459727,0.0008397183038879596,0.023016177177063613,0.008013543666745632,0.011897707478318838,405.80212554931643,424.17335388183596,0.956689339006341,61.58027518320997,-2.871477468602052,-3.7951339857028206,0.9236565171007687,1.239635304487911,5.142903225806451,314.6887741935484,15.0,4.106451612903226,0
2024-09-03,403.0726623535156,413.3503087826454,400.7001374742272,411.41094371784055,20313600,-0.0184590460584374,-0.009794631807655607,0.038031027872649004,0.011366291144495074,0.010051165906875988,406.5405075073242,423.39503356933596,0.9601919608741664,46.03815530670076,-3.1264168749602845,-3.661390563554314,0.5349736885940293,1.0927485501861136,5.11,314.79193333333336,20.72,4.1,0
2024-09-04,402.5411071777344,404.8447137580876,398.0815553280134,399.5976148877818,15135800,-0.0013187576966334769,-0.011936789264814895,0.025092107365542793,0.011275682873968258,0.009825326228988395,407.0331756591797,422.6475512695313,0.9630558001260157,42.157901373849874,-3.3329303056455615,-3.5956985119725635,0.26276820632700204,0.8362819438949949,5.1,314.8219,21.32,4.1,0
2024-09-05,402.03900146484375,406.6757462274151,399.8141378862011,401.2809567714184,14195500,-0.00124734021926598,-0.005382435105689698,0.02684558422572314,0.010852047195626286,0.009793952582837454,407.5587158203125,421.8255633544922,0.9661783239955275,34.793090253509945,-3.4968004827875347,-3.575918906135558,0.0791184233480231,0.7985699940650816,5.09,314.8518666666667,19.9,4.1,0
2024-09-06,395.45306396484375,404.2638620080845,394.5670360799336,402.6985921439958,19609500,-0.016381339810326634,-0.027643218118115098,-0.0006604574616502212,0.011767335202533447,0.010295971742606977,407.5456481933594,420.84807556152344,0.968391378883187,31.648080853038508,-4.110713151684649,-3.682877755245376,-0.4278353964392734,1.1049800030710324,5.08,314.88183333333336,22.38,4.1,1
2024-09-09,399.4105529785156,402.2949806412775,395.8960636873458,400.9069042814964,15295100,0.010007480973832417,-0.027376818621795418,0.0010622612197326298,0.011857363316626901,0.010376311592859648,407.56683959960935,419.9361767578125,0.9705447212152506,33.054590158487514,-4.2291559977163615,-3.792133403739573,-0.43702259397678844,0.871645050447659,5.05,314.97173333333336,19.45,4.1,1
2024-09-10,407.7586669921875,409.8555175047399,401.3597503882825,401.8519747424291,19594300,0.020901085240281336,0.011625706916739587,0.020000861105775813,0.013964549707999747,0.011371328892581807,407.96661987304685,419.30719482421875,0.9729540177436591,39.78019245414298,-3.6078111723176676,-3.755268957455192,0.1474577851375245,1.1077131985958477,5.04,315.0017,19.08,4.1,1
2024-09-11,416.461181640625,417.3963898690084,403.2104806610132,409.0384301164861,19266900,0.0213423167988831,0.03458050423840198,0.02365279607851556,0.01598956135832205,0.011677141665019836,408.44776306152346,418.66005249023436,0.9756072035820779,49.08397447117423,-2.3856701984425968,-3.4813492056526734,1.0956790072100766,1.0896584838641536,5.03,315.0316666666667,17.69,4.1,1
2024-09-12,420.3595581054688,420.7237992857079,413.2223056552003,416.72694031699655,17395700,0.009360719886272184,0.04556910293248517,0.02617080320791465,0.01532412768282958,0.011753096293239474,408.9837921142578,418.04076171875,0.9783347213146034,60.33207379964805,-1.0899836183142497,-3.0030760881849887,1.913092469870739,0.9862609373042227,5.02,315.06163333333336,17.07,4.1,1
2024-09-13,423.8937377929688,425.1144444971336,418.8435114450135,419.2077526362247,15874600,0.008407515945226374,0.071919214743152,0.0227062635995825,0.006524444926841912,0.011617034933166426,409.45435943603513,417.4628710937501,0.9808162301075238,61.945985516634785,0.21950576988677994,-2.358559716570635,2.578065486457415,0.9126399069112584,5.01,315.0916,16.56,4.1,1
2024-09-16,424.6321105957031,426.7880557127787,421.5606353721957,423.90362815097126,13834700,0.001741881837129089,0.06314694849473379,0.03075498374789909,0.00852927260670945,0.011490462024637984,410.0878540039063,416.7662994384766,0.9839755626988832,66.16563221862998,1.3018590381269632,-1.6264759656311154,2.928335003758079,0.8163456778176338,4.98,315.1815,17.14,4.1,1
2024-09-17,428.38287353515625,434.9786922694464,425.5476562886912,433.3838900790578,18874200,0.008832970578205535,0.050579443706499916,0.03231081937632818,0.007091042133582177,0.011535338010019432,410.75826263427734,416.17068603515634,0.9869947029368095,68.1609978246822,2.434226772936711,-0.8143354179175504,3.248562190854261,1.101877971547867,4.97,315.21146666666664,17.61,4.1,0
2024-09-18,424.1103820800781,429.2492059809087,423.71660857150346,428.2352249259073,18898000,-0.009973534702309883,0.018367139067606564,0.014147975527778689,0.008236325298663227,0.011721470946107681,411.05409240722656,415.6213006591798,0.9890111304576796,66.90650765553139,2.952843465924559,-0.0608996411491286,3.0137431070736875,1.0952416277592578,4.96,315.2414333333333,18.23,4.1,1
2024-09-19,431.8677978515625,434.6340962646663,430.1056262859268,434.368305934069,21706600,0.01829103011682376,0.02737713351389104,0.034304791163743076,0.010448905573125758,0.012338304621952758,411.770280456543,415.09518920898444,0.9919900089452314,69.63000264637398,3.944341637746561,0.7401486146300094,3.2041930231165514,1.237788043922983,4.95,315.2714,16.33,4.1,0
2024-09-20,428.5009765625,432.4092391189892,427.4673174405253,430.42066355244185,55167100,-0.007795953543680789,0.010868853108137566,0.04745518532509996,0.011739246112795086,0.01145112136197257,412.7409469604492,414.72873901367194,0.9952070067342085,64.04774520772874,4.407628346026684,1.4736445609093445,2.933983785117339,2.854425691906059,4.94,315.30136666666664,16.15,4.1,0
2024-09-23,426.7683410644531,429.6724465370328,423.6968661035608,427.52635570448473,15128900,-0.004043480861925519,0.005030779386309581,0.040116073019047516,0.012078283862580525,0.011539189910974097,413.5639450073242,414.350238647461,0.9981023453909343,70.54107421199163,4.582156942743495,2.095347037276175,2.4868099054673203,0.7896654351931403,4.91,315.39126666666664,15.89,4.1,0
2024-09-24,422.4958801269531,426.6108686611551,419.4736152765213,426.26630559260894,17015800,-0.010011194660886846,-0.013742364067035884,0.03792126734195844,0.011987020934936395,0.011643217404123546,414.3357559204102,413.8782299804688,1.0011054602701934,66.24460896352977,4.325854464327961,2.541448522686532,1.7844059416414284,0.8792890779499757,4.9,315.4212333333333,15.39,4.1,1
2024-09-25,425.3901062011719,426.384408985251,421.9051794925785,423.1455644045399,13396400,0.006850306027479158,0.0030174317233575554,0.04414755823317784,0.011796963300617115,0.01169119036633653,415.2350509643555,413.5513684082032,1.00407127792282,68.2968553098181,4.306628625742576,2.8944845432977413,1.4121440824448346,0.6924297350305177,4.89,315.4512,15.41,4.1,0
2024-09-26,424.6025695800781,428.5305103087993,422.45647860829,428.32378449228514,14492000,-0.0018513280154224265,-0.01682280620974086,0.05043832131926562,0.006536610878598612,0.011495345924935335,416.2544464111328,413.3266772460938,1.0070834265635744,75.12308105858915,4.179663823735268,3.1515203993852468,1.0281434243500214,0.7498159349855982,4.88,315.48116666666664,15.37,4.1,0
2024-09-27,421.36370849609375,425.1341637224931,420.8222737453315,424.80927883764434,14896100,-0.007627982767950625,-0.01665636359492695,0.03606697464228681,0.006508551061669884,0.011678379854531884,416.98786010742185,413.0991174316407,1.0094135826286887,69.15808004005464,3.7741877946796762,3.2760538784441326,0.4981339162355436,0.7750330320752572,4.87,315.5111333333333,16.96,4.1,1
2024-09-30,423.6082458496094,423.7264049247719,418.7549211722127,421.5507517579481,16807300,0.0053268407037869725,-0.007404708622391731,0.0315481067383061,0.007524002201083778,0.01156266719455692,417.6356262207031,412.9805200195313,1.0112719752518875,65.4807673391426,3.592547870831936,3.3393526769216937,0.25319519391024237,0.8918750187384866,4.84,315.6010333333333,16.73,4.1,0
2024-10-01,414.1477355957031,421.8165995583069,412.2969671899716,421.78706729834266,19092900,-0.022333158871664094,-0.01975911464211566,0.02747661718738459,0.011817109047957805,0.011942905733833383,418.1893798828125,412.5581317138673,1.0136495871395181,47.77335688618322,2.6546120940489004,3.2024045603471354,-0.547792466298235,1.0164518813215806,4.83,315.631,19.26,4.1,0
2024-10-02,410.64306640625,416.2445815766932,410.2295847581362,416.0082934736332,16582300,-0.008462364726954386,-0.034667096342734016,0.02012703568418006,0.010199239162125995,0.012134534250150377,418.59447784423827,412.0281103515626,1.0159366978313031,40.57666467381325,1.609935386652296,2.883910725608168,-1.273975338955872,0.8794085975457933,4.823870967741936,315.6599354838709,18.9,4.103225806451612,0
2024-10-03,410.0622863769531,413.0254566537122,407.8472767130048,411.1353318978847,13686400,-0.0014143183626100786,-0.034244454096227006,0.01995648402984851,0.010255993951115809,0.01213626750831519,418.9956420898437,411.7999481201173,1.0174737612342475,35.77072108190849,0.7267796120056573,2.452484502887666,-1.7257048908820085,0.7268115857369386,4.817741935483871,315.68887096774193,20.49,4.106451612903226,0
2024-10-04,409.5897216796875,413.2223397680441,408.5166762071877,411.73581262468696,19169700,-0.0011524217490004318,-0.02794257450037463,0.03574800400611,0.01054618672235208,0.011442392960252951,419.7024749755859,411.7686962890626,1.0192675615169975,34.43985445894678,-0.011131407935408788,1.959761320723051,-1.9708927286584599,1.0191905363195322,4.811612903225806,315.7178064516129,19.21,4.109677419354838,0
2024-10-07,403.1711120605469,410.6233655735784,402.6395013728588,409.5306419831522,20919800,-0.015670826877243194,-0.04824536346801467,0.00941527221548788,0.00919831499218804,0.011906554946129825,419.8905029296875,411.47405334472666,1.0204543871394722,25.284583346047967,-1.1011658073313129,1.3475758951121786,-2.4487417024434914,1.0958520920786474,4.793225806451613,315.8046129032258,22.64,4.119354838709677,1
2024-10-08,408.2607116699219,409.19594995144206,401.82243880752753,404.5099645290717,19229300,0.012623919366054892,-0.014214792016944089,0.0012312299366625812,0.010491083351273602,0.011289279768223354,419.91560516357424,411.25250671386726,1.0210651565845272,34.70735737698739,-1.5366245182773923,0.7707358124342644,-2.307360330711657,1.0082617024617844,4.787096774193548,315.8335483870968,21.42,4.12258064516129,1
2024-10-09,410.9679260253906,413.8425293093592,407.8570646785986,409.3928021729279,14974300,0.006631092040170428,0.0007910997304390044,-0.013190318467603657,0.010630508813225765,0.010266849361989737,419.6409423828125,411.1599859619141,1.0206269012317848,27.657244943699993,-1.6443243629609583,0.2877237773552199,-1.9320481403161782,0.7940932608690464,4.780967741935484,315.8624838709677,20.86,4.125806451612903,0
2024-10-10,409.3731689453125,410.8596961873674,406.7249993762307,408.7726696220669,13848400,-0.003880490371843792,-0.0016805189224525785,-0.026135694902885476,0.010780492288258949,0.01001361446840912,419.0916229248047,411.125385131836,1.0193766624029166,28.746390365446246,-1.8371829329846605,-0.13725756471275619,-1.6999253682719044,0.741359355108797,4.774838709677419,315.8914193548387,20.93,4.129032258064516,1
2024-10-11,409.8456726074219,410.6430736171545,406.8234080163179,409.6684790592566,14144900,0.0011542125814614224,0.0006248958755232792,-0.033140534839436686,0.010783700063488584,0.00977291670482686,418.3892196655273,411.12460693359384,1.0176700995499082,30.654868639733635,-1.9296537947667503,-0.495736810723555,-1.4339169840431953,0.7607543703348338,4.768709677419355,315.92035483870967,20.46,4.132258064516129,1
2024-10-14,412.621826171875,417.4456186019399,411.0269941050228,411.2731062702607,16653100,0.0067736559148992015,0.02344095057561768,-0.02828397599743282,0.006265127231349615,0.009928048916124725,417.78870544433596,411.3487652587891,1.0156556691776997,38.3126607874712,-1.7586525754115314,-0.7483199636611504,-1.010332611750381,0.8889155780812339,4.750322580645161,316.0071612903226,19.7,4.141935483870967,0
2024-10-15,412.2280578613281,415.9099165968068,408.8021954562943,415.6145639475164,18900200,-0.0009543080020756323,0.00971767813556812,-0.03771116137420083,0.004696888494463624,0.009634678746714694,416.98096466064453,411.8272259521485,1.0125143224724409,33.44065891199047,-1.6360473533914615,-0.9258654416072126,-0.7101819117842488,1.0087921443144623,4.744193548387097,316.03609677419354,20.64,4.145161290322581,0
2024-10-16,409.6487731933594,409.8850312589263,404.0964983516136,408.7135649884976,15508900,-0.00625693622445378,-0.0032098680906542665,-0.03409869104309782,0.005008262463170998,0.009505249655466872,416.2578842163086,412.1664465332032,1.0099266636513455,31.998045526018018,-1.7270996190156325,-1.0861122770888967,-0.6409873419267358,0.8353378914813191,4.7380645161290325,316.0650322580645,19.58,4.148387096774194,1
2024-10-17,410.2394714355469,415.9295838303706,409.127039576057,415.7917465890575,14820000,0.001441962678376374,0.0021161682199795084,-0.05008089633821111,0.004701646856676572,0.008312997031091866,415.1764678955078,412.5406719970704,1.0063891782734482,35.696218426391354,-1.7316335899253659,-1.2152165396561907,-0.5164170502691752,0.8133164377179065,4.731935483870967,316.0939677419355,19.11,4.151612903225806,1
2024-10-18,411.6570739746094,413.12389293089865,409.78662744422246,410.6529471112624,17145300,0.0034555488629650633,0.004419715732664642,-0.03930890128422804,0.0048985778650627995,0.008318775741481878,414.33427276611326,412.85952514648443,1.0035720324464008,34.29903424563068,-1.60236702738041,-1.2926466372010346,-0.30972039017937547,1.050531230469468,4.725806451612903,316.12290322580645,18.03,4.154838709677419,1
2024-10-21,412.2674560546875,412.4446496235521,407.3156799270225,409.6488187127166,14206100,0.0014827440572922068,-0.0008588254297529074,-0.033978352221716523,0.003746346570639341,0.008338037226802398,413.609228515625,413.1251397705079,1.001171772662845,46.7812898662323,-1.4341377651252856,-1.3209448627858849,-0.11319290233940071,0.8729076110666651,4.707419354838709,316.20970967741937,18.37,4.164516129032258,1
2024-10-22,420.8616638183594,423.8838984262341,411.53893363879695,411.9819175179694,25482200,0.020846194957799158,0.020943761086576806,-0.0038680053119161117,0.010024814126970547,0.009492919490938776,413.5275177001953,413.5471118164063,0.999952619385673,64.8967283902833,-0.6004129344600528,-1.1768384771207185,0.5764255426606657,1.526083108053885,4.701290322580645,316.2386451612903,18.2,4.167741935483871,0
2024-10-23,417.9968872070313,424.3760949935698,415.95907136722593,424.1595150969288,19654400,-0.00680693172511071,0.02037871113001355,-0.01737985648082807,0.010170120674283332,0.009453919321235354,413.1578567504883,413.7702832031251,0.9985198877795288,60.84491579789502,-0.16889659527606682,-0.9752501007517882,0.8063535054757214,1.1554153037973791,4.695161290322581,316.2675806451613,19.24,4.170967741935484,1
2024-10-24,418.1248779296875,419.3554387186423,415.8310957950025,418.71552307399537,13581600,0.0003062001813252113,0.019221471952826308,-0.015255893662624143,0.010256200788934845,0.009454006315327921,412.83397216796874,413.9400012207032,0.9973280450077963,61.776674369563935,0.18132084031105933,-0.7439359125392188,0.9252567528502781,0.8005583206995984,4.689032258064516,316.2965161290323,19.08,4.174193548387096,1
2024-10-25,421.4917297363281,425.7937660019832,419.9363139175779,420.12336158504047,16899100,0.008052263771797907,0.02389040874911652,0.00030382597659239785,0.010416021585896247,0.009501549426055673,412.84037322998046,414.0801879882813,0.9970058582992724,77.60310529761871,0.7222221565821201,-0.450704298714951,1.172926455297071,0.9902603585870986,4.682903225806451,316.32545161290324,20.33,4.17741935483871,0
2024-10-28,419.95599365234375,425.222800536086,419.6704950994104,424.9471560845272,14882400,-0.003643573469270911,0.018649392487182892,-0.00862176842176543,0.01105399074352539,0.009451342198065073,412.6577606201172,414.24006347656257,0.9961802273706563,69.73425789847161,1.0152659258033623,-0.15751025381128833,1.1727761796146505,0.8770312330113651,4.664516129032258,316.4122580645161,19.8,4.187096774193549,1
2024-10-29,425.232666015625,426.4336947387664,419.17828193472,421.3440812856283,17644100,0.012564822131457598,0.01038584070026416,0.026765642951005253,0.008069720949609708,0.008343568458609594,413.2120071411133,414.4452227783204,0.9970244182598126,72.14926434003846,1.6542197691210276,0.20483575077517488,1.4493840183458528,1.0442381244775214,4.658387096774193,316.4411935483871,19.34,4.190322580645161,1
2024-10-30,425.8036193847656,431.68077966192817,425.3803136298507,430.6372663836306,29749100,0.0013426846401298764,0.018676531851462563,0.036919052624444504,0.006490900541483888,0.00801810280214125,413.97003479003905,414.5974194335938,0.9984867618220782,76.34978323791373,2.1815192624879955,0.600172453117739,1.5813468093702565,1.6946259932731282,4.652258064516129,316.47012903225806,20.35,4.193548387096774,0
2024-10-31,400.0307312011719,409.6881704469,399.9814907408766,408.9005934690843,53971000,-0.06052763999712463,-0.043274504062296826,-0.024463491301318196,0.02977006112526306,0.016102446150510194,413.46845703125,414.2471533203126,0.998120213300632,41.310822566962216,0.5138281356656194,0.5829035896273151,-0.06907545396169579,2.7579570851023765,4.646129032258064,316.49906451612907,23.16,4.196774193548388,1
2024-11-01,403.98822021484375,409.0384470027673,401.162857168779,402.6493843637014,24230400,0.009892962477629386,-0.0415275277938052,-0.013675883862203753,0.030035228055316585,0.01628927596445671,413.1883819580078,414.1451647949219,0.9976897404141181,42.513258317543304,-0.4829259385110163,0.3697376839996489,-0.8526636225106652,1.2223851705887783,4.64,316.528,21.88,4.2,0
2024-11-04,402.1078796386719,404.0374205874987,399.26283871579096,403.4270371998159,19672300,-0.00465444407060156,-0.04249996257571509,-0.0026371741180586383,0.030001332087309755,0.0159337422644768,413.1352203369141,413.9811547851563,0.9979565870608742,41.44473017792755,-1.4083538666516233,0.014119373869394436,-1.4224732405210179,0.99556904643278,4.624,316.6356,21.98,4.19,1
2024-11-05,405.0612487792969,408.4477546696806,401.73380740675793,402.019305938334,17626000,0.007344718395667416,-0.047436189287459296,-0.007836813093129003,0.029174189859031745,0.01575620908714028,412.9752471923828,413.9411865234376,0.9976664817068159,46.146230163816746,-1.8817582223055638,-0.3650561453655973,-1.5167020769399664,0.8956441895172129,4.618666666666666,316.6714666666667,20.49,4.1866666666666665,1
2024-11-06,413.6456604003906,413.9114807851586,404.13588205793,406.0063586804049,26681800,0.021192873045654093,-0.028552972381826525,0.006515677271696774,0.032183394953734894,0.016414664965116076,413.1091339111328,414.0660156250001,0.9976890600103393,52.522591995255596,-1.5464181639722483,-0.6013285490869276,-0.9450896148853207,1.3166402377687907,4.613333333333333,316.70733333333334,16.27,4.183333333333334,1
2024-11-07,418.81396484375,420.21189508853655,413.3502870767265,414.72850912180576,19901800,0.012494521127954572,0.04695447668777275,0.023061589314121944,0.009361304829707805,0.016594365575647495,413.5811737060547,414.35800170898443,0.9981252250476019,55.02136656059398,-0.853777955677117,-0.6518184304049655,-0.20195952527215155,0.9676223463594801,4.608,316.7432,15.2,4.18,0
2024-11-08,415.9689636230469,419.8673720771894,415.2207729945687,418.7057298172818,16891400,-0.006792995123179657,0.029656170177020602,0.014940479855914734,0.011746849227140857,0.016692273150178044,413.88733825683596,414.5434722900391,0.9984172129654376,52.51806686140055,-0.5283331268332176,-0.6271213696906159,0.09878824285739829,0.8158102415544799,4.602666666666667,316.77906666666667,14.94,4.176666666666667,0
2024-11-11,411.5094299316406,418.2036693872834,409.5306783384117,415.9492733468925,24503300,-0.010720832757723509,0.023380666654473137,-0.002695921954867786,0.013319674445005312,0.016824901737329048,413.8317184448242,414.56060241699225,0.9982417915066737,43.2586133316908,-0.6230803716194941,-0.6263131700763916,0.003232798456897501,1.1614275956899303,4.586666666666667,316.88666666666666,14.97,4.166666666666667,1
2024-11-12,416.4513244628906,417.8394007087299,410.7120018696304,411.7456609678349,19401200,0.012009189028963307,0.028119391123982318,0.010244976102483427,0.013708565256235683,0.017034483275065043,414.04288177490236,414.82817565917975,0.9981069417885381,48.91830090905863,-0.29598670767285284,-0.560247877595684,0.2642611699228311,0.9185034811022497,4.581333333333333,316.9225333333333,14.71,4.163333333333333,1
2024-11-13,418.5875549316406,422.65330239599416,411.7062388180916,415.0829203341967,21502200,0.005129604213662153,0.011947168807395325,0.021820599311454636,0.010704568720259308,0.01698164743449704,414.4898208618164,415.1491046142579,0.9984119350249976,50.31496190583426,0.13406787221606464,-0.4213847276333343,0.5554525998493989,1.003730461059593,4.576,316.9584,14.02,4.16,1
2024-11-14,420.2513122558594,421.5114053670285,413.4684464166278,418.3906898263496,30246900,0.003974693716086275,0.003431947195565943,0.024404869636941884,0.009284680653180954,0.016992825847668508,414.990412902832,415.5133508300782,0.9987414654036952,49.13555639491755,0.6021987641212263,-0.2166680292824222,0.8188667934036485,1.3628640290029166,4.570666666666667,316.99426666666665,14.31,4.156666666666666,0
2024-11-15,408.5462341308594,416.22492241780895,407.2073982420546,413.29128434963707,28247600,-0.02785256769852429,-0.017844431054510168,-0.007556872067603249,0.0159378771893448,0.018188390591392673,414.83487091064455,415.7752142333985,0.9977383372299194,43.035688939174534,0.028366891521329762,-0.16766104512167182,0.19602793664300158,1.2417212466006367,4.565333333333333,317.0301333333333,16.14,4.153333333333333,1
2024-11-18,409.29443359375,411.8933627455597,405.6913474607701,408.41825976061074,24727000,0.0018313703575858487,-0.005382613803670444,-0.007211392549362761,0.015497047873766477,0.01819027356858094,414.6862197875977,415.9728918457032,0.9969068367594905,39.7023146643784,-0.3618543266271672,-0.2064997014227709,-0.1553546252043963,1.0623941182713141,4.549333333333333,317.13773333333336,15.58,4.1433333333333335,1
2024-11-19,411.2927856445313,411.440446924727,405.1498060015068,406.68554340151616,18133500,0.004882431537695409,-0.012386894975090823,-0.02273639772036329,0.014283757634404884,0.017557356743904948,414.20777587890626,416.04357421875005,0.9955874854135386,40.7943529885523,-0.504046806007409,-0.26600912233969853,-0.2380376836677105,0.7916016493392625,4.5440000000000005,317.1736,16.35,4.14,0
2024-11-20,409.028564453125,410.8005900683197,404.1949179235437,410.3871084118776,19191700,-0.005505132281515945,-0.022836298800323118,-0.021455477369295206,0.013659096682611855,0.017537093392656883,413.7593597412109,415.8949218750001,0.9948651401556882,58.13456361155299,-0.7903286805512835,-0.37087303398201554,-0.4194556465692679,0.838643397065751,4.538666666666667,317.2094666666667,17.16,4.136666666666667,0
2024-11-21,407.2628784179688,414.0790385036892,404.71793020151534,413.80284233986384,20780200,-0.0043167792878155975,-0.030906349270321543,-0.02597788384537425,0.012847041864674244,0.017550349047570968,413.216259765625,415.63298828125,0.9941854266052875,53.0826474961677,-1.1464694491032787,-0.5259923170062683,-0.6204771320970105,0.8939969841874192,4.533333333333333,317.2453333333333,16.87,4.133333333333333,1
2024-11-22,411.3367614746094,411.7313230908911,405.47742965830406,405.7832171686565,24814600,0.010003079761322198,0.0068303832237899265,-0.02409292411993791,0.006455358281577406,0.01760959428856815,412.70851135253906,415.3818487548828,0.9935641448696972,58.343182532982404,-1.087449813688579,-0.6382838163427305,-0.4491659973458486,1.0496903014709227,4.5280000000000005,317.2812,15.24,4.13,1
2024-11-25,413.10247802734375,415.3613561725285,409.2159842267064,412.69804256956826,27691100,0.0042926300737244905,0.009303924317166423,-0.016319604264711685,0.006590896619795918,0.017637885193133244,412.36583557128904,415.1512561035156,0.9932905886920115,57.42903655268119,-0.8879618864226018,-0.6882194303587048,-0.19974245606389696,1.1404732055043665,4.5120000000000005,317.3888,14.6,4.12,1
2024-11-26,422.1775207519531,423.213278917344,413.1616654092492,413.8916059444426,23458900,0.021968018124569832,0.02646468765642096,-0.007184643861672724,0.011293684430200705,0.018127787854488576,412.2130783081055,415.02714904785154,0.9932195502241189,57.811499365741085,0.002386329625551298,-0.5500982783618537,0.552484607987405,0.9547354412297374,4.506666666666667,317.42466666666667,14.1,4.116666666666666,0
2024-11-27,417.2454528808594,421.42789081016514,416.2886250410256,419.3366567939496,18332400,-0.01168245022214609,0.020088788759094145,-0.020098858051680657,0.01298139384958391,0.018302553904940285,411.78516998291013,414.88985046386716,0.9925168560342321,48.55768124466466,0.3064840894663803,-0.3787818047962069,0.6852658942625871,0.763841565916043,4.501333333333334,317.46053333333333,14.1,4.113333333333333,1
2024-11-29,417.70904541015625,419.1097738504757,412.1259094010287,414.38481768654,16271900,0.0011110786854500176,0.025649691012267217,0.044192390309368834,0.01231641994765873,0.011736966256134171,412.66908569335936,414.60667541503904,0.9953266798713744,51.67337260046428,0.5782263641634131,-0.1873801710042829,0.765606535167696,0.7357753520072746,4.490666666666667,317.53226666666666,13.51,4.1066666666666665,1
2024-12-02,425.1269836425781,427.1195397112649,415.5882961500709,415.8447747907503,20207200,0.017758624846483828,0.03352538226472124,0.05232519754287046,0.013512503151606726,0.012132369438576868,413.7260238647461,414.5391955566406,0.9980383720029113,62.39048435681219,1.376284741920756,0.1253528115807249,1.250931930340031,0.9221074054891474,4.475161290322581,317.6477741935484,13.34,4.096774193548387,1
2024-12-03,425.343994140625,426.59673575541547,421.9309618493427,424.0024483022702,18302000,0.0005104604186436656,0.029633121959803388,0.057785772621100406,0.013783379088252652,0.012023786192088274,414.88782958984376,414.5107086181641,1.0009097978986765,58.85251887952044,2.003171376852208,0.5009165246350216,1.5022548522171866,0.8377875030870011,4.470322580645162,317.6915483870968,13.3,4.0935483870967735,1
2024-12-04,431.4794921875,433.698935348809,426.754535872994,427.1490975254907,26009400,0.014424790596306192,0.02203331768820571,0.06522036726005709,0.011869467232599417,0.012263931554322927,416.20874176025393,414.690380859375,1.0036614326518314,61.887219107209894,2.9609351501034666,0.9929202497287106,1.968014900374756,1.1681844956647947,4.465483870967742,317.7353225806452,13.45,4.090322580645161,1
2024-12-05,436.60888671875,438.62119043191433,430.2465005729482,431.9727342727058,21697800,0.011887921961818426,0.046407776775508,0.055514244477101515,0.007885006368292834,0.011710873953784812,417.3569030761719,414.91475646972657,1.0058858996176085,64.17671855403051,4.086759491752218,1.6116880981334123,2.475071393618806,0.9855645575036435,4.460645161290323,317.77909677419353,13.54,4.087096774193548,1
2024-12-06,437.54595947265625,440.04159877439776,435.7703869006791,436.2931878578621,18821000,0.0021462521318533767,0.04748978812039306,0.04472628947770341,0.007631036402200419,0.011485054697972924,418.2935028076172,415.17362426757813,1.007514635703419,80.90095246147392,4.996995084617652,2.2887494954302605,2.708245589187391,0.8569972130856794,4.455806451612904,317.82287096774195,12.77,4.083870967741936,1
2024-12-09,439.9627075195313,442.2413336019405,434.5176840413152,436.5891705079944,19144400,0.005523415299704348,0.03489715884378253,0.057681572412281445,0.006058488859777755,0.011303247765072341,419.4931900024414,415.54560424804686,1.009499765402495,81.55677115062146,5.845985833939608,3.00019676313213,2.845789070807478,0.8672743288945949,4.441290322580645,317.9541935483871,14.19,4.074193548387097,0
2024-12-10,437.3092346191406,443.5138201555157,435.60274857576576,438.3548667232301,18469500,-0.006031131400546896,0.028130738045779813,0.06269553699361352,0.008133754876076394,0.011052353597244437,420.7831802368164,415.8196240234375,1.0119368012633747,76.41406251452365,6.232855553360935,3.6467285211778915,2.586127032183043,0.8482938933357523,4.436451612903226,317.9979677419355,14.18,4.070967741935483,1
2024-12-11,442.8923950195313,444.2339409306858,438.0194812346724,438.0194812346724,19200200,0.012767076380751918,0.026450626365045915,0.06349138303436175,0.007706166340477708,0.011085744552816504,422.10523376464846,416.39451721191404,1.0137146775874286,82.21059952673222,6.910309233812029,4.299444663704719,2.61086457010731,0.8822617831841277,4.431612903225807,318.04174193548386,13.58,4.067741935483871,1
2024-12-12,443.4546203613281,449.9649932079146,443.01071967285327,443.01071967285327,20834800,0.0012694400448489684,0.015679327312886127,0.059407082548712076,0.006836616930051389,0.011082906154151785,423.3485870361328,417.0507482910156,1.0151008930470078,85.23145680746394,7.40717770890916,4.920991272745607,2.4861864361635524,0.9588429896215238,4.426774193548387,318.08551612903227,13.92,4.064516129032258,0
2024-12-13,441.1957092285156,445.2992167545738,439.5286583553318,442.34983294961415,20177800,-0.005093894683004807,0.008341408889384283,0.04983779077388051,0.007797605662759074,0.011223317587644046,424.39580688476565,417.67341674804686,1.0160948479533567,80.13142529120753,7.5318518060526,5.443163379407006,2.0886884266455947,0.9506328428104676,4.421935483870968,318.12929032258063,13.81,4.061290322580645,1
2024-12-16,445.45703125,446.039014950384,439.232728669252,441.19569319284585,23598800,0.009658575394887237,0.012488157829205981,0.09034668303249593,0.008494392186674674,0.008745832319495555,426.24134674072263,418.3907629394531,1.018763759854817,81.08416991133831,7.8836323932087,5.931257182167345,1.952375211041355,1.1241158450756221,4.4074193548387095,318.2606129032258,14.69,4.051612903225807,1
2024-12-17,448.2880859375,449.1068307764244,443.4645114369834,444.8849575716068,22733500,0.006355393424940958,0.025105464164096647,0.09527041939312952,0.007065237117842583,0.008735207856851192,428.19102935791017,419.2931024169922,1.0212212576110276,78.50531431804076,8.295241120117794,6.4040539697574355,1.8911871503603583,1.0880638436722172,4.402580645161291,318.3043870967742,15.87,4.048387096774193,0
2024-12-18,431.4498901367188,446.5026260235917,431.08488976149135,445.1907017883104,24444500,-0.037561104854186955,-0.025835857674431084,0.04900913703263621,0.018995600941599664,0.012849086851497427,429.19888458251955,419.75688598632814,1.0224939695128645,62.30767725582094,7.179976028943031,6.559238381594556,0.6207376473484754,1.1525485422874207,4.397741935483872,318.3481612903226,27.62,4.04516129032258,0
2024-12-19,431.0946960449219,437.1611668979261,430.3943469810674,435.62235566018217,22963700,-0.0008232568831675335,-0.027871903344552695,0.053947654294754344,0.01884332639403148,0.012738230988544893,430.30219116210935,420.15942138671875,1.024140288802557,61.620053567312794,6.196035177777333,6.486597740831112,-0.29056256305377914,1.073186188132034,4.392903225806452,318.3919354838709,24.09,4.041935483870968,0
2024-12-20,430.6706237792969,437.7136411325363,422.8088616417394,427.2280003408309,64263700,-0.0009837102370213735,-0.02385582005687037,0.05747576467626159,0.01895440788449468,0.012663064951897169,431.47257843017576,420.58537048339844,1.02588584556392,55.477544521973,5.320702134417843,6.253418619548459,-0.9327164851306158,2.726288888530646,4.388064516129033,318.43570967741937,18.36,4.038709677419354,0
2024-12-23,429.3389587402344,431.706358810308,426.9518110200716,430.8087137218764,19152500,-0.003092073072866297,-0.03618322616782277,0.04376510672444778,0.017332940886686243,0.012613557737518358,432.37268829345703,420.97523620605466,1.0270739252743686,53.86225840047913,4.468035420585181,5.896341979755803,-1.4283065591706219,0.8223926096521691,4.373548387096775,318.5670322580645,16.78,4.029032258064516,1
2024-12-24,433.363525390625,433.6298778354008,428.2933464556966,428.74709084992185,7164500,0.009373867822755955,-0.033292342614154924,0.04904605622322156,0.017965049410763226,0.012708312531346038,433.38574066162107,421.3900701904297,1.028466903517139,51.89895689020894,4.070121968233593,5.531097977451362,-1.4609760092177684,0.32182028687350994,4.368709677419355,318.6108064516129,14.27,4.025806451612903,0
2024-12-26,432.1601257324219,434.9517090842379,430.70024449976,433.1169536147247,8194200,-0.0027768826578526973,0.0016461601032695672,0.02364551519154423,0.005152917267008508,0.011888695446976598,433.8848709106445,421.78871154785156,1.0286782434702988,45.130628635485756,3.6159855645319112,5.148075494867472,-1.5320899303355606,0.38113994062101875,4.359032258064516,318.6983548387097,14.73,4.019354838709678,0
2024-12-27,424.6830139160156,429.3093219032342,420.55978930279264,428.6977468777378,18117700,-0.017301716126017164,-0.01487302485446984,0.017825385474673938,0.00951007015555835,0.012270364057505876,434.25674896240236,422.0893963623047,1.0288264825057432,37.68414913442823,2.6225081168525435,4.642962019264487,-2.0204539024119432,0.8431364656044373,4.354193548387097,318.74212903225805,15.95,4.016129032258064,0
2024-12-30,419.06048583984375,421.7435474622816,416.17028459927946,420.2737923808389,13158700,-0.013239352392096837,-0.02695827692534447,0.0032353630943291467,0.010411297625059296,0.012673774355808107,434.3243209838867,422.2658166503906,1.028556667051929,31.14432769454052,1.3657357045674985,3.9875167563250895,-2.621781051757591,0.6168296278101393,4.339677419354839,318.87345161290324,17.4,4.006451612903226,0
2024-12-31,415.7756958007813,420.9346790911402,414.94710727917607,420.313230174155,13246500,-0.007838462823521408,-0.03159103701944588,-0.02199645800337824,0.010363707819379642,0.012090438766993804,433.85675659179685,422.3481890869141,1.0272490040261886,30.793585985198035,0.10348648151790485,3.2107107013636527,-3.107224219845748,0.6312438169414375,4.33483870967742,318.9172258064516,17.35,4.003225806451613,0
2025-01-02,412.8953247070313,420.2836247921959,409.21600045312425,419.7509500092328,16896500,-0.006927704343570262,-0.047231018496870725,-0.02926729801074368,0.005686805111498903,0.012154427738270988,433.2343231201172,422.3607464599609,1.0257447614421884,21.88938141676431,-1.1164077432391082,2.3452870124431007,-3.461694755682209,0.807885061477727,4.33,318.9841612903226,17.93,4.006451612903226,1
2025-01-03,417.6005859375,418.27134378737713,413.8423310893823,415.3613950253171,16662900,0.011395772606064947,-0.03369015077512405,-0.03216585376894088,0.010999211190246785,0.01196407271377925,432.5403778076172,422.29552490234374,1.0242599134993027,27.517622388088967,-1.6840942571481605,1.5394107585248484,-3.223505015673009,0.8149249088871021,4.33,319.0073225806452,16.13,4.012903225806451,1
2025-01-06,422.0394592285156,428.4215926337743,419.7016505493917,422.1874160873605,20573600,0.010629470935847651,-0.006224771419802488,-0.03336951659350795,0.011406265647511139,0.011892694727118647,431.8119064331055,422.3763763427734,1.02233915204262,33.950434201873406,-1.7555727817862703,0.8804140504626247,-2.635986832248895,1.0089574051233512,4.33,319.0768064516129,16.04,4.032258064516129,0
2025-01-07,416.63385009765625,424.8013994266876,415.0851648128758,423.1738138555601,18139100,-0.012808302666155402,-0.005790657492615314,-0.04779408636341631,0.011293556871886816,0.01211105354013881,430.7663009643555,422.3465557861328,1.01993563120824,26.305569688084177,-2.2227846302546936,0.259774314319161,-2.4825589445738547,0.8910561086179569,4.33,319.0999677419355,17.82,4.038709677419355,1
2025-01-08,418.7941284179688,421.171402275518,415.81515330470927,417.709061289588,15054600,0.0051850763441476655,0.007259762048799079,-0.048114485022853315,0.010846738408674969,0.012099670832067535,429.70787200927737,422.2926037597656,1.0175595503768997,25.4837757184213,-2.391173025807518,-0.27041515370617486,-2.1207578721013434,0.7470388711200894,4.33,319.1231290322581,17.7,4.04516129032258,0
2025-01-10,413.2603454589844,418.9420997125399,409.383695034764,418.8631994200863,20201100,-0.01321361161363166,0.0008840515503827362,-0.054992868332864764,0.01232988229715254,0.012317982476229422,428.5054275512695,422.15869079589845,1.0150340071014659,31.38129554832922,-2.9372927965350186,-0.8037906822719436,-2.133502114263075,0.9981300902789152,4.33,319.16945161290323,19.54,4.058064516129033,0
2025-01-13,411.5242614746094,412.81646832203865,406.690813027426,409.6007318390263,17604800,-0.00420094500585777,-0.014550564983642156,-0.07082563145736254,0.010661271806241266,0.011764818092337481,426.93702087402346,421.8845227050781,1.011976021629211,30.518554162990824,-3.470182019687172,-1.3370689497549895,-2.1331130699321825,0.8732897055559069,4.33,319.238935483871,19.19,4.077419354838709,0
2025-01-14,410.02484130859375,414.0395441747234,405.1420547132204,412.1357625329151,16935900,-0.003643576591675912,-0.028467996669990225,-0.07538489287922112,0.007614733714086791,0.011708959117059648,425.2655319213867,421.5689471435547,1.0087686363117567,29.87887249043942,-3.9677534525548595,-1.8632058503149636,-2.104547602239896,0.8483122063811126,4.33,319.26209677419354,18.71,4.083870967741936,1
2025-01-15,420.5203552246094,422.3353628905166,412.58953664498,413.43787278736687,19637800,0.025597263528032155,0.009328347003111137,-0.04686209219953574,0.014736994257467195,0.013422495433915707,424.2317642211914,421.97873962402343,1.0053391898349555,42.70799161401875,-3.4751230838367064,-2.1855892970193125,-1.289533786817394,0.9849813640109484,4.33,319.28525806451614,16.12,4.090322580645162,0
2025-01-16,418.8138122558594,423.6571336957602,418.6264203199314,422.8778842735224,15300000,-0.004058169711757431,4.700122698686471e-05,-0.05981097417943304,0.014808489947575347,0.013125878772053097,422.89960327148435,422.27525146484373,1.0014785422647308,37.48940536200206,-3.185691059312944,-2.385609649478039,-0.8000814098349052,0.7837195329031584,4.33,319.3084193548387,16.6,4.096774193548387,1
2025-01-17,423.2034301757813,428.57942688248704,422.3551241092644,428.1947089431654,26197500,0.010481072475327702,0.024060098739340008,-0.05595655237916797,0.01318685663656139,0.013311692525978079,421.64537048339844,422.6971624755859,0.9975117126738502,42.69863785922444,-2.572454954643149,-2.422978710511061,-0.14947624413208782,1.330126846298315,4.33,319.3315806451613,15.97,4.103225806451613,0
2025-01-21,422.6806335449219,425.0480336398343,419.82002384260585,424.3575582513444,26085700,-0.0012353317425670696,0.02710987690090505,-0.02032508708952996,0.012737873055950418,0.010498757372317591,421.20690765380857,423.04955017089844,0.9956443813346557,48.15894974780749,-2.104388165644025,-2.359260601537654,0.25487243589362896,1.3189550778534247,4.33,319.4242258064516,15.06,4.129032258064516,1
2025-01-22,440.1402587890625,441.1957044539868,430.0787709144918,431.6175824572203,27803800,0.041306896646082114,0.07344778766173143,0.020982774381427483,0.019038669435313103,0.01412940315587325,421.6591857910156,423.5794421386719,0.9954665969199052,65.91681452634973,-0.3208969221304301,-1.9515878656562091,1.630690943525779,1.388832069444101,4.33,319.4473870967742,15.1,4.135483870967742,1
2025-01-23,440.643310546875,440.68277574358376,435.50407496539947,435.9972845633218,18389300,0.0011429351161753587,0.04785251194681761,0.023156180656261238,0.018584598788914275,0.014120638792787734,422.1578201293945,424.0160290527344,0.9956175974585414,69.60029787876825,1.1202117071388216,-1.337227951097203,2.4574396582360247,1.0374292663787066,4.33,319.4705483870968,15.02,4.141935483870968,0
2025-01-24,438.029296875,440.5841189283991,435.4054182545328,439.1143639891968,15549500,-0.005932266777477713,0.045880732814517655,0.020241205597238965,0.018942549294095196,0.014180640667261562,422.5923370361328,424.4572357177734,0.9956063920585851,69.8937665763271,2.027994166990709,-0.6641835274796206,2.6921776944703293,0.8862292922732854,4.33,319.49370967741936,14.85,4.148387096774194,0
2025-01-27,428.6583251953125,429.2896479328885,417.74853125025015,418.2516146753107,35647800,-0.02139348154687859,0.012889534041029549,-0.010857397818774261,0.02325610356878895,0.014886752057309357,422.35707702636716,424.8002136230469,0.9942487397173305,58.15032552715964,1.968566795936681,-0.1376334627963603,2.1062002587330415,1.8791819650656172,4.33,319.56319354838706,17.9,4.167741935483871,1
2025-01-28,441.1266784667969,442.29064589853647,425.5215194914831,428.69779052094407,23491700,0.029086926670101043,0.04364062002834723,0.020748218543250818,0.02576608950337414,0.016264920916682864,422.80540466308594,425.293720703125,0.9941491822735468,62.579616937641106,2.894199551999236,0.468733140162759,2.425466411836477,1.1903738207651742,4.33,319.58635483870967,16.41,4.174193548387097,0
2025-01-29,436.3227844238281,440.81100977301065,434.41900262341227,440.6235877197962,23581400,-0.01089005557239342,-0.008673313310936903,0.02740813766126826,0.019013591860159308,0.015942043392989564,423.38739318847655,425.64842529296874,0.9946880289691288,63.079924208788285,3.2032114508769496,1.0156288023055973,2.187582648571352,1.1786038621725108,4.33,319.6095161290322,16.56,4.180645161290323,0
2025-01-30,409.3540649414063,417.11717867451154,407.548931179693,413.08272804700266,54586300,-0.061809101988644644,-0.071008103054228,-0.023162338675250416,0.032678131697322615,0.021149803194114927,422.9020721435547,425.4304803466797,0.9940568240407583,45.28338251241472,1.2574601143529094,1.0639950647150598,0.1934650496378496,2.4722851142405395,4.33,319.6326774193548,15.84,4.187096774193549,1
2025-01-31,409.4231567382813,414.976701732093,409.27519987674,413.2899333042713,34161900,0.00016878248634188964,-0.06530645402214275,-0.01527876479231205,0.03317360300465639,0.021088366524800624,422.5844451904297,425.4480187988281,0.9932692750186423,47.97205255951012,-0.2758073719405729,0.7960345773839332,-1.0718419493245062,1.4772675184410333,4.33,319.65583870967737,16.43,4.193548387096774,0
2025-02-03,405.3394165039063,409.7684293585694,403.1100993381394,406.0101743775102,25679100,-0.009974375330669139,-0.05439975691777654,-0.018299815355105498,0.03283988266714242,0.021147736498134482,422.20664978027344,425.36891845703127,0.9925658210096108,46.81046750222617,-1.7997106648336967,0.2768855289404073,-2.0765961937741038,1.0897510162666317,4.33,319.6865714285714,18.62,4.2,1
2025-02-04,406.7696533203125,408.2986210393196,404.1753661823544,407.085314667825,20532100,0.003528491822340163,-0.07788471390099883,-0.02593610493355125,0.0264739278364724,0.020983271929484872,421.66510314941405,425.27845581054686,0.9915035605219031,48.32009666224219,-2.8590495025170526,-0.35030147735108463,-2.5087480251659677,0.8642311002982197,4.33,319.6903571428571,17.21,4.2,1
2025-02-05,407.6772155761719,408.2098602907994,404.8264495269334,406.749979083578,16316700,0.002231145436861537,-0.06565224157496896,-0.03403057069260251,0.027703484809222363,0.0208195488040551,420.9469909667969,425.2514288330078,0.9898778991101256,42.64409974452805,-3.584035938952354,-0.9970483696713386,-2.586987569281016,0.6930063765658709,4.33,319.6941428571428,15.77,4.2,1
2025-02-06,410.1728210449219,412.5205034548323,408.3775309546229,408.3775309546229,16309800,0.006121523041759724,0.002000117193493134,-0.015507691108679555,0.006195893066436918,0.02070942678340243,420.62393951416016,425.3096276855469,0.9889828777286671,45.095210577444085,-3.912121902311128,-1.5800630761992966,-2.3320588261118314,0.6954148108542323,4.33,319.6979285714286,15.5,4.2,0
2025-02-07,404.1852416992188,412.96436600470287,402.5576561425311,410.8238533335017,22886800,-0.014597698917372504,-0.012793402016610389,-0.03488321761801283,0.009155195606982082,0.02089146754139364,419.8934951782227,425.1665972900391,0.9875975625897554,39.397258614552975,-4.602228380926817,-2.184496137144801,-2.4177322437820163,0.9598174875602591,4.33,319.7017142857143,16.54,4.2,1
2025-02-10,406.6217346191406,409.81772327895646,405.3394016663598,408.0914896331453,20817900,0.006028159043310666,0.0031635662928970465,-0.01606399189467511,0.008691079593682104,0.020769457497169942,419.56156463623046,425.036982421875,0.9871177850114468,41.234123845499276,-4.896098940293712,-2.7268166977745834,-2.1692822425191283,0.8719250755681801,4.33,319.7130714285714,15.81,4.2,0
2025-02-11,405.8523559570313,406.8880841725034,403.7414042223986,404.0768132724711,18140600,-0.001892123801080059,-0.0022550781647392437,-0.013782675891948593,0.008581566432996728,0.020754812794414507,419.27796936035156,424.7104791259766,0.987208910463418,27.113535032885025,-5.131918343723328,-3.2078370269643326,-1.9240813167589952,0.7589389931965503,4.33,319.7168571428571,16.02,4.2,0
2025-02-12,403.4848937988281,405.1716621007933,398.87830316572246,401.6797299133385,19121700,-0.0058333088953507195,-0.01028343409238297,-0.015950125092161205,0.008715107136016014,0.020778105456770415,418.95097198486326,424.4352679443359,0.9870786045042046,25.799846643142345,-5.447051115797194,-3.6556798447309053,-1.7913712710662888,0.7963436417072056,4.33,319.7206428571429,15.89,4.2,1
2025-02-13,404.9645080566406,405.4182524163589,400.8412533167097,401.4725759938153,23891700,0.0036670871216066825,-0.012697850079420148,-0.03699190056961699,0.008194418375582027,0.019882414771954012,418.17317962646484,424.1803771972656,0.9858381059244352,28.1429428503761,-5.513843448100317,-4.027312565404788,-1.4865308826955292,0.9862591959855626,4.33,319.7244285714286,15.1,4.2,0
2025-02-14,402.8832092285156,403.35670130819824,400.3678521686821,402.25191655873215,22758500,-0.005139459845784566,-0.0032213755881569384,-0.03803743468138421,0.005286742154462711,0.0198906541036113,417.3766494750977,423.7355017089844,0.9849933455935588,31.14449017061058,-5.669367336357993,-4.355723519595429,-1.3136438167625641,0.9252366806531886,4.33,319.7282142857143,14.77,4.2,1
2025-02-18,404.0767517089844,405.0237056562673,400.9793811541372,402.4590098668831,21423100,0.0029625024154127377,-0.006258846228522463,-0.04519499867676524,0.00442915963979266,0.01971768625912556,416.4203155517578,423.3101568603516,0.9837238932330492,17.54232684278955,-5.631396995823252,-4.610858214840993,-1.0205387809822586,0.8794820099701257,4.33,319.7433571428571,15.35,4.2,1
2025-02-19,409.1371154785156,409.84733856693146,402.1138149948078,402.3407022671933,24114200,0.012523273729877271,0.008093483931462142,-0.03204196500043066,0.007518561769333543,0.019988426027692095,415.7431396484375,422.8633093261719,0.9831620064434526,26.290474030826914,-5.1337969468852975,-4.715445961249855,-0.4183509856354428,0.9939821176210661,4.33,319.7471428571429,15.27,4.2,1
2025-02-20,411.3017272949219,414.4448231183109,407.75338500421714,410.4714772753562,23508700,0.005290675752735341,0.0193732990162232,-0.06552123083101447,0.006303414477669687,0.017388341490245242,414.3012130737305,422.3571661376953,0.980926207224957,52.99395495158231,-4.51275896368054,-4.674908561735992,0.1621495980554526,0.9776780961379787,4.33,319.7509285714286,15.66,4.2,0
2025-02-21,403.47357177734375,413.1993956224997,403.15730762956775,412.4976421272199,27524800,-0.019032634676890092,-0.0036816467854223767,-0.08435334856984555,0.01204106731023933,0.01770334389820001,412.4427261352539,421.67571838378905,0.9781040457251757,42.61575056057198,-4.59923153705995,-4.659773156800784,0.060541619740834385,1.1233596636059229,4.33,319.7547142857143,18.21,4.2,0
2025-02-24,399.3124084472656,404.6200957828949,394.6867174896375,403.7700887978409,26443700,-0.010313347939365003,-0.00886311640559001,-0.0883888103009306,0.012723197441205177,0.017752366428142635,410.5068817138672,420.86271240234373,0.9753938032919001,42.534006443286195,-4.946512462339911,-4.717121017908609,-0.22939144443130122,1.0557663266049624,4.33,319.7660714285714,18.98,4.2,0
2025-02-25,393.283203125,397.25657880262406,392.09714469384,396.4460859350655,29387400,-0.015098968112987832,-0.026711629754334054,-0.08252521878396812,0.013597488333271231,0.017490282638742503,408.7381256103516,419.98219177246096,0.973227278721853,35.00240274319965,-5.643190392898589,-4.902334892906605,-0.7408554999919836,1.1881423495400343,4.33,319.7698571428572,19.43,4.2,1
2025-02-26,395.0919799804688,398.9170718958632,389.6755530638089,393.3919357776839,19619000,0.004599171388700141,-0.03432867605184142,-0.1043570945342247,0.011257417078639505,0.015818425747196396,406.43639068603517,419.0261834716797,0.9699546393942816,36.27960797073825,-5.980420926741601,-5.117952099673605,-0.8624688270679961,0.7994614566180405,4.33,319.7736428571429,19.1,4.2,0
2025-02-27,387.9754943847656,401.0322110218146,387.61968592381214,396.6140749840697,21127400,-0.018012224890150863,-0.056713189763558436,-0.11080624657936655,0.009652306185357914,0.016027944217451347,404.019026184082,417.9166009521484,0.9667455785761961,28.015540445781326,-6.7441767950593885,-5.443197038750762,-1.3009797563086263,0.8652539953811947,4.33,319.7774285714286,21.13,4.2,1
2025-02-28,392.38372802734375,393.0163166062088,382.0846478468725,388.1039821513057,32845700,0.011362144533299645,-0.02748592355417001,-0.041456378151494944,0.012827599048941814,0.0096257618532458,403.1705093383789,416.940361328125,0.9669740488882307,37.934193316493065,-6.914050340971016,-5.737367699194813,-1.1766826417762033,1.4078413958699627,4.33,319.7812142857143,19.63,4.2,0
2025-03-03,383.9823913574219,394.1925506012372,381.6794393165997,394.1925506012372,23007700,-0.021411022093496213,-0.03839103610492556,-0.06213807148461348,0.014694497843457615,0.010528670095906965,401.8984710693359,415.71086853027344,0.9667740285218652,29.369877550657236,-7.638541652992728,-6.117602489954396,-1.5209391630383324,1.0103136061701599,4.33,319.8183548387097,22.78,4.2,1
2025-03-04,384.1009521484375,388.0248895313717,376.5792652913011,378.9514121108331,29342900,0.00030876621867093057,-0.023347681527207342,-0.05239674083180146,0.014370145672264065,0.01042845181018259,400.8365478515625,414.4271258544922,0.9672063502723,29.941091114585845,-8.109656302695214,-6.51601325250256,-1.5936430501926537,1.2782224444829722,4.33,319.83503225806453,23.51,4.2,1
2025-03-05,396.3669738769531,397.0094560898268,384.2986543499986,384.822503579622,23433100,0.031934369492985226,0.0032270811889103523,-0.02557388280675832,0.02195661547250449,0.01294325634656548,400.31641387939453,413.72546752929685,0.9675894894022863,44.44930456859075,-7.407859422521312,-6.694382486506311,-0.7134769360150015,1.0143729273146223,4.33,319.85170967741936,21.93,4.2,0
2025-03-06,392.284912109375,397.4838599812305,388.12373889118527,389.7051801734712,23304600,-0.0102986929704324,0.011107448246036933,-0.03775610428716958,0.020525543048114967,0.013070285825532029,399.5467987060547,412.94927185058594,0.9675445047173238,40.49787881213481,-7.099233068544891,-6.775352602914028,-0.3238804656308627,0.9937798674781075,4.33,319.8683870967742,24.87,4.2,0
2025-03-07,388.7464904785156,390.21919261692045,381.06665528777256,387.767986927601,22034100,-0.00902002988550532,-0.009269593229856543,-0.052237324042637256,0.020318407093963882,0.01302319902498397,398.47548217773436,412.1107891845703,0.9669134917971557,39.63233128411451,-7.058796105714009,-6.832041303474025,-0.22675480223998434,0.9282721930783917,4.33,319.88506451612903,23.37,4.2,0
2025-03-10,375.7490234375,381.9166113327009,372.8431337183802,381.3631114017718,32840100,-0.0334343006544362,-0.021442045534473486,-0.07035442002328252,0.023669836650656074,0.014530528949772591,397.0536712646484,411.03899047851564,0.9659756871298607,32.29093414905988,-7.983507581346771,-7.062334559048574,-0.9211730222981966,1.3551057393958863,4.33,319.9350967741936,27.86,4.2,1
2025-03-11,376.0357055664063,381.5212976511773,372.53677123025375,374.6025176419591,30380200,0.000762961740482071,-0.020997726084558965,-0.07521985779088391,0.02369185716272902,0.014395108106383017,395.52436981201174,409.89243408203123,0.9649467443764916,27.993186140662132,-8.594147256173642,-7.3686970984735884,-1.2254501577000534,1.2293474627778862,4.33,319.95177419354843,26.92,4.2,1
2025-03-12,378.8229370117188,380.7503233781215,374.55308456142495,378.5066728711865,24253600,0.007412145719285501,-0.04426210562810573,-0.06659914264036992,0.015519023577405311,0.014608896516444182,394.1728988647461,408.8256903076172,0.9641588290798317,28.58441615411526,-8.752286404561005,-7.645414959691072,-1.1068714448699328,0.9694417364061474,4.33,319.96845161290327,24.23,4.2,0
2025-03-13,374.3751831054688,380.8492026304598,373.0705217726956,378.7142611357114,20473000,-0.011740983640893932,-0.04565490145313744,-0.07214572624836113,0.015564496664635273,0.014721286759270473,392.7174133300781,407.81953369140626,0.9629686194169507,29.91813049752706,-9.131250021550443,-7.942581972062946,-1.1886680494874966,0.8161231459787309,4.33,319.9851290322581,24.66,4.2,1
2025-03-14,384.0515441894531,385.7021804869834,375.1065632119369,375.3734195488383,19952800,0.025846694761437528,-0.012077141283728166,-0.05164147339120029,0.022104279956061002,0.01607353980369736,391.67176513671876,407.1193548583984,0.9620563612676863,40.21295284380745,-8.552195560679479,-8.064504689786252,-0.4876908708932266,0.8016801178686096,4.33,320.00180645161294,21.77,4.2,1
2025-03-17,384.1899719238281,388.15342385678485,381.0962841175908,382.2131776873556,22474300,0.00036044050979455733,0.022464325812764585,-0.04639865071687488,0.013775239893120322,0.016073502718991075,390.7371032714844,406.4876403808594,0.9612521131156226,43.69172402258529,-7.990016826933811,-8.049607117215764,0.05959029028195317,0.9035068817408336,4.33,320.05183870967744,20.51,4.2,0
2025-03-18,379.0700378417969,382.8753726383068,376.6781337960948,382.5788655792479,19486900,-0.013326568771155678,0.008069266376766304,-0.06188604952258503,0.015999556019996763,0.016207612472712702,389.486767578125,405.8111346435547,0.9597734865511558,39.3732529354732,-7.866936870264567,-8.013073067825525,0.14613619756095808,0.7864689674711667,4.33,320.0685161290323,21.7,4.2,1
2025-03-19,383.3201599121094,385.158563988563,379.54447585576617,381.0567221702146,19185500,0.011211970469916954,0.01187156969920089,-0.06310098641676998,0.016422741758077924,0.016143762895181758,388.1959197998047,405.1255261230469,0.9582114548908967,46.790248664935675,-7.341813925723727,-7.878821239405166,0.5370073136814391,0.7820832794055751,4.33,320.0851935483871,19.9,4.2,0
2025-03-20,382.35150146484375,387.24407880313566,378.8328104695348,381.26425870483627,18470500,-0.002527021922060446,0.021305681357430828,-0.07038683260700118,0.014873288274795641,0.016023339808426944,386.74840850830077,404.33176696777343,0.9565125476255886,42.73858866168754,-6.923997319090631,-7.68785645534226,0.7638591362516287,0.760748891085084,4.33,320.10187096774195,19.8,4.2,1
2025-03-21,386.7203063964844,387.19471775799946,378.3584441879074,378.7735842927226,39675900,0.011426148229843669,0.006948968823087931,-0.04152258426012756,0.010370248581118496,0.015918562106594446,385.91074523925784,403.73349609375,0.9558551593391855,52.104582620983706,-6.169233517989767,-7.384131867871762,1.2148983498819952,1.594247098475826,4.33,320.1185483870968,19.28,4.2,1
2025-03-24,388.5191345214844,390.81222312553433,385.2870867325212,390.81222312553433,21004500,0.004651496431004043,0.011268286301118202,-0.02702964820890774,0.010437053083317589,0.015858722922471622,385.37108154296874,403.1279962158203,0.9559521669555663,53.31065175762392,-5.364093441423677,-6.980124182582146,1.6160307411584691,0.8533225323136824,4.33,320.1685806451613,17.48,4.2,1
2025-03-25,390.5750122070313,391.7610706609813,388.0842623065983,389.3494094222369,15775000,0.00529157383221035,0.030350524221690156,-0.006886108779753597,0.005736670775544605,0.015574403892357406,385.2356719970703,402.6742895507812,0.9566929947944647,44.875878607101704,-4.508154780407551,-6.485730302147227,1.9775755217396753,0.6590948403005891,4.33,320.1852580645162,17.15,4.2,0
2025-03-26,385.4451904296875,390.7232269425197,384.061440622416,390.4168262767483,16108400,-0.01313402449469725,0.005543748385332448,-0.02441656636831302,0.009388368196484899,0.01578830923883869,384.7533325195312,402.1527081298828,0.9567344064615074,44.05906895619398,-4.195389136147014,-6.027662068947184,1.8322729328001701,0.6779969198794047,4.33,320.201935483871,18.33,4.2,1
2025-03-27,386.048095703125,387.6888383797828,382.9050004114053,385.6033351411741,13766800,0.001564179002377486,0.009668052104200076,-0.004967836137942161,0.009164302335379822,0.015284519617174669,384.6569625854492,401.6731732177734,0.9576366763654923,47.53024866500306,-3.854439117991774,-5.593017478756103,1.738578360764329,0.5885566877205463,4.33,320.21861290322585,18.69,4.2,0
2025-03-28,374.4048156738281,384.6149747790714,372.5565178920864,383.5771397086297,21632000,-0.030160179933255482,-0.031845989256198526,-0.045819719497294575,0.015265490312758647,0.016418199264025938,383.7580169677734,400.7508624267578,0.9575974824955241,48.73841800304175,-4.472196466583398,-5.368853276321562,0.8966568097381638,0.9475212433413002,4.33,320.2352903225807,21.65,4.2,0
2025-03-31,371.0343933105469,372.6948931611048,362.978933000102,368.2174556076631,35184700,-0.009002080694970216,-0.045003552353920506,-0.03372029118601594,0.013970106697124467,0.015880215999872344,383.11061706542966,399.79527404785154,0.9582669979725051,45.562942093501356,-5.174094789000037,-5.329901578857258,0.15580678985722063,1.501121317533703,4.33,320.2853225806452,22.28,4.2,1
2025-04-01,377.7554931640625,378.4078388750376,368.89946352111616,370.3029705230893,19689500,0.018114492819780725,-0.03282216896193446,-0.016520289650109432,0.017895364458806934,0.016480265228367597,382.79334411621096,398.88631530761717,0.9596552436776492,49.11477593794063,-5.128894970225474,-5.289700257130901,0.16080528690542728,0.8576957716354243,4.33,320.302,21.77,4.2,0
2025-04-02,377.7060852050781,380.61194495123306,372.2501138660857,373.584455994143,16092600,-0.00013079348911793076,-0.020078354631904882,-0.04707982728568105,0.017637514882253943,0.01458925476400803,381.8602996826172,397.9868243408203,0.9594797524141327,52.979662392105354,-5.038974436914032,-5.239555093087528,0.2005806561734964,0.7124008101198579,4.33,320.31260000000003,21.51,4.203333333333333,0
2025-04-03,368.7808227539063,373.10014336261634,365.0644702169303,370.4413527847735,30198000,-0.023630179128106388,-0.04472829458663463,-0.05991586377636515,0.01920707284712567,0.015262639324119061,380.6850952148437,396.5596356201172,0.9599693489216324,36.153489831597575,-5.623086414761531,-5.316261357422329,-0.30682505733920173,1.3167395717783963,4.33,320.32320000000004,30.02,4.206666666666667,0
2025-04-04,355.664794921875,370.2436515761853,355.30898645827625,359.90502676066706,49209900,-0.03556591618318461,-0.050052830432285256,-0.08509837739221704,0.020785875251648014,0.01688428365968066,379.03101043701173,394.86006530761716,0.9599122416740884,29.062692777569495,-7.06293606588946,-5.665596299115755,-1.3973397667737046,2.0257064773753113,4.33,320.3338,45.31,4.21,0
2025-04-07,353.707763671875,366.6953157485582,340.7894367933375,346.8087713756296,50425000,-0.00550245983842701,-0.046698176640918354,-0.0586595264146873,0.020888353394085783,0.015441159090497666,377.92894744873047,393.1736346435547,0.9612265781538357,30.477808852968437,-8.266650552489523,-6.1858071497905085,-2.0808434026990144,2.003221442275739,4.33,320.36560000000003,46.98,4.22,0
2025-04-08,350.446044921875,369.3145404099518,346.1860561796805,363.98709615832223,35868900,-0.009221507371338866,-0.07229398046192481,-0.06805114585059602,0.014508138007836546,0.015477726253161246,376.6494644165039,391.60938903808596,0.9617988612113508,24.304710417858388,-9.37571894737573,-6.823789509307553,-2.5519294380681776,1.4095869787423678,4.33,320.37620000000004,52.33,4.223333333333334,1
2025-04-09,385.9591979980469,388.667426732123,349.0030438091915,349.4379409733939,50199700,0.10133700634027365,0.02185062173008845,0.01883798547844351,0.05490328795796364,0.028063904464301882,377.0062774658203,390.50603942871095,0.9654300814844244,51.831064451325,-7.30484329686692,-6.920000266819427,-0.38484303004749343,1.8770667254468762,4.33,320.3868,33.62,4.226666666666667,0
2025-04-10,376.9252014160156,379.4456016968333,363.5324039880612,377.62695483918543,38024400,-0.02340661041086778,0.02208460462040951,0.006811397831967048,0.05487373309403525,0.02846739251198323,377.13377838134767,389.3180877685547,0.9687034592791629,45.25333603078885,-6.319776992648883,-6.799955611985318,0.480178619336435,1.3766349948128733,4.33,320.3974,40.72,4.23,1
2025-04-11,383.94287109375,385.52428234575257,374.4937970946495,376.2234920445777,23839200,0.018618202368455794,0.07950766163990597,-0.00028296487111512114,0.04984966132357403,0.028175849691965092,377.1283447265625,388.80986389160154,0.9699557026457132,47.88913210256266,-4.916167042201266,-6.4231978980285085,1.5070308558272423,0.8570447107260193,4.33,320.408,37.56,4.233333333333333,0
2025-04-14,383.3102722167969,390.0709046779098,379.7520366679256,388.6575040815548,19251200,-0.0016476380331037488,0.08369199544170391,-0.0022897518709980025,0.04945516379517975,0.028179382206250318,377.08435974121096,388.28760620117185,0.9711470407990398,46.60444915852596,-3.81091166901831,-5.900740652226469,2.089828983208159,0.696134398720205,4.33,320.4398,30.89,4.243333333333333,0
2025-04-15,381.2544250488281,387.3429548173336,379.702634359307,384.0021677861047,17199900,-0.0053634022278588045,0.08791190704926133,0.005762489748511568,0.048968820843142837,0.028033365735281226,377.1935791015625,387.8059063720703,0.9726349519279212,47.983277962315206,-3.065540861046145,-5.333700693990405,2.26815983294426,0.624540669453393,4.33,320.4504,30.12,4.246666666666667,0
2025-04-16,367.2982177734375,377.1821883945702,363.7301188576812,376.2531229065895,21967800,-0.03660602043793515,-0.048349619134361976,-0.04179780719684956,0.02119770339207872,0.029103520446258406,376.3924819946289,387.0164776611328,0.9725489836228468,42.004570333951904,-3.559941624790838,-4.978948880150492,1.419007255359654,0.7936574745038647,4.33,320.461,32.64,4.25,0
2025-04-17,363.5126647949219,369.9767899290697,362.6330071079686,369.413396372957,21120200,-0.010306483384165732,-0.03558408026501314,-0.04927098912322192,0.019843444479930025,0.029166444922696762,375.45054016113284,386.1331866455078,0.9723342959014236,45.02168668514526,-4.208704949375033,-4.8249000939954,0.6161951446203675,0.759400367040035,4.33,320.4716,29.65,4.253333333333333,0
2025-04-21,354.9531555175781,360.2509795659297,351.54320368031085,358.6102367890087,20807300,-0.023546660422884225,-0.07550528414185154,-0.08214502924585765,0.014420678091099632,0.02935843688866767,373.8621826171875,385.02879333496094,0.970997985316753,42.982839750671424,-5.351842710710628,-4.930288617338446,-0.4215540933721815,0.7744196216724201,4.33,320.514,33.82,4.266666666666667,1
2025-04-22,362.5638427734375,363.5028019496421,355.68457702509073,359.1637542302739,19485000,0.0214413849758901,-0.054124376378897,-0.06680569743370413,0.021781333993022692,0.02985121748689648,372.56441802978514,384.1963653564453,0.9697239527087447,43.42208540770649,-5.579353452478074,-5.060101584366372,-0.5192518681117022,0.7272618693261397,4.33,320.5246,30.57,4.27,1
2025-04-23,370.0460205078125,375.9764033603888,368.6918910858119,371.6966268435602,20545500,0.020636855780046925,-0.029398752655999005,-0.052560944908418894,0.02610166178461519,0.03027096982081211,371.53796844482423,383.46485107421876,0.968897064239439,46.88380756864611,-5.0971513545111975,-5.067511538395337,-0.02963981611586064,0.7600773931959098,4.33,320.53520000000003,28.45,4.273333333333333,1
2025-04-24,382.8061828613281,383.9428636514652,370.8367085183124,371.3408006891215,22232300,0.034482636338055705,0.042221727025793854,-0.0068466480679586494,0.024344114973183707,0.031229368021892374,371.40601806640626,383.00392761230466,0.9697185623703619,55.53302081123632,-3.64336580392046,-4.782682391500362,1.139316587579902,0.8132678811259247,4.33,320.5458,26.47,4.276666666666666,1
2025-04-25,387.3034057617188,387.6098064465498,380.1375268589871,382.5096738423667,18973200,0.011748041441691726,0.06544680081564325,0.0032516934355224514,0.021956187593739414,0.03133724524976038,371.4687835693359,382.6802978515625,0.970702661346377,63.39217066183858,-2.104087368481487,-4.246963386896588,2.142876018415101,0.6875016645641071,4.33,320.5564,24.84,4.28,0
2025-04-28,386.6214294433594,388.1830836548117,382.1538852231593,387.4121350910717,16579400,-0.0017608322266574605,0.08921817832441548,0.0326294247779495,0.01339466100810836,0.03050166062111043,372.0796142578125,382.31343627929687,0.9732318536301505,64.08390836929021,-0.9285244559299599,-3.5832756007032622,2.6547511447733023,0.6063116104647027,4.33,320.58820000000003,25.15,4.29,1
2025-04-29,389.4679870605469,390.51568553400665,385.8504501911824,386.7597585973815,14974000,0.007362648317983389,0.07420526018619422,0.04968163082006116,0.013783108281862837,0.03040937421189397,373.0012939453125,382.0451318359375,0.9763278284762735,66.7572059454505,0.2301579146017616,-2.8205888976422577,3.0507468122440193,0.5686152771211526,4.33,320.5988,24.17,4.293333333333333,1
2025-04-30,390.673828125,392.0575779640377,379.979364791359,385.7713570331464,36461100,0.0030961236982633977,0.055743897985661484,0.034197609815635355,0.014058210974927531,0.030197358083522478,373.6472106933594,381.77707336425783,0.9787052098250498,52.870363661024,1.2315270600220174,-2.0101657061094027,3.24169276613142,1.3418268977758216,4.33,320.6094,24.7,4.296666666666667,1
2025-05-01,420.464111328125,431.9196298528696,419.9699127886788,426.1078502028247,58938100,0.07625359330083747,0.09837335485367138,0.11320449364704066,0.0322077650901392,0.03443339548605467,375.78511199951174,382.00361328125,0.9837213548104323,71.15957389061077,4.378473887480709,-0.7324377873913803,5.1109116748720895,2.010509634912223,4.33,320.62,24.6,4.3,1
2025-05-02,430.2294921875,434.3412277785372,425.0008630376841,426.7305579775838,30757400,0.023225242288881676,0.11083322735403645,0.16662653164749686,0.031939296042310425,0.03390692722236487,378.85754547119143,382.3821685791016,0.9907824595456234,71.90978839066656,7.573138121280408,0.9286773943429774,6.644460726937431,1.048203190031004,4.33,320.6462903225806,22.68,4.293548387096774,1
2025-05-05,431.1091918945313,434.400541084053,427.0962717736997,427.8474632490504,20136100,0.0020447219983885656,0.11506802019542328,0.21212219497076834,0.03128094229000726,0.03235561142136128,382.62976531982423,382.9348809814453,0.9992032178921934,72.57283071533509,10.059952091669857,2.7549323338083536,7.305019757861503,0.7220012990652145,4.33,320.7251612903226,23.64,4.274193548387097,0
2025-05-06,428.2823486328125,432.6510771239263,426.1671945058241,427.1852423209488,15104200,-0.006557139849642457,0.0996599537364069,0.21083672064975745,0.033494525362640075,0.03238330261642011,386.3584945678711,383.51427978515625,1.0074161900420193,72.04817656729077,11.668164120622237,4.537578691171131,7.130585429451106,0.5781900372637473,4.33,320.7514516129032,24.76,4.267741935483871,1
2025-05-07,428.3218688964844,433.0365119798482,426.1078389868729,428.8061738000786,23295300,9.227619069074322e-05,0.09636693850768663,0.22221915499708444,0.033889440827185424,0.03215713248385764,390.2522857666016,384.2150531005859,1.0157131601619864,82.90344014377557,12.798341382337924,6.18973122940449,6.608610152933434,0.9137359276379102,4.33,320.7777419354839,23.55,4.261290322580645,1
2025-05-08,433.0859680175781,438.5221520354275,430.6050816589352,432.8487322038109,23491300,0.011122708101194645,0.030018868077906324,0.12210298462629132,0.011523641500903627,0.02406127847508961,392.60862426757814,384.9749328613281,1.0198290609456375,87.12161574213978,13.917999948814042,7.735384973286401,6.182614975527642,0.9723564306601082,4.33,320.8040322580645,22.48,4.254838709677419,1
2025-05-09,433.6394348144531,435.6260923106028,430.8224972788424,434.8946881691784,15324200,0.0012779605846120479,0.00792586907423587,0.15046548542091642,0.006320513080318219,0.023084222269143112,395.4443359375,385.8882116699219,1.0247639704416578,95.90588196753522,14.680766832854374,9.124461345199997,5.556305487654377,0.665571149578475,4.33,320.83032258064515,21.9,4.248387096774193,1
2025-05-12,444.04730224609375,444.1560114514232,434.67728663767485,440.7658165502587,22821900,0.024001201449987963,0.030011214316042034,0.15654524586202734,0.011886601872984197,0.023254125038366935,398.4495574951172,386.9214831542969,1.0297943506440637,96.03528133064633,15.941331259821936,10.487835328124385,5.453495931697551,0.9934110381325776,4.33,320.9091935483871,18.39,4.229032258064516,0
2025-05-13,443.9287109375,445.4409573721911,440.1925407492767,442.5844751269483,23618800,-0.0002670690892476735,0.03653282082400722,0.15814457142024585,0.010476224338547951,0.023227419599776977,401.48047943115233,388.12040954589844,1.0344224873432581,95.52930476914766,16.737825093828064,11.737833281265122,4.999991812562943,1.0184182669193438,4.33,320.93548387096774,18.22,4.22258064516129,1
2025-05-14,447.6845703125,448.6334230518337,442.940276452347,442.940276452347,19902800,0.008460501162603995,0.04520596033515889,0.17424098161002077,0.009686442842948709,0.023025570231053866,404.80198669433594,389.3920819091797,1.0395742633224638,94.97123318445398,17.470726992621223,12.884412023536342,4.5863149690848815,0.8532162262325365,4.33,320.9617741935484,18.62,4.216129032258064,1
2025-05-15,448.6946105957031,451.7246558325709,446.0210270484144,446.3576953837484,21992300,0.0022561427178473537,0.036040517889721846,0.22160846114552557,0.009989042910226148,0.020541410224276142,408.8718063354492,390.4386346435547,1.0472114438898261,94.7157744333692,17.92641429212921,13.892812477254916,4.033601814874293,0.9427418186369868,4.33,320.98806451612904,17.83,4.209677419354838,1
2025-05-16,449.8234252929688,449.9125407132096,444.3376746324017,447.6251542704443,23849800,0.0025157750296287418,0.03732130701037506,0.2374353601868031,0.009821191351550844,0.02006041924158979,413.1873443603516,391.58940490722654,1.0551545552113237,95.73699169844981,18.169192530646683,14.74808848793327,3.421104042713413,1.0164205501928445,4.33,321.01435483870966,17.24,4.203225806451613,1
2025-05-19,454.37841796875,455.0913715701619,446.3874026485213,446.4666365036013,21336500,0.010126179339847718,0.023265799995628944,0.2801081238626941,0.004443154116472138,0.018358570139840744,418.15860748291016,392.90204345703125,1.0642820887457183,95.83985807000545,18.5157083152381,15.501612453394237,3.014095861843863,0.9082855702789498,4.33,321.09322580645164,18.14,4.183870967741935,0
2025-05-20,453.6852722167969,453.8535912700005,449.87295142774695,451.13050930908776,15441800,-0.001525481238857651,0.02197776588653788,0.25132519764332995,0.004809599391697304,0.018492782644344268,422.7146789550781,394.4607684326172,1.0716266680580868,94.82337096330907,18.5208961398734,16.10546919069007,2.415426949183331,0.6630569200645804,4.33,321.11951612903226,18.09,4.177419354838709,0
2025-05-21,448.1401062011719,453.2991005803846,447.38753565613104,450.12052955644793,19216900,-0.012222495097824582,0.0010175376121492885,0.21103884750926705,0.00814571568163271,0.019082009528968023,426.61938323974607,395.9028564453125,1.077586019636806,80.05419044734286,17.87154690562187,16.458684733676428,1.4128621719454415,0.8275167435537372,4.33,321.1458064516129,20.87,4.170967741935484,1
2025-05-22,450.4076843261719,455.7449399531106,449.45708954496587,450.4968299727548,18025600,0.0050599758727734034,0.0038179057426039886,0.17659459144454948,0.008412219044111992,0.018191239858163257,429.9994583129883,397.33455139160156,1.0822100841897162,76.17438532458733,17.340022576443346,16.634952302229813,0.7050702742135329,0.783311862684026,4.33,321.1720967741936,20.28,4.164516129032258,0
2025-05-23,445.77349853515625,449.2491512931012,444.51594054738166,445.5754743252827,16883500,-0.010288869289493907,-0.009003370056094417,0.15096715366714353,0.009618383834865676,0.018634379730977823,432.92296295166017,398.7625177001953,1.0856661389552866,67.33362576221484,16.356300402715988,16.579221922327047,-0.22292151961105944,0.7370277484934007,4.33,321.1983870967742,22.29,4.158064516129032,1
2025-05-27,456.18060302734375,456.4380677238799,451.65532857824905,452.0118204825961,20974300,0.02334617137713657,0.003966264653700424,0.1799154632585489,0.014356237539398855,0.018842505804074292,436.4009216308594,400.2050988769531,1.0904431823969214,77.96512901335102,16.229377685893667,16.50925307504037,-0.27987538914670296,0.9069067523893305,4.33,321.3035483870968,18.96,4.132258064516129,0
2025-05-28,452.8831787109375,457.9926743719098,452.45739496057166,456.7054113344306,17086300,-0.007228330828894514,-0.001767951386079103,0.162825171149515,0.014813763768979901,0.019167266594670676,439.5716812133789,401.57896301269534,1.0946083378363685,73.11072530620473,15.681944242221107,16.34379130847652,-0.6618470662554117,0.7354352080733753,4.33,321.3298387096774,19.31,4.125806451612903,1
2025-05-29,454.1902770996094,457.2005290082406,450.8532686393741,457.0321797296883,13974800,0.0028861712028969144,0.013500623610156248,0.16258178665166856,0.013220588856201634,0.019170000825562247,442.74750366210935,403.08136779785156,1.0984072672000822,71.23967571644968,15.178601737674,16.110753394316013,-0.9321516566420129,0.6320980596008023,4.33,321.3561290322581,19.18,4.119354838709677,1
2025-05-30,455.8538208007813,457.16090743162863,451.081023612945,455.22010105843367,34770500,0.0036626581083925025,0.012091570957003306,0.0841682048935648,0.013174372613524502,0.010361180601122741,444.51698913574216,404.532041015625,1.0988424749241872,71.86824992354298,14.743973897023466,15.837397494857505,-1.0934235978340396,1.6636431730486982,4.33,321.3824193548387,18.57,4.112903225806451,1
2025-06-02,457.4480590820313,457.5866729937457,452.4177973951138,452.6653502978312,16626500,0.003497257692058886,0.02618944505503018,0.06326522795110723,0.011117082840764278,0.009332548759781591,445.87791748046874,406.0339721679687,1.0981295853146429,65.9617252429613,14.36260671784396,15.542439339454797,-1.1798326216108368,0.8233520702279477,4.33,321.4594666666667,18.36,4.1066666666666665,1
2025-06-03,458.4382934570313,459.5968543955761,456.3489311405408,456.9529759669727,15743800,0.0021646924833107484,0.004949115360681544,0.06339252810268525,0.0046353414434606565,0.009331864501880411,447.24437255859374,407.4683319091797,1.0976175018633834,66.93089474321451,13.97913139406694,15.229777750377226,-1.2506463563102859,0.7882125086768811,4.33,321.4839333333333,17.69,4.113333333333333,1
2025-06-04,459.3294982910156,461.1316908447896,458.4878122988585,459.4582306475514,14162700,0.0019440017265222043,0.014233956753321175,0.07249224666230969,0.0007696314081227581,0.009057504686088501,448.7967300415039,408.8845391845703,1.0976123747220417,64.56170371257979,13.590474686763798,14.901917137654541,-1.311442450890743,0.7107298747727955,4.33,321.5084,17.61,4.119999999999999,1
2025-06-05,463.1021728515625,465.0528909924181,459.487906406924,460.4087959802116,20131700,0.008213438445785703,0.019621502707770633,0.08120132657406698,0.0025328561317921696,0.009076632422888357,450.53574523925784,410.33508239746095,1.0979703285590812,66.85197255464405,13.432048460096894,14.607943402143011,-1.175894942046117,1.01835720933997,4.33,321.5328666666667,18.48,4.126666666666666,1
2025-06-06,465.7757568359375,468.7067748339504,464.1914121655199,465.4885869985769,15285600,0.005773205441711449,0.021765609022924792,0.07548106203485339,0.002656985190719289,0.008931808120403726,452.1702346801758,411.94169372558594,1.0976559099681422,68.0080696392226,13.3681309255918,14.359980906832769,-0.9918499812409696,0.7896060209163771,4.33,321.5573333333333,16.77,4.133333333333333,1
2025-06-09,468.12255859375,468.7958952647425,464.0329796350046,465.10242514198006,16469900,0.005038479833631815,0.023334888627879247,0.07952026732543738,0.0026271220497087995,0.008918093273452577,453.89439086914064,413.58318298339844,1.0974681987670671,66.3294194087344,13.352918969829602,14.158568519432137,-0.8056495496025349,0.8482730559647298,4.33,321.6307333333333,17.16,4.153333333333333,0
2025-06-10,466.31048583984375,468.172058367284,462.3892259287077,466.5778321078869,15375900,-0.0038709366182859695,0.017171760071457154,0.05013696397013945,0.004649473948077438,0.007701562769326617,455.00755004882814,415.4212963867187,1.0952918254466624,64.61153105272192,13.044277941843063,13.935710403914323,-0.8914324620712595,0.8074093522724289,4.33,321.6552,16.95,4.16,1
2025-06-11,467.9938354492188,470.81594475736864,465.0628173622344,465.4192790589967,16399200,0.0036099329963452664,0.018863010519550194,0.05420943480068563,0.004576408994243133,0.007677612047229661,456.21080627441404,417.3604852294922,1.093085767387776,75.23281223213506,12.788096729873928,13.706187669106244,-0.9180909392323162,0.8777830827961111,4.33,321.67966666666666,17.26,4.166666666666666,1
2025-06-12,474.1826171875,475.7174632765806,468.88497916047487,470.3702965389571,18950600,0.013224066792120626,0.023926565206354722,0.05918910016600165,0.006094262802831144,0.007936205688902506,457.53570861816405,419.2890277099609,1.0912179388931205,77.4776579602841,12.935343648565834,13.552018864998162,-0.6166752164323288,1.0169407847958483,4.33,321.70413333333335,18.02,4.173333333333333,0
2025-06-13,470.3109130859375,474.4896074244908,468.13246560456287,471.746732054574,16814500,-0.008165006394638796,0.009736780378626353,0.04817597978619759,0.008300509427574805,0.008314424223769386,458.6165237426758,421.1411242675781,1.0889853716857325,78.86767090276412,12.594442831478204,13.36050365829417,-0.7660608268159663,0.9150240367609526,4.33,321.7286,20.82,4.18,1
2025-06-16,474.4500122070313,475.98482813726486,470.3505215770748,470.5584575569121,15626100,0.00880077201257179,0.01351666032136789,0.05474723086736377,0.008803791762976668,0.00843737005344413,459.8478530883789,423.25450805664065,1.0864570709471126,75.21183514088094,12.514013427961459,13.191205612227629,-0.6771921842661701,0.8698159487688031,4.33,321.802,19.11,4.199999999999999,0
2025-06-17,473.36077880859375,474.0539088222925,469.4395189734987,470.7466055851971,15414100,-0.0022957811579995546,0.015119310379761552,0.04177654591233093,0.008533011305125661,0.008318484446868122,460.7969711303711,425.608427734375,1.0826782110103268,80.09321132384825,12.221498684841208,12.997264226750346,-0.7757655419091378,0.8723950779669036,4.33,321.82646666666665,21.6,4.206666666666666,1
2025-06-18,475.5392456054688,476.291816149254,469.8158233270243,473.3211811212961,17526500,0.004602127794275823,0.016122883646549013,0.048169898224575514,0.008561220449399843,0.00829145432322205,461.88966979980466,428.04505737304686,1.0790678734488033,80.59030695996893,12.026824956109238,12.803176372622126,-0.7763514165128882,0.9861334218573732,4.33,321.85093333333333,20.14,4.213333333333333,0
2025-06-20,472.7270202636719,478.7277002496467,472.2022093150259,477.5097592999014,37576200,-0.0059137607837526085,-0.0030696969291317266,0.05486434648958394,0.007137533474752379,0.007812554275183119,463.1190155029297,430.4906768798828,1.0757933687659187,73.4066053159863,11.512907905408213,12.545122679179345,-1.0322147737711322,2.0103991698640757,4.33,321.89986666666664,20.62,4.226666666666667,1
2025-06-23,481.2428588867188,482.97572926336846,467.8849134818946,473.52910172023695,24864000,0.018014283630956918,0.023244082789938947,0.06846058722705317,0.00942963196471211,0.008522950758298621,464.66077423095703,432.39635009765624,1.0746177069395102,77.69073632382153,11.658391269741287,12.367776397291735,-0.7093851275504477,1.306373958477547,4.33,321.97326666666663,19.83,4.246666666666666,1
2025-06-24,485.3125915527344,487.0355802812341,482.03499358247046,484.1639726922143,22305600,0.008456712844384429,0.022895097620870164,0.0886977201370347,0.009392876096596257,0.007955917031264945,466.6377288818359,434.5640979003906,1.0738064445185647,79.18279156545438,11.964165841710212,12.287054286175431,-0.32288844446521914,1.1554946813966476,4.33,321.9977333333333,17.48,4.253333333333333,1
2025-06-25,487.4514770507813,489.7190701858364,484.5996928885684,487.2237477118272,17495100,0.004407232648144799,0.029767354780961375,0.06854932852452555,0.008613500042604248,0.006575481359666493,468.2012725830079,436.63427001953124,1.0722962092784531,79.73199611016204,12.238012388348125,12.27724590660997,-0.03923351826184529,0.9145383319794375,4.33,322.0222,16.76,4.26,1
2025-06-26,492.5807800292969,493.1650012559548,487.9861836300842,488.15453290095326,21578900,0.010522694503972474,0.03583623135484926,0.08765527885436697,0.008793264856923758,0.006264398244848548,470.1861526489259,438.81968017578123,1.0714791835693878,80.29718975769259,12.722275163762617,12.3662517580405,0.35602340572211766,1.114923008006878,4.33,322.0466666666666,16.59,4.266666666666667,0
2025-06-27,491.0855407714844,494.41263722515527,488.20402140418383,492.6797669341534,34539200,-0.0030355209103439806,0.03883535258376547,0.08123305480575804,0.007762325169940883,0.006467827999937563,472.0309158325196,441.01630249023435,1.0703253216880164,76.65830290944308,12.837421783036575,12.460485763039715,0.3769360199968599,1.6945242638043883,4.33,322.0711333333333,16.32,4.273333333333333,1
2025-06-30,492.5411987304688,495.8584139248396,490.4815414994746,492.17482524139086,28369000,0.002964163751792759,0.023477418179018716,0.08048057569253264,0.005266568203133399,0.00647124687373971,473.865284729004,443.521162109375,1.0684164031211343,76.21173803658462,12.89746182867691,12.547880976167155,0.3495808525097548,1.4140131801440032,4.33,322.1445333333333,16.73,4.293333333333333,0
2025-07-01,487.2336120605469,493.1748817381986,486.1741086010328,491.61036068604886,19945400,-0.010775924295474804,0.003958315817989222,0.06511242618077073,0.008076793894020513,0.007257046020669388,475.35456237792977,445.9955810546875,1.065827964604076,70.89174524837861,12.374124901265361,12.513129761186796,-0.1390048599214353,0.9859951455110808,4.33,322.169,16.83,4.3,0
2025-07-02,486.2830200195313,488.6694336459704,483.9164299655294,485.1937811955959,16319600,-0.0019509984891958876,-0.0023970735268246113,0.0607382213918608,0.007867957728611714,0.007345286476149497,476.7467987060548,448.62217834472654,1.0626911056093997,68.53294987166396,11.747256719522852,12.359955152854008,-0.6126984333311558,0.8056081972643205,4.33,322.20519354838706,16.64,4.3,1
2025-07-03,493.9571838378906,495.2345653483035,488.6100468852986,488.9764203666982,13984800,0.015781270376356238,0.0027942702281480436,0.07538746297747267,0.009813211015998283,0.007875304870162027,478.47818298339854,451.25004516601564,1.060339357544808,69.4525383318032,11.73443281655068,12.234850685593344,-0.5004178690426642,0.6906553269498452,4.33,322.2413870967742,16.38,4.3,0
2025-07-07,492.84814453125,493.86806132382594,490.3825271883607,492.5114761959092,13981600,-0.0022452134373747157,0.003589199056841741,0.06423198469686708,0.009746218868456958,0.007904916289956425,479.9654815673829,453.7060876464844,1.0578775437136279,73.44450398604175,11.502189496979497,12.088318447870574,-0.5861289508910765,0.7011452232550979,4.33,322.38616129032255,17.79,4.3,0
2025-07-08,491.7589111328125,493.3234624825612,489.27347018920887,492.37283752871576,11846600,-0.0022100791298980127,-0.0015882683513027684,0.055784685904181064,0.009727645372765588,0.007966649124051234,481.26463928222665,455.88514221191406,1.0556708142475835,69.22561689099669,11.102262984084177,11.891107355113295,-0.7888443710291178,0.599247109383615,4.33,322.4223548387097,16.81,4.3,1
2025-07-09,498.58148193359375,501.8194631786975,494.8483646402868,495.40288075164045,18659500,0.013873812240768224,0.02329040852714548,0.06506613018467422,0.009316138245300417,0.008336722893485278,482.78758544921885,458.11070373535154,1.0538666342276146,74.84870060519752,11.206659392743234,11.754217762639282,-0.5475583698960484,0.9386717991490355,4.33,322.4585483870968,15.94,4.3,0
2025-07-10,496.5713195800781,499.50233742843255,492.877819466512,498.12592881176073,16492100,-0.004031762964239682,0.021157019959556767,0.06489417385871854,0.009722327812616303,0.008343966195769261,484.30062713623056,460.30970153808596,1.0521190961606521,70.79080470588795,11.000385401039011,11.603451290319228,-0.6030658892802165,0.8273173599646441,4.33,322.49474193548383,15.78,4.3,1
2025-07-11,498.393310546875,500.0865639242522,492.9273231662245,493.5907782355643,16459500,0.003669142568156536,0.00898079196767032,0.06495699899225449,0.007343772134819465,0.008344136652091036,485.8206008911134,462.4882080078125,1.0504497033206666,75.87849584452589,10.858758215134458,11.454512675282274,-0.5957544601478162,0.8255571363331661,4.33,322.53093548387096,16.4,4.3,0
2025-07-14,498.0962524414063,499.0369655948213,496.1257409313552,496.6109349689791,12058800,-0.0005960314859417837,0.010648529305406607,0.05043127771267586,0.007150530336044343,0.008035515108509252,487.0162826538087,464.63665649414065,1.0481658643304874,70.36850165086621,10.600353269443815,11.283680794114582,-0.6833275246707675,0.6154692616262408,4.33,322.63951612903224,17.2,4.3,1
2025-07-15,500.8688354492188,503.3245408608939,497.8684955298327,498.0962248562551,14927200,0.005566359903779183,0.018525184008197693,0.06497387475611816,0.006804900508919669,0.007654475186320278,488.5441787719727,466.2447509765625,1.0478277294247356,69.4093654404268,10.498272218378418,11.12659907896735,-0.628326860588933,0.7655567174688912,4.33,322.6757096774193,17.38,4.3,0
2025-07-16,500.6708068847656,501.7600457375481,496.9773367906475,500.2351113436526,15154400,-0.00039537010577939125,0.004190538611801298,0.055265663406269594,0.0037968702661787357,0.00757486764645867,489.85521850585945,467.6535772705078,1.0474745459340502,67.33309378023586,10.282858606637205,10.957850984501324,-0.6749923778641183,0.778150137317743,4.33,322.71190322580645,17.16,4.3,1
2025-07-17,506.6912841796875,508.3449206172861,500.67078077223215,500.730191050298,17503100,0.012024821923175555,0.020379680018908886,0.07041247788839544,0.005181434086687572,0.0077505548451475914,491.5217437744142,469.16521911621095,1.047651709349464,68.07908654616888,10.477169679578594,10.86171472351678,-0.38454504393818567,0.8939569255473431,4.33,322.7480967741935,16.52,4.3,0
2025-07-18,505.0574340820313,509.6025320949179,502.4630844244223,509.4440643876484,21209700,-0.0032245474683886277,0.013371213846838925,0.06207308597417471,0.006138212524377227,0.007885020223243736,492.9976531982423,470.70072082519533,1.0473696584402032,67.838132055579,10.379674134297034,10.76530660567283,-0.38563247137579637,1.073174483385167,4.33,322.78429032258066,16.41,4.3,1
2025-07-21,505.0673522949219,507.0775109565722,500.6014880788464,501.7501372202775,14066800,1.9637792102900065e-05,0.013995487457187039,0.0684122773714344,0.006061890101194668,0.007637958299253333,494.6146697998048,472.2356304931641,1.0473895611884896,66.60533578656853,10.185793047320715,10.649403894002408,-0.46361084668169283,0.7567659751200301,4.33,322.89287096774194,16.65,4.3,0
2025-07-22,500.3242492675781,506.1962275502158,500.3242492675781,505.9684679829346,13868600,-0.009391030732420313,-0.0010872830232135922,0.03965023070680185,0.00779672030409619,0.0073187458143697615,495.56873931884763,473.58039611816406,1.0464300114213283,67.61730936355687,9.53944730409171,10.427412576020268,-0.8879652719285591,0.7688429187380722,4.33,322.929064516129,16.5,4.3,1
2025-07-23,500.9183349609375,501.8293429250601,495.79895793496456,501.78972599996087,16396600,0.0011874013586770094,0.0004943928680642973,0.03215606534805393,0.007818565303026296,0.007158473035775618,496.3490264892578,474.92597412109376,1.0451081927195285,69.88695738716474,8.971730867652184,10.136276234346653,-1.164545366694469,0.9241256676994786,4.33,322.9652580645161,15.37,4.3,1
2025-07-24,505.87933349609375,508.6420022469781,502.334358860161,503.7899711970312,16107000,0.009903807045799518,-0.0016024563850713935,0.03780449401201147,0.00702908284454892,0.007373869406953934,497.2704193115234,476.16261474609377,1.0443289832333542,67.48982616053407,8.82044601150659,9.87311018977864,-1.0526641782720496,0.9113685975889216,4.33,323.0014516129032,15.39,4.3,1
2025-07-25,508.6816101074219,513.2167356071609,505.36436506751977,507.4536969863606,19125700,0.005539417062092156,0.007175770082421762,0.032686679486697345,0.00720820729899098,0.007147273253878142,498.07546081542966,477.4576727294922,1.0431824416352373,72.12840532312458,8.824943520427155,9.663476855908343,-0.8385333354811877,1.0897362849244134,4.33,323.0376451612903,14.93,4.3,0
2025-07-28,507.4834899902344,509.9590192096989,505.1267813382861,509.04804137949895,14308000,-0.0023553438799065463,0.004783793061131414,0.03339122791721616,0.007401830501694267,0.0071254715202951025,498.8953582763672,478.65365112304687,1.0422888389252394,71.90954573015952,8.63232151925962,9.457245788578598,-0.8249242693189789,0.8650962561671665,4.33,323.1462258064516,15.03,4.3,1
2025-07-29,507.5527648925781,512.5533213636355,506.5526415108228,510.4838129736145,16469200,0.0001365067114698082,0.014447661962381009,0.03047778784962918,0.004853009578077748,0.007126445793956205,499.6459365844727,479.83081420898435,1.0412960605878432,65.39768173937645,8.388559014608688,9.243508433784617,-0.854949419175929,1.0329266862390798,4.33,323.1824193548387,15.98,4.3,1
2025-07-30,508.2162170410156,510.8997123672712,504.4534248625209,510.1273182709773,26380400,0.0013071589681477036,0.01456900570558517,0.04306477316236812,0.004842837844130247,0.0065145253476313605,500.69506683349607,480.9986700439453,1.0409489630974473,70.95520315970072,8.154905838878847,9.025787914803463,-0.8708820759246159,1.6218163575958628,4.33,323.2186129032258,15.48,4.3,1
2025-07-31,528.2778930664062,550.0130499577134,526.6935786680993,549.795171976257,51617300,0.03947468686102851,0.04427648667819217,0.08635891305682075,0.01737243647764588,0.01050932262112077,502.79481048583983,482.4766595458984,1.042112194523699,82.46566640851279,9.47927245434812,9.116484822712394,0.3627876316357259,2.862722185233138,4.33,323.2548064516129,16.72,4.3,0
2025-08-01,518.9797973632812,530.5553736121248,515.7616096000787,529.7632164041114,28977600,-0.01760076623527418,0.02024485857407865,0.05065745441937475,0.021139002440909528,0.011201542635906865,504.0459411621094,483.7825500488281,1.041885328669329,68.97609104370827,9.667127296938247,9.226613317557565,0.4405139793806825,1.5429633473256947,4.33,323.291,20.38,4.3,1
2025-08-04,530.3970336914062,532.9814718412621,522.960533815094,523.0991779644736,25349000,0.021999384920436516,0.04515130866939687,0.07618754291115204,0.022039807928817566,0.011944506127216164,505.9233856201172,485.4276885986328,1.0422219364549492,73.188254364783,10.614917011217585,9.50427405628957,1.1106429549280161,1.3101033627054417,4.319354838709677,323.38332258064514,17.52,4.309677419354839,0
2025-08-05,522.5841674804688,532.0406760929504,522.0791498987046,531.9218555369729,19171600,-0.01473022229510268,0.02961544814177497,0.0626836761872751,0.0244195386673851,0.012583997731179249,507.4646484375,486.87121826171875,1.0422974893634218,65.37015370217921,10.613270998327835,9.726073444697223,0.887197553630612,0.9724320514651076,4.315806451612903,323.4140967741935,17.85,4.312903225806451,0
2025-08-06,519.8016967773438,526.4955370830186,518.9006307843745,525.70337986457,21355700,-0.0053244450870758575,0.022796359793046728,0.04256117728531339,0.02491924191901381,0.012451959185025304,508.5256591796875,488.3517822265625,1.0413101327513241,59.63329084778845,10.269068954950342,9.834672546747846,0.43439640820249537,1.0758585112329195,4.312258064516129,323.4448709677419,16.77,4.316129032258065,0
2025-08-07,515.7418823242188,522.9209170643583,512.4840471895837,521.6435053063135,16079100,-0.007810313968374727,-0.023729955212439036,0.03860585979945852,0.015731783451269698,0.012578849864401262,509.4841873168945,489.5430078125,1.0407342749996589,57.58048423918877,9.558508720089606,9.7794397814162,-0.2209310613265938,0.8108772564187327,4.308709677419355,323.47564516129034,16.57,4.319354838709677,1
2025-08-08,516.9299926757812,519.5243419856868,514.3257315807846,517.4845087014622,15531000,0.002303691812284514,-0.003949681081834355,0.037192879070881535,0.014080772959742076,0.012572846453547178,510.41102142333983,490.8239440917969,1.0399065236472647,58.2780032531489,8.987651142815253,9.62108205369601,-0.6334309108807581,0.7850743371528052,4.30516129032258,323.5064193548387,15.15,4.32258064516129,0
2025-08-11,516.6627807617188,522.4258201385037,514.6327984158801,517.1875615378566,20194400,-0.0005169208942188419,-0.02589428684037154,0.03727498094857995,0.006631171840965434,0.012572031691357451,511.33934783935547,492.0733941650391,1.0391526018329182,62.16104484209388,8.416658630235645,9.380197369003938,-0.9635387387682925,1.0002367553227847,4.294516129032258,323.5987419354839,16.25,4.332258064516129,1
2025-08-12,524.0595703125,525.7825288027884,517.5836082950698,518.6233183732385,18667000,0.014316474548207392,0.002823282686011286,0.04630101380230989,0.008633133615929304,0.012855190187301748,512.4988845825195,493.43750915527346,1.0386297658235946,65.64053654021,8.463440772519164,9.196846049706982,-0.7334052771878188,0.9160993904285355,4.290967741935484,323.62951612903225,14.73,4.335483870967742,0
2025-08-13,515.4844360351562,527.4857972911225,514.2862580919234,526.901545781552,19619200,-0.016362899874589387,-0.008305591861191619,0.029587563218560264,0.011470138025941478,0.013513215230552012,513.2395660400391,494.5982366943359,1.0376898419013645,56.189450599240445,7.71958768497575,8.901394376760736,-1.1818066917849865,0.9523952844316828,4.287419354838709,323.66029032258064,14.49,4.338709677419355,1
2025-08-14,517.3657836914062,520.8018496782777,515.0487221853349,517.445017549053,20269100,0.0036496691747287535,0.0031486707262735614,0.021067067551794105,0.011060083453955379,0.013299437274581645,513.773291015625,495.77678649902344,1.0362996110481204,55.663227026220206,7.198903310504761,8.560896163509542,-1.3619928530047805,0.977382264088166,4.283870967741936,323.691064516129,14.83,4.341935483870968,0
2025-08-15,515.078369140625,520.9503168823401,513.9990723038397,517.6529556536844,25213300,-0.004421271415478101,-0.003581961893082908,0.019841179205306148,0.011220700655178509,0.013322713322347308,514.2743377685547,496.89176391601563,1.0349826161648294,54.883482354677206,6.526449112090347,8.154006753225703,-1.6275576411353558,1.2041695779940425,4.280322580645161,323.7218387096774,15.09,4.345161290322581,0
2025-08-18,512.0384521484375,517.7024945692299,508.9886435903528,516.4845535034275,23760600,-0.005901853337889951,-0.008950380761826082,0.013802317298555078,0.011458602336585362,0.013412689897346782,514.6228927612304,497.8704895019531,1.0336481145448804,52.77815054069103,5.682721542877971,7.659749711156157,-1.9770281682781858,1.1091153348127387,4.269677419354839,323.8141612903226,14.99,4.354838709677419,0
2025-08-19,504.7801513671875,510.117376123604,503.57209201860513,509.95896886179673,21481000,-0.014175304121780807,-0.03678860197861866,0.008906028652683418,0.008053598829432974,0.013644118376857528,514.8456878662109,498.6505773925781,1.0324778737012927,48.032630313145745,4.377911316154496,7.003382032155825,-2.6254707160013293,0.9852024707801083,4.266129032258064,323.844935483871,15.57,4.358064516129033,0
2025-08-20,500.7698364257813,505.9981527246316,499.5023667236012,504.87920872605446,27723000,-0.007944676371573478,-0.028545186975095005,-0.00029645258476673764,0.0064409691868510715,0.013773186767481793,514.8382629394531,499.30352294921875,1.0311128187089005,30.70287813524925,2.985822210818526,6.199870067888365,-3.214047857069839,1.23929591291178,4.26258064516129,323.87570967741937,15.69,4.361290322580645,0
2025-08-21,500.1251220703125,503.48747238505433,498.6175369804135,499.57962247206007,18443300,-0.0012874464645682426,-0.03332393089098695,-0.011374671872864117,0.0048099931911285134,0.013578788819556691,514.5505523681641,499.9798156738281,1.0291426498381715,34.9455600574273,1.809697439411707,5.321835542193034,-3.5121381027813268,0.820184308332342,4.259032258064516,323.90648387096775,16.6,4.364516129032258,1
2025-08-22,503.09075927734375,506.5621975190336,498.3100856343386,500.135066677745,24324200,0.005929790518730105,-0.023273370775173108,-0.010990864853355875,0.0075231115232292315,0.013588181981828158,514.2710098266601,500.68175415039065,1.0271415036869662,24.795779710249434,1.1041838778799615,4.478305209330419,-3.374121331450458,1.0693507190053941,4.255483870967741,323.93725806451613,14.22,4.367741935483871,0
2025-08-25,500.1449890136719,504.0429109301173,500.00611695670057,502.4956437530773,21638600,-0.005855345599873996,-0.023227675743613396,-0.014460570878283563,0.007521245334318637,0.013636252170324468,513.904084777832,501.20100158691406,1.0253452869222073,27.24357327711337,0.30385757498657995,3.6434156824616517,-3.3395581074750718,0.936199743610045,4.24483870967742,324.0295806451613,14.79,4.37741935483871,0
2025-08-26,497.9430847167969,500.8590951140394,494.4418926777319,500.2441292309945,30835700,-0.004402531956217981,-0.013544642418828357,-0.018933361889605926,0.005404380584326249,0.013660386892932423,513.423600769043,501.75364501953123,1.0232583377626634,27.568202388297166,-0.502291951817142,2.8142741556058932,-3.3165661074230353,1.2939021394113812,4.241290322580645,324.06035483870966,14.62,4.380645161290323,1
2025-08-27,502.604736328125,503.1502662118434,495.8205578102606,497.9034268047853,17277900,0.00936181614808329,0.003664158199783385,-0.011041522337800092,0.006620497877277885,0.0138453595744384,513.1430267333984,502.3167395019531,1.0215527104316284,36.682864595707606,-0.7562968149127869,2.100159961502157,-2.856456776414944,0.7391162808007895,4.237741935483871,324.0911290322581,14.85,4.383870967741935,1
2025-08-28,505.4810791015625,506.91922816363694,501.3748491905692,502.95187030654046,18015600,0.0057228723995941255,0.010709234139405943,-0.04315307201768159,0.006820625891325881,0.01033222526718227,512.0031860351562,502.9591455078125,1.0179816603557579,38.778314596524474,-0.7172328617372727,1.5366813968542712,-2.2539142585915437,0.8303518403675827,4.234193548387097,324.1219032258065,14.43,4.387096774193549,0
2025-08-29,502.5551452636719,505.44140176386463,500.3730863144936,504.5090702372647,20961600,-0.005788414163970579,-0.0010646468928215969,-0.03164796044673823,0.007200399853713859,0.009722295082219888,511.1819534301758,503.49946350097656,1.015258188908049,36.85734381761042,-0.9118614340756039,1.0469728306682964,-1.9588342647439003,0.9843185511335821,4.230645161290322,324.15267741935486,15.36,4.390322580645162,0
2025-09-02,500.9979248046875,501.87074834041937,492.75574161607386,496.38587753866574,18128000,-0.003098606140361726,0.0017053770601553886,-0.05542849416428608,0.006749810245609315,0.007985741925793252,509.71199798583984,504.06488159179685,1.0112031538007764,25.892878790005526,-1.1781793386576283,0.6019423968031115,-1.7801217354607397,0.8659392070360427,4.2156666666666665,324.2584098360656,17.17,4.401639344262295,1
2025-09-03,501.2260437011719,503.6461342434815,498.22077154875547,499.6787766683557,16345100,0.00045532902471268066,0.006593040620781254,-0.04087020830016841,0.006222073983614111,0.007500584053039537,508.644091796875,504.46454528808596,1.0082851144799525,31.944357493366596,-1.3552089036258508,0.21051213671731905,-1.5657210403431698,0.7860802369239515,4.211333333333333,324.2718196721312,16.35,4.403278688524591,1
2025-09-04,503.82470703125,504.00323087503085,499.0440334241921,500.1846427841772,15509500,0.005184613534622073,0.002427296471652296,-0.030736701794448873,0.005042816604799217,0.007626719407851069,507.8452423095703,504.83478759765626,1.0059632473551197,33.15866263428617,-1.2711625261602535,-0.08582279585819547,-1.185339730302058,0.7565292382856134,4.207,324.2852295081967,15.3,4.4049180327868855,0
2025-09-05,490.9605407714844,507.7920578951392,488.3519981058333,504.9157294675595,31994800,-0.025533019878216767,-0.028726175776721097,-0.04804989162612883,0.01179481815069576,0.009251158650623818,506.6061752319336,504.9049688720703,1.0033693595126696,26.25200205539346,-2.217029339168107,-0.5120641045201778,-1.7049652346479292,1.5023399225558767,4.2026666666666666,324.2986393442623,15.18,4.406557377049181,1
2025-09-08,494.1344604492188,497.10997900607424,490.9903158559839,494.0451682561979,16771000,0.006464714399953664,-0.016755742914611016,-0.04409790987086293,0.012997965198005458,0.009408392125784275,505.46639862060545,504.93604248046876,1.0010503432029358,32.416954683373504,-2.6796376162163256,-0.9455788068594073,-1.7340588093569183,0.785208986806045,4.189666666666667,324.33886885245903,15.11,4.411475409836066,1
2025-09-09,494.34271240234375,498.1513723235736,493.6385148559322,497.33805669614713,14410500,0.00042144794543497177,-0.013283912113884022,-0.04320045722370092,0.013106838189888486,0.009419613531512865,504.3503952026367,505.0011859130859,0.9987113085501522,38.10212274488796,-2.9949301262901145,-1.3554490707455487,-1.6394810555445658,0.683952357560354,4.185333333333333,324.3522786885246,15.04,4.413114754098361,1
2025-09-10,496.2867126464844,499.1233892811019,492.66650462093776,498.8754294126598,21611800,0.003932494998648561,-0.00985449801892635,-0.05299561202451564,0.01339857050177323,0.00872395090676064,502.9617523193359,505.07609619140624,0.9958138112494062,44.63693640609786,-3.0527469722422325,-1.6949086510448856,-1.3578383211973468,1.018622603243013,4.181,324.3656885245901,15.35,4.414754098360656,1
2025-09-11,496.9215087890625,499.0638857033828,493.8170463660224,498.15138006137016,18881600,0.0012790915541402992,-0.013701587369273849,-0.03601064542097587,0.0129894625139181,0.008140268682910153,502.0336059570312,505.26985412597656,0.9935950103840185,46.16667737807978,-3.0126169231131144,-1.9584503054585314,-1.054166617654583,0.8914905280075694,4.176666666666667,324.37909836065575,14.71,4.416393442622951,1
2025-09-12,505.7389526367188,508.367321245748,499.73833579713096,502.5154742767582,23624900,0.017744138041324353,0.030101017572638167,-0.022473134909947068,0.006996740926486937,0.009180547483056583,501.4522644042969,505.65897277832033,0.9916807401816488,52.77948607566398,-2.243458350642072,-2.0154519144952396,-0.22800643614683258,1.1066770971912534,4.172333333333333,324.39250819672134,14.76,4.418032786885246,1
2025-09-15,511.1543884277344,511.2634762434591,502.862624765238,504.6380259393042,17143800,0.010707966556227522,0.03444392031076471,-0.0076182207368512556,0.007321780037193048,0.009509513890099986,501.25606536865234,506.0029168701172,0.9906189246282877,60.98570344484005,-1.1832741826063398,-1.8490163681174598,0.6657421855111201,0.8185493545325957,4.1593333333333335,324.43273770491805,15.69,4.422950819672131,0
2025-09-16,504.8859558105469,513.0090929577493,504.449544036503,512.6619733694059,19711900,-0.012263286316427147,0.021327801834007953,-0.013968670336924505,0.011240643893753484,0.009807097993754106,500.8984405517578,506.2436730957031,0.9894413840053369,56.407891905411596,-0.8392068616404345,-1.6470544668220548,0.8078476051816204,0.9503516830113651,4.154999999999999,324.4461475409836,16.36,4.424590163934426,1
2025-09-17,505.8579711914063,507.11762672901375,501.8013512662406,506.4530809454648,15816600,0.0019252177044595253,0.01928574410925199,0.0021352262391847177,0.01129188904852231,0.00928602012400722,500.95233154296875,506.525654296875,0.9889969585812138,53.221998157511095,-0.4825351483178224,-1.4141506031212083,0.9316154548033859,0.7731076664090717,4.150666666666666,324.4595573770492,15.72,4.426229508196721,0
2025-09-18,504.30078125,508.883074673213,503.5172196080818,507.31595138937655,18913700,-0.003078314527175996,0.014849975962843542,0.007051033363791648,0.011703322962521575,0.009125178330237212,501.1288787841797,506.6400402832031,0.9891221359134134,48.79967077535384,-0.3218128024557245,-1.1956830429881116,0.873870240532387,0.9448344128198589,4.146333333333333,324.4729672131148,15.7,4.427868852459016,1
2025-09-19,513.7034301757812,515.0622454615835,506.1456179521661,506.3935778296786,52474100,0.01864492238634874,0.0157481987447059,0.02714982212703121,0.011990307647576567,0.009980579053719595,501.80779418945315,506.98268249511716,0.9897927710662704,60.0178139810134,0.5578455059311409,-0.844977333204261,1.402822839135402,2.415985233576486,4.142,324.4863770491803,15.45,4.429508196721312,0
2025-09-22,510.2518310546875,513.5149611406991,508.35738375283694,511.3825425873763,20009300,-0.006719050172416918,-0.00176572361204419,0.014234154862295956,0.011788820087960828,0.010077900508101275,502.1658477783203,507.21985290527346,0.9900358688682933,58.04174476837868,0.9653380341135858,-0.4829142597406917,1.4482522938542775,0.9305006556980626,4.129,324.526606557377,16.1,4.434426229508197,0
2025-09-23,505.0744323730469,510.3907077578639,503.170087241692,509.6071158201621,19799600,-0.010146751793009723,0.0003733052193883868,0.009856028686993978,0.011278734862452932,0.010269912130185334,502.4123199462891,507.35941650390623,0.9902493254353956,53.07940260019339,0.8605856980103681,-0.21421426819047973,1.0747999662008478,0.9247029098373097,4.124666666666666,324.5400163934426,16.64,4.436065573770492,1
2025-09-24,505.9869079589844,508.2978806442568,502.7832857896144,506.215041937542,13533700,0.0018066160697352007,0.0002548872903482824,0.016154101721810976,0.011274126623637009,0.010206266728154152,502.81451110839845,507.46177795410154,0.9908421342304062,51.77813236747516,0.8414976102206992,-0.0030718925082439397,0.8445695027289432,0.6586783797924246,4.120333333333333,324.5534262295082,16.18,4.437704918032787,0
2025-09-25,502.8923645019531,505.84805701475193,500.9186136455738,504.1519897302721,15786500,-0.00611585677090698,-0.002792810958087033,0.000572275096190733,0.011566358565907075,0.01011335956434184,502.82889251708986,507.50620910644534,0.9907837253900977,61.69095467169328,0.5700946718163777,0.1115614203566804,0.45853325145969737,0.7711196365018284,4.116,324.5668360655738,16.74,4.439344262295082,1
2025-09-26,507.28619384765625,509.7459665668784,502.4856945681329,505.8976246789574,16213100,0.008737116838221759,-0.012492103324926451,0.0035710827184711746,0.007651251265256622,0.010223776237970378,502.91914825439454,507.5181072998047,0.9909383350480273,62.58537611045883,0.7014651417059099,0.22954216462652632,0.4719229770793836,0.7954595353608849,4.111666666666666,324.58024590163933,15.29,4.440983606557377,1
2025-09-29,510.4005737304688,512.6322125671903,504.7272809455784,507.325895548039,17617800,0.006139295570397163,0.0002915083625938397,0.01561107978047005,0.008025225040133688,0.01020221501540481,503.31141967773436,507.6249700927734,0.9915024857539008,64.55671759551788,1.0448373792316943,0.39260120754755995,0.6522361716841343,0.871526967902086,4.0986666666666665,324.62047540983605,16.12,4.445901639344262,1
2025-09-30,513.7232666015625,513.9315141469417,505.5009089039439,509.0516808953517,19728200,0.006509970877987881,0.017123880509808842,0.02539998903555518,0.005889602861541139,0.010233942643744118,503.94768676757815,507.79808837890624,0.9924174554819217,65.42105817164045,1.5670123541412977,0.6274834368663076,0.9395289172749901,0.9720779260773964,4.094333333333333,324.63388524590164,16.28,4.447540983606557,1
2025-10-01,515.4688720703125,516.2623314762835,507.5143007767599,510.5989067561486,22632300,0.0033979490169828708,0.018739544368007177,0.02841597827592568,0.005823556632313814,0.01024223605025341,504.65982818603516,508.1009808349609,0.9932274237233888,66.08738050138328,2.097516689778274,0.921490087448701,1.1760266023295731,1.0981630322522888,4.09,324.64729508196723,16.29,4.449180327868852,0
2025-10-02,511.53131103515625,517.343476169315,506.5126054199375,513.4158303625842,21222900,-0.007638794985508124,0.017178519983612972,0.015296201032531487,0.006471306628980913,0.01039648680000504,505.04515838623047,508.3132403564453,0.9935707321573541,55.48874224276033,2.1751432326748272,1.1722207164939262,1.002922516180901,1.0156973673725724,4.083225806451613,324.6607049180328,16.63,4.450819672131148,1
2025-10-03,513.1281127929688,516.2425031799986,510.7973143114264,512.8801529316524,15112300,0.0031216109813123616,0.011516021954003586,0.04515143312057379,0.005768969736987329,0.00834752029246432,506.1535369873047,508.4582159423828,0.9954673188812445,52.01617805587751,2.338553989326101,1.4054873710603613,0.9330666182657399,0.7537013522665951,4.0764516129032256,324.67411475409835,16.65,4.452459016393443,1
2025-10-06,524.256591796875,526.6965386672223,513.9712214168786,514.377848960065,21388600,0.021687525447268374,0.02714734030397703,0.06095938202786355,0.010556085151598182,0.00938252805887384,507.6596435546875,508.76971557617185,0.997818124806766,68.00003402990657,3.327674086850834,1.789924714218456,1.537749372632378,1.0545783727761928,4.056129032258064,324.71434426229507,16.37,4.457377049180328,0
2025-10-07,519.7040405273438,525.4765536672338,517.1847899970462,523.9788663400786,14615200,-0.008683822656244566,0.011642014902976783,0.051303129364954625,0.012218337882321946,0.009728978058027894,508.9277099609375,509.0141265869141,0.9998302274505503,62.063609223592614,3.7015370353552157,2.172247178445808,1.5292898569094078,0.7202481581932096,4.049354838709677,324.72775409836066,17.24,4.459016393442624,1
2025-10-08,520.5669555664062,522.6498549115006,518.8213688365025,519.0098207695767,13363400,0.0016603970178621363,0.009890186919760957,0.04892382226081726,0.0122067411507711,0.00972524259988034,510.14172210693357,509.27441040039065,1.0017030341380417,64.34571832750902,4.021103370942171,2.542018416945081,1.4790849539970905,0.672220971630287,4.04258064516129,324.7411639344262,16.3,4.460655737704919,0
2025-10-09,518.136962890625,520.0512058016051,513.1777655449532,518.07745494396,18343600,-0.004667973350588994,0.012913484889324423,0.042693773013090075,0.011679403638686865,0.009852554400443544,511.2024948120117,509.4728253173828,1.0033950181612756,54.45842632079015,4.031805746670784,2.8399758828902217,1.1918298637805624,0.9239909684260103,4.035806451612904,324.7545737704918,16.43,4.462295081967214,0
2025-10-10,506.790283203125,519.3073226434543,505.4711500363669,515.3994727403434,24133800,-0.021898996790729264,-0.01235135910863816,0.0020788008535332914,0.015980729218499194,0.010513314080725129,511.255061340332,509.0430731201172,1.0043453851687967,46.996013682507765,3.0890960574648147,2.8897999178051403,0.1992961396596744,1.2140947639654251,4.029032258064516,324.7679836065574,21.66,4.463934426229509,1
2025-10-13,509.8551025390625,512.1958293204747,507.50444767633473,512.1958293204747,14284200,0.006047510059913774,-0.02747030649333715,-0.002541865859096659,0.01077464613101414,0.010316946359982992,511.1900970458984,508.86057922363284,1.0045779097799632,54.30665193846485,2.559789483803115,2.823797831004735,-0.2640083472016199,0.7237988876637697,4.008709677419355,324.8082131147541,19.03,4.468852459016394,0
2025-10-14,509.37896728515625,511.0750344503804,501.8707357721012,506.0662273255252,14684300,-0.0009338638596242399,-0.019867217564271122,0.008899062100858446,0.010761104059238106,0.009915838275398357,511.4147476196289,508.4402178955078,1.0058503037710764,53.07993914992782,2.0779369117189503,2.674625647147578,-0.5966887354286277,0.7536725646002855,4.001935483870968,324.8216229508197,20.81,4.470491803278689,0
2025-10-15,509.24017333984375,512.9694997370561,505.8381709448021,510.7577169104775,14694700,-0.0002724767888478974,-0.02175855018349815,0.00668607067804361,0.010541260306586208,0.009911269476519938,511.58385772705077,508.1733380126953,1.0067113314675125,56.0906334750738,1.6656650158820412,2.4728335208944707,-0.8071685050124295,0.7563840347465058,3.9951612903225806,324.8350327868852,20.64,4.472131147540984,0
2025-10-16,507.4349670410156,512.6321960787722,503.9833851231019,508.3970827878481,15559600,-0.0035449015873761924,-0.02065476238156061,0.006214913614147166,0.010544626863518132,0.009920382735150638,511.7405670166016,507.92600341796873,1.0075100773989984,50.150207332336265,1.1796729709080296,2.2142014108971826,-1.034528439989153,0.807877108140973,3.9883870967741935,324.8484426229508,25.31,4.473770491803279,1
2025-10-17,509.3889465332031,511.2734052578957,503.1700935064365,504.8859867353243,19867800,0.003850699339033925,0.0051276897292771295,-0.008398783012022681,0.003860527221175073,0.008993173118352422,511.5248428344727,507.79894470214845,1.0073373491047912,48.95411403687555,0.9413394140127593,1.9596290115202981,-1.0182895975075388,1.1269604519004885,3.9816129032258063,324.8618524590164,20.78,4.475409836065574,1
2025-10-20,512.57275390625,514.4672014016805,509.24018745186737,510.4105508898797,14665600,0.006250248252764878,0.005330242560393383,0.004548583092323533,0.003926903733053391,0.008979846829804627,511.6408889770508,507.7117999267578,1.0077388176734514,48.807099435381495,0.9978622648476403,1.7672756621857668,-0.7694133973381265,0.8446777972579764,3.961290322580645,324.9020819672131,18.23,4.480327868852459,1
2025-10-21,513.4356079101562,514.4572316509175,508.8533142722573,513.2769402267872,15586200,0.001683378598122065,0.007963895028137324,0.01655434328327643,0.003764085928111935,0.008641145295132163,512.0589477539063,507.6472564697266,1.0086904661218095,47.85251434966247,1.0996065583792074,1.633741841424455,-0.5341352830452477,0.9087267785273637,3.954516129032258,324.91549180327866,17.87,4.481967213114754,1
2025-10-22,516.2920532226562,520.9437823737373,513.4851913413816,516.8971212574951,18962700,0.005563395425819184,0.013847846756792181,0.020366426683330774,0.0039414901974557486,0.008703486316352177,512.5742050170899,507.49190612792967,1.0100145417646897,55.145695757439825,1.394654202931008,1.585924313725766,-0.19127011079475786,1.0883629472069902,3.947741935483871,324.92890163934425,18.6,4.483606557377049,1
2025-10-23,516.3119506835938,519.6743010066873,514.3778516149157,518.1964698863214,14023500,3.8539157853234585e-05,0.017493835110225175,0.02668480798059214,0.002608816461475753,0.008544338667968127,513.2451843261719,507.5084564208984,1.0113037089977388,53.56273025178976,1.6115106540599413,1.5910415817926011,0.020469072267340183,0.8089707579871693,3.940967741935484,324.94231147540984,17.3,4.485245901639344,1
2025-10-24,519.3370971679688,521.0628883153897,516.4607987679614,518.5237814648117,15532400,0.005859144806487082,0.019529576961712092,0.0237556303847124,0.0028262551408443385,0.008436983024435732,513.8477294921875,507.5478826904297,1.012412320130986,43.2755617255729,2.004369864905243,1.6737072384151297,0.33066262649011335,0.8977770302275221,3.9341935483870967,324.9557213114754,16.37,4.48688524590164,1
2025-10-27,527.1825561523438,530.2175826339089,524.6930292943027,527.4404441110845,18734700,0.015106679317070881,0.028502884975360798,0.03288002264420875,0.005845994429486409,0.008936318441488926,514.6868286132812,507.78996643066404,1.0135821159112228,59.37812373232915,2.9151723010459136,1.9220002509412866,0.9931720501046271,1.0793867533185841,3.913870967741935,324.99595081967215,15.79,4.491803278688525,1
2025-10-28,537.6463623046875,549.2012543795508,536.356983260493,545.5116410650497,29986700,0.019848543982020406,0.04715441239667162,0.04656805961190669,0.008008811692771163,0.009775878133194306,515.8829833984375,508.30212463378905,1.0149140804204,67.26133343860957,4.430262195633077,2.423652639879645,2.006609555753432,1.6780728298840637,3.907096774193549,325.0093606557377,16.42,4.49344262295082,0
2025-10-29,537.130615234375,541.8121286840217,532.3499420595073,540.4929653309738,36023000,-0.0009592682225202376,0.04036196544503445,0.04202337781728893,0.009207703699382768,0.009799202489959299,516.9660705566406,508.94913391113283,1.0157519408352262,69.96860895042755,5.525668902927123,3.0440558924891405,2.4816130104379823,1.9430656887060218,3.900322580645162,325.02277049180327,16.92,4.495081967213115,0
2025-10-30,521.4695434570312,530.6043464776645,517.8592331602406,526.1509968235328,41023100,-0.029156915158355057,0.009989295747675264,0.01942839510989769,0.019265654036729894,0.011884787178883308,517.4629821777344,509.3631280517578,1.015901924736793,64.14918401204862,5.0716066782221105,3.4495660496357345,1.622040628586376,2.1005956699866406,3.893548387096774,325.03618032786886,16.91,4.49672131147541,0
2025-10-31,513.5843505859375,525.0004316167937,510.896444053691,524.5640198650095,34006400,-0.015121099535017168,-0.011077095422995842,0.0008891303781533022,0.020498328324673593,0.01240449307116479,517.4857940673828,509.6323126220703,1.015410093219769,53.28895310092833,4.0290455987423,3.565461959457048,0.46358363928525215,1.660957386145094,3.886774193548387,325.0495901639344,17.44,4.498360655737705,0
2025-11-03,512.8107299804688,520.676008789008,510.3906395365282,515.5680119038287,22374700,-0.0015063165468069961,-0.02726157382134975,-0.02183255679661722,0.018243207188606947,0.011318467039640817,516.9135009765625,509.8267120361328,1.0139003876672659,53.01079207189146,3.10459586596437,3.4732887407585125,-0.36869287479414226,1.0902107265505319,3.869333333333333,325.1275333333333,17.17,4.493333333333333,0
2025-11-04,510.1327819824219,511.34279700787874,503.6957236126803,507.5837474278435,20958700,-0.005222098215746929,-0.05117412159979151,-0.01841674837703766,0.011928391556436825,0.01122150616777348,516.4349380493164,510.02646789550784,1.0125649756575408,50.74971099895677,2.1313063960980116,3.2048922718264126,-1.073585875728401,1.0056738204612135,3.864,325.1598,19.0,4.49,0
2025-11-05,503.0213317871094,510.6287541811956,502.4460479183387,509.1112106662694,23024300,-0.013940390514949441,-0.06350277284489203,-0.03370483583654715,0.010712484012320878,0.0115731613333398,515.5576568603516,510.1280328369141,1.0106436495819342,46.5963305343224,0.7771741018917737,2.719348637839485,-1.9421745359477112,1.0797617651886415,3.8586666666666662,325.1920666666667,18.01,4.486666666666666,0
2025-11-06,493.04339599609375,501.5732213085109,491.7639146320967,501.5335392553728,27406500,-0.019836009251469555,-0.05451161590855169,-0.04843037399713235,0.007535586209857452,0.012258141577015203,514.302978515625,509.93680603027343,1.0085621834582623,38.782964026221684,-1.088573133044747,1.9577642836626385,-3.0463374167073853,1.2585271973713124,3.8533333333333335,325.22433333333333,19.5,4.483333333333333,0
2025-11-07,492.76568603515625,495.304792622274,489.2248119110569,492.89463000746537,24019800,-0.0005632566285092011,-0.040536018138071506,-0.02767337423939442,0.008371693591474143,0.011368674365121918,513.6017486572266,509.6824981689453,1.0076895920545856,35.842848679601204,-2.5600890190322616,1.0541936231236586,-3.61428264215592,1.1032961591699395,3.848,325.2566,19.08,4.48,1
2025-11-10,501.8707885742188,502.7138582055711,494.729532044403,495.9594336108676,26101500,0.018477549872279342,-0.021333292707558238,-0.015659966773073464,0.014730074931331705,0.012109442978402125,513.2025329589844,509.66881103515624,1.0069333689786728,42.605286409631226,-2.95747831098862,0.251859236301203,-3.209337547289823,1.1672355681405038,3.832,325.3534,17.6,4.47,1
2025-11-11,504.5289001464844,505.4414057875519,498.2505695472254,500.6805581155917,17980000,0.005296406232004669,-0.01098514354274649,-0.009521530039847015,0.01529104290502999,0.012183532290024158,512.9600296020508,509.7394305419922,1.0063181281790075,42.459343191781976,-3.0230766529276707,-0.40312794154457177,-2.619948711383099,0.7981676769169952,3.826666666666666,325.3856666666667,17.28,4.466666666666667,1
2025-11-12,506.96881103515625,507.4944847122113,495.0468819438319,505.20330782589343,26574900,0.004836018091259886,0.007847538461286385,-0.004460296778611927,0.013902879324813058,0.012239928599985267,512.8464614868165,509.8542858886719,1.005868687742674,44.1909056962352,-2.8453835832373784,-0.8915790698831332,-1.9538045133542452,1.1494033136243624,3.8213333333333335,325.41793333333334,17.51,4.463333333333334,0
2025-11-13,499.1828918457031,509.3095642884979,497.1992129195551,506.1455939798088,25273100,-0.01535778734308213,0.012452242337017472,-0.016262330606486297,0.012215112968114497,0.012689051590302283,512.4338577270507,509.7614495849609,1.0052424681079075,38.16949674775048,-3.294838309183035,-1.3722309177431136,-1.9226073914399215,1.0706091768800505,3.816,325.4502,20.0,4.46,1
2025-11-14,506.01666259765625,507.4250879884235,493.38063720960855,494.1641988801248,28505700,0.013689913784275864,0.026891029424387813,-0.0066202534595576346,0.012951436729067841,0.013061771567041818,512.2652435302734,510.06257202148436,1.0043184339130382,37.426296068809435,-3.0642830822417864,-1.7106413506428482,-1.3536417315989382,1.1858512553469638,3.810666666666666,325.48246666666665,19.83,4.456666666666667,0
2025-11-17,503.3486022949219,507.9408238780629,500.7896697837805,504.300789978241,19092800,-0.005272672818791735,0.002944609956083477,-0.017995789945977614,0.011185680836896549,0.013013975138687756,511.80403594970704,510.2468548583984,1.0030518190881172,27.545460757317656,-3.0615647595602127,-1.9808260324263212,-1.0807387271338915,0.7870225047594688,3.794666666666666,325.5792666666667,22.38,4.446666666666667,0
2025-11-18,489.7604370117188,498.87544447228873,482.8076324047851,491.3275301094218,33815100,-0.02699553593920878,-0.029271788257278608,-0.04611127575433038,0.016076844639015535,0.01424463789025462,510.62027740478516,510.15520935058595,1.00091162071008,23.519635606810212,-4.108501597605823,-2.406361145462222,-1.7021404521436012,1.3434161085504022,3.789333333333333,325.61153333333334,24.69,4.443333333333333,0
2025-11-19,483.1448669433594,491.1490192137945,478.8898668850605,486.1005596390223,23245300,-0.013507767407111237,-0.04699291864355892,-0.06420239488947121,0.01510059117878206,0.014331373104213379,508.9629180908203,509.89237243652343,0.998177155815723,26.165791800104543,-5.4096685092473535,-3.0070226182192483,-2.402645891028105,0.9157060969993827,3.784,325.6438,23.66,4.44,0
2025-11-20,475.4139099121094,490.4584800066478,472.5023882781575,489.6038857855625,26802500,-0.016001322916168625,-0.047615778348711335,-0.0792118809516914,0.015165722610311402,0.014586293967949039,506.9180160522461,509.46222045898435,0.9950060979900608,26.21608454718357,-6.9841671518098565,-3.80245152493737,-3.1817156268724864,1.029912319599632,3.7786666666666666,325.67606666666666,26.42,4.4366666666666665,0
2025-11-21,469.1436462402344,475.9007957312625,465.3179114267742,475.4834301610789,31769200,-0.013189062291076414,-0.07286917424444639,-0.09664907668149947,0.007826596503701107,0.014529303528853788,504.40834350585936,508.7303143310547,0.9915043969202456,24.535433878009954,-8.638349034744124,-4.769631026898721,-3.868718007845403,1.1838321055004677,3.773333333333333,325.7083333333333,23.43,4.433333333333334,1
2025-11-24,471.0118408203125,473.8935527687319,465.0695286203208,472.005536687022,34421000,0.003982137656664442,-0.06424327260903495,-0.10654888838127485,0.011107072929180653,0.013920490373952644,501.5998077392578,507.9274633789062,0.9875422061300748,26.969018940914253,-9.686887990373066,-5.75308241959359,-3.9338055707794757,1.24622491171774,3.757333333333333,325.80513333333334,20.52,4.423333333333334,1
2025-11-25,473.9829406738281,476.1293271988992,461.9592459889855,471.08136597664605,28019800,0.006307909050314198,-0.03221472202646125,-0.11841133148926786,0.010700976015215897,0.012914406480234616,498.41663665771483,507.30940307617186,0.9824707242473055,32.0286459828538,-10.160990169683657,-6.634663969611603,-3.526326200072054,1.0180921572553028,3.752,325.8374,18.56,4.42,1
2025-11-26,482.4393005371094,485.2315832491155,478.16642081896737,483.244191691805,25709100,0.01784106375486738,-0.0014603620042862309,-0.10182125752299798,0.014174977772443259,0.01395814276991686,495.68207092285155,506.8410296630859,0.9779833160948866,43.3113390488444,-9.742061572703108,-7.2561434902299045,-2.4859180824732032,0.9519711695565921,3.746666666666667,325.86966666666666,17.19,4.416666666666667,1
2025-11-28,488.9082946777344,489.5243812398697,483.5820692635899,484.5260924315005,14386700,0.01340892861220655,0.028384497138755904,-0.06244132411537451,0.011905312328371173,0.013355081908051293,494.0540084838867,506.53317993164063,0.9753635656218255,47.743172417634966,-8.786775400629153,-7.562269872309755,-1.2245055283193986,0.5603529280482411,3.736,325.9342,16.35,4.41,0
2025-12-01,483.6714782714844,486.7718042788117,481.5946577130528,485.3607732415945,23964000,-0.010711244753378257,0.03096670315729,-0.05824334849830637,0.010936154621822384,0.01318203496509539,492.55836486816406,505.9325408935547,0.97356529785222,38.84739489223006,-8.35594936203131,-7.721005770254066,-0.6349435917772448,0.9520012823652727,3.72,326.031,17.24,4.4,1
2025-12-02,486.9109497070313,490.38888506208144,483.2541563831954,483.6516286444489,19562700,0.006697668936617829,0.03375522122549812,-0.05050553500396504,0.010867817356427204,0.013354633934566852,491.2633758544922,505.4657232666016,0.971902452019247,39.28003615751399,-7.664763725969067,-7.709757361397066,0.044993635427998946,0.7815190657741694,3.71741935483871,326.0489677419355,16.59,4.396774193548388,0
2025-12-03,474.7182922363281,481.1872310931236,472.2042431453193,473.3171775583083,34615100,-0.025040836477469575,0.001551430440628554,-0.06942210145458572,0.01791488091576322,0.014270877687327242,489.4926513671875,504.85860046386716,0.9695638559339954,32.45849186701862,-8.008522427845662,-7.769510374686785,-0.23901205315887708,1.3461339157294991,3.7148387096774194,326.06693548387096,16.08,4.393548387096774,1
2025-12-04,477.8086853027344,478.2856702042714,473.4861025034468,476.7355071807625,22318200,0.006509951516399104,-0.0095983375094435,-0.050122420046881055,0.015748970367344305,0.014215519132210983,488.2320190429688,504.2950360107422,0.9681475806408072,37.748471335841536,-7.9400567510517135,-7.803619649959771,-0.13643710109194274,0.8691175525669658,3.712258064516129,326.08490322580644,15.78,4.390322580645162,1
2025-12-05,480.1140747070313,480.3525519991133,475.86105782216015,479.4780948278929,22608700,0.004824921511914937,-0.017987463224570233,-0.02622349552607106,0.014048985255396636,0.013689867844044818,487.58555297851564,503.83947021484374,0.9677398889979834,34.33987997012544,-7.612024866599086,-7.765300693287634,0.15327582668854856,0.8887326125052379,3.709677419354839,326.1028709677419,15.41,4.387096774193549,1
2025-12-08,487.9245300292969,489.1964595164875,481.32640529111774,481.8331998835391,21965900,0.01626791575946096,0.00879326557152349,-0.009824458445578554,0.01569282131300428,0.014239837283392842,487.34349517822267,503.4522369384766,0.9680034359203326,41.22083808986494,-6.645216841772026,-7.541283922984513,0.8960670812124869,0.8669644050012304,3.701935483870968,326.1567741935484,16.66,4.37741935483871,1
2025-12-09,488.9181823730469,489.0175580151932,485.4203841758893,486.016607703579,14696100,0.002036487781605034,0.004122381448236734,-0.025808647357160264,0.015469858299440994,0.013550783597552454,486.69586486816405,503.0225891113281,0.9675427613061912,49.4403644089689,-5.732751486160794,-7.17957743561977,1.446825949458976,0.5933911390460301,3.6993548387096777,326.1747419354839,16.93,4.374193548387097,0
2025-12-10,475.5430603027344,481.19719183884354,472.084987996716,480.97857754952304,35756200,-0.02735656507065065,0.001737384212689319,-0.057451297309894955,0.016445297200803316,0.014647205674723496,485.24657287597654,502.25898498535156,0.9661282075225172,45.36530745752797,-6.0194877802662745,-6.947559504549071,0.9280717242827965,1.3937265117410356,3.696774193548387,326.1927096774194,15.77,4.370967741935484,1
2025-12-11,480.422119140625,482.96597801292137,472.8600781839672,473.6252433732215,24669200,0.010259972745232826,0.005469623969339921,-0.05236356027568401,0.0168704042156886,0.014845899310741343,483.91923828125,501.5580499267578,0.964831963821369,53.16342868334176,-5.786327900770573,-6.715313183793372,0.9289852830227989,0.9651554666660407,3.694193548387097,326.21067741935485,14.85,4.367741935483871,0
2025-12-12,475.5132446289063,479.40854546431024,473.3370484252935,476.7951206875852,21248100,-0.010217836182271678,-0.009582785259799831,-0.04741678371484148,0.01739690435901674,0.014656345101001942,482.73575592041016,500.83768859863284,0.9638566883237707,54.09375432727522,-5.929302851949274,-6.558111117424552,0.6288082654752785,0.8379060806662205,3.691612903225807,326.2286451612904,15.74,4.364516129032258,0
2025-12-15,471.82666015625,477.6894594742654,469.5411415575728,477.0733729131614,23727700,-0.007752853394300985,-0.03299254061295154,-0.06756694980337319,0.01417833043449481,0.014200496770886906,481.02625579833983,500.01165954589845,0.9620300779289811,50.51172521544206,-6.267836371609519,-6.500056168261546,0.23221979665202674,0.9445864535640794,3.683870967741936,326.2825483870968,16.5,4.354838709677419,1
2025-12-16,473.38677978515625,474.8773235577871,467.911505956298,468.9350114671635,20705600,0.0033065525131403817,-0.03176687459751715,-0.05952499395679334,0.014381794989314791,0.014270212914623916,479.5281646728516,498.99426330566405,0.9609893338174745,49.61884220906451,-6.33718686394775,-6.467482307398788,0.13029544345103794,0.8216406861661623,3.6812903225806455,326.30051612903225,16.48,4.351612903225806,0
2025-12-17,473.1184387207031,476.9739832708393,472.0055042784347,473.903466892556,24527200,-0.0005668537354907022,-0.005098637293724173,-0.033979874717029235,0.008307983529650056,0.01310399546332669,478.6960647583008,498.06255126953124,0.9611163568474151,43.34375634730169,-6.340708766346438,-6.442127599188319,0.10141883284188058,0.9915622688709919,3.678709677419355,326.3184838709678,17.62,4.348387096774194,1
2025-12-18,480.9288940429688,486.5134594689822,474.8772903878124,475.1753869914404,28573500,0.01650845683246871,0.0010548533927836612,-0.004586559957492686,0.010582630672202432,0.013389618527656067,478.58526611328125,497.2697900390625,0.9624257811351993,44.40884785515942,-5.6481530372034285,-6.283332686791341,0.6351796495879123,1.1428337164643687,3.6761290322580646,326.33645161290326,16.87,4.345161290322581,1
2025-12-19,482.8566589355469,484.7744844818215,479.4482594182398,484.2875529363844,70836100,0.004008419781918571,0.015443133055886626,0.01565530344876409,0.008830130879749891,0.01288028569606262,478.9574035644531,496.5641839599609,0.9645427903094044,49.40129374367658,-4.887404163541532,-6.004146982141379,1.116742818599847,2.6038849794359322,3.6735483870967744,326.35441935483874,14.91,4.341935483870968,0
2025-12-22,481.8630065917969,485.64898536737695,479.6470539215635,483.0554234208069,16963000,-0.0020578619459044045,0.021271257610206318,0.027111867449334026,0.007317938477660489,0.012475574773989431,479.59337158203124,496.06563842773437,0.9667941788955359,46.16432390617453,-4.314944644207571,-5.666306514554618,1.3513618703470467,0.6409913657182037,3.665806451612904,326.4083225806452,14.08,4.332258064516129,1
2025-12-23,483.7808227539063,484.7546252629152,481.6841087754749,481.9226163967179,14683600,0.003980002896827539,0.02195676645948441,0.027109683508922844,0.007302650341185208,0.012475551643640717,480.23182067871096,495.5441528320313,0.9690999640177158,58.16037209588629,-3.6642751315787336,-5.265900237959442,1.601625106380708,0.5763512525599246,3.663225806451613,326.42629032258066,14.0,4.329032258064516,1
2025-12-24,484.94342041015625,486.0762481946253,481.77352833631136,482.61817584356095,5855900,0.0024031495288132643,0.024993702890607095,0.023124207214602288,0.006910504132407198,0.012425364607324126,480.7798446655273,495.05544189453127,0.9711636394211272,56.65555088048528,-3.019990371253243,-4.816718264618203,1.7967278933649595,0.24030485094976614,3.6606451612903226,326.44425806451613,13.47,4.325806451612904,0
2025-12-26,484.6354064941406,485.04282544173617,482.8964387136479,483.64171061957336,8842200,-0.0006351543356442058,0.007706986411260663,0.00455208759855652,0.0027598751789692532,0.011795235250694498,480.88964996337893,494.5633465576172,0.9723519814207556,54.380922473152,-2.5053639298685084,-4.354447397668264,1.8490834677997556,0.3758594210442084,3.655483870967742,326.4801935483871,13.6,4.319354838709677,0
2025-12-29,484.02923583984375,485.2713556042012,481.1276307272214,481.8033366009864,10893400,-0.0012507766584408664,0.002428416140893175,-0.009979496954754419,0.0025801218403557254,0.011385710380887728,480.64569702148435,494.09523193359377,0.9727794683233919,45.61323196143084,-2.121970913401242,-3.9079521008148594,1.7859811874136176,0.4665143794897095,3.647741935483871,326.5340967741936,14.2,4.309677419354839,1
2025-12-30,484.4068603515625,486.5929730105466,482.43933166580535,482.8666136001516,13944500,0.0007801688074968727,0.005279205344602467,0.001520416466784802,0.0021576554299232937,0.011127078865006239,480.6824661254883,493.59559020996096,0.9738386558944342,44.847994814084224,-1.7672858720616205,-3.479818855064212,1.7125329830025917,0.610272063307767,3.645161290322581,326.55206451612906,14.33,4.306451612903226,0
2025-12-31,480.5711669921875,485.0626915008753,480.25317705215497,484.7645645601486,15601600,-0.007918329968719329,-0.006634524583773227,-0.013020415167616095,0.003946017851779724,0.011153331182774994,480.36547698974607,492.9555584716797,0.974460007062367,57.34185213538942,-1.7752399581182203,-3.138903075675014,1.3636631175567935,0.6887640117095533,3.6425806451612894,326.57003225806454,14.95,4.3032258064516125,0
2026-01-02,469.95849609375,481.6046121327098,467.1960229709088,481.3363251826272,25571600,-0.022083453247643603,-0.030900355970872373,-0.010026569905607463,0.009479181231554437,0.010827012520724518,480.1274871826172,492.08601623535156,0.9756982953016593,36.91274296803074,-2.607835966634866,-3.0326896538669845,0.42485368723211847,1.1519042281069118,3.64,326.6161290322581,14.51,4.3032258064516125,0
2026-01-05,469.86907958984375,473.0687813775576,466.5401924921144,471.071443053882,25250300,-0.00019026468219951465,-0.03046893955007679,-0.016616704461661636,0.009546576239398677,0.010703350992652676,479.73050689697266,491.1575567626953,0.9767344516878854,41.972896350937674,-3.2375687888140874,-3.073665480856405,-0.16390330795768238,1.1299685581593502,3.64,326.7005161290323,14.9,4.312903225806451,1
2026-01-06,475.493408203125,475.7219388392127,466.7886229022075,470.8130789419108,23037700,0.011969990913619721,-0.017634942281757326,-0.009624101327847745,0.012584320707581781,0.011015075224805894,479.49947357177734,490.34118591308595,0.9778894519718555,54.94241961040478,-3.245389443435613,-3.108010273372247,-0.1373791700633662,1.029964497549343,3.64,326.7286451612904,14.75,4.316129032258065,1
2026-01-07,480.422119140625,486.6128550141313,474.936929133209,476.7355161407656,25564200,0.010365466381806243,-0.008226021423490049,-0.01537617075374631,0.014042733263926018,0.010616123119955826,479.1243530273438,489.56288635253907,0.9786778499429011,58.69349121351536,-2.8213587197808465,-3.050679962653967,0.2293212428731204,1.1337988862123036,3.64,326.7567741935484,15.38,4.319354838709677,0
2026-01-08,475.0958862304688,479.6172203331744,472.8600706717694,478.2061589486008,18162600,-0.011086568869234648,-0.011393277703253712,-0.028271184506759806,0.014465833193684365,0.01083993911939115,478.43323822021483,488.5211529541016,0.979350096361468,52.17200967795791,-2.88187335681846,-3.016918641486866,0.13504528466840604,0.7993852304791531,3.64,326.7849032258065,15.45,4.32258064516129,1
2026-01-09,476.2585144042969,476.7951186190047,469.2231615927928,471.0714211959582,18491000,0.0024471442660820575,0.013405478064365317,0.0015044990901706967,0.009262547528578326,0.008967302211043839,478.469010925293,487.29339599609375,0.9818910226501992,43.99282148467451,-2.8036979804392104,-2.974274509277335,0.17057652883812446,0.8459815760758918,3.64,326.81303225806454,14.49,4.325806451612904,0
2026-01-12,474.1717529296875,477.95773148860775,472.68120923483104,473.6649886945649,23519900,-0.004381573056430277,0.00915717489561052,-0.013010154948981278,0.009765634271810895,0.008688688288665652,478.15649261474607,486.03421875,0.9837918281648684,38.874724298696385,-2.876963794863684,-2.954812366394605,0.07784857153092073,1.0788952377719525,3.64,326.8974193548387,15.12,4.335483870967742,0
2026-01-13,467.7028198242188,472.7805908527595,463.0125743921385,471.68751939768345,28545800,-0.013642594830881705,-0.016384219517041387,-0.016425251857669743,0.00985566094817258,0.008918535923075212,477.7659713745117,484.95888427734377,0.9851679943681194,34.09239419236506,-3.4176201217594553,-3.047373917467575,-0.37024620429188015,1.2878848375830763,3.64,326.9255483870968,15.98,4.338709677419355,0
2026-01-14,456.4840087890625,465.24841354789686,454.2879494306214,463.5193621312373,28184300,-0.023987050237098795,-0.04982724441244046,-0.03251755922843913,0.00995615585773163,0.010228223881203329,476.9988388061523,483.81687744140623,0.9859078115023393,24.635265426497142,-4.697211912054854,-3.377341516385031,-1.319870395669823,1.2589189599646233,3.64,326.95367741935485,16.75,4.341935483870968,0
2026-01-15,453.7811584472656,461.3233064418312,453.0259398839781,461.1941211270383,23225800,-0.005921018677011003,-0.04486405460657561,-0.04141565032041772,0.010099076738598134,0.010203264513080169,476.0185577392578,482.6362860107422,0.9862883739509443,21.849221826891366,-5.8618236050842825,-3.8742379341248814,-1.987585670959401,1.0316291717358002,3.64,326.9818064516129,15.84,4.345161290322581,1
2026-01-16,456.9609680175781,460.2699922453042,453.6023014516422,454.9437666153887,34246700,0.007007363596128746,-0.04051905803900657,-0.03415100613456168,0.011509666726425324,0.010400377390547146,475.21068420410154,481.57284973144533,0.9867887786221924,26.23313872607548,-6.453807232417603,-4.390151793783426,-2.0636554386341768,1.4890073494484817,3.64,327.00993548387095,15.86,4.348387096774194,0
2026-01-20,451.6546020507813,453.9202272514996,446.4476457864541,448.37541805572727,26130000,-0.011612295881237467,-0.047487330782112536,-0.0608703123368004,0.011365668803122843,0.009687874342768878,473.74696960449216,480.54551513671873,0.9858524420308192,24.273519611599596,-7.267364257082306,-4.965594286443203,-2.3017699706391035,1.1421697553623624,3.64,327.1224516129032,20.09,4.361290322580645,0
2026-01-21,441.3102111816406,449.8361378186282,435.9144504613163,449.74670883889326,37980500,-0.02290332218950275,-0.05643029617075557,-0.086043025368015,0.01284154323351447,0.010486074135573422,471.6696472167969,479.5108514404297,0.9836474936905428,20.43622855817388,-8.647141092097684,-5.701903647574099,-2.9452374445235847,1.7886029160719257,3.64,327.1505806451613,16.9,4.364516129032258,1
2026-01-22,448.2959289550781,449.9851935867555,441.8965257028684,444.79810039972057,25349400,0.015829494982073422,-0.01793727639157683,-0.0696610388793647,0.015265906972363677,0.011420730755742006,469.9912933349609,478.62145629882815,0.9819687085685541,28.776798532349247,-9.072354675016697,-6.375993853062619,-2.6963608219540784,1.1706539885148506,3.64,327.17870967741936,15.64,4.367741935483871,1
2026-01-23,463.0125732421875,468.1301005814363,447.6897705604439,449.0213193023424,38000200,0.03282796772527474,0.020343318851116843,-0.042929046656906,0.02206411850778742,0.013960060623038248,468.952880859375,477.8442919921875,0.9813926601576778,45.66646865289709,-8.128133240724992,-6.726421730595094,-1.401711510129898,1.6652234805792143,3.64,327.2068387096774,16.09,4.370967741935484,1
2026-01-26,467.3152465820313,471.2602200110512,459.0874468004336,462.376577380716,29291200,0.009292778616603936,0.022658999978429017,-0.03635099082943605,0.0221595091344661,0.014160570946007712,468.07147216796875,477.10001892089844,0.9810761970344282,48.486256123061814,-6.952497112779838,-6.771636807032044,-0.18086030574779421,1.2208916895861037,3.64,327.2912258064516,16.15,4.380645161290323,1
2026-01-27,477.5503540039063,479.8259260665289,470.17714753577707,470.7137518035326,29213900,0.021901933430880094,0.057335299663820116,-0.01461934558493716,0.021037030472488942,0.015118646697948011,467.717219543457,476.51164978027344,0.9815441443228687,51.15603387181648,-5.1357081342940205,-6.44445107248444,1.3087429381904192,1.168078022473204,3.64,327.31935483870967,16.35,4.383870967741935,1
2026-01-28,478.59368896484375,480.6903724414303,474.9865685400099,480.1637149068934,36875400,0.002184764291744079,0.08448360549685408,-0.011229790418689767,0.011758615141367793,0.015130707688871023,467.44544219970703,476.09986572265626,0.9818222517038249,48.92546746487512,-3.570542377806703,-5.869669333548893,2.2991269557421905,1.401609239003806,3.64,327.3474838709677,16.35,4.387096774193549,0
2026-01-29,430.7671508789063,439.7104135269112,418.365815756604,437.2162272399066,128855300,-0.09993140149712809,-0.03910090844908898,-0.11073276178154601,0.053402535114465244,0.026888189947787314,464.7634567260742,474.5948754882813,0.9792846082628007,32.62715999770364,-6.118805380259744,-5.919496542891064,-0.19930883736867955,4.0198353635500625,3.64,327.3756129032258,16.88,4.390322580645162,0
2026-01-30,427.5773620605469,436.8286672682951,423.7615739365565,436.4013853645445,58566800,-0.007404902652978995,-0.07653185513626548,-0.11027254353048221,0.04878016689687801,0.026885996051633027,462.1137664794922,473.07945068359373,0.9768206287796769,31.219810943572696,-8.300033844839845,-6.395604003280821,-1.9044298415590246,1.712322819578208,3.64,327.4037419354839,17.44,4.393548387096774,0
2026-02-02,420.7010192871094,428.0245530606437,419.588084755065,427.5277051213245,42219900,-0.01608210205587024,-0.09974899735427178,-0.10481239772461626,0.046933095508373775,0.02672377068644761,459.65089263916013,471.69826232910157,0.9744595843316123,30.107215576265844,-10.46292640904619,-7.209068484433896,-3.2538579246122943,1.2050590336185723,3.64,327.56117857142857,16.34,4.396428571428571,0
2026-02-03,408.6176452636719,419.3893041977899,405.9843574339844,419.3495781995532,61424100,-0.028721998448953512,-0.1443464718689551,-0.13035851258746212,0.04071897337108713,0.02720146423409794,456.58832092285155,470.2077178955078,0.9710353606410118,28.89992273161714,-13.002180603282113,-8.367690908203539,-4.634489695078575,1.6671291994527773,3.64,327.6623571428571,18.0,4.392857142857143,1
2026-02-04,411.5788879394531,417.15350712085007,406.6600813351222,408.4089957411405,45012400,0.007246976996968524,-0.14002441438443902,-0.13441725828587803,0.04176841626701141,0.027051922944701025,453.392594909668,468.9310174560547,0.9668641613201822,32.95874918728536,-14.607227287270348,-9.6155981840169,-4.991629103253448,1.1863172545533467,3.64,327.7635357142857,18.64,4.389285714285714,0
2026-02-05,391.188232421875,405.7259762608885,389.8467370491522,404.87141244319446,66289200,-0.049542520559455294,-0.09188007575850976,-0.18574058762816925,0.02155909282387806,0.02833421334576312,448.93090057373047,467.3719091796875,0.96054318147121,29.057784339732265,-17.324883365446624,-11.157455220302845,-6.167428145143779,1.6580913784711158,3.64,327.8647142857143,21.77,4.385714285714286,1
2026-02-06,398.6111450195313,399.25704122003975,390.4429643868461,396.6535630940219,53515300,0.01897529624472738,-0.06774497345094199,-0.1609880098474159,0.02748837815668856,0.029051987556227357,445.1066635131836,465.92389526367185,0.9553205320394492,31.016433235179136,-18.66452534636494,-12.658869245515264,-6.005656100849675,1.281900157508871,3.64,327.9658928571428,17.76,4.382142857142857,1
2026-02-09,410.9925842285156,412.2744602868579,398.3428259226153,402.297746078297,45480500,0.0310614476380926,-0.023076804223210567,-0.137038873220809,0.033796337940695094,0.030288454078416998,441.8433670043945,464.6640881347656,0.9508877020774791,37.35320454179162,-18.513708097121366,-13.829837015836485,-4.683871081284881,1.0553218800765634,3.64,328.26942857142853,17.36,4.371428571428572,0
2026-02-10,410.6646728515625,421.0090502850332,410.0982892644293,416.9746475616288,44857900,-0.0007978522959694034,0.005009640703522944,-0.1339326513773631,0.030914599980658236,0.03031466507346843,438.66801300048826,463.22859558105466,0.9469795629741755,39.83521639236135,-18.2107221786718,-14.70601404840355,-3.504708130268252,1.0157296012995427,3.64,328.3706071428571,17.79,4.367857142857143,0
2026-02-11,401.82073974609375,413.8345175502824,398.4819366306212,413.5562839573264,42491000,-0.021535655950287835,-0.023709059136179267,-0.14086312351695063,0.03220390858513864,0.030460680962525105,435.37390899658203,461.4868444824219,0.9434156448920518,34.77240789295543,-18.47130938854309,-15.459073116431458,-3.0122362721116325,0.9471809157679731,3.64,328.4717857142857,17.65,4.364285714285715,0
2026-02-12,399.30670166015625,403.6392309547976,395.5008602319473,402.4467839094351,40802400,-0.006256616041088625,0.020753357502650838,-0.12525588197620174,0.020835367697232286,0.03020040761138187,432.5150436401367,459.7995489501953,0.9406599998361156,27.312609387810824,-18.665523951411046,-16.100363283427377,-2.565160667983669,0.8969256713275116,3.64,328.57296428571425,20.82,4.360714285714286,0
2026-02-13,398.7900085449219,402.98340606348665,395.5406038478973,401.90028127287496,34091600,-0.0012939755658649688,0.0004487168199518443,-0.12118429529007058,0.019168835139091366,0.030220527307165807,429.7654861450195,458.0371301269531,0.9382765236213544,24.91999968725878,-18.646191518959824,-16.60952893053387,-2.036662588425955,0.7405633382741731,3.64,328.67414285714284,20.6,4.357142857142858,0
2026-02-17,394.3581237792969,397.9950542597942,392.04282577248057,396.7032617740463,32078800,-0.011113329498388835,-0.04047387005885694,-0.13699823096460417,0.008552615278350235,0.030081736411360718,426.63534393310545,456.4299267578125,0.9347225475850175,18.20114152135187,-18.77209348032045,-17.042041840491187,-1.730051639829263,0.6984844628207504,3.64,329.07885714285715,20.29,4.342857142857143,1
2026-02-18,397.0808410644531,400.02217209191446,393.8215201082963,395.6201070500213,23223400,0.006904174457123657,-0.0330776730630038,-0.12083074264832183,0.010654354096971897,0.030213522664668153,423.9066558837891,454.81536987304685,0.9320411841009565,19.237990378712922,-18.43961080644158,-17.321555633681267,-1.118055172760311,0.5072720187606377,3.64,329.18003571428574,19.62,4.339285714285714,0
2026-02-19,396.8517761230469,402.7976819572589,395.0690225854118,399.0727866126233,28234000,-0.0005768723083999783,-0.012366120340594478,-0.10074191335739324,0.006743287082885558,0.029966310119776487,421.68373413085936,453.1501239013672,0.9305607830367563,30.024398389353976,-17.987253654922824,-17.45469523792958,-0.5325584169932434,0.6233546943185284,3.64,329.28121428571427,20.23,4.335714285714285,0
2026-02-20,395.6267395019531,398.5050592846536,393.5650869938953,394.5112344348997,34015200,-0.0030868870817751803,-0.009215878779152309,-0.11748754795942562,0.006440174091406413,0.02957517576203849,419.05027465820314,451.3041680908203,0.9285318068985208,30.735750875850087,-17.52558355265296,-17.46887290087426,-0.05671065177870105,0.7438768296796691,3.64,329.38239285714286,19.09,4.332142857142857,0
2026-02-23,382.918212890625,393.7642431363039,381.5537473139176,393.4057107487328,43238300,-0.03212251686356349,-0.03979988293139247,-0.1729852815674352,0.014941256270351068,0.028662545566364623,415.045556640625,449.18416870117187,0.9239986303184737,28.71617335443493,-17.977940056306466,-17.5706863319607,-0.40725372434576457,0.9401913464639131,3.64,329.6859285714286,21.01,4.321428571428571,1
2026-02-24,387.4299621582031,387.7884945775691,380.16937672197673,382.5895921303232,33884700,0.011782540280649512,-0.017568198049778494,-0.17094517032798184,0.017100691672835965,0.02875165077912677,411.0512924194336,447.4219067382812,0.9187106984010004,36.95143743595796,-17.76756199017342,-17.610061463603245,-0.15750052657017477,0.7331414116488623,3.64,329.7871071428572,19.55,4.317857142857143,1
2026-02-25,398.9831237792969,399.84960746436826,388.5852587696308,388.9537605304631,43625500,0.029820000385969436,0.004790668594698122,-0.16452135270318902,0.022710199444885847,0.029248625526331905,407.12293090820316,445.7931268310547,0.9132552890670596,42.98518441470858,-16.478636800606694,-17.383776531003935,0.9051397303972415,0.9294066980640974,3.64,329.8882857142857,17.93,4.314285714285714,1
2026-02-26,400.0986022949219,405.8453028142193,397.1306190557743,403.0765245044552,34405900,0.002795803754952919,0.008181458083907689,-0.16401195519251388,0.02269567598250237,0.029260717481216385,403.198176574707,444.284833984375,0.9075218097336337,56.31900369347091,-15.192020353966313,-16.94542529559641,1.753404941630098,0.7349236718265553,3.64,329.9894642857143,18.63,4.310714285714286,0
2026-02-27,391.1548461914063,395.2183958601928,388.30640407164015,389.3023679559341,51367200,-0.022353879899142726,-0.011303314119203378,-0.09195757988202657,0.025234479415660774,0.020258837554274566,401.21756134033205,442.6713977050781,0.9063552861566088,44.823840062911835,-14.724321113671351,-16.5012044592114,1.7768833455400497,1.1962216710034104,3.64,330.0906428571429,19.86,4.307142857142857,1
2026-03-02,396.9413757324219,399.5707348557469,389.0533591512552,391.2743390590049,35474900,0.014793449697371175,0.03662182254517732,-0.071650159822509,0.019254953341941747,0.020701210074195682,399.6857620239258,441.1424896240234,0.9060241790913627,39.262490286964784,-13.72848805759088,-15.946661178887299,2.2181731212964184,0.848953767726073,3.64,330.3611935483871,21.44,4.3,1
2026-03-03,402.2996826171875,405.05852201627056,391.0851500003899,391.5532542396072,38199200,0.013498988042953908,0.038380409135503335,-0.0437397007050363,0.01936831145688583,0.020811782218335927,398.7656951904297,439.72611450195313,0.9068501552201047,44.06408871556636,-12.364383683158053,-15.23020567974145,2.8658219965833975,0.9185685180498285,3.64,330.4293870967742,23.57,4.3,1
2026-03-04,403.5645751953125,409.3710312257941,398.6942972465369,399.6504140582061,35808000,0.0031441550485353797,0.011482820056694765,-0.012366255170157325,0.014918505092230607,0.019858403771443822,398.5130416870117,438.178828125,0.9094758032748383,51.38659711760961,-11.05383317065332,-14.394931177923825,3.3410980072705048,0.8884308234484405,3.64,330.4975806451613,21.15,4.3,1
2026-03-05,409.0224304199219,409.9486695143622,402.7677785996419,402.78771732924594,39001300,0.013524118716237599,0.022304072230729943,-0.006211342696244682,0.01574276428748983,0.020034989243779586,398.38521881103514,436.7021435546875,0.9122584459243581,57.37989545544108,-9.46569450993968,-13.409083844326997,3.943389334387316,0.974929766775826,3.64,330.5657741935484,23.75,4.3,0
2026-03-06,407.3093872070313,411.3828759024364,406.8612216895844,407.5484392107424,31123900,-0.004188140027264198,0.041299605956358176,0.04121073552072119,0.008350394153235007,0.016379766414575645,399.19127655029297,435.2110711669922,0.9172360332651595,56.35565803667014,-8.250208185794179,-12.377308712620433,4.127100526826254,0.8137828972740905,3.64,330.63396774193546,29.49,4.3,1
2026-03-09,407.757568359375,408.5543272911556,401.8714182880504,403.2857003455267,30131900,0.0011003457480245338,0.027248841486971376,0.022945729074874466,0.007859738251554655,0.015893771811341825,399.64859771728516,433.69060607910154,0.9215062353561622,60.62801873899557,-7.1681322765383015,-11.335473425404007,4.167341148865706,0.8126892356887518,3.64,330.83854838709675,25.5,4.3,0
2026-03-10,404.122314453125,408.5443965203919,401.30371964643086,408.3750692869274,31706400,-0.008915233433622216,0.004530532622049943,-0.016716286470927377,0.008465625474592432,0.014390653830716332,399.3050842285156,432.0741839599609,0.9241586261157368,55.505380233553076,-6.528655653243334,-10.374109870971873,3.8454542177285393,0.8713404047892064,3.64,330.90674193548386,24.93,4.3,0
2026-03-11,403.245849609375,407.35918518479474,399.96912002302975,403.9330670994013,25512100,-0.002168810809014765,-0.0007897759256576542,-0.018065404045283118,0.00845213410944232,0.014394189258986355,398.93414306640625,430.44639282226564,0.9267916974533202,54.949108423034325,-6.02315799400094,-9.503919495577687,3.4807615015767475,0.7202578937762107,3.64,330.974935483871,24.23,4.3,0
2026-03-12,400.238037109375,404.4808530373378,400.0886486036874,402.99687655683135,27263900,-0.0074590042350434205,-0.021476556436106464,-0.003938827641696285,0.004030957629952977,0.013652603162322098,398.8550079345703,428.77056884765625,0.9302294441675752,53.47335591238031,-5.798412300930693,-8.762818056648289,2.9644057557175962,0.7866228613684645,3.64,331.04312903225804,27.29,4.3,0
2026-03-13,393.9534912109375,403.1661568819284,392.6587503554791,399.3815063856616,26848000,-0.015702020587114007,-0.03279054305052176,-0.013406262471834962,0.006478262618440974,0.014034495215676509,398.58734741210935,426.96150146484376,0.9335439988022649,59.20265571046978,-6.057582017050947,-8.221770848728822,2.1641888316778743,0.7905373433787639,3.64,331.11132258064515,27.19,4.3,1
2026-03-16,398.3357543945313,399.013002518604,393.1965772756644,396.4633374914087,27733700,0.011123808473237684,-0.02310641100483468,-0.0011390810718854283,0.010039869258094804,0.014273926531756895,398.5646347045898,425.3167932128906,0.9371006296125484,59.114357112652456,-5.842020691478979,-7.745820817278854,1.903800125799875,0.8243327934123998,3.64,331.31590322580644,23.51,4.3,0
2026-03-17,397.79791259765625,402.7677623283013,396.1446090107731,398.6544268926901,26228300,-0.001350222245785071,-0.01564972195120473,0.008722500212229534,0.00979868321487606,0.01403740110591443,398.7366241455078,423.87358154296874,0.9406970415425318,48.78594842445571,-5.649462637388581,-7.3265491813008,1.6770865439122193,0.7864253526625207,3.64,331.38409677419355,22.37,4.3,0
2026-03-18,390.2087097167969,396.39363710184665,389.42188971563326,395.5271533612366,25908500,-0.019078035958764117,-0.03233049988042591,-0.01730663038094249,0.012051166522440168,0.014606993844882878,398.393017578125,422.28037414550784,0.9434324727600251,41.05569079437625,-6.039623222116973,-7.069163989464036,1.0295407673470631,0.7737219149337423,3.64,331.45229032258067,25.09,4.3,0
2026-03-19,387.4498596191406,390.9058555160312,385.4977789148814,388.5255176358589,25138800,-0.007070190974616031,-0.031951429660693864,-0.023691254694022335,0.012044628285050589,0.014674460640688723,397.9229217529297,420.5195031738281,0.9462650810477207,46.22718144769572,-6.496556186921055,-6.95464242895544,0.4580862420343852,0.7542216602459259,3.64,331.5204838709677,24.06,4.3,0
2026-03-20,380.3287353515625,385.43803509853177,378.58579850034175,385.2288911868192,50853200,-0.018379473087377307,-0.03458468109394108,-0.03866777096424012,0.01260710729491249,0.015173610058636428,397.1580215454102,418.5176354980469,0.9489636465922918,33.530851498328474,-7.348584164315923,-7.0334307760275365,-0.3151533882883868,1.4881242138275057,3.64,331.58867741935484,26.78,4.3,1
2026-03-23,381.4541931152344,385.64719283721575,380.1395134056624,382.3505545919761,29680100,0.0029591709988243675,-0.04238023098116517,-0.00382332238610128,0.009923961387322811,0.013417219476701646,397.08482055664064,416.64480163574217,0.953053581846433,27.44130839849852,-7.842602796063829,-7.195265180034796,-0.6473376160290334,0.8861113412465078,3.64,331.7932580645161,26.15,4.3,0
2026-03-24,371.2355651855469,380.9263046350485,370.3491731415433,380.8167328036651,42733600,-0.02678861083223305,-0.06677347107895781,-0.04179954715542478,0.011657730664067556,0.01435754210841623,396.2751007080078,414.5443426513672,0.955929342018005,20.693394652669156,-8.955441242154109,-7.547300392458659,-1.4081408496954495,1.2591956559788928,3.64,331.86145161290324,26.95,4.3,0
2026-03-25,369.5424499511719,375.5381416220395,368.13813722010167,375.3987224826456,31181200,-0.00456075708567627,-0.052962066840138045,-0.07378927095776244,0.011781695270741514,0.012245728037450604,394.8030670166016,412.4517565917969,0.9572102935843181,11.58921048974885,-9.860330228674627,-8.009906359701853,-1.8504238689727739,0.9359506324552556,3.64,331.9296451612903,25.33,4.3,0
2026-03-26,364.492919921875,373.2076042912997,363.71606927386256,369.3233510512375,36836600,-0.013664275998505948,-0.05925138215260184,-0.08899226882777533,0.011632411316042134,0.012335176843379064,393.02278289794924,410.38755859375,0.9576868856470612,10.882678984863944,-10.859731913001553,-8.579871470361795,-2.279860442639759,1.101686956844219,3.64,331.9978387096774,27.44,4.3,0
2026-03-27,355.3300170898437,360.9871149414508,355.0710871532005,360.4393165791876,37883400,-0.02513876767207246,-0.0657292387823678,-0.09158733286927556,0.012873137059020956,0.0125600823768443,391.2315414428711,408.36447875976563,0.958044986260978,8.68136995526487,-12.249925117659018,-9.31388219982124,-2.936042917837778,1.15630899492863,3.64,332.0660322580645,31.05,4.3,1
2026-03-30,357.5111694335937,363.8853318939423,354.8419936524484,360.4393055378546,44797000,0.006138384709554412,-0.06276775590302053,-0.09933508752034981,0.01392139444829684,0.011988616698986009,389.26003112792966,406.4390789794922,0.9577327852068346,12.40363086411736,-13.025512482858971,-10.056208256428787,-2.969304226430184,1.3481517572815227,3.64,332.2706129032258,30.61,4.3,1
2026-03-31,368.6759643554688,371.3949263066763,361.6046146993887,363.07862179545566,45244400,0.031229219885810844,-0.006894815772294782,-0.08357878396268514,0.021478033264635495,0.013937287018581464,387.57884521484374,404.67337890625,0.9577572072133599,26.08521436593803,-12.594088601622616,-10.563784325467553,-2.0303042761550625,1.3473328367189323,3.64,332.33880645161287,25.25,4.3,0
2026-04-01,367.8791809082031,372.4805292634522,366.7139201659809,371.98254731341393,29417200,-0.002161202585198696,-0.004500887633311246,-0.08842548746960455,0.02141084801286587,0.013839044675982126,385.7945755004883,402.99787048339846,0.9573116975474965,26.90836693991855,-12.176117133750722,-10.886250887124188,-1.2898662466265343,0.8844305710787427,3.64,332.407,24.54,4.3,1
2026-04-02,371.9526672363281,372.1319638369453,362.680245817395,365.7278929006101,24099100,0.011072891697944343,0.02046609661458465,-0.09063014746046116,0.020510954027920216,0.01368071044008372,383.9410873413086,401.6107196044922,0.9560030860715454,33.7883863876263,-11.384936964556232,-10.985988102610598,-0.39894886194563384,0.7411444158449062,3.639666666666667,332.4594,23.87,4.3,0
2026-04-06,371.375,372.22157533941066,368.0086373714944,371.98252335059567,16146600,-0.0015530665248895126,0.045155157567505544,-0.0882238129924715,0.013624872519671333,0.013698070686174764,382.14436798095704,400.07230102539063,0.955188267224489,28.953529813113022,-10.6814053070932,-10.92507154350712,0.24366623641391882,0.5082789795764184,3.6383333333333336,332.669,24.17,4.3,0
2026-04-07,370.7874145507813,370.9467724245638,365.080530373921,368.8452727581139,21443300,-0.0015821890251597193,0.03713518975706753,-0.09066699597347572,0.01443585434046811,0.01365321916545527,380.29586029052734,398.2277978515625,0.9549706533351566,28.931061045363023,-10.055352787285244,-10.751127792262745,0.6957750049775004,0.68437294244971,3.638,332.7214,25.78,4.3,1
2026-04-08,372.8191528320313,383.4461010048471,369.9109552686541,383.426192668859,33064800,0.005479523310443213,0.011238021669803588,-0.07745962175697829,0.005849806141967932,0.013795349526550326,378.73070220947267,396.3378759765625,0.95557534408311,35.14800104882846,-9.288188895629048,-10.458540012936005,1.1703511173069572,1.0529959691968551,3.6376666666666666,332.7738,21.04,4.3,0
2026-04-09,371.5642700195313,371.9925272140357,365.5685477188417,370.9965632857518,30435300,-0.0033659290381612417,0.010017117854374424,-0.07856641207971193,0.006096586661899176,0.013789889539544645,377.1466232299805,394.218154296875,0.9566952184194987,36.07476315495215,-8.681390869879806,-10.103110184324766,1.4217193144449602,0.9617165689476204,3.637333333333333,332.8262,19.49,4.3,0
2026-04-10,369.3731384277344,374.1239058336084,368.5365323725683,371.4746381283789,28111100,-0.005897045998749406,-0.006935099639854947,-0.07711635531833783,0.004227039187700517,0.013773637656503357,375.60337829589844,392.0337432861328,0.9580894112519229,39.48777835236604,-8.281837206089904,-9.738855588677794,1.45701838258789,0.8870874344926869,3.637,332.8786,19.23,4.3,1
2026-04-13,382.8186340332031,382.9879612673769,369.5225100750242,372.1020528926679,35745800,0.036400848374358086,0.03081422829539715,-0.028264395229771866,0.017399842438640928,0.01614928498458199,375.04663543701173,391.07477294921875,0.9590151586835076,51.0588734590561,-6.801841527116437,-9.151452776365522,2.349611249249085,1.1123946212901559,3.636,333.0358,19.12,4.3,1
2026-04-14,391.5233459472656,393.0969858972055,384.95994763093,386.3543213772784,37504500,0.02273847493355685,0.05592404321922961,-0.017102176674098746,0.018064712193110347,0.016815025987806473,374.7060150146484,390.35369262695315,0.9599141037785477,66.12317241285638,-4.870393916233468,-8.295241004339111,3.4248470881056434,1.1496463805504398,3.635666666666667,333.0882,18.36,4.3,1
2026-04-15,409.5602722167969,412.69755239260473,395.1287651714373,396.3936283702306,45063400,0.04606858430342653,0.09854944174855418,0.029568681098227412,0.023288371974323315,0.019800739250679884,375.2941329956055,390.13087768554686,0.9619698272078323,75.24503764123155,-1.8628053002659044,-7.00875386352447,5.145948563258566,1.3425953305578724,3.6353333333333335,333.1406,18.17,4.3,1
2026-04-16,418.5637817382813,419.1215190686066,410.4765600541581,418.16537187855886,41642400,0.021983356619898142,0.12649093443855475,0.07266642521143063,0.019621162738620357,0.019667545010591952,376.7118865966797,390.3298004150391,0.9651117752119377,82.48952219446389,1.2330247772090956,-5.360398135377757,6.593422912586853,1.2122584756408021,3.635,333.193,17.94,4.3,1
2026-04-17,421.0835876464844,429.8380884820792,418.99205736838906,423.10539315661504,48568200,0.006020124096113522,0.13999515351565517,0.08680794996391361,0.01528749105305505,0.019507584955910002,378.39357299804686,390.5198944091797,0.968948262086676,92.93708537346025,3.845491266173326,-3.5192202550675407,7.364711521240867,1.3672494324733353,3.6346666666666665,333.2454,17.48,4.3,0
2026-04-20,416.3826293945313,421.6213787702164,414.6197538627068,419.4501847919345,27582200,-0.011163955067039377,0.08767597075333877,0.09479666060373226,0.021309792095710094,0.019128131320640614,380.19626770019534,391.0237823486329,0.9723098309176912,87.21826328405113,5.47346701644625,-1.7206828007647827,7.1941498172110325,0.8027646896694637,3.6336666666666666,333.4026,18.87,4.3,1
2026-04-21,422.4480590820313,425.4558591722327,415.5161587235818,418.5438671501557,32048500,0.01456696139394631,0.07898561721765351,0.10746733606992498,0.021084219472744723,0.01924791559342302,382.24596099853517,391.5005206298829,0.9763613095163753,86.33735174311654,7.17042284125904,0.05753832763998168,7.112884513619058,0.929550143383657,3.633333333333333,333.455,19.5,4.3,1
2026-04-22,431.1726989746094,431.9495495900464,421.9600330275293,424.4698510786937,29378200,0.020652574215955566,0.05276983199769969,0.1614531025848922,0.01360918595394594,0.01796706618473332,385.2428176879883,391.90412292480477,0.9830027171260595,88.6322555552907,9.114215084708178,1.868873679053621,7.245341405654557,0.8689291758627564,3.633,333.5074,18.92,4.3,0
2026-04-23,414.0719604492188,421.9500379562064,409.7494810939023,418.19526527607866,38308000,-0.039660995619756445,-0.010731509712589404,0.12049904010738333,0.024260152440693957,0.020726344847308217,387.46929321289065,391.9722686767579,0.9885120049970151,72.18083901046721,9.16910205877872,3.3289193549986407,5.840182703780078,1.1212316337879764,3.6326666666666663,333.5598,19.31,4.3,1
2026-04-24,422.90618896484375,423.2348740747397,414.12178001797366,415.2870711617039,27457400,0.021335007823376495,0.004328359907224577,0.160258995032027,0.02638641015988582,0.02046268082875635,390.38995666503905,392.3939776611329,0.9948928344720303,74.9662301624383,9.812338264111418,4.625603136821196,5.186735127290222,0.8148312136614967,3.632333333333333,333.6122,18.71,4.3,1
2026-04-27,423.1053771972656,425.38611256831246,415.3866572294081,420.6752229306716,30867300,0.00047099862243538126,0.016145601012486965,0.190739191308696,0.025528506926028642,0.019055223996481987,393.77872467041016,392.8699511718751,1.0023131662165161,75.44316707475153,10.220366394931546,5.744555788443266,4.475810606488279,0.9256607230171562,3.631333333333333,333.7694,18.02,4.3,1
2026-04-28,427.5174865722656,428.1847957314844,420.197146128082,422.8563830057505,30438100,0.01042792082725752,0.012000120207085407,0.19581574821727443,0.02514302351300302,0.01904618526741298,397.27904052734374,393.44450073242194,1.0097460754637149,75.99885001083555,10.775538283523588,6.750752287459331,4.0247859960642565,0.9328745085936162,3.631,333.8218,17.83,4.3,0
2026-04-29,422.7467956542969,425.0972860808559,418.5936435346858,422.866306449911,38288300,-0.011159054466330809,-0.019541829388434184,0.14666220889489345,0.023412476423875853,0.01881737297048557,399.98258209228516,394.01227416992197,1.0151525937483572,73.54094876894726,10.707135920348605,7.542029014037187,3.1651069063114186,1.1861129100135888,3.6306666666666665,333.8742,18.81,4.3,0
2026-04-30,406.1341552734375,412.7473701155562,396.4035989759817,409.15192465494977,70909400,-0.039296904321054704,-0.01917011035272642,0.10398787523336406,0.023272884600991823,0.021424042067388165,401.89533081054685,394.19334045410164,1.019538611046987,64.92759542763275,9.206300808614856,7.874883372952721,1.3314174356621349,2.0640140858291907,3.630333333333333,333.9266,16.89,4.3,1
2026-05-01,412.7672729492188,415.4264794885345,408.7834174283456,411.1338775963461,31372400,0.01633233154526348,-0.02397438552611908,0.10973064399873822,0.022003421333841495,0.021532227712175722,403.9360610961914,394.51165039062505,1.0238888020068224,62.87352772416128,8.454655327021158,7.990837763766408,0.4638175632547492,0.9036152212809444,3.63,333.979,16.99,4.3,0
2026-05-04,411.9505615234375,419.0816663151199,409.1419361803058,409.87897009526375,28066500,-0.001978624467840917,-0.026364154829985442,0.10925765472484006,0.02188800170078588,0.02153971072686734,405.96483917236327,394.83812683105475,1.0281804405025694,59.41948018283974,7.704259176969231,7.933522046406973,-0.22926286943774254,0.7947527881759339,3.63,333.84245161290323,18.29,4.290322580645161,0
2026-05-05,409.7196350097656,415.0978340035471,407.1500311208482,413.6437352165572,25700900,-0.005415520021193054,-0.04163069844276779,0.10499876460518953,0.020149528390794084,0.021622181613928353,407.9114501953125,395.37415527343757,1.0317099505737908,50.08602608260745,6.850578492197258,7.71693333556503,-0.8663548433677724,0.7234058782691277,3.63,333.7969354838709,17.38,4.287096774193548,1
2026-05-06,412.2891845703125,416.73120520087787,403.4748984673602,406.3532485673598,30285900,0.006271482596838851,-0.024737292373319675,0.10586910956279083,0.02102098400396333,0.021623393688849482,409.88495178222655,395.87133972167976,1.0353994105013997,46.36005124105172,6.308649390813287,7.4352765466146815,-1.126627155801395,0.8558073214916969,3.63,333.7514193548387,17.39,4.283870967741936,1
2026-05-07,419.07171630859375,426.25263786097554,417.06984955189336,418.41437649189606,34942400,0.01645090871192756,0.03185538784947983,0.12785795116028043,0.010117723465761614,0.02166100970942392,412.2603240966797,396.2731115722657,1.0403439245751058,48.88789697902718,6.353224286049851,7.218866094501716,-0.8656418084518647,0.9811410077119855,3.63,333.7059032258064,17.08,4.280645161290322,0
2026-05-08,413.4445190429688,416.9403619714099,412.32904436576047,415.7053764922729,33383800,-0.0134277667679229,0.0016407456165579148,0.11931398369363766,0.011432292626410984,0.02194697766069737,414.4638931274414,396.54002990722665,1.0452006402087783,48.39236156335474,5.86685299148678,6.948463473898729,-1.081610482411949,0.9304893738948561,3.63,333.6603870967742,17.19,4.27741935483871,0
2026-05-11,410.9944458007813,411.02432350049145,403.8633409907068,406.22377045102496,35657900,-0.005926002472735337,-0.0023209477348941077,0.07360094118389848,0.011767287452351616,0.020863061093576163,415.8726837158203,396.93682189941416,1.0477049766403495,43.47479121042664,5.223486698745887,6.603468118868161,-1.3799814201222738,0.9939959499109156,3.63,333.5238387096774,18.38,4.267741935483871,0
2026-05-12,406.1241760253906,413.8229876767416,404.9987623844293,412.8071154720842,38594200,-0.011849964945150226,-0.008775412933991533,0.037292361309385624,0.012761478665234211,0.020639844566030636,416.60272521972655,397.1204779052735,1.049058782909453,35.07416817660413,4.271386325499009,6.13705176019433,-1.8656654346953214,1.0742164069743265,3.63,333.4783225806452,17.99,4.264516129032258,0
2026-05-13,403.5745239257813,404.6700902960666,399.41140211310335,401.5726571524119,29667100,-0.006278011135810613,-0.02113725261460253,-0.014615060827596782,0.012014893866059573,0.017899146482993088,416.3034378051758,397.1459747314454,1.0482378377035924,42.43252233415701,3.273370921698529,5.564315592495171,-2.290944670796642,0.8438232542251106,3.63,333.43280645161286,17.87,4.2612903225806456,1
2026-05-14,407.7774963378906,410.1777730080913,399.2620170659624,402.847493220503,27077500,0.01041436503777482,-0.02695056605153079,-0.025769753311181365,0.009449707703908313,0.017308708121322954,415.7641235351563,397.23023315429697,1.0466578040490189,38.313574525163894,2.789426499496642,5.009337773895465,-2.2199112743988234,0.7864573939193795,3.63,333.3872903225806,17.26,4.258064516129032,1
2026-05-15,420.2170715332031,426.4418454559798,411.2434277199191,412.5979239362014,50771200,0.03050579128821007,0.01638080124005814,-0.002057824476428438,0.0172997204389267,0.018656819700362107,415.7207977294922,397.4541259765626,1.0459591951852243,48.12369750777926,3.3708102127878874,4.6816322616739505,-1.3108220488860631,1.4699306829848182,3.63,333.3417741935484,18.43,4.254838709677419,1
2026-05-18,421.83056640625,423.40417602339767,413.9325494355234,414.9384827190712,32564100,0.003839669976186011,0.026365613248995556,0.013083968031136761,0.016521118080864927,0.018482434711970596,415.9931945800781,397.74454956054694,1.0458803144875106,46.166262683700474,3.9166083231847324,4.528627473976107,-0.612019150791375,0.9360470873586171,3.63,333.2052258064516,17.82,4.245161290322581,0
2026-05-19,415.7352600097656,430.9535870211983,414.808990493047,428.16486989475214,33018700,-0.014449655577149945,0.023665382539979962,-0.015890235327042146,0.01722282205390015,0.018484887817473965,415.65755462646484,397.90410339355475,1.0446174117871578,45.356231010903116,3.813358944167078,4.385573768014302,-0.572214823847224,0.9477928431359744,3.63,333.15970967741936,18.06,4.241935483870968,1
2026-05-20,419.3605346679688,420.3963455784958,409.63991780241736,412.4983595724376,27864000,0.008720151997975822,0.03911547881820865,-0.02739543652631904,0.016077668873158167,0.017946294052119793,415.0669464111328,398.2088677978516,1.0423347644328178,60.57997732663226,3.9782041732929088,4.304099849070023,-0.3258956757771143,0.801570576629402,3.63,333.1141935483871,17.44,4.238709677419354,0
2026-05-21,418.3025207519531,425.5388979071037,414.92886694253497,423.9518891931334,31393500,-0.002522921993251881,0.025810704388015804,0.010216968804515725,0.016585956392920598,0.015518007663844532,415.27847442626955,398.5100012207032,1.0420779231492352,54.861318454296914,3.9776207877316097,4.238804036802341,-0.2611832490707311,0.9121766804596579,3.63,333.0686774193548,16.76,4.235483870967742,0
2026-05-22,417.7835388183594,423.602571187628,415.5477269340821,418.7517174636334,22390300,-0.0012406856469829863,-0.0057911324401095365,-0.012112970394269174,0.00867595555792878,0.014733376219122822,415.0223419189453,398.86091125488286,1.0405189633980825,55.14972973584649,3.8904344392390158,4.169130117289676,-0.27869567805066,0.6554024238441516,3.63,333.02316129032255,16.7,4.232258064516129,0
2026-05-26,415.248291015625,418.9812539216563,412.2439369671585,415.6475333356961,30398000,-0.0060683286131975045,-0.015604074040205584,-0.01857004567913445,0.008383480238685143,0.014783040636777151,414.6294876098633,399.2868072509766,1.0384252123542936,54.854967093644426,3.5755486213786867,4.0504138181074785,-0.4748651967287918,0.8904131056342546,3.63,332.84109677419355,17.01,4.219354838709678,0
2026-05-27,411.8946228027344,415.15846763645,408.8104019854481,410.2377382218162,28901500,-0.008076296243599512,-0.009238180102743798,-0.03654321579870734,0.006502163017934027,0.014619347686456695,413.84834442138674,399.5579846191407,1.0357654216718197,49.658223906298,3.020567127481115,3.844444479982206,-0.823877352501091,0.8484873928363197,3.63,332.7955806451613,16.29,4.216129032258064,1
2026-05-28,426.1876831054688,428.6829856468207,411.89461329838434,412.2040283766931,47250500,0.03470076935085342,0.016279902072581676,0.008139357853313545,0.01773204122608645,0.016537778612393875,414.0203887939453,400.12578002929695,1.034725602443389,55.45428687449361,3.6915172959849087,3.813859043182747,-0.1223417471978383,1.3691634050979862,3.63,332.75006451612904,15.74,4.212903225806452,1
2026-05-29,449.3940124511719,449.4838396905727,431.5476031778621,431.7372486144539,79654400,0.054450962018909754,0.07432776556863141,0.10651617603697683,0.028214996734436965,0.017884625350097688,416.18338165283205,401.30948608398444,1.0370634038930613,71.70550648755275,6.0263390875355185,4.256355052053301,1.7699840354822172,2.279243235757162,3.63,332.70454838709674,15.32,4.209677419354839,1
2026-06-01,459.6546936035156,465.4438139523178,457.4089212477424,463.9665838370572,53628900,0.022832260484241695,0.10022212675871045,0.1135928735805205,0.026823057261595833,0.018154161161961373,418.5277526855469,402.75358276367194,1.039165809062786,76.84776558089033,8.60545506642984,5.126175054928609,3.4792800115012312,1.487189676589926,3.63,332.568,16.05,4.2,0
2026-06-02,440.4807739257813,452.647871293284,439.6024225764256,446.0403151791343,37036800,-0.04171374717707799,0.06076480856415345,0.06925639886698054,0.03782197971209405,0.02097611045258969,419.9542633056641,403.9566235351563,1.0396023702508135,66.3717951812871,8.998518664588346,5.900643776860557,3.097874887727789,1.0144544863907827,3.63,332.57616666666667,15.77,4.196666666666667,0
2026-06-03,426.53704833984375,439.5625463944663,423.4528579325816,437.62618910935214,39037000,-0.03165569625585296,0.0355489601623713,0.04104614934960904,0.04223229189905943,0.02234319720205157,420.79513397216795,404.8582806396485,1.0393640295743496,59.87038977516419,8.091607264101128,6.338836474308671,1.7527707897924572,1.0500624262206535,3.63,332.5843333333333,16.06,4.193333333333333,1
2026-06-04,427.2456970214844,435.33048350032107,425.60879436274143,434.9911260035114,26899500,0.001661400069229213,0.0024825070220382273,0.03627675187928969,0.03944896360585298,0.02232328472289663,421.54295959472654,405.9784832763673,1.0383381803704208,58.62753848983521,7.345382474629787,6.540145674372894,0.8052368002568926,0.7268845406213735,3.63,332.5925,15.4,4.19,0
2026-06-05,415.8870849609375,428.6630214075295,413.6213308264138,427.5351398188391,34782200,-0.02658566754383418,-0.07456024460022148,-0.007599251449628142,0.026618150747000212,0.022924976461277058,421.38372802734375,406.9053759765626,1.0355816189845943,48.062558528798014,5.770925253266739,6.386301590151664,-0.6153763368849248,0.9400961740262559,3.63,332.60066666666665,21.51,4.1866666666666665,0
2026-06-08,410.9663391113281,416.3761684433353,407.7923215775376,413.3618539280056,32086700,-0.011831927529251218,-0.10592376227139022,-0.005993984240925787,0.01707440364092378,0.02287900049803539,421.2598190307617,407.8348443603516,1.0329176745343225,45.278566674915936,4.079072487805206,5.924855769682372,-1.845783281877166,0.8687648407822666,3.63,332.62516666666664,18.92,4.176666666666667,0
2026-06-09,402.6520080566406,411.2059125875929,397.7312786929967,408.2614433672717,35317300,-0.02023117288064602,-0.08588062886829795,-0.020298176360720066,0.013128379331908599,0.02329212636087608,420.8426971435547,408.7812841796876,1.0295057856870113,44.42179858975774,2.0438101801573794,5.148646651777374,-3.1048364716199943,0.956676211586798,3.63,332.6333333333333,19.87,4.173333333333334,0
2026-06-10,396.61334228515625,404.2789346443135,396.4137363631365,397.8011087010324,32576000,-0.014997232475331246,-0.07015499865991892,-0.023418536254881217,0.010576072974543568,0.023381391404154774,420.36715545654295,409.56332763671884,1.0263788945220385,40.497028680007716,-0.055776762649884404,4.107761968891922,-4.163538731541807,0.8896715512664493,3.63,332.6415,22.22,4.17,0
2026-06-11,389.6065673828125,396.1043451719433,383.278483574852,394.46741202742857,47224100,-0.017666513340103496,-0.08809715323307088,-0.034610600310186035,0.005601790456667818,0.023655653467240193,419.6687576293945,409.9819396972657,1.0236274259770604,38.579487970501035,-2.259061661473254,2.8343972428188873,-5.093458904292142,1.2595239562154725,3.63,332.64966666666663,19.44,4.166666666666667,1
2026-06-12,390.00579833984375,391.003919361718,381.55171206616,390.6945042817559,34865800,0.001024702842441938,-0.062231522826741936,-0.04358185078295973,0.008303236451825036,0.023499499351553186,418.78017272949216,410.4244720458985,1.020358680470348,38.934373914221126,-3.927690247609064,1.4819797447332972,-5.409669992342361,0.9203541691826352,3.63,332.6578333333333,17.68,4.163333333333333,1
2026-06-15,399.0088806152344,400.9951317570601,392.1118605058895,396.05442037645633,32266400,0.02308448313772371,-0.02909595594118608,-0.050469608101804564,0.018128311612602647,0.023013348967354283,417.7197631835937,410.9655963134766,1.0164348717525375,43.84784482130722,-4.472065736173079,0.291170648552022,-4.763236384725101,0.8730609802508457,3.63,332.6823333333333,16.2,4.153333333333333,0
2026-06-16,393.0899963378906,396.094350419825,389.9559121071713,395.0463355104342,31506800,-0.014833966272172594,-0.023747582347596108,-0.06813297175975708,0.01718726256442971,0.023128115996473818,416.2827346801758,411.39989624023445,1.0118688373151412,43.01185848568304,-5.3197687452216655,-0.8310172302027156,-4.48875151501895,0.8537289878964648,3.63,332.6905,16.41,4.15,0
2026-06-17,378.1980285644531,389.6364865987809,376.6110198431126,389.51671695343225,41987800,-0.03788437231212749,-0.046431402470224814,-0.09029119022627707,0.022765290687681246,0.02428883018984471,414.40587310791017,411.54810852050787,1.0069439380918936,32.245202667930585,-7.111262620331956,-2.087066308228564,-5.024196312103392,1.1240697795045294,3.63,332.69866666666667,18.44,4.1466666666666665,1
2026-06-18,378.6871032714844,380.6534028700893,372.5786075934489,377.1100854858111,59714200,0.0012931709583141604,-0.02802689950705861,-0.09698917288124853,0.022592340067882855,0.024133286373035752,412.37220153808596,411.66546752929696,1.0017167677751322,18.554678381304058,-8.394800151320908,-3.348613076847033,-5.046187074473875,1.5332608310223275,3.63,332.7068333333333,16.4,4.1433333333333335,0
2026-06-22,366.6497802734375,380.9129385065033,366.3802985575179,375.0339909424311,45171100,-0.031786989559602685,-0.05988633544892641,-0.12348178152420197,0.024885654209263534,0.024863230941491964,409.78956451416013,411.5671777343751,0.9956808673859745,9.281588255681243,-10.264995776283854,-4.731889616734398,-5.533106159549456,1.1396838104123994,3.63,332.7395,17.28,4.13,1
2026-06-23,373.23736572265625,376.5112013539488,369.9735210485466,371.6802994138851,40647600,0.017966969581451497,-0.06458882532348864,-0.10662500782509421,0.02312348542109593,0.02543242294126228,407.56225585937506,411.6444622802735,0.9900831742074572,16.913845710304386,-11.087763357997687,-6.003064364987056,-5.084698993010631,1.0024654955172472,3.63,332.74766666666665,19.49,4.126666666666666,0
2026-06-24,364.7733154296875,378.1681135077346,364.0946004167936,370.87185096853153,44509900,-0.022677392646850314,-0.07203612702436413,-0.12155372262335984,0.023537192358079686,0.025727742722919715,405.03850708007815,411.2835559082032,0.9848157098954889,17.87789156653278,-12.281220451280944,-7.258695582245834,-5.02252486903511,1.078943525021377,3.63,332.7558333333333,18.63,4.123333333333333,0
2026-06-25,352.1670227050781,363.5456265920902,348.54386902384044,362.0883479855026,66179000,-0.0345592514347155,-0.06882903636008442,-0.1450069915728449,0.02274925270957223,0.02650215588772719,402.0521270751953,410.49642944335943,0.9794290479466173,15.253136595573508,-14.081938443123818,-8.623344154421432,-5.458594288702386,1.5348666770260524,3.63,332.764,18.89,4.12,1
2026-06-26,372.2691955566406,375.9023402058053,354.762144454129,356.4789138154501,186201600,0.057081360705363515,-0.016947785280774896,-0.12651348146887897,0.03956340043966444,0.02875339935947203,399.35620269775393,409.7506079101563,0.974632361705534,31.32478957459692,-13.728687315319064,-9.64441278660096,-4.084274528718105,3.719222673161335,3.63,332.77216666666664,18.41,4.116666666666666,0
2026-06-29,367.8774719238281,379.7850483907747,359.2237492715265,376.790685328561,51229900,-0.011797171738171075,0.0033484041623454974,-0.18139213756480743,0.03681588691403779,0.024943816717490023,395.2803756713867,408.7368817138672,0.9670778277065278,31.4673387729772,-13.645808262074581,-10.444691881695684,-3.201116380378897,1.053172031659774,3.63,332.7966666666667,17.65,4.1066666666666665,1
2026-06-30,372.319091796875,373.44697342275583,366.7595808670141,370.3328407149792,44945700,0.012073639219654542,-0.002460294734969226,-0.19000263245864668,0.03623475826079124,0.02431419334895328,390.91359558105466,407.761591796875,0.9586817479753877,36.50412215672479,-13.071049489607788,-10.969963403278106,-2.1010860863296816,0.9323040983611658,3.63,332.8048333333333,16.45,4.103333333333333,1
2026-07-01,383.5579528808594,388.0993914388061,374.18561213385976,380.1144231011508,48065800,0.030186099320729687,0.05149674237832991,-0.12922884360558518,0.03566263814281594,0.024721730979763025,388.0674545288086,407.10509826660154,0.9532365381351089,44.448230995658506,-11.575234758159468,-11.09101767425438,-0.48421708390508833,0.9857483646672978,3.63,332.813,16.59,4.1,1
2026-07-02,389.7562561035156,391.4630649298244,382.9790365046874,383.7575696594082,42128900,0.016160017478718647,0.10673694859247673,-0.08623117822821103,0.025321299734469695,0.02448272975018221,386.22841491699216,406.4512622070313,0.9502453327854636,50.06409544406187,-9.776937093158551,-10.828201558035214,1.0512644648766631,0.8612619585502005,3.63,332.85551612903225,16.15,4.1,0
2026-07-06,386.0133056640625,388.418780928489,380.5036887115837,386.31276024010407,34224500,-0.009603310738029669,0.03691981574481562,-0.0965074467569148,0.017856588675766363,0.02446997287049866,384.1667953491211,405.54807434082034,0.9472780655500523,48.33803874699814,-8.555179275656542,-10.373597101559481,1.818417825902939,0.6944686111327836,3.63,333.02558064516126,15.57,4.1,1
2026-07-07,388.109375,394.8267404517197,387.4905448392632,391.75251064257776,29297500,0.005430044263193601,0.05499630888069462,-0.06679147048662626,0.014588455653152272,0.024011258221800235,382.77790985107424,405.02882263183596,0.9450633842891043,45.186023259343486,-7.333258881577024,-9.765529457562991,2.4322705759859673,0.5978187344627834,3.63,333.0680967741935,16.13,4.1,0
2026-07-08,382.6197204589844,384.58602015004215,380.6134873969759,383.3084264217563,25908300,-0.014144606893393474,0.02766613071705981,-0.06897552416005737,0.01828256774324612,0.024060643174022116,381.360578918457,404.22309326171876,0.9434408505491814,45.358000464348784,-6.730265101663235,-9.15847658638304,2.428211484719805,0.5320153163111485,3.63,333.1106129032258,16.9,4.1,1
2026-07-09,383.6377868652344,383.927250494608,372.6484949692805,373.7464342011832,31083200,0.0026607787100694225,0.0002081406050256085,-0.04722246707070077,0.012144486238451798,0.023755076308680047,380.40986785888674,403.4337414550781,0.942930223155975,52.750026381739765,-6.09992262514487,-8.546765794135407,2.4468431689905366,0.6410664531648418,3.63,333.15312903225805,15.84,4.1,1
2026-07-10,384.37640380859375,391.1736053926777,380.783162110783,387.07131223677504,24644600,0.001925297686118821,-0.013803119797756502,-0.030853572414022312,0.008585641020155079,0.02357405992638952,379.7980209350586,402.5709197998047,0.9434313365802208,52.868941892334846,-5.4776287620189805,-7.932938387712122,2.4553096256931415,0.5124668500098825,3.63,333.1956451612903,15.03,4.1,1
2026-07-13,390.2553405761719,392.9103462310944,383.4281962321871,387.02143811329415,28914900,0.015294738983264056,0.010989348941772281,0.0016652008658826212,0.010598747565952473,0.02352200649209958,379.83045959472656,401.9210906982422,0.9450373926256559,62.69185697169618,-4.4586784574609055,-7.23808640166188,2.7794079442009743,0.6129326805113124,3.63,333.32319354838705,17.16,4.1,0
2026-07-14,384.2067260742188,387.4606104242381,377.93852713765,382.1007052927433,27863900,-0.015499120378526854,-0.01005553892064881,-0.014869194997382373,0.012902958013988282,0.02378558143653765,379.54050598144534,401.4825421142578,0.945347471356381,55.932210103261326,-4.092054977322391,-6.608880116793983,2.5168251394715915,0.5950699397624069,3.63,333.3657096774193,16.5,4.1,1
2026-07-15,394.8866271972656,398.2103568181361,385.6739591427675,387.0713224899768,36253700,0.02779727786697772,0.03206030970794216,-0.01033123225631627,0.0162059378426989,0.024053172237308816,379.3343933105469,401.12492919921874,0.9456764356875721,65.90405856479506,-2.9062233294799285,-5.868348759331171,2.962125429851243,0.7709625383408389,3.63,333.4082258064516,15.67,4.1,1
2026-07-16,400.3463439941406,405.2271399033625,391.31333055964967,397.56157784187184,37047400,0.013826036185691448,0.043552949425119225,0.018459761692873666,0.016324536875987533,0.02399197370876352,379.69721069335935,400.8928448486328,0.9471289287707881,77.5231117151658,-1.508500632080768,-4.99637913388109,3.4878785018003224,0.783226984221784,3.63,333.45074193548385,16.73,4.1,0
2026-07-17,393.08001708984375,397.6414373419786,388.6583483977542,394.1180409920291,33049800,-0.01815010181385157,0.02264346404984874,0.03934972527984604,0.020366260116822087,0.022669889840145206,380.4413101196289,400.5600524902344,0.949773467809559,63.93158349135685,-0.9758778657196672,-4.192278880248805,3.216401014529138,0.7053772804179785,3.63,333.4932580645161,18.77,4.1,1
2026-07-20,401.53411865234375,402.4224305318551,388.9178541819168,390.6745569462133,27915800,0.02150732979277281,0.028901021724699216,0.06033217182070261,0.02134380034144105,0.023075540085439973,381.5836608886719,400.344951171875,0.9531371877470023,71.36882749598246,0.12694155297612042,-3.32843479360382,3.4553763465799405,0.6167308325981121,3.63,333.6208064516129,18.65,4.1,0
2026-07-21,397.0026245117188,400.7156358198418,395.5753188038176,398.0606303262699,24126600,-0.011285452294399922,0.03330472261182682,0.0827842968176471,0.020347782330637332,0.021863795920087054,383.10130310058594,399.9035693359375,0.9579842053841813,65.653873338386,0.6280405216140252,-2.537139730560251,3.1651802521742765,0.5457033882031388,3.63,333.6633225806451,17.05,4.1,0
2026-07-22,389.6065673828125,400.246541441447,386.2329133568751,398.8291961465565,28142500,-0.018629743664800302,-0.01337107780004787,0.043857349674683466,0.018875639541067503,0.022180947993706384,383.9197631835938,399.4268103027344,0.9611767494841232,54.03247365986033,0.4234834124391682,-1.9450151019603672,2.368498514399535,0.6456675119173463,3.63,333.7058387096774,16.64,4.1,0
2026-07-23,380.8630065917969,391.0438532115061,376.6809075284274,389.23725659651495,30351800,-0.022442026195170772,-0.04866620538597677,0.044108739541861564,0.017957344368527254,0.0221670119956787,384.72424774169923,398.82418151855467,0.9646462415514304,44.265680269378066,-0.43910017964429926,-1.6438321174971537,1.2047319378528545,0.7078514612242842,3.63,333.74835483870964,18.7,4.1,1
2026-07-24,380.9828186035156,388.299032528898,379.9347732203772,386.3227418757343,27659400,0.0003145803337292197,-0.030775409485044203,0.08182423123294336,0.017707741680714532,0.020409352799959965,386.16503753662107,398.3213543701172,0.969481132005289,46.59738646980213,-1.10035189125756,-1.535136072249235,0.43478418099167504,0.6753972073697543,3.63,333.7908709677419,18.58,4.1,1
2026-07-27,388.368896484375,393.4593197982184,387.2609663085435,389.3470355932277,27856200,0.019386905446111324,-0.03278730637424976,0.04324747016379127,0.016887458084184286,0.01665844692212565,386.9700225830078,398.0172418212891,0.9722443701490663,50.1638166978992,-1.0166841774812951,-1.4314456932956472,0.41476151581435206,0.8432196617459026,3.63,333.9184193548387,18.67,4.1,1
2026-07-28,392.6109008789063,399.567805457337,390.5647345556998,392.4212554523594,32367500,0.01092261618510415,-0.011062203022496275,0.06723279037918206,0.01819433801874817,0.01642307354772542,388.2066940307617,397.7139099121094,0.9760953397796706,56.40761873894444,-0.6011528924520348,-1.2653871331269249,0.66423424067489,1.0085721229948523,3.63,333.96093548387097,18.21,4.1,0
2026-07-29,389.8061828613281,400.4960502148319,388.00954678983055,392.6607942930367,47209000,-0.007143759919297943,0.00051235142122108,0.04696802138202871,0.01619966692140724,0.016450221620257943,389.0810485839844,397.1056921386719,0.9797921719241304,53.86733587270391,-0.49248163757835073,-1.11080603401721,0.6183243964388592,1.4658646727669582,3.63,334.0034516129032,20.66,4.1,1
2026-07-30,450.2524108886719,457.8281459885008,431.6274684759506,437.07720086969465,110160700,0.15506739165511707,0.18218992943897416,0.17388365306175535,0.0674839336925097,0.03762045246426808,392.415771484375,397.6741290283203,0.986777219939367,73.61865924685075,4.420193309447825,-0.004606165324202882,4.424799474772028,3.1197885263539176,3.63,334.04596774193544,17.09,4.1,1
2026-07-31,463.8468017578125,465.962813447145,448.4857046349594,449.1544591210436,60846000,0.030192821938052727,0.21750057773742415,0.1900945642155878,0.0648371305037036,0.03789734271895025,396.1202987670898,398.63635986328126,0.9936883301436569,75.0016847880744,9.303235422069974,1.8569621521546327,7.446273269915341,1.6786879384343143,3.63,334.0884838709677,15.99,4.1,1
2026-08-03,486.7337036132813,490.7261876465455,474.1074789501303,475.2353605631651,66762100,0.04934151053480518,0.2532767377082261,0.2609246792049007,0.06363443199537727,0.03862901172760235,401.1563186645508,399.9838232421875,1.0029313571055432,81.25607285905085,14.848696650662362,4.455309051856179,10.393387598806182,1.7627866996171024,3.637741935483871,334.131,15.86,4.106451612903226,1
2026-08-04,491.884033203125,498.5015806515744,478.2696778930625,479.99640781848416,50455500,0.01058141146094882,0.2528537340710204,0.26738508494705915,0.063683863367446,0.03859782440118968,406.34505157470704,401.45545349121096,1.0121796778222198,80.60208017170378,19.435067818114987,7.451260805107941,11.983807013007047,1.2960255652669104,3.6416129032258064,334.131,16.5,4.109677419354838,0
2026-08-05,486.5440673828125,497.3038108374591,484.7674131728324,495.4273384327132,33388900,-0.010856147912626679,0.2481691896505871,0.27161262571401745,0.06449822070894269,0.0384848443640316,411.54126892089846,402.8306640625,1.0216234900554815,77.21541160929274,22.380916128110016,10.437191869708357,11.943724258401659,0.8494827944808513,3.645483870967742,334.131,15.81,4.112903225806451,1
2026-08-06,498.9207458496094,500.61756372489685,487.60205742358346,487.6319998350186,36441500,0.025437939328646575,0.10809122568578777,0.3004994891831967,0.02253212900542377,0.038507866975017645,417.3054168701172,404.50411315917967,1.0316469061611246,82.37267581428056,25.421177147501794,13.433988925267045,11.98718822223475,0.9208703230923999,3.6493548387096775,334.131,15.15,4.116129032258065,1
2026-08-07,499.0505065917969,504.23075699317457,497.7928948509335,498.2719734340298,28846200,0.00026008287542045316,0.07589511170622498,0.2983380396063722,0.023417986279139543,0.038536863691788006,423.0391220092773,406.24723083496093,1.0413341677180272,81.42689582719053,27.52379929144479,16.251950998502593,11.271848292942195,0.7250891524690087,3.653225806451613,334.131,14.9,4.119354838709677,1
2026-08-10,505.109130859375,512.7647021753171,501.326243590453,502.4940586092805,31206100,0.012140302810139891,0.03775252691499098,0.2943042114776273,0.013621315387836211,0.038536862971116345,428.7818115234375,407.8256597900391,1.0513850740637245,84.50021718254821,29.340800351019425,18.86972086900596,10.471079482013465,0.7821561886161875,3.664838709677419,334.131,15.46,4.129032258064516,0
2026-08-11,502.86334228515625,504.3804752506704,498.61133704649393,503.3823542433026,23049800,-0.0044461452724045,0.022320930017863283,0.30883534347083774,0.014410004874000813,0.0381745654970771,434.7146423339844,408.8950463867188,1.0631448000542574,87.37234565772823,30.25085735928394,21.145948167061558,9.104909192222383,0.5812316038916379,3.6687096774193546,334.131,15.28,4.132258064516129,0
2026-08-12,491.5047302246094,500.557695253814,490.596436434424,499.0505227551261,29001500,-0.022587870511558972,0.010195711291848486,0.24467301846379863,0.018035914415088686,0.03888531530597356,439.54554748535156,409.5320471191406,1.07328730578557,85.8900352732289,29.713025764242047,22.85936368649766,6.853662077744389,0.7380602971709703,3.67258064516129,334.131,14.55,4.135483870967742,1
2026-08-13,495.9463806152344,500.3979918654044,492.0836571155829,492.3431478695615,23039000,0.00903684159579754,-0.005961598628876352,0.23879332996355007,0.013718913907205022,0.0388860978002675,444.32554931640624,410.6413592529297,1.0820282450962986,86.27486627761638,29.307357442999887,24.148962437798104,5.158395005201783,0.5969612472678575,3.6764516129032256,334.131,14.63,4.138709677419355,0
2026-08-14,494.4691467285156,499.07050046550256,492.991947114923,495.42733437790497,16217600,-0.002978616125570266,-0.009180152715541956,0.2579350901358539,0.013713957730337841,0.03842387345601515,449.39500579833987,412.0000012207031,1.0907645739486411,84.77490736374922,28.537697138322642,25.026709377903014,3.510987760419628,0.4295804335563624,3.680322580645161,334.131,14.25,4.141935483870967,0
2026-08-17,479.4474487304688,491.73431632358415,477.5110914717105,489.2190622628328,29635800,-0.030379444496047348,-0.050804233305476565,0.19403912758303843,0.01593702749492628,0.039498383516173914,453.2906723022461,413.0440362548828,1.0974390924809958,76.58273920317365,26.411158915288866,25.303599285380187,1.1075596299086783,0.7832246710565002,3.691935483870968,334.131,15.19,4.151612903225806,1
2026-08-18,480.72503662109375,483.36006030134655,476.2534434403709,480.6352093836093,24087600,0.002664708914413616,-0.044024496920892386,0.21088629379301138,0.016876365370267144,0.03923249371082059,457.47679290771487,414.3407952880859,1.1041075320368514,78.095114692625,24.54600169005255,25.15207976631466,-0.6060780762621114,0.6366278251522648,3.695806451612903,334.131,15.84,4.154838709677419,1
2026-08-19,483.3999938964844,488.3806080919379,478.4592826108848,479.1679704739861,19961900,0.0055644226358424476,-0.016489640546127116,0.24073882312541728,0.015809172376693655,0.038662570391417704,462.1664642333984,415.7894683837891,1.1115396116931024,65.93110221437894,23.018356561878022,24.725335125427335,-1.7069785635493133,0.5333526775509954,3.699677419354839,334.131,14.89,4.158064516129032,0
2026-08-20,481.1499938964844,484.1600036621094,479.5,483.2999877929688,20020800,-0.004654530468367835,-0.029834650069216595,0.26331511742796687,0.01426621915777604,0.038040174539074795,467.1808135986328,417.35942810058594,1.1193728526147961,59.333925753450735,21.379678965024766,24.056203893346826,-2.67652492832206,0.5424124822493668,3.7035483870967743,334.131,16.01,4.161290322580645,1
2026-08-21,483.239990234375,486.3599853515625,478.5299987792969,479.8800048828125,22510800,0.004343752186226402,-0.02270951902345064,0.26840363039383464,0.015005056096726695,0.037983466718182195,472.2936721801758,419.09196105957034,1.1269451959567491,47.570195255426384,20.018895040427026,23.248742122762867,-3.2298470823358407,0.6141560531167448,3.7074193548387098,334.131,15.13,4.164516129032258,1
2026-08-24,487.30999755859375,490.6099853515625,481.8599853515625,483.2099914550781,17230800,0.00842233136012771,0.016399187958856087,0.25476062055911686,0.004902254086667588,0.03795939302462282,477.24072723388673,421.04602966308596,1.1334644993939662,46.77032183438444,19.049291181885792,22.408851934587453,-3.359560752701661,0.4770173707375473,3.719032258064516,334.131,15.85,4.174193548387096,1
2026-08-25,491.7099914550781,492.4400024414063,484.2999877929688,485.4400024414063,19519000,0.009029147603226262,0.02285080658830485,0.2524104408571608,0.0054966417751816325,0.03796470440073426,482.1956817626953,423.08011352539063,1.1397266530556438,53.69667428813519,18.423540763866356,21.611789700443236,-3.18824893657688,0.5501482122226534,3.7229032258064514,334.131,15.45,4.17741935483871,1
2026-08-26,496.3699951171875,497.3999938964844,487.30999755859375,487.8500061035156,20758900,0.00947713844154241,0.026830784825124576,0.27337640330289226,0.005939450522652212,0.037705735570205366,487.5238723754883,425.0273358154297,1.1470412166317652,47.94810295940787,18.09506376822037,20.908444513998663,-2.813380745778293,0.6077490647970659,3.726774193548387,334.131,15.21,4.180645161290323,1
2026-08-27,505.05999755859375,506.4800109863281,490.0799865722656,494.8800048828125,28688800,0.017507106648045223,0.049693451034841685,0.12172635913652763,0.0047894892950256255,0.017537950245005946,490.2642517089844,427.26673583984376,1.1474430621080565,54.249022646464944,18.324718011764105,20.391699213551753,-2.066981201787648,0.9536412569976229,3.7306451612903215,334.131,14.51,4.183870967741935,1
2026-08-28,513.530029296875,517.780029296875,504.8699951171875,505.3299865722656,29207300,0.01677034764032892,0.06268115154916942,0.10711128620652532,0.004493996711168021,0.01680093869095226,492.7484130859375,429.9733758544922,1.145997498349035,55.757677431847526,18.97148990236053,20.10765735131351,-1.1361674489529783,1.0247637887065222,3.734516129032258,334.131,14.43,4.187096774193549,0
2026-08-31,507.2900085449219,512.1900024414062,506.3900146484375,510.3800048828125,27208900,-0.012151228547426784,0.041000617853988786,0.0422331652380763,0.012005594061239216,0.013632063592770846,493.7762283325195,432.5454339599609,1.1415592202927438,52.86991908202477,18.764241267744808,19.83897413459977,-1.074732866854962,1.025828278603,3.746129032258065,334.131,14.92,4.196774193548388,0
2026-09-01,501.0199890136719,505.9700012207031,496.7799987792969,497.5199890136719,21046900,-0.012359832493516909,0.018933919831572776,0.018573393714477637,0.015032586340267346,0.01384952593312405,494.2330261230469,435.23283813476564,1.1355600561785102,56.60477278273367,17.887856975820853,19.448750702843988,-1.5608937270231351,0.8400814180747088,3.75,334.131,16.34,4.2,0
2026-09-02,496.8200073242188,500.2699890136719,493.80999755859375,499.8500061035156,15336100,-0.008382862523551804,0.0009066063852731787,0.021120265625027557,0.015476197128809582,0.013748650799007368,494.7468231201172,437.70449096679687,1.1303215601634011,50.60844688443829,16.662339609760863,18.891468484227364,-2.2291288744665003,0.6350150813028076,3.75,334.131,15.2,4.2,1
2026-09-03,510.1199951171875,515.6500244140625,500.7999877929688,501.6600036621094,24125900,0.026770233881280303,0.010018606864636403,0.02244695046406009,0.01834332245991128,0.013875241812901952,495.3067855834961,440.6114245605469,1.124135140339361,59.3589556888221,16.573259906335238,18.42782676864894,-1.8545668623137033,1.025107940370474,3.75,334.131,14.32,4.2,0
2026-09-04,499.7000122070313,511.0,499.3599853515625,510.0,18101800,-0.020426532992031565,-0.026931272371315318,0.0013014827290129816,0.018463450421578365,0.014695946408770363,495.3392608642578,443.56208435058596,1.1167303931973316,62.81603841358569,15.483375349207677,17.83893648476069,-2.355561135553014,0.7871112692907333,3.75,334.131,14.53,4.2,0
2026-09-08,493.9500122070313,495.1900024414063,490.1499938964844,493.010009765625,18882300,-0.01150690386138653,-0.0262965879737197,-0.022092490455197233,0.018405924602144578,0.014633149240135694,494.78130493164065,445.9957006835937,1.1093858173369642,57.92057130407705,13.994339011296233,17.0700169900678,-3.075677978771566,0.8436537643128332,3.75,334.131,15.72,4.2,0
2026-09-09,491.6499938964844,494.3900146484375,489.7999877929688,493.0700073242188,12889600,-0.004656378689556373,-0.018701838893960376,-0.022298997452697922,0.01797210310685785,0.01463581943760081,494.220637512207,448.47115112304687,1.102012105515808,54.963298878219845,12.484758208828566,16.152965233819955,-3.668207024991389,0.5892775137477589,3.75,334.131,16.46,4.2,1
2026-09-10,492.4400024414063,494.5199890136719,486.0,488.3200073242188,16038800,0.001606851530009834,-0.008816079904676921,0.0019028753118399688,0.01786806897586493,0.013731700938306361,494.26740112304685,450.8735693359375,1.0962439023671788,56.91365642948691,11.222782384737172,15.1669286640034,-3.944146279266228,0.755640757336836,3.75,334.131,17.84,4.2,1
2026-09-11,495.6300048828125,498.9700012207031,492.5799865722656,495.6499938964844,14510500,0.006477951477521948,-0.028405062285485005,-0.0006379232610376206,0.01064627432844203,0.01365659752455898,494.25158233642577,453.11501037597657,1.0907861602870224,57.48640816299436,10.360633060507098,14.20566954330414,-3.845036482797042,0.6976535656393178,3.75,334.131,15.84,4.2,1
2026-09-14,505.4100036621094,509.9500122070313,495.3399963378906,497.05999755859375,23091900,0.019732459058061425,0.011426838734421185,0.022126470389467467,0.011841066452529324,0.014319061366007246,494.79862518310546,455.42808532714844,1.0864473253283795,60.230610085560265,10.347260893598389,13.43398781336299,-3.086726919764601,1.09219154394515,3.75,334.131,17.1,4.2,0
2026-09-15,497.1199951171875,505.8999938964844,495.5400085449219,500.05999755859375,17794600,-0.01640254147099185,0.006417618851738194,0.036860236577572536,0.013374471576568524,0.012975090971628963,495.68225250244143,457.65021911621096,1.0831028409855803,52.92907402762674,9.557555398635088,12.658701330417411,-3.101145931782323,0.8658894653505046,3.75,334.131,17.2,4.2,0
2026-09-16,490.2999877929688,495.9700012207031,487.2300109863281,493.0299987792969,16670300,-0.013719036432262133,-0.002745868240160765,0.01991772935142966,0.014917348295726834,0.013432813762622443,496.16100006103517,459.6940313720703,1.07932878436581,46.788698139368805,8.285876088699013,11.784136282073732,-3.498260193374719,0.8260886693844016,3.75,334.131,17.71,4.2,1
2026-09-17,497.75,501.4700012207031,493.1700134277344,497.7999877929688,17841600,0.015194803982285565,0.010783034546884673,0.029685573613367877,0.016537889074565156,0.013770681900409032,496.8785003662109,461.99663696289065,1.0755024184431934,46.0812741265999,7.789423174766455,10.985193660612277,-3.195770485845822,0.888801212327723,3.75,334.131,15.44,4.2,0
2026-09-18,493.7799987792969,498.6499938964844,491.1000061035156,497.9700012207031,39622300,-0.007975893964245362,-0.003732635404010809,0.026249620789831507,0.016875367963416592,0.013869164605720095,497.51000061035154,464.19948120117186,1.0717590621234316,38.875735393460616,6.995000729723131,10.187155074434449,-3.1921543447113176,1.8819498851872971,3.75,334.131,14.81,4.2,1
2026-09-21,501.6099853515625,501.8699951171875,491.3299865722656,494.9500122070313,27959900,0.015857237214189634,-0.007518684400808495,0.038014227895911246,0.01575814577706835,0.014232515793709474,498.4285003662109,466.5441528320313,1.068341543540165,46.857004097041546,6.917489187608112,9.53322189706918,-2.615732709461069,1.3110519353793506,3.75,334.131,14.87,4.2,0
2026-09-22,498.0,508.5,493.6499938964844,507.3200073242188,21652800,-0.007196797226898033,0.0017702061704540917,0.021936759957650764,0.014009116537669957,0.014287855616699397,498.96300048828124,468.6990460205078,1.064570121754524,48.27822711276856,6.489952946366429,8.924568106928632,-2.4346151605622026,1.0048910750758444,3.75,334.131,14.21,4.2,1
2026-09-23,500.5899963378906,509.4400024414063,495.8800048828125,500.760009765625,19445600,0.005200795859218177,0.020987168674511114,0.018059435515098254,0.01157493609719135,0.01420258638864294,499.40700073242186,471.02671142578123,1.0602519742898115,52.1895627680568,6.287638471534535,8.397182179849812,-2.109543708315277,0.9026102245942441,3.75,334.131,15.18,4.2,0
2026-09-24,497.9299926757813,498.8999938964844,491.2200012207031,495.0700073242188,16657600,-0.005313737153296749,0.0003616126082999216,0.0031428119627285866,0.010272286510697167,0.014122300110945039,499.48500061035156,473.08757873535154,1.0557981715469367,41.921802207296246,5.84528195585375,7.8868021350506,-2.0415201791968505,0.7806295376821663,3.75,334.131,15.67,4.2,1
2026-09-25,516.1699829101562,519.4000244140625,497.25,499.0400085449219,38193100,0.03663163597829633,0.0453440483336931,0.021997357552106633,0.017973423818299694,0.015889132945709164,500.0404998779297,475.4040515136719,1.0518221253811701,59.889496121076355,6.887135394391862,7.686868786918853,-0.7997333925269912,1.7508614923793968,3.75,334.131,14.87,4.2,0
2026-09-28,509.2200012207031,513.3300170898438,502.2200012207031,505.4700012207031,19626900,-0.013464521222774861,0.015171180979993926,-0.008392942632922895,0.019874335085889414,0.015768367255370116,499.8249984741211,477.7268511962891,1.046256866706352,59.038705335030386,7.070501966231518,7.563595422781386,-0.49309345654986814,0.919944672735292,3.75,334.131,16.07,4.2,0
2026-09-29,508.9599914550781,513.6400146484375,502.3999938964844,508.30999755859375,21341800,-0.0005106039923838956,0.02200801497003635,0.0032919688581021234,0.01921634966548235,0.015520957595133777,499.9084976196289,479.87536865234375,1.0417465247769335,60.49981747946924,7.112848194019193,7.473445977028947,-0.3605977830097542,1.0142710731617948,3.75,334.131,16.04,4.2,1
2026-09-30,512.9000244140625,519.8300170898438,510.30999755859375,511.6099853515625,27223300,0.0077413412156819295,0.024591038906544238,0.023711699454902258,0.0192727294750766,0.015308913029442421,500.50249938964845,482.1933166503906,1.0379706273542832,61.95373795682752,7.379271962443909,7.45461117411194,-0.07533921166803115,1.2750760116878728,3.75,334.131,16.34,4.2,0
2026-10-01,512.7999877929688,522.8499755859375,512.1699829101562,519.8800048828125,19731900,-0.00019504117046598157,0.02986362608381743,0.03216452685715132,0.018714668387208724,0.015145434048060003,501.30149841308594,484.65718505859377,1.034342446305588,60.40730527251972,7.495934136450728,7.462875766579698,0.03305836987103028,0.9147791215859898,3.75,334.131,16.39,4.2,1
2026-10-02,517.530029296875,522.5,513.6599731445312,519.3900146484375,17803300,0.009223950110185841,0.0026348808178477956,0.014526061026063575,0.009014421279542413,0.014087559778784429,501.6720001220703,487.3905255126953,1.0293019126589547,57.82542027627362,7.879237621964876,7.5461481376567345,0.33308948430814134,0.837644875704544,3.75,334.131,15.31,4.2,1
2026-10-05,525.1799926757812,532.3499755859375,521.530029296875,521.8150024414062,26287910,0.014781680184432267,0.03134203569541416,0.05099055402502839,0.006540138716821749,0.013480229917251375,502.9459991455078,490.27446899414065,1.025845788334368,68.26821596259062,8.700008227770866,7.776920155679561,0.9230880720913044,1.213476681450271,3.75,334.131,15.31,4.2,0
