Date,close,high,low,open,volume,return_1d,return_5d,return_20d,volatility_5d,volatility_20d,sma_20,sma_50,sma_ratio,rsi_14,macd,macd_signal,macd_hist,volume_ratio,fed_rate,inflation,vix,unemployment,target
2021-12-15,440.1533508300781,440.3965100644385,430.9312535760348,433.437885904042,116899300,0.015625110027059907,0.0023003725613961468,0.002812934730068939,0.01121206688662511,0.011644004308834771,434.2899108886719,428.7360900878906,1.0129539381665835,50.73083287935943,2.003882343056887,1.7451651105553814,0.25871723250150547,1.2881075938804936,0.08,281.61183870967744,19.29,3.945161290322581,0
2021-12-16,436.2718811035156,442.2765074248097,434.7286090783232,441.99592808013927,116568600,-0.008818448659410394,0.00021451523719351329,-0.003609884614446335,0.0115788363446152,0.011806588489976958,434.2108810424805,429.3262664794922,1.0113773951056908,55.12053238580546,1.9358662457188416,1.7833053375880734,0.15256090813076817,1.2376128404962572,0.08,281.6666129032258,20.57,3.9483870967741934,0
2021-12-17,431.628662109375,436.1995832375847,429.9298193213432,433.20548381703225,135511600,-0.010642948113905426,-0.019659001833546297,-0.017551064240354464,0.011004005655511373,0.012002590115919566,433.8253372192383,429.75324462890626,1.0094754202352756,47.84840897225853,1.490116890770821,1.724667648224623,-0.23455075745380194,1.3766948660077518,0.08,281.7213870967742,21.57,3.9516129032258074,0
2021-12-20,427.03900146484375,427.4331925902882,423.4348251006853,426.5697072198734,107134800,-0.010633354657453742,-0.021414696751591245,-0.026256776190286102,0.011229677251435286,0.012201586815301105,433.2495864868164,430.1033947753906,1.0073149660050202,50.746248674969316,0.7577749015381414,1.531289098887327,-0.7735141973491855,1.061544424926915,0.08,281.88570967741936,22.87,3.961290322580645,1
2021-12-21,434.6227416992188,434.76352423036354,428.2872700067012,430.4460118667737,69806300,0.01775889370376249,0.0028635906691985014,-0.006166190279467965,0.014675354726425827,0.012910175909134567,433.11475677490233,430.6645166015625,1.0056894405712247,59.95021243700465,0.7803378072856617,1.381098840566994,-0.6007610332813322,0.6926895646060036,0.08,281.94048387096774,21.01,3.964516129032258,1
2021-12-22,438.9683837890625,439.08100980710736,434.1721824687357,434.3693066437573,58890200,0.009998653252367262,-0.0026921686243690512,0.002441480058342327,0.013401161144435276,0.013109307311891989,433.168212890625,431.3325671386719,1.0042557550526041,58.64270292956634,1.1357834664510165,1.3320357657437987,-0.1962522992927822,0.5885493412347321,0.08,281.9952580645161,18.63,3.967741935483871,1
2021-12-23,441.6996765136719,443.1920285302372,439.8600513958449,439.9632823639204,56439700,0.006222071624005343,0.012441313880754867,0.005992815655149197,0.012729211258517146,0.013168410232736329,433.2997756958008,432.0260626220703,1.0029482320256329,63.85287016459226,1.6192040325300354,1.389469419101046,0.2297346134289895,0.5655905941102807,0.08,282.0500322580645,17.96,3.970967741935484,1
2021-12-27,447.9507141113281,447.9976320744908,443.02312495455095,443.0700429177136,56808600,0.014152234946141595,0.03781503276957343,0.04350340539386188,0.011024881512921384,0.01236153310068775,434.2335235595703,432.70765075683596,1.0035263365463158,64.53809735042518,2.478158141578433,1.6072071635965233,0.8709509779819098,0.5856803350945243,0.08,282.2691290322581,17.68,3.983870967741936,0
2021-12-28,447.5846557617188,449.4055195900255,446.8244014321464,448.3824616482978,47274600,-0.00081718443140677,0.04811189194991239,0.030015749637370748,0.007198671922500335,0.012145283673734282,434.88567810058595,433.3188775634766,1.0036158141688158,58.527340842648655,3.0936855308460167,1.9045028370464223,1.1891826937995944,0.4973854558422401,0.08,282.3239032258065,17.54,3.987096774193549,1
2021-12-29,448.1571350097656,449.1707977326842,446.6929396080829,447.6878408773432,54503000,0.0012790412733709733,0.0311405548122774,0.051798743145591075,0.006146534579615553,0.011097443164666453,435.9892150878906,433.91686279296874,1.0047759201649433,58.090165479039044,3.5863485190810707,2.240871973453352,1.3454765456277187,0.6032871807146899,0.08,282.37867741935486,16.95,3.990322580645161,0
2021-12-30,446.918212890625,449.5838002524032,446.4583137848695,448.5795038868079,55329000,-0.002764481523012341,0.018110254394500203,0.060672415138006475,0.006775486828816877,0.01070548147865896,437.26744232177737,434.4255322265625,1.0065417658134623,59.94738070916198,3.8326365770650455,2.5592248941756908,1.2734116828893547,0.6395464998182641,0.08,282.43345161290324,17.33,3.9935483870967743,0
2021-12-31,445.7919006347656,447.5752127148281,445.5197306451295,446.4301624616506,65237400,-0.002520175332695662,0.009264720665846049,0.04203899306553738,0.007056476838900321,0.010363250082352924,438.1666717529297,434.8785668945313,1.0075609724385333,55.39927649048824,3.8920722650231028,2.825794368345173,1.0662778966779296,0.7822901353227606,0.08,282.4882258064516,17.22,3.996774193548387,1
2022-01-03,448.3729553222656,448.5043714174516,444.7500186650082,447.0495425398168,72668200,0.00578981960826308,0.0009426064020796598,0.05727175782700189,0.0035225120471587797,0.010069878474142882,439.3810760498047,435.3611486816406,1.009233546402423,62.064968831250226,4.10018068775355,3.0806716322268484,1.0195090555267017,0.906543096638054,0.08,282.66925806451616,16.6,3.9935483870967743,0
2022-01-04,448.222900390625,450.5036920806799,446.3738800084919,449.7903556966754,71178700,-0.0003346654383575842,0.0014259752220950883,0.04454714465004628,0.0034944015226530305,0.00986265087926075,440.3368515014648,435.8495208740234,1.0102955961003302,65.84493780178681,4.204532697479749,3.305443845277429,0.8990888522023202,0.9036300553759639,0.08,282.7323870967742,16.91,3.990322580645161,0
2022-01-05,439.6160583496094,448.62651310720656,439.522193776869,447.85686371156027,104538900,-0.019202147042274742,-0.019058218631217705,0.0037276053991959213,0.009272396758783014,0.009966193922816205,440.4184829711914,436.12030151367185,1.0098554950150258,49.4479998695717,3.5517893776403753,3.3547129517500185,0.1970764258903568,1.319561646954976,0.08,282.79551612903225,19.73,3.987096774193549,0
2022-01-06,439.2030334472656,441.9061724699496,436.8471675300687,439.15611548728646,86858900,-0.000939512773701523,-0.0172630678742276,0.00013634617139324234,0.009359172732985897,0.009952721025777569,440.42147674560545,436.3751525878906,1.0092725814788455,53.24247244600606,2.9669567060390705,3.277161702607829,-0.31020499656875833,1.0863683806014626,0.08,282.8586451612903,19.61,3.983870967741936,0
2022-01-07,437.4666137695313,440.3856382534984,436.11504433699366,439.21240288799294,85111600,-0.0039535694098132845,-0.018675276184650036,0.002953607546682502,0.009345846387531746,0.009871364188589256,440.4858917236328,436.6330596923828,1.008823958575112,56.90186904423458,2.3364251889706225,3.089014399880388,-0.7525892109097656,1.0488776936215731,0.08,282.9217741935484,18.76,3.9806451612903215,0
2022-01-10,436.92230224609375,437.1381592497455,428.5594760309712,434.2848710913376,119362000,-0.0012442355743387257,-0.02553823316114545,-0.007635767717898534,0.007985358113178685,0.009632237069151912,440.3177963256836,436.7981475830078,1.0080578380704028,62.920295798877234,1.7723722242812414,2.825685964760559,-1.0533137404793176,1.4336828877752354,0.08,283.11116129032257,19.4,3.970967741935484,1
2022-01-11,440.9019165039063,440.9957810759172,433.6747741107534,436.65950709740383,74303100,0.009108288218190097,-0.016333355302324937,0.010352998636589339,0.010210958135093874,0.009633707667739333,440.54369049072267,437.02543395996094,1.0080504617291544,59.06267177831967,1.6277145178198111,2.5860916753724097,-0.9583771575525986,0.899722865436015,0.08,283.17429032258065,18.41,3.967741935483871,1
2022-01-12,442.0939025878906,444.1400470908077,440.1416512981123,442.6289048560433,67605400,0.0027035175837657466,0.005636382455143973,0.020102806468140555,0.005047065389249198,0.009481347441143912,440.9792999267578,437.26178161621095,1.0085018139403954,54.962809336673644,1.5909164636983633,2.387056633037601,-0.7961401693392376,0.8335900589748685,0.08,283.2374193548387,17.62,3.964516129032258,0
2022-01-13,436.0024719238281,443.8396908575435,434.9794139965531,443.1920625646944,91173100,-0.013778590087773268,-0.007287202682359828,-0.009430528924571191,0.008471009853603995,0.009379602815404241,440.7717559814453,437.34150634765626,1.0078434120338495,41.82599938701342,1.058029884405073,2.1212512833110955,-1.0632213989060224,1.1423026833803618,0.08,283.3005483870968,20.31,3.961290322580645,1
2022-01-14,436.1808166503906,436.5280897867901,431.6568135400959,432.8676006358353,95890900,0.0004090452188849625,-0.002939189137340814,-0.00020873326260373304,0.008370553956813612,0.009169964055744913,440.76720275878904,437.3720477294922,1.0077626246279843,29.54971578858057,0.642695763323843,1.825540179313645,-1.182844415989802,1.2171784420922225,0.08,283.3636774193548,19.19,3.958064516129032,0
2022-01-18,428.4562377929688,431.71314090139424,427.3487102823898,431.5066502940451,109709100,-0.017709579519663454,-0.01937659032190231,-0.0073498926158019895,0.011398136668433286,0.009722339981985833,440.60858154296875,437.2071307373047,1.0077799527192703,23.532283182611963,-0.3062383516574414,1.3991844731194276,-1.705422824776869,1.4157625045690687,0.08,283.6161935483871,22.79,3.945161290322581,0
2022-01-19,424.00726318359375,431.3845534494026,423.7350645572912,429.9954611015999,109357600,-0.010383731678857755,-0.03831839392823977,-0.007099441200570489,0.008920758046931473,0.009708558868093338,440.4569946289063,436.9229309082031,1.0080885288244248,19.821616661925134,-1.4011193125570003,0.8391237159841421,-2.2402430285411423,1.4092053825971558,0.08,283.6793225806452,23.85,3.941935483870968,0
2022-01-20,419.3143615722656,430.5680271579056,417.2025377031272,425.8844802762519,122379700,-0.01106797458159603,-0.051526476348757844,-0.035222225296133614,0.0067466728975052875,0.008998508751676255,439.6915756225586,436.5373913574219,1.0072254618449263,18.246507555699722,-2.6173273812588036,0.147833496535553,-2.7651608777943566,1.5253421106571232,0.08,283.7424516129032,25.59,3.938709677419354,0
2022-01-21,411.08294677734375,420.5439049938418,411.05479027183264,418.19743405643766,202271200,-0.019630653154967703,-0.057154550148600824,-0.06352493264097703,0.007870332858700589,0.009392395002013883,438.2973037719727,436.01621826171873,1.0052316528943535,15.682915245768385,-4.197006935748163,-0.7211345899211903,-3.475872345826973,2.314314862688556,0.08,283.8055806451613,28.85,3.935483870967742,1
2022-01-24,412.8286437988281,413.3354894633789,394.9203929669114,405.49827201128943,251783900,0.0042465809763445606,-0.05353782642458538,-0.06536349073814662,0.009384933803582789,0.009297624983357369,436.85375213623047,435.60029357910156,1.0028775429576273,14.266727862672226,-5.2475605914177095,-1.6264197902204942,-3.6211408011972153,2.591242552981717,0.08,283.9949677419355,29.9,3.925806451612903,0
2022-01-25,407.78851318359375,412.7161024030997,400.9180390545414,406.4651000702844,167997300,-0.012208771583423483,-0.04823765599921492,-0.08965763344614952,0.008684734659029093,0.008524814760183881,434.84564208984375,435.0807598876953,0.9994595996432657,12.98957415023905,-6.4129043810759185,-2.583716708391579,-3.8291876726843395,1.6353813829085102,0.08,284.0580967741936,31.16,3.92258064516129,0
2022-01-26,406.765380859375,416.77073505367554,402.52294363244783,413.6546151854852,186391100,-0.002508977793982403,-0.04066412021992427,-0.09119900420374294,0.009250063580353582,0.008493105714825474,432.80467834472654,434.47529174804686,0.9961548713239852,15.083644129535998,-7.334458881673754,-3.533865143048014,-3.8005937386257402,1.699369466443167,0.08,284.1212258064516,31.96,3.9193548387096775,0
2022-01-27,404.7568054199219,414.47119995985975,403.0767530024136,411.3457135541372,149878300,-0.004937921302962445,-0.03471752338211975,-0.09684176865531335,0.009186558350323615,0.008374325754853355,430.63466186523436,433.82666015625,0.992642226529218,14.588826130005003,-8.133119179230391,-4.453715950284489,-3.679403228945902,1.309538111722133,0.08,284.1843548387097,30.49,3.916129032258064,1
2022-01-28,414.8091430664063,414.8560610276969,401.546884767796,406.1084105135008,164457400,0.02483550001353385,0.009064341681584764,-0.07184551646830473,0.014113789432567355,0.010716660471808095,429.0292083740234,433.34446899414064,0.9900419621597257,30.108774279973247,-7.864269182106739,-5.135826596648939,-2.7284425854578,1.3715333853900447,0.08,284.24748387096776,27.66,3.9129032258064513,1
2022-01-31,422.2803649902344,422.6276381601101,412.8006151978752,414.1427899086998,152251400,0.018011227690398313,0.022895022749468197,-0.05274105610948299,0.015916763950350656,0.011764392532918192,427.8536315917969,433.03302673339846,0.9880392606987219,38.539559179087256,-6.96801550744965,-5.502264378809081,-1.4657511286405684,1.2252806430213685,0.08,284.4368709677419,24.83,3.903225806451613,1
2022-02-01,425.1336364746094,425.77186972605006,419.49271090214194,423.0030224285111,123155400,0.006756817794360437,0.04253460489998284,-0.05183033136098303,0.012865675650224229,0.011802784953622756,426.69166564941406,432.74890869140626,0.9860028692843876,37.43643386763649,-5.9588034729112564,-5.593572197629517,-0.36523127528173926,0.9713892465654831,0.08,284.5,21.96,3.9,1
2022-02-02,429.2634582519531,429.9861610887604,425.22751049662656,427.52706378997823,117361000,0.009714173198785314,0.05530971525906736,-0.0422991375990579,0.011337732636522132,0.01211370603162166,425.74369354248046,432.5630975341797,0.9842348919023071,40.23436883010699,-4.770759218907472,-5.429009601885108,0.658250382977636,0.9091277750151027,0.0842857142857142,284.6133571428571,22.09,3.892857142857143,0
2022-02-03,419.1735229492188,425.1523255868119,418.3381656483604,423.2563876118731,118024400,-0.023505227637643733,0.03561822145112559,-0.046500884151355115,0.01855542342955851,0.012466723202823516,424.72156677246096,432.20018127441404,0.9826964105385122,37.92590951268891,-4.59048281363647,-5.26130424423538,0.6708214305989104,0.9095161495903322,0.0885714285714285,284.7267142857143,24.35,3.8857142857142857,1
2022-02-04,421.1446533203125,424.9740816327315,416.5737034611267,418.9389647113515,118454400,0.004702420986004041,0.015273313907866237,-0.041116246363816056,0.01573105024824608,0.012562691480928076,423.81864776611326,431.86508911132813,0.9813681597607891,39.48271806328576,-4.239686252113188,-5.056980645810942,0.8172943936977539,0.9018506590022233,0.0928571428571428,284.84007142857143,23.22,3.878571428571429,0
2022-02-07,419.7930603027344,423.293976730891,418.4696472109511,421.9048842196012,84472900,-0.0032093320119871427,-0.005890173670654808,-0.04039977660125582,0.013405103370836018,0.012557770405740642,422.9349700927734,431.4795819091797,0.9801969498102351,43.34728986575757,-4.02434951440614,-4.8504544195299815,0.8261049051238416,0.6432894654476241,0.1057142857142857,285.18014285714287,22.86,3.857142857142857,1
2022-02-08,423.2471008300781,424.16692787247695,417.8783734599183,419.29565126198895,81012000,0.008227960045010807,-0.004437512073086514,-0.031298931974209854,0.01363506325622502,0.012764097695047869,422.25121002197267,431.3590087890625,0.9788858037469582,49.40719025458762,-3.5342408657089663,-4.587211708765778,1.052970843056812,0.6260757634210761,0.11,285.2935,21.44,3.85,1
2022-02-09,429.4417724609375,429.7608891004601,427.067144800374,427.2642403570165,92589900,0.01463606394163186,0.00041539573321824896,-0.025992502218727065,0.014719687954193733,0.013062511799184407,421.6782028198242,431.25701293945315,0.9777886275881298,57.717066400885166,-2.6158145195021234,-4.192932270913047,1.577117751410924,0.7105311746177332,0.1142857142857143,285.4068571428571,19.96,3.842857142857143,0
2022-02-10,421.7265930175781,429.6013356626919,419.73678997428686,423.6225314818853,140103700,-0.017965600782492985,0.006090723599134984,-0.04607009834582232,0.012539126715902007,0.013543304427194985,420.6598373413086,431.16981689453127,0.9756245007386649,58.174750764219944,-2.4818957762803393,-3.850724971986506,1.3688291957061667,1.04605167545465,0.1185714285714285,285.5202142857143,23.91,3.835714285714286,0
2022-02-11,413.4106750488281,423.8759309017108,411.9840308668378,421.8110534259444,153214600,-0.019718742205102946,-0.01836418487213254,-0.05181575410642836,0.015319851897672938,0.013870201583718416,419.5302474975586,431.01095703125,0.9733633000590772,50.406043992073286,-3.012068043043598,-3.6829935861979246,0.6709255431543264,1.1180461801016814,0.1228571428571428,285.63357142857143,27.36,3.8285714285714287,0
2022-02-14,412.05908203125,414.4806562198295,408.6050834849175,412.9038345326054,123006300,-0.0032693713519093004,-0.018423311395159847,-0.05530214465730343,0.015319486850554485,0.01385306261279523,418.32416076660155,430.6959924316406,0.9712747927019482,53.140936090441585,-3.500938999396624,-3.6465826688376644,0.14564366944104057,0.8888150736472025,0.1357142857142857,285.97364285714286,28.33,3.8071428571428574,1
2022-02-15,418.7042846679688,418.8732237029998,415.9635939780953,416.4798347763938,88482700,0.0161268199792155,-0.010733248150311958,-0.022760674871332265,0.01714495902652656,0.013995280150790339,417.83656311035156,430.5883807373047,0.9703851330007606,58.11017334253232,-3.313959179372034,-3.5800579709445386,0.2660987915725044,0.6442965403758738,0.14,286.087,25.7,3.8,1
2022-02-16,419.1735229492188,420.543853789651,414.7996982172283,416.6674796900843,84863600,0.0011206913767842774,-0.023910690971853943,-0.01140013545542018,0.014758165997922104,0.013827197353039344,417.5948760986328,430.38970336914065,0.9702715302658301,60.002557771114255,-3.092266988206063,-3.4824997743968438,0.3902327861907806,0.6235039405599513,0.1442857142857143,286.2003571428571,24.29,3.792857142857143,0
2022-02-17,410.2194519042969,419.1454369302685,409.6187702110395,416.0011599995572,102259100,-0.0213612514977638,-0.0272857849227488,-0.021689955082545676,0.015574408702746617,0.014420771953468503,417.1401306152344,429.834423828125,0.9704670158805927,46.76631506340939,-3.5976218848850863,-3.5055241964944925,-0.09209768839059373,0.7569055657622826,0.1485714285714285,286.3137142857143,28.11,3.7857142857142856,0
2022-02-18,407.563232421875,411.7211719674296,405.3012310451236,410.4728334127503,132642900,-0.006475118305802718,-0.014144391956648183,-0.008562053918950707,0.013526263127990571,0.013813332214020901,416.9641448974609,429.2028253173828,0.9714850888717432,38.87625624808261,-4.164448820939242,-3.6373091213834425,-0.5271396995557995,1.0077707347391391,0.1528571428571428,286.4270714285714,27.75,3.778571428571429,0
2022-02-22,403.1894836425781,408.7553067777766,399.7072995562741,405.367015917062,124391800,-0.0107314606209854,-0.021525064670214533,-0.023349058504155473,0.013998335083606083,0.013956907939534847,416.48218688964846,428.54304870605466,0.971856125416518,33.78647370357811,-4.90998892906299,-3.8918450829193523,-1.018143846143638,0.9931440598525307,0.17,286.8805,28.81,3.75,0
2022-02-23,396.0373840332031,406.6528164705641,395.4742252685016,406.0896577058626,132578000,-0.01773880495284752,-0.054135822022314595,-0.02881672428350146,0.008947317153118839,0.01424071060393589,415.8946304321289,427.6581121826172,0.972493257077595,26.500287931649254,-6.008685120174903,-4.315213090370463,-1.6934720298044397,1.0736839044879862,0.1742857142857143,286.9938571428571,31.02,3.742857142857143,1
2022-02-24,401.9974365234375,402.4292078496642,385.4219890905369,385.7786286542128,213942900,0.015049216893460393,-0.04097607669714898,-0.011721607984101934,0.014266251118938226,0.014700241545978689,415.656233215332,426.97038024902344,0.9735013304035455,37.098213180487356,-6.3255661525068945,-4.71728370279775,-1.6082824497091446,1.7135015952432353,0.1785714285714285,287.1072142857143,30.32,3.7357142857142858,1
2022-02-25,410.8670959472656,410.95156547095496,401.5844423836347,403.2269721789693,121804500,0.022063970110195008,0.001578774580196729,0.015096202078689114,0.017205481955921493,0.015488711691294331,415.96174774169924,426.520087890625,0.9752453859766781,43.00497041223475,-5.794197364512854,-4.932666435140771,-0.8615309293720834,0.986643183590381,0.1828571428571428,287.2205714285714,27.59,3.7285714285714286,0
2022-02-28,409.8157958984375,411.2893863387321,404.24997439986817,405.4982841805796,145615000,-0.0025587350732098058,0.005526905513966618,-0.01203769794237497,0.01689874858381085,0.014432485615947779,415.71208038330076,425.9133367919922,0.9760485161476088,43.18148164369392,-5.3957164391873675,-5.02527643595009,-0.37044000323727744,1.1885839941735998,0.1957142857142857,287.56064285714285,30.15,3.707142857142857,0
2022-03-01,403.57421875,410.3226711058314,400.88044619372215,408.32347338837735,137785900,-0.015230201497612117,0.0009542290238973017,-0.044297930453543466,0.017790210388328037,0.01409794069009693,414.7767730712891,425.2593835449219,0.9753500783774581,37.0488844386352,-5.5199302281759515,-5.124207194395263,-0.39572303378068874,1.131358125858818,0.2,287.674,33.32,3.7,1
2022-03-02,410.99853515625,412.71613952126535,405.0666489164688,405.8175082648305,117726500,0.0183964090403137,0.03777711833838526,-0.03324860727458245,0.015856087981619575,0.014712618809979129,414.0700180053711,424.8467810058594,0.9746337656720067,38.05182994337774,-4.962090375424282,-5.0917838306010665,0.12969345517678477,0.9688099828002931,0.2041935483870967,287.70261290322577,30.74,3.7,0
2022-03-03,408.9523010253906,414.0206721272684,407.1595939314402,413.4199905086059,105501700,-0.004978689595770636,0.01730076828872429,-0.0473162968710954,0.016015097985150724,0.014483702851741366,413.054460144043,424.4850469970703,0.9730718739472908,41.06833156942407,-4.631720673588575,-4.999771199198568,0.3680505256099931,0.8724654666366312,0.2083870967741935,287.7312258064516,30.48,3.7,0
2022-03-04,405.6297302246094,406.7560190318932,401.6031782782215,405.2355105238223,113978200,-0.008124592507366635,-0.012747104293132416,-0.03231070662411617,0.012614488993147994,0.013686058488817009,412.3772705078125,423.90518676757813,0.9728054371127894,44.15123840529111,-4.585149253995155,-4.916846810157885,0.3316975561627302,0.9441430110155347,0.2125806451612903,287.7598387096774,31.98,3.7,0
2022-03-07,393.672119140625,405.75174706324987,393.6064110792993,405.0478057750461,137896600,-0.0294791288532108,-0.03939251956460288,-0.06523301189530373,0.01746049023061215,0.014940670765536356,411.00364379882814,422.9992614746094,0.9716415162665685,38.07959493446494,-5.450292766665768,-5.023536001459462,-0.42675676520630645,1.1331473578197806,0.2251612903225806,287.84567741935484,36.45,3.7,0
2022-03-08,390.68743896484375,400.974360268534,389.6268294424803,393.8504774312895,164772700,-0.007581639721646383,-0.03193162294923291,-0.06933325986118266,0.01698446280317219,0.014971830856120588,409.5483627319336,421.9790167236328,0.9705420092017504,30.931420443593666,-6.3040943046704,-5.27964766210165,-1.0244466425687504,1.3107529860964773,0.2293548387096774,287.87429032258063,35.13,3.7,1
2022-03-09,401.1620788574219,403.1331202623526,396.85396145942144,399.0314934618867,116990800,0.0268107925873724,-0.023933068995218187,-0.05217997224161208,0.02016829392132926,0.01625800836535379,408.4441116333008,421.0432440185547,0.9700763934245703,39.21067015708717,-6.065601793959331,-5.436838488473186,-0.628763305486145,0.9175218655988278,0.2335483870967742,287.9029032258064,32.45,3.7,0
2022-03-10,399.3506164550781,400.2422582796252,394.6201227364952,396.5723740724088,93972700,-0.004515537479273024,-0.02347873956507307,-0.07007039821352379,0.02016758903421715,0.015748482441862336,406.93955383300784,420.07856323242186,0.9687224949106854,42.8800074848384,-5.954129143373052,-5.54029661945316,-0.41383252391989167,0.7365987672809046,0.237741935483871,287.9315161290322,30.23,3.7,0
2022-03-11,394.2728576660156,402.43856000737617,393.7660118820792,401.8284832426369,95636300,-0.01271503931591822,-0.027998126646942567,-0.06509842112427133,0.02047159645252375,0.015537135022853891,405.5668670654297,419.00087768554687,0.9679379893084634,41.56142155979391,-6.204003076732192,-5.673037910908968,-0.5309651658232246,0.7629350170247031,0.2419354838709677,287.96012903225807,30.75,3.7,0
2022-03-14,391.3914184570313,398.4777504273509,390.25573435169815,395.0425416010854,95729200,-0.007308236296156956,-0.005793401596669856,-0.05326242867143216,0.01585980755701476,0.01508587057099355,404.46590423583984,417.890341796875,0.967875693170338,42.36424577474667,-6.55893076111505,-5.850216480950184,-0.708714280164866,0.7815976747662678,0.254516129032258,288.04596774193544,31.77,3.7,1
2022-03-15,399.998291015625,400.6271292975977,392.72422982479287,393.9913014400495,106219100,0.02199044780420656,0.023831971858248258,-0.029269567257615536,0.018166851263946175,0.01605531265586539,403.8628646850586,416.9744696044922,0.968555377186833,52.516134035108124,-6.075674232682616,-5.895308031296671,-0.1803662013859446,0.8732286080402659,0.2587096774193548,288.0745806451613,29.83,3.7,1
2022-03-16,408.8678894042969,408.9242024189119,398.7123556648452,403.4897960044395,144954800,0.02217409070961618,0.019208721245094873,-0.023492463831537247,0.016835296960914282,0.016454000546510857,403.371044921875,416.18436828613284,0.969212386767375,54.208819169083,-4.9202696824476675,-5.70030036152687,0.7800306790792026,1.1646406246541394,0.2629032258064516,288.1031935483871,26.67,3.7,1
2022-03-17,413.9831848144531,413.9831848144531,406.587103776138,406.9625334005133,102676900,0.012510875866551974,0.036640905901846654,-0.012382313888166241,0.01641796878182383,0.01672827232739349,403.11152801513674,415.49957397460935,0.9701851777103636,52.00094689695285,-3.5509089943315075,-5.270422088087797,1.71951309375629,0.8190969590226956,0.2670967741935484,288.1318064516129,25.67,3.7,1
2022-03-18,418.5173950195313,418.8375029678057,411.6444265360067,412.3787985896776,106345500,0.01095264341982971,0.061491773735165234,0.020228058607933308,0.012015267899244567,0.016157108379482536,403.52642517089845,415.0776007080078,0.9721710458058777,55.34836173197984,-2.0758784788002345,-4.631513366230284,2.55563488743005,0.8469823930116814,0.2712903225806451,288.16041935483867,23.87,3.7,0
2022-03-21,418.3951110839844,420.34400315492985,414.9021094318173,418.3480186293664,88349800,-0.00029218363920391344,0.06899408457499856,0.02657717330815834,0.009287274731209239,0.016062901170643042,404.0680191040039,414.6614422607422,0.9744528377198932,59.85052145894107,-0.9063258990538543,-3.8864758727949984,2.980149973741144,0.716291003547047,0.2838709677419355,288.2462580645161,23.53,3.7,1
2022-03-22,423.2908630371094,424.2229429857744,419.7790420837932,419.7790420837932,74650400,0.011701264721858173,0.05823167884628422,0.049855911947224385,0.007973592138959169,0.01595147934618637,405.07308807373045,414.37792724609375,0.9775450414692641,58.45409816866177,0.41086304030221754,-3.0270080901755554,3.437871130477773,0.6176786288683572,0.2880645161290323,288.2748709677419,22.94,3.7,0
2022-03-23,417.8395080566406,422.2551645839134,417.7547761355378,420.7676007482886,79426100,-0.01287850850678729,0.021942585575538853,0.05505067173559963,0.010984026426937198,0.015660383522887296,406.16319427490237,413.9962713623047,0.9810793535371064,55.838739350700486,1.003300552292444,-2.220946361681956,3.2242469139744,0.6719705567180981,0.292258064516129,288.30348387096774,23.57,3.7,1
2022-03-24,424.1382446289063,424.147668865878,418.7434436112208,419.8544117415458,64736900,0.015074535678928358,0.024530126311784084,0.055076988293625506,0.011504850488860418,0.01566142687176542,407.2702346801758,413.6609979248047,0.98455072323306,61.702148186137826,1.9584906879380242,-1.38505895175796,3.343549639695984,0.5845926366336255,0.2964516129032258,288.3320967741936,21.67,3.7,1
2022-03-25,426.2095336914063,426.48257795134367,422.1987166511893,424.7690334312819,77101300,0.00488352344720111,0.01837949572326858,0.03734160728731095,0.01101800203623197,0.015006716425459185,408.0373565673828,413.343310546875,0.9871633244228094,73.5112644736645,2.8497710819572717,-0.5380929450149137,3.3878640269721854,0.7105893165296693,0.3006451612903226,288.3607096774193,20.81,3.7,1
2022-03-28,429.2412109375,429.2412109375,423.7334052659977,425.6164137873708,68529800,0.00711311457497521,0.025923103703136885,0.04740035702254053,0.010843930125893065,0.01500989751577183,409.0086273193359,413.2080853271484,0.9898369413452119,77.83972561564153,3.757434862350692,0.32101261645820756,3.4364222458924845,0.6548534693001542,0.3132258064516129,288.44654838709675,19.63,3.7,1
2022-03-29,434.5512390136719,435.0408395717752,430.4368703799773,433.110738780074,86581500,0.012370732215050584,0.026601982135332047,0.07675668767845911,0.010948230526683884,0.014563388561643227,410.5574783325195,413.17549377441406,0.9936636720198998,76.05362670857741,4.849339666600315,1.226678026486629,3.622661640113686,0.8480995572091915,0.3174193548387097,288.47516129032255,18.9,3.7,0
2022-03-30,431.8679809570313,434.221741418466,429.7684162817575,433.41203287887015,79666900,-0.006174779440811018,0.033573830693121254,0.05077742136683616,0.00823877117726325,0.014301757405177772,411.60095062255857,413.2437286376953,0.9960246752671786,75.03278489024174,5.435508432743632,2.0684441077380296,3.367064325005602,0.7951910578997875,0.3216129032258065,288.50377419354834,19.33,3.7,0
2022-03-31,425.220947265625,431.92445220332144,424.7690149308357,431.1053481916122,121699900,-0.015391355656134253,0.002552711646331307,0.03978128060275732,0.011190761392401176,0.014773038451582031,412.4143829345703,413.26800231933595,0.9979344653349038,73.26265352534237,5.302566648125492,2.715268615815522,2.5872980323099695,1.2049999717809963,0.3258064516129032,288.5323870967742,20.56,3.7,1
2022-04-01,426.4260559082031,426.9344474423609,422.867171506972,426.7932275717615,89048800,0.002834076379180095,0.0005080182391077326,0.05126923431395958,0.0110291896396721,0.014577498589215847,413.45419921875,413.41023620605466,1.0001063423419283,77.01518148646498,5.2341158920847874,3.219038071069375,2.0150778210154123,0.8927260642430573,0.33,288.561,19.63,3.7,1
2022-04-04,430.0791320800781,430.1827124889648,425.8047234508301,426.6238275552801,59601000,0.008566728325488215,0.0019520985432597282,0.09248054705760866,0.0112750256019503,0.012505619015060573,415.27454986572263,413.7901599121094,1.0035873012396634,75.11395293495366,5.412251821808354,3.6576808212171716,1.7545710005911825,0.6219157773211573,0.374,288.8347,18.57,3.69,0
2022-04-05,424.6466369628906,431.0488540116193,423.5074249292268,428.5915418482088,74214500,-0.012631385045150267,-0.022792713865601555,0.08692165299202959,0.010149586129663941,0.012809795528638788,416.972509765625,414.0265197753906,1.0071154620526062,63.97546553530476,5.056777491624587,3.937500155298655,1.1192773363259318,0.8128053379706026,0.3886666666666666,288.9259333333333,21.03,3.686666666666667,0
2022-04-06,420.40045166015625,422.6694802657768,417.5288752979102,420.74883235488153,106898000,-0.009999338115811884,-0.026553321391094342,0.04795660860450357,0.010441681568343438,0.012018210696921315,417.9344284057617,414.27875854492186,1.0088241788540637,55.7727415230763,4.3819178356599195,4.026383691370908,0.3555341442890114,1.1772652069112597,0.4033333333333333,289.01716666666664,22.1,3.6833333333333336,1
2022-04-07,422.5188293457031,424.3265300513527,417.58535653376873,419.5248528865106,78097200,0.0050389519734848065,-0.006354620903080588,0.05801471673258618,0.00946948913394694,0.011917769882401483,419.092839050293,414.5938275146484,1.0108516124386477,53.76310510198511,3.972232646094085,4.015553482315544,-0.04332083622145877,0.8676676607057835,0.418,289.1084,21.55,3.68,0
2022-04-08,421.38909912109375,424.2701000671525,419.8544424687462,421.7656951059346,79272700,-0.0026737985295444133,-0.011812028644407446,0.068775318736366,0.009193681834590607,0.01142713431495643,420.4486511230469,414.92647338867187,1.01330881032795,52.76330191299234,3.515865683119557,3.9156159224763463,-0.3997502393567891,0.8888068916683106,0.4326666666666667,289.19963333333334,21.16,3.6766666666666663,0
2022-04-11,414.1866149902344,418.96944454638094,413.6876188235551,418.13149186572025,89770500,-0.017092241222855242,-0.036952541763604185,0.05824143161612416,0.008733590167525727,0.01209904793146757,421.58841094970705,414.9140228271484,1.0160861955859688,41.94040947414149,2.543689235214913,3.6412305850240596,-1.0975413498091466,1.0098818702408583,0.4766666666666667,289.4733333333333,24.37,3.666666666666667,0
2022-04-12,412.65179443359375,419.6754061983638,411.1077140886599,417.16157788688986,84363600,-0.003705625679566671,-0.028246644351371808,0.031633893699497095,0.008317557614388509,0.011303762332209331,422.2210861206055,414.7214514160156,1.0180835466286668,45.06536416347398,1.6305887916236088,3.2391022263439697,-1.608513434720361,0.9608686538008473,0.4913333333333333,289.5645666666667,24.26,3.6633333333333336,1
2022-04-13,417.3782043457031,418.1313961761753,412.22817547236576,412.4070635602776,74070400,0.011453748598371671,-0.007188972567746532,0.02081433920821074,0.010722217286037297,0.010503612086049096,422.64660186767577,414.5663427734375,1.0194908709669521,43.3714663610438,1.2736500462815457,2.846011790331485,-1.5723617440499393,0.8791208269506819,0.506,289.6558,21.82,3.66,0
2022-04-14,412.1811218261719,418.7151631152427,412.0775414258065,417.6041663493815,97869500,-0.012451734339310794,-0.02446685638966628,-0.00435298595301381,0.010948822420478245,0.010557187639808677,422.5564987182617,414.22469604492187,1.0201142103618956,37.038996103942175,0.5649005713497672,2.3897895465351415,-1.8248889751853743,1.1649090281387016,0.5206666666666666,289.7470333333333,22.7,3.6566666666666663,1
2022-04-18,412.3505554199219,414.0264315832301,410.1285907836965,411.2584072065128,66002500,0.0004110658756018015,-0.021449400850719447,-0.014734966032467156,0.011189476873857723,0.010231020685417747,422.24815673828124,414.08823669433593,1.0197057518684567,33.52308755785063,0.016690977997484424,1.91516983282761,-1.8984788548301257,0.8049324391523089,0.5793333333333334,290.11196666666666,22.17,3.6433333333333335,1
2022-04-19,419.0070495605469,419.7225732355812,412.0775635034835,412.24702736869455,77821000,0.016142803867079225,0.011638315667024113,0.0014625851506178122,0.011539487359423211,0.010902806257358335,422.27875366210935,414.0454846191406,1.0198849386089601,35.22471342989519,0.11799420834972807,1.5557347079320336,-1.4377404995823055,0.9551973168407826,0.5940000000000001,290.2032,21.37,3.64,0
2022-04-20,418.6963806152344,421.38909792746114,417.53834868343984,420.7771258622743,65224400,-0.0007414408555616037,0.01464815193627711,-0.010854197014576683,0.011221066418266127,0.010557278527467658,422.0490295410156,414.02355102539065,1.019384111110947,36.88855513370354,0.1712354648873884,1.2788348593231047,-1.1075993944357163,0.8052412458915806,0.6086666666666667,290.2944333333333,20.32,3.6366666666666663,0
2022-04-21,412.4352722167969,423.6862573902188,411.5314363511448,422.3022452526152,85417300,-0.014953815433602302,-0.011842813250526496,-0.012933759818401835,0.012380337435747232,0.010694729071526887,421.77881774902346,413.807314453125,1.019263804716534,37.174173789897694,-0.28846433986467446,0.9653750194855488,-1.2538393593502233,1.050651244163778,0.6233333333333333,290.3856666666667,22.68,3.633333333333333,0
2022-04-22,401.1184387207031,412.4541280731046,400.5535304805426,411.3525843005969,132471800,-0.02743905349139253,-0.026839373565813562,-0.054274299004429594,0.016556895243309458,0.01160252793932968,420.6278274536133,413.2408477783203,1.0178757248103791,28.894560350847897,-1.54810800606964,0.46267841437451107,-2.010786420444151,1.5642679621798752,0.638,290.4769,28.21,3.63,1
2022-04-25,403.4440002441406,403.6134641154083,394.3396413941956,398.8871230668873,119647700,0.0057976928980241205,-0.021599474182134037,-0.05341394700886459,0.017186010333058898,0.011635819957843045,419.48955078125,412.87519592285156,1.0160202282038622,27.284510221163572,-2.331851178507975,-0.09622750420198617,-2.2356236743059887,1.3782161635092258,0.6819999999999999,290.7506,27.02,3.62,0
2022-04-26,391.7598571777344,401.1184101209489,391.7316132043615,400.9206735749141,103996300,-0.028961003408987884,-0.06502800468724634,-0.08732002614078715,0.01557518906144905,0.012778355390637588,417.61548309326173,412.4421795654297,1.0125431000614022,24.65542722696412,-3.851389564735541,-0.8472599163086971,-3.004129648426844,1.1739483687040193,0.6966666666666667,290.84183333333334,33.52,3.6166666666666663,1
2022-04-27,392.8614807128906,398.18100288274366,390.7337005773798,392.8332367337777,122030000,0.002811986769375663,-0.06170318421282228,-0.09593749725672651,0.016350930713844997,0.012284133104063401,415.53099517822267,412.0582275390625,1.0084278565675064,27.695737607672058,-4.910141812511256,-1.659836295549209,-3.250305516962047,1.350498897732605,0.7113333333333334,290.93306666666666,31.6,3.613333333333333,1
2022-04-28,402.7849731445313,404.5079421929247,393.1722217887701,397.5878794830503,105449100,0.025259520005965985,-0.02339833598711427,-0.06734235714361425,0.023289897664786036,0.01400997039158584,414.0768447875977,411.7398413085937,1.0056759226204015,35.81112423272572,-4.89207489741824,-2.3062840159230156,-2.5857908814952246,1.1505842279033842,0.726,291.0243,29.99,3.61,0
2022-04-29,387.8997497558594,400.95840906428657,387.1559533556648,398.8117805304688,145491100,-0.03695575649822136,-0.0329545782213414,-0.08776895341059476,0.02587770419147346,0.015709276275555583,412.2107849121094,411.11436584472654,1.0026669441850566,29.897234690262408,-6.009594993265921,-3.046946211391597,-2.962648781874324,1.5671524992979697,0.7406666666666667,291.11553333333336,33.4,3.606666666666667,1
2022-05-02,390.2347106933594,391.5904791773031,381.328059371701,387.96568189359846,158312500,0.006019495859354462,-0.03274132108244954,-0.0848713269590512,0.025904038500498234,0.015803036063793914,410.4012176513672,410.7146710205078,0.9992368099041561,34.72997645066549,-6.630394822710571,-3.763635933655392,-2.8667588890551787,1.6439331843249276,0.7841935483870968,291.4160322580645,32.34,3.6,1
2022-05-03,392.0235900878906,394.4244147133701,389.1802285313976,390.7337337116367,100028200,0.0045841114219511425,0.0006732004449261364,-0.08848497672540356,0.022739479593460774,0.015656718087126802,408.4984405517578,410.4038781738281,0.995357164677515,36.89139412058341,-6.898513770743477,-4.390611501073009,-2.5079022696704687,1.0173488924168512,0.7983870967741936,291.53406451612904,29.25,3.6,1
2022-05-04,403.9617919921875,404.5267002618039,389.5096966956075,392.6825612700032,144247900,0.030452764083968464,0.028255025815089096,-0.048710723623394125,0.026532937236662783,0.01735186541029173,407.46419830322264,410.4193243408203,0.9927997395289709,42.190107529938025,-6.077627737426553,-4.728014748343718,-1.3496129890828357,1.4166383130278066,0.8125806451612904,291.6520967741935,25.42,3.6,0
2022-05-05,389.6037902832031,400.1392229459504,385.4894221644525,399.7155346286853,172929100,-0.03554296964120318,-0.03272511076672757,-0.07325553827389453,0.02922295990657903,0.01882228547479935,405.924365234375,410.2906524658203,0.9893580631067166,38.12402279476685,-6.510590352069528,-5.08452986908888,-1.426060482980648,1.644975478865099,0.8267741935483871,291.77012903225807,31.2,3.6,0
2022-05-06,387.2783203125,390.5359166827726,381.99649573119626,387.0523685069678,151770800,-0.005968807359427175,-0.0016020362058766224,-0.08340577173276575,0.023893027861880488,0.01871617812368823,404.16233978271487,409.99627014160154,0.9857707721173371,37.10417439071214,-6.9611188899562535,-5.459847673262354,-1.5012712166938993,1.3948327220499126,0.8409677419354838,291.88816129032256,30.19,3.6,0
2022-05-09,374.8787536621094,382.6367393593701,373.3064289483557,381.4033711108714,155586100,-0.03201719796859592,-0.0393505667498566,-0.11037386955664652,0.027276761591296862,0.01971552699273155,401.8368225097656,409.27650329589846,0.9818223603695272,28.56887088761286,-8.223907318930515,-6.012659602395987,-2.211247716534528,1.3814527308726066,0.8835483870967742,292.24225806451614,34.75,3.6,1
2022-05-10,375.7449340820313,382.3260397072036,371.7247212097578,380.8290513721074,132497200,0.0023105615121166156,-0.04152468478289706,-0.09281246548517619,0.027038732491844193,0.01959962325327414,399.9147384643555,408.5950860595703,0.9787556241096124,29.252362542385484,-9.050454717603998,-6.620218625437589,-2.4302360921664086,1.1545457496242746,0.8977419354838709,292.3602903225806,32.99,3.6,0
2022-05-11,369.77581787109375,380.4054095794836,369.03202142087446,374.7846276976837,142361000,-0.015886085664788774,-0.08462675133829212,-0.10390352626807697,0.01631179003638647,0.01975654149716636,397.7709396362305,407.9191180419922,0.9751220819105688,29.33511480467142,-10.07106431780636,-7.3103877639113435,-2.760676553895017,1.2099231186628692,0.9119354838709678,292.4783225806452,32.56,3.6,0
2022-05-12,369.3898010253906,372.647397923669,362.62038267397736,366.5935320489902,125090800,-0.0010439212816174548,-0.051883451244452594,-0.11497582485300306,0.013838868459573297,0.019393598394216574,395.3715194702148,407.086943359375,0.9712213224219823,32.809696426174014,-10.786710626820877,-8.00565233649325,-2.7810582903276266,1.040583105468941,0.9261290322580644,292.59635483870966,31.77,3.6,1
2022-05-13,378.2210693359375,379.5956574263562,372.4684637184336,373.5041240875551,104174400,0.023907721019996053,-0.023386930022971764,-0.08239109142062129,0.020929378224670447,0.020424727815865348,393.67351684570315,406.4723187255859,0.9685124883288218,37.23434390176021,-10.519988062081325,-8.508519481610865,-2.01146858047046,0.8643208775825857,0.9403225806451612,292.7143870967742,28.87,3.6,0
2022-05-16,376.6864929199219,380.3395345985358,374.3421561522526,376.5829412272231,78622400,-0.00405735306790278,0.00482219715082044,-0.08648966766561306,0.0145031454528201,0.020397314381152682,391.89031372070315,405.89345397949216,0.9655004530831962,41.49767268921452,-10.313547840134731,-8.869525153315639,-1.4440226868190926,0.6489221078297838,0.9829032258064516,293.0684838709677,27.47,3.6,1
2022-05-17,384.4349365234375,384.6703125334466,379.03068379558096,382.7496362466939,83029700,0.02057000648855989,0.02312739747945347,-0.08250962143326346,0.016987233600672336,0.0206534201633548,390.16170806884764,405.7087103271484,0.9616793974037081,45.57844610774321,-9.416164155535625,-8.978852953759636,-0.43731120177598903,0.6838285212457469,0.9970967741935484,293.18651612903227,26.1,3.6,0
2022-05-18,368.9378051757813,380.17936710911766,367.7044370286876,379.89692735498426,117674500,-0.04031145422890403,-0.0022662723055745237,-0.11884166604530377,0.025676325055963938,0.022156134054443034,387.673779296875,405.2737176513672,0.9565727122486823,33.22122308688445,-9.842017454246331,-9.151485853856975,-0.690531600389356,0.9486712077044925,1.011290322580645,293.3045483870968,30.96,3.6,0
2022-05-19,366.67822265625,371.0844842086102,364.4656820097794,365.88736256542336,98510700,-0.00612456215609225,-0.007340696363607124,-0.11094358955917483,0.025818851733178088,0.022057574260833043,385.3859268188477,404.58404052734375,0.9525485145596133,37.974754467010904,-10.243755055030817,-9.369939694091745,-0.8738153609390729,0.7900064849680701,1.025483870967742,293.4225806451613,29.35,3.6,1
2022-05-20,366.83831787109375,373.8054438090952,358.2800473984459,370.2465587736136,131432200,0.0004366095528771652,-0.030095498076902594,-0.08546134393357685,0.02195682005130678,0.02148009543119949,383.6719207763672,403.93379455566406,0.9498386268928417,36.40732925144066,-10.428997658962373,-9.58175128706587,-0.8472463718965031,1.054459985004503,1.0396774193548386,293.5406129032258,29.43,3.6,1
2022-05-23,373.7018432617188,374.464459331566,367.5443980195941,369.8510659686335,76414900,0.018709946742905048,-0.007923431591792096,-0.07372065754955737,0.024631642729820095,0.02198563993634966,382.18481292724607,403.52237426757813,0.9471217392119551,39.9482584785676,-9.90776408206159,-9.646953846065013,-0.26081023599657627,0.623884508510587,1.082258064516129,293.89470967741937,28.48,3.6,0
2022-05-24,370.8490905761719,372.03536628996494,364.3244448543885,369.5968739424002,91448800,-0.007633766696593547,-0.03533977965199153,-0.053376491282708605,0.02137243773431274,0.021193263840547136,381.13927459716797,403.1115277099609,0.945493364484972,29.822057068343483,-9.614051219438636,-9.640373320739739,0.026322101301103018,0.7504718515200065,1.0964516129032258,294.01274193548386,29.45,3.6,1
2022-05-25,374.1255187988281,376.08386362206704,368.966094179277,369.3615098525276,91472900,0.008834936651902714,0.014061214519816234,-0.04769101282229049,0.010995838040758252,0.021315515218529625,380.20247650146484,402.594072265625,0.9443817052790917,39.09522478553464,-9.01300497347438,-9.514899651286667,0.5018946778122864,0.7602012562162267,1.1106451612903223,294.1307741935484,28.37,3.6,1
2022-05-26,381.60107421875,383.2298868677585,375.1423690423432,375.3495011206424,82168300,0.019981410099805474,0.040697403446535496,-0.052593568127428325,0.01183799113511161,0.020987500787028348,379.1432815551758,402.0487359619141,0.9430281646031388,46.270869515713386,-7.843046884323769,-9.180529097894087,1.3374822135703184,0.6895443999373129,1.1248387096774193,294.2488064516129,27.5,3.6,1
2022-05-27,390.9690551757813,391.08203108602834,383.8512855059234,384.0489933488559,84768700,0.02454914723762336,0.06578030737009066,0.007912625418948327,0.01282345620251618,0.020160812732713175,379.2967468261719,401.5884533691406,0.944491166626053,61.007386734442065,-6.089730277911826,-8.562369333897635,2.472639055985809,0.7299651231145059,1.1390322580645162,294.36683870967744,25.72,3.6,0
2022-05-31,388.77532958984375,392.0988383279228,386.0449731059071,389.3590576074352,95937000,-0.005610995440422428,0.040335595341359776,-0.003739752163313792,0.014558472827288869,0.020163651939690448,379.2237777709961,400.99361206054687,0.9457102715983822,58.755080029690674,-4.8216485928159045,-7.814225185681289,2.992576592865385,0.8489377946465516,1.1958064516129032,294.8389677419355,26.19,3.6,0
2022-06-01,385.6307067871094,391.89170405110434,383.1263021350257,390.8843163808003,86585800,-0.008088534851354745,0.039858844437159036,-0.0163073944079436,0.014681650247648718,0.0202113079306955,378.90413360595704,400.33832397460935,0.9464598089040016,61.073132595910224,-4.0240428398356585,-7.056188716512163,3.0321458766765046,0.7707740766641836,1.21,294.957,25.69,3.6,1
2022-06-02,392.9744873046875,393.0215510259649,383.2299122085265,385.47069700399817,79609600,0.019043557445834525,0.050381402921607865,-0.027198871044993522,0.015524072356329875,0.019433992868748376,378.35476837158205,399.73199645996095,0.9465210984417152,65.01263253673687,-2.767451364276951,-6.198441246065121,3.43098988178817,0.7296654681034638,1.225666666666667,294.95553333333334,24.72,3.5966666666666667,0
2022-06-03,386.5251159667969,389.8203804421854,385.55536785619387,388.2762998678674,71874300,-0.016411679501448617,0.01290363701970132,-0.007902064592770874,0.01799457181572078,0.018077996770270575,378.2008346557617,399.10570861816404,0.9476207092231731,55.45116931685642,-2.2658842310153204,-5.4119298430551614,3.146045612039841,0.6907569477250713,1.2413333333333334,294.9540666666667,24.79,3.5933333333333333,1
2022-06-06,387.7019958496094,392.2400239442846,386.5345111840005,390.51708401926703,57508900,0.003044769496721722,-0.008356311792254378,0.0010939820663535826,0.013465746002042965,0.018039989285958992,378.2220184326172,398.3769836425781,0.9494073050464082,57.26521634466361,-1.7532143299048926,-4.680186740425108,2.9269724105202153,0.5789190706797099,1.288333333333333,294.94966666666664,25.07,3.583333333333333,1
2022-06-07,391.4209899902344,391.8729223996445,383.76655540466106,384.2279120514853,59272400,0.009592403909284064,0.006805113902627946,0.04412689747425658,0.014039209120362483,0.016457663961117953,379.04913024902345,397.6812127685547,0.9531481952848125,54.866266372064786,-1.0348983297269,-3.9511290582854666,2.9162307285585665,0.62707036852778,1.304,294.9482,24.02,3.58,0
2022-06-08,387.1653442382813,391.4962691477678,386.3744841868418,389.7168124827089,64350000,-0.010872298269081648,0.003979552001856401,0.03039404958087011,0.01455700622053139,0.016718745241304556,379.620150756836,396.83969543457033,0.9566083109229342,65.05439220865632,-0.7998031379514714,-3.320863874218668,2.5210607362671964,0.7062475137974809,1.3196666666666663,294.9467333333333,23.96,3.5766666666666667,0
2022-06-09,377.9574890136719,387.6549718241204,377.9574890136719,385.3953672474794,86289800,-0.023782746471601723,-0.038213672327721326,0.022126030819652698,0.013775774769467267,0.017239356056317007,380.0292343139649,395.7078204345703,0.960378376895895,58.356595148549246,-1.3410269442164804,-2.9248964882182307,1.5838695440017503,0.9771037971650562,1.3353333333333333,294.94526666666667,26.09,3.5733333333333333,0
2022-06-10,366.9983215332031,372.6285269294592,366.9512578167044,371.7811789054893,132893900,-0.028995767510965553,-0.050518824332417056,-0.006474135142738091,0.01662368037865412,0.018519471794014437,379.9096603393555,394.4104272460938,0.9632343216481687,50.10219137444767,-2.624015914014649,-2.864720373377515,0.240704459362866,1.4982070294726295,1.351,294.9438,27.75,3.5700000000000003,0
2022-06-13,353.0640869140625,359.4757284338276,351.4635182270805,357.63038818463684,170004900,-0.03796811538790634,-0.08934158014750848,-0.06651396355587602,0.018468867167661586,0.019432877616830085,378.65181121826174,392.9672900390625,0.963570813185551,37.91091671082146,-4.710866262659579,-3.233949551233928,-1.476916711425651,1.8480102150712086,1.398,294.9394,34.02,3.56,0
2022-06-14,352.0001220703125,355.83205053117496,348.9119898698638,354.8058145427175,104011800,-0.00301351761106472,-0.10071219716884727,-0.06553558811798788,0.014014722505378918,0.019432010223290656,377.4174926757813,391.4787713623047,0.964081631712515,38.722404589895504,-6.377052577336826,-3.862570156454508,-2.5144824208823184,1.1152531034428408,1.4136666666666666,294.9379333333333,32.69,3.556666666666666,1
2022-06-15,357.0183410644531,361.4433927832957,350.3524764158413,355.2859483579496,125666800,0.014256299016675467,-0.07786596507789234,-0.07131660745228052,0.02119022375526551,0.019073461098978638,376.04666290283205,390.0175555419922,0.9641788108236684,39.97352114409264,-7.209482475886546,-4.531952620340915,-2.6775298555456306,1.317333720775795,1.4293333333333331,294.93646666666666,29.62,3.553333333333333,0
2022-06-16,345.2025146484375,349.24157577546,342.7828419203488,348.83673585883366,134473300,-0.03309585266904391,-0.08666311772446322,-0.06433412405658745,0.022429338288621325,0.018397128553481655,374.8598983764649,388.4286730957031,0.9650675254967723,29.69969295289451,-8.722084845818358,-5.369979065436404,-3.3521057803819545,1.3973465925770057,1.4449999999999998,294.935,32.95,3.55,1
2022-06-17,345.9467163085937,349.2751458907682,342.45758461496894,345.6157894251116,111113900,0.0021558407849784356,-0.05736158447990303,-0.05653868996493827,0.0228518370528403,0.018419999557586324,373.82332305908204,386.93959838867187,0.9661025250860605,22.217518443916404,-9.748408680187595,-6.245664988386642,-3.5027436918009522,1.1471016697377823,1.4606666666666666,294.93353333333334,31.13,3.546666666666667,1
2022-06-21,354.6554260253906,356.03595201089433,351.5728544262298,351.64851628810544,76811900,0.025173557967894,0.004507224524695097,-0.03321052150823611,0.022022808924129656,0.019446661755586497,373.21417846679685,385.58233032226565,0.9679234475160425,30.512149131323426,-9.746703687767251,-6.945872728262765,-2.800830959504486,0.8159855703410551,1.5233333333333332,294.92766666666665,30.19,3.533333333333333,0
2022-06-22,354.0123596191406,358.10666957290994,350.0314847179016,350.44753828884603,90059400,-0.0018132146276650385,0.005716581963077116,-0.05268768136310431,0.021973310311539485,0.018856252458773166,372.22970428466795,384.23479553222654,0.9687558456778241,31.409702474854555,-9.685593065853709,-7.493816795780954,-2.191776270072755,0.9498321593416815,1.539,294.9262,28.95,3.53,1
2022-06-23,357.4826354980469,358.2107149131913,352.594048691356,356.1399405915164,79292100,0.009802696952839973,0.0013004778191771926,-0.03604284173208605,0.021401421552772536,0.019010450713045225,371.5613815307617,383.1007159423828,0.9698791102928751,28.13636775513872,-9.250506120272519,-7.845154660679267,-1.405351459593252,0.8416680125320188,1.5546666666666666,294.92473333333334,29.05,3.526666666666667,1
2022-06-24,368.848388671875,368.8578536176525,360.6124718749588,360.64083785574906,98050300,0.03179386086262137,0.06849855670234328,-0.01410523971713007,0.014558175087223844,0.020325315499875773,371.2975250244141,382.22464782714843,0.9714117787409778,39.73271751842854,-7.897537392685251,-7.855631207080465,-0.04190618560478665,1.0371615265976641,1.5703333333333331,294.9232666666667,27.23,3.523333333333333,0
2022-06-27,367.4395751953125,370.0587975017824,366.3521738911523,369.7656726856145,66009600,-0.003819492018482862,0.062127656871720616,-0.03711074202930442,0.01589787866530499,0.019750869941338556,370.5894500732422,381.22587524414064,0.9720994143850105,38.26247780958654,-6.859902713729525,-7.6564855084102765,0.7965827946807513,0.7042585012443291,1.6173333333333333,294.9188666666667,26.95,3.513333333333333,0
2022-06-28,359.9316711425781,371.7607760766396,359.8182072157404,368.990259389028,86548900,-0.020433030515952355,0.014877102477517834,-0.07938578161703524,0.019326705492004097,0.019156294877425845,369.037580871582,380.18088623046873,0.9706894645089245,32.526055743643724,-6.5676866621876115,-7.4387257391657435,0.871039076978132,0.9225168711880409,1.633,294.9174,28.36,3.51,0
2022-06-29,359.6386108398437,361.4635566555144,357.8231299719536,360.480183208969,65676000,-0.0008142109356593652,0.01589281014582644,-0.07494487569656016,0.019268209778778436,0.01916445876557731,367.580744934082,379.1266473388672,0.9695460541066496,34.02229095147497,-6.287275060061688,-7.208435603344933,0.9211605432832446,0.711509364913215,1.6486666666666667,294.9159333333333,28.16,3.506666666666667,0
2022-06-30,356.7167053222656,359.9411063069827,352.2819744571846,355.76166925616343,112508300,-0.00812456012649676,-0.002142566098949583,-0.0749784728133851,0.019424389932147398,0.01916489342621658,366.13504486083986,377.8808404541016,0.9689166680714832,36.700421753878565,-6.229015982190788,-7.012551679114105,0.7835356969233169,1.2019949935527074,1.6643333333333332,294.91446666666667,28.71,3.5033333333333334,1
2022-07-01,360.4895629882813,360.9245465265662,353.45451079691634,356.0642966004514,74839700,0.010576621755370885,-0.022661955264849043,-0.0826642068781922,0.011273297247266114,0.01872417434145051,364.5107986450195,376.7167041015625,0.9675992454710681,45.52162744082742,-5.811416765690183,-6.772324696429321,0.9609079307391379,0.8016007658724068,1.68,294.913,26.7,3.5,1
2022-07-05,361.1703796386719,361.1893095314971,352.60350658660883,355.421319245886,81438000,0.0018885890752202705,-0.01706184085725726,-0.06559660751852159,0.01164522742449743,0.018539019735120472,363.2430618286133,375.69140625,0.9668655065985111,56.821713031280645,-5.363700760529582,-6.490599909249374,1.126899148719792,0.867829672948374,1.7638709677419355,294.9367419354839,27.54,3.5129032258064514,1
2022-07-06,362.3901672363281,364.8675591963436,358.93883808157653,361.31220220280136,70426200,0.0033773190339601022,0.006830452252077901,-0.06528681534850744,0.006781906440759392,0.018545084688462134,361.9774703979492,374.9168408203125,0.9654873587592062,58.72069523557283,-4.8544963240747165,-6.163379192214443,1.3088828681397269,0.7453544334101059,1.7848387096774192,294.9426774193548,26.73,3.5161290322580645,1
2022-07-07,367.8177185058594,368.6119948222501,362.4090502838774,364.15836271170366,64525900,0.014977093089812543,0.022742573849107828,-0.060301496567580326,0.008862090605864133,0.0187782864297634,360.7973068237305,374.2043151855469,0.9641719568221211,59.00240251302252,-3.967258031002757,-5.724154959972107,1.7568969289693497,0.6810154793899517,1.805806451612903,294.9486129032258,26.08,3.5193548387096776,0
2022-07-08,367.5151672363281,369.3779436355089,364.6689887193885,366.191344484654,72397800,-0.0008225576265338264,0.03027181444812599,-0.05075396673380839,0.006554828623271468,0.018689005647265135,359.81479797363284,373.71942138671875,0.9627939501739257,73.0182756937995,-3.2510525404844657,-5.229534476074578,1.9784819355901124,0.7608653214320151,1.826774193548387,294.9545483870968,24.64,3.52258064516129,0
2022-07-11,363.3168640136719,365.8131571923528,362.6265865895648,364.84868487322194,58366900,-0.011423482884331038,0.007842948355990309,-0.0387361685522003,0.00945606493449022,0.018142281863939954,359.0827667236328,373.1285290527344,0.9623567719017366,66.7273632431486,-2.9877812304557096,-4.781183826950805,1.7934025964950955,0.6225418848843239,1.889677419354839,294.9723548387097,26.17,3.532258064516129,0
2022-07-12,360.1018981933594,365.1418092800132,358.36205049936086,362.76841613095786,62219200,-0.008848930888579742,-0.002958386140030189,-0.018791430192466985,0.010532017949778195,0.017082057240848447,358.7379455566406,372.2748675537109,0.9636372928260669,55.86555273640344,-3.003930255495618,-4.425733112659768,1.42180285716415,0.6896230294935124,1.9106451612903224,294.9782903225806,27.29,3.535483870967742,0
2022-07-13,358.2107238769531,361.1325642695577,354.2677081449695,354.6837617801896,84224600,-0.005251775472149167,-0.011532993268687175,0.014577061654371448,0.010434519607242333,0.014742600802962703,358.99527740478516,371.6810870361328,0.9658691010282308,54.403042302133215,-3.13321271054798,-4.167229032237411,1.034016321689431,0.9801190531743149,1.9316129032258065,294.9842258064516,26.82,3.5387096774193547,0
2022-07-14,357.34088134765625,358.4188177084197,350.8448106264778,353.27490712624945,89704800,-0.0024282984045884692,-0.02848377506326205,0.015172606321644855,0.004397535467473854,0.014735155750866024,359.26231536865237,371.02321044921877,0.9683014572960899,49.84275846006877,-3.2681854031905004,-3.987420306428029,0.7192349032375285,1.0526548012102652,1.9525806451612904,294.9901612903226,26.4,3.541935483870968,1
2022-07-15,364.1678466796875,364.2813106084498,359.82767826526884,361.7282567851243,79060400,0.01910490987284863,-0.009107979357184326,0.020025597547504326,0.012161609397787626,0.01500464418156546,359.6197906494141,370.4660955810547,0.9707225436793918,44.22675600391477,-2.7920877381394007,-3.7483537927703034,0.9562660546309028,0.9538293896680989,1.9735483870967745,294.9960967741935,24.23,3.545161290322581,0
2022-07-18,361.1610107421875,367.9123755882936,359.94121554632426,367.24102796860734,63203600,-0.008256730968741244,-0.005933810084310487,0.04622937382134218,0.011602781861144525,0.012906653650625073,360.41771545410154,369.6100799560547,0.975129562204997,42.54938203646941,-2.627119639587761,-3.524106962133795,0.8969873225460341,0.796779027751733,2.036451612903226,295.0139032258065,25.3,3.554838709677419,1
2022-07-19,370.9192199707031,371.4865684860797,364.413714078224,365.0661316858812,78506000,0.027018999665723742,0.030039613319492453,0.07218598265240739,0.015925004327138007,0.014035907746619064,361.66634063720704,369.2363885498047,0.9794980989215895,62.37759574037989,-1.6894997989653575,-3.1571855295001074,1.46768573053475,1.0104580204156128,2.05741935483871,295.0198387096774,24.5,3.5580645161290323,1
2022-07-20,373.2831726074219,374.6920934702504,369.7467451710396,371.1083701548272,71843800,0.006373227671797377,0.04207704495091047,0.052523506522349495,0.01466340446672649,0.013113112400680364,362.5977279663086,368.9564855957031,0.9827655621254959,64.6855565504208,-0.747066382454932,-2.675161700091073,1.9280953176361408,0.9276742258949326,2.0783870967741938,295.0257741935484,23.88,3.5612903225806454,1
2022-07-21,377.0843505859375,377.13161760377886,370.3140572654736,372.70635127041953,64903900,0.010183094919505642,0.05525107892447623,0.0651728402692453,0.01337093384776519,0.013172738588198668,363.75132751464844,369.0005975341797,0.9857743590264918,71.51436457213812,0.3030488268574345,-2.079519594701371,2.3825684215588057,0.8518992010479437,2.0993548387096777,295.03170967741937,23.11,3.564516129032258,0
2022-07-22,373.5857238769531,378.3986778470548,371.3730907202972,377.2072777513435,72197300,-0.009278101049666976,0.02586136388243343,0.045045791822786896,0.014941344777471425,0.013362299204792158,364.5564819335938,368.9574133300781,0.9880719800240274,63.91409823181178,0.8432423864069847,-1.4949671984797,2.338209584886685,0.9520620166324334,2.120322580645161,295.0376451612903,23.03,3.567741935483871,1
2022-07-25,374.03955078125,374.8905589631493,371.8079880763292,374.2097466463221,53631500,0.0012147865276734837,0.035658721888603306,0.014073972582792083,0.01331989229267303,0.01141644993454338,364.8160400390625,369.0426879882813,0.9885469944621881,63.739200299221515,1.2930640748708129,-0.9373609438095973,2.2304250186804104,0.7285738311424201,2.183225806451613,295.0554516129032,23.36,3.57741935483871,0
2022-07-26,369.61431884765625,372.61176321867686,368.7254796625264,372.4037364124434,52946400,-0.011830919816770313,-0.003518019700219255,0.005918642952893016,0.00961268239405573,0.011722071873041048,364.9247772216797,369.04717834472655,0.9888296094240934,57.21849013682506,1.2777427469147824,-0.4943402056647214,1.7720829525795039,0.7257061072835145,2.2041935483870967,295.0613870967742,24.69,3.5806451612903225,1
2022-07-27,379.2119140625,380.9517617542331,372.602351195438,372.8954759835996,82342100,0.025966513539751546,0.015882691452886233,0.05356639736291635,0.01543241182622485,0.011978973827121469,365.88878936767577,369.06699523925784,0.9913885394451982,60.50945517412596,2.016797817684278,0.00788739900507851,2.0089104186791995,1.1318794217637513,2.2251612903225806,295.0673225806452,23.24,3.583870967741936,1
2022-07-28,383.9681396484375,384.6583882201372,376.4792023544064,380.0156585921788,73966600,0.012542394923682698,0.018255302962861153,0.06764993544986297,0.015730541999440805,0.012145078541848937,367.10526580810546,369.21262817382814,0.9942922798276268,64.0233120581064,2.952260124228758,0.5967619440498143,2.3554981801789436,1.0109885303498438,2.2461290322580645,295.0732580645161,22.33,3.5870967741935487,1
2022-07-29,389.56591796875,390.5493202190506,384.6300345357948,385.39594499465454,87003700,0.014578757303764345,0.042775173328251315,0.09208767673722407,0.014359594494315982,0.012077159975641136,368.7477264404297,369.31524780273435,0.9984633145647759,71.85148301047951,4.098074616455449,1.2970244785309413,2.8010501379245074,1.2102771249823683,2.2670967741935484,295.0791935483871,21.33,3.5903225806451613,0
2022-08-01,388.4122924804688,390.90861443486426,386.17129323209457,386.880471670519,69997500,-0.0029613101020139476,0.03842572709008629,0.07745780282991221,0.014996196186207685,0.01209702412276016,370.1438629150391,369.7047375488281,1.0011877731649381,74.40506287820719,4.857063713961509,2.0090323256170546,2.848031388344454,0.9770004484592223,2.33,295.097,22.84,3.6,0
2022-08-02,385.8497619628906,390.520885762128,384.6772629685456,386.85206507545166,63435400,-0.006597449584340942,0.04392536297254801,0.06833168973853532,0.013392668012507932,0.01231468860334967,371.37783203125,370.0881683349609,1.003484747167388,73.55368676849523,5.191943749477616,2.645614610389167,2.5463291390884493,0.8966745154934936,2.3374193548387097,295.13738709677415,23.93,3.596774193548387,1
2022-08-03,391.8919677734375,393.0550017993131,387.6841646872642,387.96782448466297,67820600,0.01565947787503874,0.03343790962445237,0.08140894318986902,0.010566790501513266,0.012616981964670981,372.8529220581055,370.5892413330078,1.0061083282314274,77.05865876124366,5.877146021455815,3.2919208926024965,2.585225128853318,0.9604290312667723,2.3448387096774197,295.1777741935484,21.95,3.5935483870967744,0
2022-08-04,391.6272583007813,392.4971676933185,389.9914096457841,391.81635523733325,45656600,-0.0006754654201263088,0.019947276509338918,0.06473190006082485,0.010373997302368269,0.012383274005026973,374.04339904785155,370.94774963378904,1.0083452438170029,73.96839908067736,6.3258929601275895,3.8987153061075155,2.427177654020074,0.65531304185137,2.3522580645161293,295.21816129032254,21.44,3.5903225806451613,0
2022-08-05,390.9653625488281,391.60834410065166,387.3060062724685,387.362738241362,56814900,-0.0016901166553754399,0.0035923177966261655,0.06380742185102939,0.008631880521398618,0.01239966434324552,375.2159088134766,371.3500750732422,1.0104102139725484,77.1256447218218,6.552584570496606,4.429489158985334,2.1230954115112723,0.8246917035273468,2.359677419354839,295.2585483870968,21.15,3.5870967741935487,0
2022-08-08,390.5114135742188,394.88941254367694,389.4145475954948,392.648413572124,53886100,-0.0011610976779371507,0.005404363184142946,0.0748507769777611,0.008474645528150975,0.01196883036872668,376.5756362915039,371.67779296875,1.013177659293639,71.4669771479283,6.619306175284237,4.867452562245115,1.7518536130391222,0.7847309346022361,2.381935483870968,295.3797096774193,21.29,3.57741935483871,0
2022-08-09,388.9608154296875,390.2846096669389,387.8923150914435,389.7834579608169,44931800,-0.003970685850995248,0.008062862216035471,0.08014097504376982,0.007942330793961033,0.011747662477229949,378.0185821533203,371.8249877929687,1.0166572838396761,67.48957043184234,6.47245280938273,5.188452611672638,1.2840001977100926,0.6626729915751134,2.3893548387096777,295.42009677419355,21.77,3.574193548387097,1
2022-08-10,397.1304931640625,397.2723519486255,394.0384853071231,395.9863599360031,68665700,0.02100385799878035,0.013367269098134571,0.10865048613251038,0.010309027903502743,0.0121287926040735,379.9645706176758,371.9482165527344,1.021552339030519,70.37686870892811,6.935348791439878,5.537831847626086,1.397516943813792,1.024464634473208,2.3967741935483877,295.4604838709677,19.74,3.570967741935484,0
2022-08-11,397.1304931640625,401.8205477318066,396.3929486818317,399.9672071505728,59489700,0.0,0.014052226311209726,0.11134917355760088,0.010258014593433966,0.01205995017785675,381.9540512084961,372.1153198242188,1.026440006256461,75.76586414991,7.218981269787321,5.874061732058333,1.3449195377289875,0.9080292536783079,2.404193548387097,295.50087096774195,20.2,3.567741935483871,1
2022-08-12,403.85345458984375,403.9574535679473,398.1138306323642,399.0594018073081,61694500,0.016928847171158612,0.03296479247418249,0.10897614457726323,0.011507414123321638,0.011938636385754363,383.9383316040039,372.47977478027343,1.0307628966713425,78.68984466037665,7.895237470323707,6.278296879711408,1.6169405906122991,0.954330591489443,2.4116129032258065,295.5412580645161,19.53,3.564516129032258,1
2022-08-15,405.5177307128906,406.03781228907377,401.593615232648,401.6503472072791,54048300,0.004120990186247342,0.038427345826653525,0.12281702246748583,0.010844741825250165,0.011514779304637776,386.1561676025391,372.7306396484375,1.0360193837747405,86.4886692748249,8.467856378333806,6.716208779435888,1.751647598897918,0.8420165286578162,2.433870967741936,295.6624193548387,19.95,3.554838709677419,1
2022-08-16,406.31195068359375,408.2314590393534,403.6454330101121,404.4491742905428,59289000,0.0019585332786975496,0.044608954335768614,0.09541897213006667,0.009501987636995078,0.010402164255090933,387.9258041381836,373.1263763427734,1.039663311772456,83.54408862752446,8.883346216992265,7.149636266947164,1.7337099500451014,0.9376976469544398,2.4412903225806453,295.7028064516129,19.69,3.5516129032258066,0
2022-08-17,403.4279479980469,406.1228316979683,401.43280661081104,402.7282345419043,63563400,-0.007098001131137566,0.015857394338597786,0.08075578435550845,0.00876296079764252,0.010714016269605895,389.4330429077148,373.4408953857422,1.0428237713640165,75.25776299351266,8.877574836843507,7.495223980926434,1.3823508559170739,1.011926433890399,2.448709677419355,295.74319354838707,19.9,3.548387096774193,1
2022-08-18,404.6004943847656,405.2812779797421,402.3405652552225,403.626528298904,49023200,0.002906457999594103,0.018809941188820067,0.07297079222744673,0.008593875696638852,0.010614106126353157,390.80885009765626,373.7044854736328,1.0457697600347113,72.04664471487885,8.865420620147916,7.76926330877073,1.0961573113771852,0.7904390528152797,2.4561290322580644,295.7835806451613,19.56,3.545161290322581,0
2022-08-19,399.1634826660156,402.11366050668937,398.2935443726278,401.8489016967968,68016900,-0.013437975964457283,-0.011613053870224488,0.06846556801910064,0.0076411100156619635,0.010915822679960538,392.0877380371094,373.9444482421875,1.04851867671845,64.00602709010013,8.32114591873227,7.879639830763039,0.4415060879692314,1.1003977515723486,2.4635483870967745,295.82396774193546,20.6,3.541935483870968,0
2022-08-22,390.8519287109375,394.52075021683424,389.9536243733682,394.3505254404988,77695600,-0.020822430698232197,-0.0361656245613996,0.044948128866511006,0.010129954333233021,0.01218372997101312,392.92835693359376,374.2023370361328,1.0500424985204002,55.667585729015606,7.136862051762421,7.731084274962916,-0.5942222232004948,1.2329816676823075,2.4858064516129037,295.945129032258,23.8,3.532258064516129,0
2022-08-23,389.90625,392.8091602110845,389.3578026007289,390.4263025639095,49105200,-0.0024195319031850016,-0.04037710595514654,0.054900284208706296,0.009283593966873853,0.011785651679847877,393.9429534912109,374.6604956054687,1.0514664826207012,47.456365575323915,6.052233802389196,7.395314180448172,-1.3430803780589757,0.7816518773417227,2.493225806451613,295.98551612903225,24.11,3.5290322580645164,1
2022-08-24,391.1545104980469,392.5161066851351,388.9986089883818,389.67939265365226,49177800,0.003201437520036876,-0.030422873677704243,0.03149319942932638,0.010627484296958251,0.010447946153848106,394.54008331298826,375.42230407714845,1.0509233975398307,49.409310856310434,5.23305884557476,6.962863113473491,-1.7298042678987304,0.8040301402169981,2.5006451612903224,296.0259032258064,22.82,3.5258064516129037,1
2022-08-25,396.6765441894531,396.7238112021701,391.5515360944728,392.6389370958249,50942300,0.014117269629270401,-0.019584628059739817,0.03309754958484712,0.013734827996935308,0.010540257451927281,395.1755035400391,376.3158325195312,1.0501166025735285,56.3631825977442,4.9721232183756,6.5647151344539125,-1.5925919160783124,0.8488556878844902,2.5080645161290325,296.06629032258064,21.78,3.52258064516129,0
2022-08-26,383.2494812011719,397.102094248587,383.1927492346699,396.5631405668187,103087000,-0.03384889574380401,-0.03986838013977134,-0.016214038436711542,0.01922470545755006,0.012752104912498891,394.8596817016602,376.8404553222656,1.047816592207397,43.72346851302336,3.6399193607540496,5.979755979713941,-2.3398366189598914,1.6950338371255111,2.515483870967742,296.1066774193548,25.56,3.5193548387096776,0
2022-08-29,380.7153625488281,383.7506382256978,379.3632025672076,380.3087738309777,65370800,-0.006612190692082298,-0.025934543026410628,-0.01981639119217038,0.017847879332706783,0.01281157875045343,394.47483520507814,377.55071228027344,1.0448260918979306,42.992541443771906,2.352537421852219,5.254312268141597,-2.9017748462893778,1.0789799711945418,2.537741935483871,296.2278387096774,26.21,3.509677419354839,0
2022-08-30,376.5358581542969,382.10528576229547,374.4461541114354,381.8688929882353,85652400,-0.010978029272446843,-0.03429129911537232,-0.02413867967991523,0.01793524451647736,0.012950410076395639,394.00914001464844,378.1624951171875,1.0419043271135342,31.224086766312226,0.9836875474012459,4.400187323993526,-3.41649977659228,1.3882841823186662,2.545161290322581,296.2682258064516,26.21,3.5064516129032257,0
2022-08-31,373.6708068847656,379.40096584880325,373.53844192677496,378.1622699284396,76029700,-0.007608973242482553,-0.044697691434056885,-0.04649536705790813,0.017054500917201742,0.012394953523692648,393.0980819702148,378.542802734375,1.0384508148898905,29.673900110259993,-0.32853439336935253,3.4544429805209504,-3.782977373890303,1.2241719115762149,2.5525806451612905,296.3086129032258,25.87,3.503225806451613,1
2022-09-01,374.8433532714844,375.1837450573116,368.8106043103933,371.505488041032,78740100,0.0031379127432888954,-0.0550402872007002,-0.04285683560975828,0.01371622529167596,0.012450533848664198,392.25888671875,378.95942260742186,1.0350946917214023,22.190100221811477,-1.2593480609201606,2.5116847722327287,-3.7710328331528893,1.2349214773493982,2.56,296.349,25.56,3.5,0
2022-09-02,370.8908996582031,379.7036316267999,369.0848549044112,378.4933014446806,99632100,-0.010544280907706649,-0.03224683176148013,-0.05134588588552491,0.005712672230136425,0.01259130182102089,391.2551635742187,379.227587890625,1.0317159828758626,18.200783817838584,-2.289561928454816,1.55143543209522,-3.840997360550036,1.5118202642465912,2.5773333333333333,296.4042666666667,25.47,3.5033333333333334,0
2022-09-06,369.4913940429688,372.6684992750456,367.2787610013706,371.73239306497686,76637400,-0.0037733619685035302,-0.029481259780841707,-0.053826901853804676,0.005840987561968076,0.01258961559971416,390.20416259765625,379.2404479980469,1.02890966577401,16.557977562222774,-3.1822591452205984,0.6046965166320564,-3.7869556618526548,1.1431653613320893,2.6466666666666665,296.62533333333334,26.91,3.5166666666666666,1
2022-09-07,376.12933349609375,376.89524390582346,368.9619160641341,369.1793789850792,70964200,0.017965071880275074,-0.0010796439420028836,-0.03298913778607426,0.01135529859240592,0.013401235736829777,389.5625885009766,379.4142431640625,1.026747402133045,26.788971686064485,-3.3158784994718076,-0.1794184865887164,-3.136460012883091,1.0383799597505254,2.664,296.6806,24.64,3.52,1
2022-09-08,378.5877990722656,379.0416547769603,372.6685141668355,373.8694080507733,80821700,0.006536223998592883,0.013158620092621698,-0.04669169054247502,0.010784709382141308,0.012475981086566588,388.63545379638674,379.78736572265626,1.023297478727062,28.355648459067908,-3.186661326504236,-0.7808670545718204,-2.4057942719324155,1.17219428573832,2.6813333333333333,296.73586666666665,23.61,3.523333333333333,1
2022-09-09,384.46923828125,385.3297114970701,380.5545598393792,380.8193186091283,76706900,0.015535205369525684,0.025679753757815726,-0.03188185017457701,0.012246803898455113,0.013095821528247599,388.0023910522461,380.2839782714844,1.020296444819591,37.86314087650373,-2.5799329341292037,-1.140680230483297,-1.4392527036459066,1.0987964820188534,2.6986666666666665,296.79113333333333,22.79,3.526666666666667,1
2022-09-12,388.6014404296875,389.3200838556924,386.2280472196789,386.5306369628963,69256300,0.010747809543645959,0.04775134894872224,-0.03776620946735809,0.008581323417320055,0.012704188504016355,387.23979034423826,380.92167297363284,1.0165863951013434,48.00333787842194,-1.745540627018329,-1.2616523097903034,-0.4838883172280255,0.9867254402336353,2.7506666666666666,296.9569333333333,23.87,3.536666666666666,0
2022-09-13,371.7040710449219,381.1597837204144,370.5883038747845,379.958889742438,122947100,-0.04348251865994557,0.005988439886899677,-0.0833839240728762,0.025506814006395977,0.01564614824534768,385.54910736083986,381.1459631347656,1.0115523832126154,37.413432250620076,-2.419860558100595,-1.4932939594523618,-0.9265665986482332,1.6697292672825639,2.768,297.0122,27.27,3.54,1
2022-09-14,373.12249755859375,374.63541764024257,369.8318985452489,372.9995686538307,85023700,0.0038160101655180245,-0.007994154323332614,-0.08168465896501664,0.023955659991262652,0.01569024195214756,383.88963470458987,381.38500549316404,1.006567193715933,37.56037462478361,-2.807446302922301,-1.7561244281463497,-1.0513218747759514,1.1348645462895002,2.785333333333333,297.0674666666667,26.16,3.543333333333333,0
2022-09-15,368.8863220214844,374.40845571539126,367.6192597668101,371.5717414225696,87633800,-0.011353310413677598,-0.02562543503661463,-0.08562031001563064,0.023815253207914083,0.015761253686994832,382.16255340576174,381.5149285888672,1.0016975084547541,30.48227301798501,-3.4170451908235577,-2.088308580681791,-1.3287366101417666,1.1512099923269132,2.802666666666666,297.1227333333333,26.27,3.546666666666667,0
2022-09-16,366.0720825195313,366.7272091723702,362.7964492553366,364.72387185360486,103084800,-0.007629015590849608,-0.047850787345074086,-0.09522581509402384,0.020910551585642496,0.015681966634801755,380.2361328125,381.48001586914063,0.9967393231495845,35.82241808462889,-4.0802082092401974,-2.4866885063934725,-1.593519702846725,1.3077464384027206,2.8200000000000003,297.178,26.3,3.55,1
2022-09-19,368.910888671875,368.910888671875,362.8628623346067,362.9388349935968,73278500,0.007754773685022087,-0.0506703004910124,-0.07578998407390214,0.020214390471332888,0.015788385268303094,378.72350311279297,381.50793029785154,0.9927015221338001,40.30578666911269,-4.326824804573448,-2.854715766029468,-1.4721090385439801,0.9265278001329382,2.872,297.3438,25.76,3.56,0
2022-09-20,364.6763916015625,366.6037852771278,361.93248003220094,365.5973646765914,77274900,-0.011478373776272144,-0.018906651798575647,-0.06697046934296602,0.008974759948062062,0.015391832251593076,377.4147262573242,381.53512084960937,0.9892004841307668,40.2694139228075,-4.808529028126486,-3.245478418448872,-1.5630506096776142,0.9773179111460991,2.889333333333333,297.39906666666667,27.16,3.563333333333333,0
2022-09-21,358.3149719238281,369.63246357967904,358.3054680982109,366.5941948401459,106746600,-0.017444012895369232,-0.0396854269888679,-0.08102275374188506,0.009498410148331698,0.01570765021562368,375.8351623535156,381.49938232421874,0.9851527414377584,38.0843336860182,-5.638598248471624,-3.7241023844534222,-1.9144958640182015,1.302575624855057,2.9066666666666667,297.4543333333333,27.99,3.566666666666667,0
2022-09-22,355.30523681640625,359.1790024904426,354.5646626886457,357.5459378785754,89472600,-0.008399691174673207,-0.03681645101573361,-0.09164990488284197,0.009330415524537517,0.015637994274813785,374.0426986694336,381.4412725830078,0.9806036356174223,35.25929684848609,-6.464772680405588,-4.272236443643855,-2.1925362367617325,1.065592157317182,2.924,297.5096,27.35,3.5700000000000003,0
2022-09-23,349.3522033691406,351.8872336223703,344.92773674852214,351.8492472849376,122346900,-0.016754702240264763,-0.045673734624378515,-0.11930209011226622,0.010226343052677318,0.01520279663110897,371.67648162841795,381.2814990234375,0.9748085930746166,34.22610985804431,-7.513273576655365,-4.9204438702461575,-2.5928297064092076,1.3976852215461464,2.9413333333333336,297.56486666666666,29.92,3.5733333333333333,0
2022-09-26,345.8961486816406,351.49793062480813,344.6808467381226,347.8900111292315,92581200,-0.009892751939646893,-0.06238563484284865,-0.09746479604475722,0.004085579666337096,0.01378948539811446,369.8088150024414,380.91606506347654,0.9708406888557347,33.2252870061924,-8.524823956746673,-5.641319887546261,-2.883504069200412,1.0640283824570451,2.993333333333333,297.73066666666665,32.26,3.583333333333333,0
2022-09-27,345.0130920410156,351.6782582118454,342.6299498244517,349.4185498276247,108294100,-0.002552953087193055,-0.053919858848528235,-0.09377680550842904,0.00620446848467239,0.013794734405552253,368.0237014770508,380.5931066894531,0.9669741648193897,25.906868223919616,-9.290643457133058,-6.371184601463621,-2.919458855669437,1.214655169996495,3.010666666666667,297.78593333333333,32.6,3.586666666666667,1
2022-09-28,351.8017578125,353.48228367645163,344.2725823827886,345.9626120741058,110802200,0.01967654540679664,-0.018177342901297244,-0.06568856539464385,0.013951475350843602,0.014744794531535304,366.78699645996096,380.21075744628905,0.9646938948374589,30.56309826505621,-9.24322222401679,-6.945592125974255,-2.2976300980425357,1.2255017876707677,3.028,297.8412,30.18,3.59,0
2022-09-29,344.4529724121094,348.5545981921768,341.5191583646997,348.2697731293536,112952300,-0.020888995683493228,-0.03054349691418834,-0.07819137576264179,0.015997127527930987,0.015240350467800071,365.32610473632815,379.6341534423828,0.9623109549646297,21.568237158846685,-9.686960865634603,-7.493865873906325,-2.1930949917282785,1.224284187697208,3.045333333333333,297.8964666666667,31.84,3.5933333333333333,0
2022-09-30,339.1264038085937,347.41515819493014,338.9934951466808,343.5128822279694,153711200,-0.015463848566076188,-0.02927074586027989,-0.09528500145772167,0.015790923665303082,0.015352148612846771,363.5402572631836,378.87499450683595,0.9595256022012937,15.434381958652466,-10.349138084668255,-8.06492031605871,-2.284217768609544,1.601017827341715,3.062666666666667,297.9517333333333,31.62,3.5966666666666667,1
2022-10-03,348.0798645019531,349.9218104770214,341.0538996463219,342.8293767828373,89756500,0.026401544063825888,0.006313212299806192,-0.06150335631656545,0.02095183724529981,0.016790314889699065,362.3997055053711,378.36487731933596,0.9578048260528939,31.434202674985954,-10.035762823931861,-8.459088817633342,-1.5766740062985196,0.9397145327818577,3.1251612903225805,298.05725806451613,30.1,3.6,1
2022-10-04,358.8656921386719,358.8941746443229,348.04190536505,353.57721811383504,103602800,0.03098664627484715,0.04015094040550049,-0.028757643819604772,0.024435472917293387,0.018428845866050717,361.86842041015626,378.0614001464844,0.9571683865899719,40.23377054512873,-8.81546532585105,-8.530364119276884,-0.2851012065741667,1.0695816866547945,3.147741935483871,298.0823870967742,29.07,3.6,0
2022-10-05,358.0301208496094,360.28032543329,352.20047996352105,354.5171533769076,88065700,-0.002328367707937984,0.017704183958139552,-0.04811965203100099,0.023812421220913593,0.017862500930524994,360.96345977783204,377.82971618652346,0.9553601644176526,42.19985300282943,-7.825585903680462,-8.3894084761576,0.5638225724771377,0.9012229989585336,3.1703225806451614,298.10751612903226,28.55,3.6,0
2022-10-06,354.3367919921875,359.57777574073987,353.8430566051313,356.6344579970455,82333500,-0.010315693128437275,0.02869424964129208,-0.06405649400087787,0.021428440443449336,0.0178206307273292,359.75090942382815,377.3322137451172,0.9534062990625948,41.673415263463745,-7.255483405948837,-8.162623462115848,0.9071400561670107,0.8419110947773872,3.192903225806452,298.1326451612903,30.52,3.6,0
2022-10-07,344.4529724121094,354.4222552620788,342.6964739244792,350.32060050692866,107789500,-0.02789385636334385,0.015706735139744632,-0.10408184032624113,0.024951600545192913,0.018067788636832057,357.7500961303711,376.54191040039063,0.95009369806926,34.223513399551905,-7.514591177294051,-8.033017005151489,0.5184258278574383,1.0849721649346522,3.215483870967742,298.1577741935484,31.36,3.6,0
2022-10-10,341.82293701171875,345.80115762255645,339.5917399082143,345.5637937626023,76042800,-0.007635397604419558,-0.01797555138441298,-0.12037655693258487,0.0215017282598123,0.017670328955408,355.41117095947266,375.58705078125,0.9462817480533209,34.94688023388298,-7.841762868523972,-7.994766177825986,0.15300330930201422,0.7628153450446189,3.283225806451613,298.2331612903226,32.45,3.6,0
2022-10-11,339.6581726074219,344.6807998911892,337.73077926423,340.13290031732214,92482800,-0.006332999251664195,-0.0535228637119981,-0.08621347177450511,0.009926235004163331,0.015350053570159325,353.80887603759766,374.6119683837891,0.9444676248974547,36.991985129466094,-8.181416905374306,-8.03209632333565,-0.14932058203865495,0.9421271503085352,3.305806451612903,298.25829032258065,33.63,3.6,0
2022-10-12,338.5378112792969,341.63304512033494,338.29094360606194,340.066449523059,76991800,-0.0032984966018171358,-0.05444321143723063,-0.0926898981047527,0.00972419481243098,0.015231946377427622,352.0796417236328,373.66572937011716,0.9422315563087048,37.99296407166001,-8.443665650957882,-8.114410188860099,-0.3292554620977839,0.7875414046683165,3.3283870967741933,298.2834193548387,33.57,3.6,1
2022-10-13,347.47222900390625,348.934398580659,330.5149387795829,331.5593456201205,147254500,0.026391195981468663,-0.019372989605980884,-0.05805065609434812,0.019451153396480448,0.016642647904920906,351.0089370727539,372.77733459472654,0.94160482544992,48.708892489096336,-7.840189998942492,-8.059566150876577,0.21937615193408533,1.4616809104648787,3.350967741935484,298.3085483870968,31.94,3.6,0
2022-10-14,339.55377197265625,351.54539946318886,338.91762404448093,349.9218097110879,123737000,-0.022788747906414608,-0.014223133001713961,-0.07244013355063805,0.017942722054370676,0.017207176306555945,349.68302154541016,371.7358648681641,0.9406760406866447,45.895811388255964,-7.9097063310649105,-8.029594186914245,0.11988785584933481,1.215779339444605,3.373548387096774,298.33367741935484,32.02,3.6,1
2022-10-17,348.2792663574219,349.38063819195844,339.22145295922246,345.61129877486803,93168200,0.025696944357514795,0.018887934794971972,-0.055925761336916735,0.02150451658357064,0.01826615886904596,348.6514404296875,370.88214294433595,0.9400599275603707,51.918805824581284,-7.177980756238696,-7.859271500779136,0.6812907445404397,0.906566879135525,3.4412903225806453,298.40906451612904,31.37,3.6,1
2022-10-18,352.37139892578125,356.4730533438476,348.943849751052,356.1692206517508,97162900,0.011749572724090385,0.037429472757169124,-0.03374222450140241,0.02085706217086002,0.01841750611466999,348.03619079589845,370.11934265136716,0.9403350505886154,50.34560138640479,-6.196453212032907,-7.526707843029891,1.3302546309969845,0.9363767109554685,3.4638709677419355,298.4341935483871,30.5,3.6,0
2022-10-19,349.8743591308594,353.0550409179747,347.07345375673924,350.33958306364724,79746900,-0.007086386132740041,0.03348679962431067,-0.02355640554914651,0.021411055430649632,0.0180899000853685,347.61416015625,369.3376135253906,0.9411826670947848,53.494905426971485,-5.556029356628642,-7.132572145749641,1.5765427891209995,0.7786660068660018,3.4864516129032257,298.4593225806452,30.76,3.6,0
2022-10-20,346.9405212402344,353.83357711460013,346.18093949129155,349.4280898959749,88283100,-0.008385404114531592,-0.00153021657355501,-0.02354233686821261,0.0189612221664319,0.018089594296902586,347.19592437744143,368.33381408691406,0.9426121390405802,55.19773068580013,-5.224994551143766,-6.751056626828467,1.5260620756847008,0.8625161990886744,3.509032258064516,298.48445161290323,29.98,3.6,1
2022-10-21,355.3717346191406,355.8559372584329,345.1650872068647,346.6652142635387,131038400,0.024301610399288576,0.04658455877132228,0.017230551838367747,0.016440693944790023,0.018535960887608595,347.4969009399414,367.49863891601564,0.9455733005295694,54.88428093098557,-4.2335172738722235,-6.247548756237218,2.0140314823649943,1.2748182286834295,3.531612903225806,298.5095806451613,29.69,3.6,1
2022-10-24,359.7201538085937,360.8500080244781,354.251281568688,356.8907953310669,85436900,0.012236255069957513,0.03284975178347427,0.03996576770120841,0.013995581319624075,0.018510905842869352,348.18810119628904,366.6159729003906,0.9497352186858797,50.62635650174555,-3.0615911837017507,-5.610357241730124,2.5487660580283737,0.8340787417840532,3.599354838709677,298.5849677419355,29.85,3.6,1
2022-10-25,365.4644470214844,365.77775460734784,359.5303497695806,359.6442798008037,78846300,0.015968783378056628,0.03715695466663238,0.059277040356594535,0.014504412854305797,0.018726691519935546,349.2106689453125,365.8149072265625,0.9546102743402788,55.08381338593391,-1.6502913275973583,-4.8183440589035715,3.1680527313062132,0.7809636791266347,3.621935483870968,298.61009677419355,28.46,3.6,0
2022-10-26,362.7109680175781,367.9899381098493,362.07484907907593,362.3311916248047,104087300,-0.00753419115415177,0.03668919585478281,0.031009538647309487,0.014617222627003395,0.018441411725445483,349.7561294555664,364.94288757324216,0.9583859320600463,55.80107740787892,-0.7454160750911001,-4.003758462141078,3.2583423870499777,1.0344128846527665,3.644516129032258,298.6352258064516,27.28,3.6,0
2022-10-27,360.7741394042969,365.5403959542807,360.1569701011895,363.70795365066,81971800,-0.005339867784718844,0.03987316936808205,0.04738286006909709,0.013842200298785204,0.017754432693619315,350.57218780517576,364.0898114013672,0.9628728319966916,62.705099125106784,-0.1824783042428635,-3.2395024305614353,3.057024126318572,0.8273670497432286,3.667096774193548,298.6603548387097,27.39,3.6,1
2022-10-28,369.357177734375,369.8319054966564,360.4892666119688,360.66966547964233,100302000,0.023790614106239172,0.0393544048465837,0.08914308525160974,0.013692148362916726,0.01783750526821918,352.08372650146487,363.3849450683594,0.9689001464692805,69.61581575992855,0.9453361500090409,-2.40253471444734,3.347870864456381,1.0404228368362711,3.6896774193548394,298.68548387096774,25.75,3.6,0
2022-10-31,366.6891784667969,368.76848820462624,365.7872131811458,366.90756364967945,96631300,-0.007223358386977963,0.01937346179917232,0.053462770653139424,0.014841932152430093,0.017231887497883746,353.01419219970705,362.735458984375,0.9732001199665272,69.1202069532421,1.6053465512257503,-1.6009584613127221,3.2063050125384724,0.9987857727397582,3.7574193548387096,298.76087096774194,25.88,3.6,0
2022-11-01,365.0845642089844,370.6578915053393,363.9167526614729,370.420527665591,85407600,-0.004375952037967701,-0.0010394521699608195,0.01732924658596069,0.013439718891540603,0.015948306005325943,353.3251358032227,362.2201116943359,0.9754431750089587,68.64990952515714,1.9761507532512042,-0.8855366183999369,2.861687371651141,0.8911569051497451,3.78,298.786,25.81,3.6,0
2022-11-02,355.9223937988281,368.9869113069458,355.81796759742275,364.4959761697594,126990400,-0.025096022424304865,-0.018716208820079072,-0.005887010416273375,0.01752905248539714,0.016976311123462377,353.2197494506836,361.5404345703125,0.9769854646285471,55.91756379180571,1.5132612406005705,-0.4057770465998354,1.919038287200406,1.2986662098833925,3.790666666666666,298.78753333333333,25.86,3.5966666666666667,0
2022-11-03,352.2574462890625,355.2862112390312,350.1496542075025,352.69418764648026,87100100,-0.010297041078671465,-0.023606717292145585,-0.005868274901497772,0.01778689297565595,0.016975724271065033,353.1157821655273,360.76249328613284,0.9788040296236099,59.45980954666434,0.8409928895612779,-0.15642305936761272,0.9974159489288906,0.8885627315386767,3.801333333333333,298.78906666666666,25.3,3.5933333333333333,1
2022-11-04,357.3275756835937,359.7201930621012,351.29852759073634,357.9447159505611,103505200,0.014393249732386426,-0.032569022008914206,0.03737695506392935,0.014157951099276622,0.015941256586293574,353.75951232910154,359.97551391601564,0.9827321544199134,57.125759152488975,0.7091577184867219,0.01669309620325421,0.6924646222834677,1.0582340453800103,3.812,298.7906,24.55,3.59,1
2022-11-07,360.7456359863281,361.3342937720169,356.5490298438672,358.61883592099326,68286900,0.009565621394305834,-0.016208666166042662,0.05535818965232475,0.015840320151229582,0.015860315493694384,354.70564727783204,359.52543701171874,0.9865940230155965,56.66568044318842,0.8704522642335064,0.18744492980930466,0.6830073344242018,0.7009423067191383,3.844,298.7952,24.35,3.58,1
2022-11-08,362.6920166015625,365.6543132529755,358.628348045763,361.8469872621732,84641100,0.005395437729725172,-0.006553406640474435,0.0678147792450241,0.016250566019174382,0.015720412484497577,355.8573394775391,359.16497009277344,0.9907907761317035,60.29275900315295,1.1421697806152906,0.3783898999705019,0.7637798806447887,0.8723235004287614,3.854666666666666,298.7967333333333,25.54,3.5766666666666667,0
2022-11-09,355.2198486328125,361.8755420424865,354.7261131484464,360.7266798385477,78495500,-0.020601964274715723,-0.001973871771644431,0.049276733049333776,0.014643857656986664,0.01656225951339295,356.69144134521486,358.73864990234375,0.9942933147635857,56.196754262742544,0.7459673155369728,0.4519053830837961,0.29406193245317674,0.8083596803325731,3.865333333333333,298.7982666666667,26.09,3.5733333333333333,1
2022-11-10,374.7405700683594,375.0728852674968,366.1480099232559,368.4361720364201,141455800,0.05495391518992876,0.06382582970537753,0.07847631778407993,0.027205025816353492,0.019667661308189657,358.0548583984375,358.76004516601563,0.9980343776374211,62.432935826040215,1.9842597743307806,0.758376261333193,1.2258835129975876,1.4610978380512016,3.876,298.7998,23.53,3.5700000000000003,1
2022-11-11,378.3675231933594,379.1650623418643,373.7151680311234,375.5951003651524,93839900,0.009678570762536864,0.05888139886633348,0.11430811383779504,0.027215156616028847,0.018657045729805352,359.9955459594727,358.8305285644531,1.003246706459677,62.08172764175401,3.221148875672611,1.2509307842010768,1.9702180914715344,0.9844735431895214,3.8866666666666654,298.80133333333333,22.52,3.566666666666667,0
2022-11-14,375.1488952636719,379.9531383229995,374.8735450242789,376.611065013276,71903500,-0.008506617858009657,0.03992635763413532,0.07714966551777169,0.028743013289289843,0.018280734918165786,361.33902740478516,358.9156884765625,1.0067518333860208,56.486906808001955,3.8967566401599925,1.7800959553928601,2.1166606847671323,0.7628480729395789,3.9186666666666654,298.8059333333333,23.73,3.556666666666666,1
2022-11-15,378.3485107421875,381.9754376853018,374.550688764078,380.8740658346402,93194500,0.008528921500000175,0.043167462816874114,0.07372082948729242,0.02870114642435491,0.018221848564760102,362.6378829956055,359.0928308105469,1.0098722443916708,60.41222080749469,4.636911460877457,2.3514590564897797,2.285452404387677,0.9908171241802618,3.929333333333333,298.80746666666664,24.54,3.553333333333333,0
2022-11-16,375.4621887207031,377.6744072846381,374.8355446142679,376.7249517855088,68508500,-0.0076287389524076765,0.05698538571479128,0.07313433786176216,0.025819160248160566,0.018239169662963677,363.91727447509766,359.07948791503907,1.0134727455142278,59.657885105003096,4.93371463253618,2.8679101716990596,2.0658044608371204,0.7327401868982951,3.94,298.809,24.11,3.55,0
2022-11-17,374.3133544921875,374.9874888086736,370.420609836842,370.7244135980539,74496300,-0.0030597867455841588,-0.0011400302243601557,0.07889776943350801,0.008748494774213272,0.018091859655656146,365.2859161376953,358.9939990234375,1.0175265244861296,53.61197652095162,5.018383166090473,3.298004770577342,1.7203783955131309,0.8027016075786985,3.9506666666666654,298.8105333333333,23.93,3.546666666666667,1
2022-11-18,376.0129089355469,377.70293878421535,373.1740458969346,377.6364699366345,92922500,0.00454045901104716,-0.006223087642247771,0.058083331637300395,0.007512918469579995,0.017450566389238985,366.31797485351564,358.82487243652344,1.0208823384123622,56.89226393454605,5.163106352634998,3.671025086988873,1.4920812656461244,1.0222365674721239,3.961333333333333,298.8120666666667,23.12,3.543333333333333,0
2022-11-21,374.6456604003906,375.8135011529424,372.8132181507224,374.69315056273854,51243200,-0.0036361744574854304,-0.0013414270164051612,0.04149199435664297,0.0065921320928803515,0.017367673911290158,367.06425018310546,358.5457568359375,1.023758455328941,57.092618920411844,5.108586386551963,3.9585373469014913,1.1500490396504714,0.5745301807678166,3.993333333333333,298.81666666666666,22.36,3.533333333333333,1
2022-11-22,379.6872253417969,379.84864551592176,375.1773119937102,376.5825164784589,60429000,0.013456888666528943,0.0035383107415523085,0.03891699571935758,0.00836342738157845,0.017271495987403337,367.77538909912107,358.705419921875,1.0252852861248138,68.7771870701911,5.409829925413305,4.2487958626038544,1.1610340628094509,0.684587918380997,4.004,298.8182,21.29,3.53,1
2022-11-23,382.0798645019531,382.5640670651727,379.12704306606406,379.3549030958145,68261600,0.00630160563869997,0.01762541203895429,0.05340036059630915,0.007106772255853068,0.01714401749722484,368.7438339233398,358.8845672607422,1.0274719716644558,74.04691656352044,5.775062261509049,4.554049142384894,1.221013119124155,0.7893400197862298,4.014666666666666,298.8197333333333,20.35,3.526666666666667,0
2022-11-25,381.9944152832031,382.5451156945167,381.2443663067082,381.5196875372828,30545400,-0.00022364229756355325,0.020520402755696887,0.05881872773349217,0.006540909228251118,0.017055018037717928,369.80484771728516,359.14672912597655,1.0296762234679022,71.62841899701752,5.988583814942899,4.840956076896496,1.1476277380464035,0.3640343535715867,4.036,298.8228,20.5,3.52,0
2022-11-28,375.8988952636719,380.5512209827744,375.1393135497884,378.9181565167745,67881600,-0.015957091977410576,-0.0003032174405867005,0.01771108813810951,0.011053257084430595,0.016818773831624896,370.13193359375,359.34326538085935,1.0300232931914168,62.69083198810817,5.601374502656995,4.993039762048596,0.6083347406083988,0.8249371604832574,4.068,298.8274,22.21,3.51,0
2022-11-29,375.2532958984375,377.2186467005862,373.4208248199859,376.0318273628986,52310000,-0.0017174814115415993,0.001621893864718782,0.02335524998978422,0.010928569228780539,0.01672168869408632,370.56013946533204,359.4701135253906,1.0308510374650606,60.75436933486198,5.182671251614806,5.030966059961838,0.15170519165296792,0.6532957716364728,4.078666666666666,298.82893333333334,21.89,3.506666666666667,1
2022-11-30,387.0739440917969,387.0739440917969,373.59169571730007,375.50008123795743,144566700,0.031500451355285675,0.019454746583455362,0.06023092192477675,0.01739529126017741,0.01796078052229791,371.6596084594727,359.91806457519533,1.0326228245812994,75.38203328617443,5.738523303953798,5.172477508760231,0.5660457951935669,1.7411615246910759,4.089333333333333,298.83046666666667,20.58,3.5033333333333334,0
2022-12-01,386.7891845703125,389.27675333365096,384.2921119799884,388.1089126426204,76398200,-0.0007356721521323273,0.01232548612447304,0.08672337371649252,0.01744518916785084,0.016733555762792788,373.20294799804685,360.487548828125,1.0352727832383037,63.844737681865844,6.085907789924931,5.3551635649931715,0.73074422493176,0.9490545101182588,4.1,298.832,19.84,3.5,0
2022-12-02,386.3429870605469,387.2449525080735,381.8140942164224,381.9185204258376,85342700,-0.001153593553194332,0.011383862180602389,0.09676315186681328,0.017487369810156726,0.01643609428091528,374.90722503662107,361.1083038330078,1.0382126942447563,59.887123208067685,6.253125944366275,5.5347560408677925,0.7183699034984823,1.0613258156601044,4.10741935483871,298.8832258064516,19.06,3.5,0
2022-12-05,379.3928833007813,384.4629717064349,378.04467284641726,383.5325239499222,77289800,-0.01798946530036627,0.009295020765247575,0.061750923015037484,0.018035397428333724,0.01702123019344922,376.01049041748047,361.7091174316406,1.0395383259548128,54.81570284737567,5.7584523928576345,5.579495311265761,0.1789570815918733,0.9771072002140059,4.129677419354838,299.03690322580644,20.75,3.5,0
2022-12-06,373.924072265625,379.7727220207001,371.84479123618274,379.2315543699302,77972200,-0.014414637901419614,-0.003542203752348261,0.03653110381575431,0.019519176449840168,0.01738516524948874,376.66941223144534,362.2696759033203,1.0397486659412474,45.22541771831743,4.869005825277384,5.437397414068086,-0.5683915887907025,0.9797361057185471,4.137096774193548,299.08812903225805,22.17,3.5,0
2022-12-07,373.2879028320313,375.642562745206,372.1580485447694,373.0790214770312,65927900,-0.0017013331870802118,-0.035616040475450195,0.029214556001956327,0.008322341288168934,0.017383276594351287,377.19920654296874,362.8351721191406,1.0395883186845831,47.533878152874905,4.065910174205271,5.163099966095524,-1.0971897918902531,0.8382522196018677,4.144516129032258,299.13935483870966,22.68,3.5,1
2022-12-08,376.2122192382813,377.2756047091014,373.39233538526526,375.1678414205636,60737900,0.007833943677424404,-0.027345556065072607,0.059096840129472694,0.010566119942273884,0.016619474316880996,378.2488250732422,363.32338134765627,1.0410803281369445,52.070348321082065,3.6236478227332896,4.855209537423078,-1.2315617146897884,0.781080732127113,4.151935483870967,299.1905806451613,22.29,3.5,0
2022-12-09,373.40179443359375,377.5224271264173,373.2783606035541,374.9778937727972,81447700,-0.007470317711577357,-0.033496641741616484,-0.0035725398894531635,0.01029285611922124,0.011387783914786611,378.18188629150393,363.90235778808596,1.0392399999555195,47.22041199536091,3.0116574168160355,4.48649911330167,-1.4748416964856341,1.0894416744676416,4.159354838709677,299.2418064516129,22.83,3.5,1
2022-12-12,378.7853088378906,378.7853088378906,373.5253169004451,374.189918410177,75405800,0.014417484020029958,-0.0016014387449883039,0.0011041794523092285,0.011568925137308884,0.011648655851869898,378.2027755737305,364.6955358886719,1.0370370304976309,54.05961572993356,2.9273110123311312,4.174661493107562,-1.247350480776431,1.0212156813618773,4.181612903225807,299.3954838709677,25.0,3.5,1
2022-12-13,381.6526184082031,389.74196862339903,378.8992033259832,389.48562607620295,123782500,0.007569748623855954,0.02066875795332046,0.017336378239792394,0.008659607591087172,0.011576550739174003,378.52796173095703,365.3669909667969,1.036021236426791,52.01324952139918,3.056599225111995,3.951049039508449,-0.8944498143964541,1.6194860348644307,4.189032258064516,299.44670967741934,22.55,3.5,0
2022-12-14,379.2125549316406,385.0042397963437,376.2787406504,381.3108436618965,108111300,-0.006393414741236447,0.015871535226994027,0.0022837256257681737,0.009647396138847134,0.011541372782236591,378.5711639404297,365.77392822265625,1.0349867356045765,47.06572359413569,2.928411431010943,3.746521517808948,-0.8181100867980051,1.4007857573766143,4.196451612903226,299.49793548387095,21.14,3.5,0
2022-12-15,369.9363708496094,375.2723064084485,368.28432746344345,374.3703120452637,117705900,-0.024461700862471236,-0.01668167079043492,-0.014717375110185227,0.015056840532718017,0.012696517803619337,378.294873046875,366.0120532226563,1.0335585118470039,39.61401977741212,2.0546266919833442,3.4081425526438274,-1.3535158606604831,1.4779948645705974,4.203870967741936,299.54916129032256,22.83,3.5,0
2022-12-16,365.56884765625,368.7259745587609,363.4418577702044,367.3906387116192,119858000,-0.011806147049906901,-0.0209772606723152,-0.02336146100851988,0.015478351863409658,0.01293180578903787,377.85764770507814,366.2366943359375,1.0317307182728148,40.82941263484484,0.9982165512010397,2.9261573523552697,-1.92794080115423,1.463342660782513,4.211290322580645,299.60038709677417,22.62,3.5,0
2022-12-19,362.4689025878906,366.0934184203677,360.8092731762787,365.759577222778,79878100,-0.00847978455558751,-0.04307560475367578,-0.036020056827298585,0.011490777797405462,0.012960503408014488,377.1804473876953,366.5970129394531,1.0288693962980822,39.12447279839624,-0.0881199639956094,2.323301889085094,-2.4114218530807032,0.983057303401554,4.233548387096774,299.75406451612906,22.42,3.5,1
2022-12-20,362.9649353027344,364.5768857232749,360.399169443206,361.7154394063112,74427200,0.0013684835065912448,-0.04896516414170393,-0.031178060584427514,0.009446607102730256,0.012970540454828218,376.5964111328125,367.0198529052734,1.0260927526174197,24.596079712596293,-0.8986645389456385,1.6789086034789475,-2.577573142424586,0.9030895548964845,4.240967741935484,299.8052903225807,21.48,3.5,1
2022-12-21,368.3921508789063,369.5176461213456,365.01563604345074,365.5497703655622,78167400,0.01495245145828017,-0.02853387608615665,-0.02974836578376494,0.014777514920410215,0.01306529071119779,376.03165740966796,367.59453247070314,1.022952259061789,32.51026753023402,-1.0905251196369932,1.1250218588557594,-2.2155469784927524,0.9383740714910687,4.248387096774193,299.8565161290323,20.07,3.5,0
2022-12-22,363.1365661621094,368.3730029019242,357.4613534216276,365.3589430278992,100120900,-0.014266277672470018,-0.01838101150174376,-0.04957942069136945,0.011976969691927632,0.013233245712626494,375.0844924926758,368.08650756835937,1.019011794185411,29.786473916899027,-1.647664524998504,0.5704845820849067,-2.218149107083411,1.1793656219660644,4.255806451612903,299.9077419354839,21.97,3.5,1
2022-12-23,365.2254638671875,365.3685303577384,360.57083998702353,362.1160163012456,59857300,0.0057523750008299235,-0.0009393135965058974,-0.04389842035670455,0.011552935508844795,0.013353237709669912,374.246044921875,368.441572265625,1.015754119766011,36.51800317826142,-1.8987572390504397,0.07663621785783742,-1.9753934569082772,0.6931180841750333,4.263225806451613,299.9589677419355,20.87,3.5,0
2022-12-27,363.78521728515625,365.4543943707275,362.116040199585,365.111034770745,51638200,-0.0039434451442164065,0.0036315244918050382,-0.03222589406659082,0.01089300632254551,0.012964358112908804,373.6403610229492,368.926201171875,1.0127780565221443,39.55046524852678,-2.188735506016144,-0.3764381269169589,-1.812297379099185,0.6036217280302935,4.292903225806452,300.163870967742,21.65,3.5,0
2022-12-28,359.2640686035156,365.6832559480354,359.03516224980564,363.7183696822059,70911500,-0.01242807147409919,-0.01019620998962889,-0.04260915885266303,0.01235381774566225,0.013190581633686527,372.8408996582031,369.14589721679687,1.0100095991023197,36.61807196426772,-2.7516450344419354,-0.8514795084219543,-1.9001655260199812,0.820000749329073,4.300322580645162,300.2150967741936,22.14,3.5,1
2022-12-29,365.73095703125,366.5989324853657,361.5723070042855,362.0969229072174,66970900,0.018000376305016053,-0.007223807134075111,-0.055139301899084336,0.013427183255342904,0.011634711183302372,371.7737503051758,369.41308837890625,1.0063903039727933,40.631856651722714,-2.6454361005466467,-1.210270826846893,-1.4351652736997538,0.8108095674001063,4.307741935483871,300.2663225806452,21.44,3.5,0
2022-12-30,364.767578125,364.9106445983467,360.9523169257117,363.0602696961742,84022200,-0.0026341191187917445,0.004491456148655981,-0.05693439042194648,0.01150589683304296,0.011625002621752038,370.6726699829102,369.71095275878906,1.0026012678741183,42.01923782121804,-2.6089272918617894,-1.4900021198498723,-1.118925172011917,1.0125746621696128,4.315161290322581,300.3175483870968,21.67,3.5,0
2023-01-03,363.2319641113281,368.5828541871979,360.3800364563273,366.6179969189832,74850700,-0.0042098423921482775,-0.005458271542053028,-0.05981996237347731,0.011327435349453806,0.011621445129931568,369.5171188354492,370.03678161621093,0.9985956456044937,34.522813159368425,-2.673091282821929,-1.7266199524442836,-0.9464713303776453,0.9077855007211885,4.345483870967742,300.48645161290324,22.9,3.5064516129032257,1
2023-01-04,366.0362243652344,368.05830845065526,362.44986897863134,365.4829951067627,85934100,0.007720301435384602,0.006187736535521848,-0.035205349186684165,0.011773040331656553,0.011295256876861856,368.8492858886719,370.2500714111328,0.9962166502301482,34.440548383722685,-2.469197964512489,-1.8751355548579247,-0.5940624096545641,1.0367697903582114,4.353225806451613,300.5196774193549,22.01,3.509677419354839,0
2023-01-05,361.8584899902344,364.2048677167,361.26712910136496,364.0904145263557,76970500,-0.011413445164463853,0.007221488630364314,-0.032267465965174824,0.011482645659846856,0.01113668811596503,368.24600677490236,370.29283813476565,0.9944723981965907,33.28789845156986,-2.6145800388909493,-2.0230244516645297,-0.5915555872264195,0.9291880492006523,4.360967741935484,300.55290322580646,22.46,3.5129032258064514,1
2023-01-06,370.1566467285156,371.2726234910969,361.8870839779012,364.9392756207187,104189600,0.022932049317138326,0.012100943636793371,-0.008388313898628152,0.013319938995945347,0.012411705826439405,368.0894439697266,370.3866821289063,0.9937977301290218,50.2161999607018,-2.0367263683115766,-2.0257648349939394,-0.010961533317637162,1.2293847324083826,4.368709677419355,300.5861290322581,21.13,3.5161290322580645,0
2023-01-09,369.9468688964844,375.5171770773959,369.7656707294841,372.3409551357516,73978100,-0.0005667271785750883,0.014198879182484525,-0.016653766202709752,0.013152573804251113,0.01226148013844403,367.7761764526367,370.5314001464844,0.9925641289975468,54.67888460040689,-1.5775158680674508,-1.9361150416086417,0.35859917354119086,0.8661385287056839,4.391935483870967,300.6858064516129,21.97,3.5258064516129037,1
2023-01-10,372.5411682128906,372.607942270048,368.4302265858901,369.3649760616946,65358100,0.007012626770284136,0.02562881304881337,-0.0023048261511666723,0.012582775341203582,0.012272483874612375,367.73314514160154,370.76674072265627,0.9918180482555097,60.882056976757966,-0.9928055207774946,-1.7474531374424123,0.7546476166649176,0.7724912319519037,4.399677419354839,300.71903225806454,20.58,3.5290322580645164,1
2023-01-11,377.2530822753906,377.3294038131555,373.3043013861297,374.1150503530879,68881100,0.012648035880446162,0.030644119798820757,-0.004045105569698171,0.013021050509625084,0.01216868408070352,367.6565338134766,370.9246588134766,0.9911892484838992,64.1480481366159,-0.14750591582640027,-1.42746369311921,1.2799577772928097,0.8172822051269638,4.4074193548387095,300.7522580645161,21.09,3.532258064516129,1
2023-01-12,378.6265258789063,380.0858621719183,374.2962252313301,378.34994039060064,90157700,0.0036406424971582307,0.04633865544822369,-0.007928918559285791,0.00910378931653099,0.01206910369085657,367.5052291870117,371.16340576171876,0.9901440268142826,61.018603092410885,0.6260092862343072,-1.0167690972485066,1.6427783834828138,1.091504978726248,4.4151612903225805,300.78548387096777,18.83,3.535483870967742,1
2023-01-13,380.0954284667969,380.66772351572655,375.1737376190185,375.4408047607676,63903900,0.003879555412766633,0.02685020470690258,0.002328175909986463,0.004901880618811218,0.012015900966752823,367.5493728637695,371.463623046875,0.9894626285314309,69.8792594733664,1.3420831206580033,-0.5449986536672047,1.887081774325208,0.7949326942083047,4.422903225806452,300.8187096774193,18.35,3.5387096774193547,0
2023-01-17,379.3991394042969,381.7455462351786,378.7219386237428,380.0763692929868,62677300,-0.0018318796027320117,0.025550346015922987,0.02557944906296994,0.005298504260710701,0.010548794320269025,368.0225112915039,371.9331579589844,0.9894856197039799,67.17519368378234,1.8322708079339804,-0.06954476134696763,1.9018155692809482,0.8073055801284016,4.453870967741936,300.9516129032258,19.36,3.5516129032258066,0
2023-01-18,373.40924072265625,381.64067358456566,373.2089476072384,380.5819522949304,99632300,-0.015787855215079083,0.0023301384755136656,0.021447103922210164,0.010483215458465908,0.01084295900776527,368.4145309448242,372.35619384765624,0.9894142679295816,60.503890996150965,1.7176137358064238,0.2878869380837107,1.4297267977227133,1.3002354085614538,4.461612903225807,300.98483870967743,20.34,3.554838709677419,0
2023-01-19,370.69085693359375,373.0181398927505,369.3745869323046,371.3775761257745,86958900,-0.007279904974503704,-0.017394756067245387,0.022683199267582665,0.008268999328413,0.010790255205726016,368.82562866210935,372.62345947265624,0.9898078590759647,62.98234847460447,1.391357622210819,0.5085810749091324,0.8827765473016866,1.129623977637423,4.469354838709678,301.018064516129,20.52,3.5580645161290323,1
2023-01-20,377.5964660644531,377.7490800298585,370.4428501693495,372.08341391228544,91806400,0.018629024702641717,-0.00272051677325591,0.04031114121124446,0.012908885020652128,0.011474900590326652,369.5572052001953,372.9604760742188,0.9908749824918547,63.34773124718067,1.6707627331408617,0.7410174065554782,0.9297453265853834,1.179282731372662,4.477096774193549,301.05129032258066,19.85,3.5612903225806454,1
2023-01-23,382.1270751953125,384.05377185885095,377.443838004556,378.3976534216192,84178800,0.01199854749193019,0.00534509645830461,0.03728343365524367,0.014053941021789805,0.011317895121966362,370.24395141601565,373.34917724609375,0.9916827837870624,68.0772007789738,2.2320459531899814,1.039223115882379,1.1928228373076024,1.077144987663136,4.500322580645162,301.15096774193546,19.81,3.570967741935484,0
2023-01-24,381.7169494628906,382.6230566629975,379.2751842732551,380.4579061003212,59524900,-0.001073270540205118,0.006109160031920524,0.05116637935185708,0.014017809722237677,0.010693787134082774,371.1729705810547,373.8791192626953,0.9927619689300187,69.71126060221079,2.6136447600073893,1.354107444707381,1.2595373153000082,0.781986366943039,4.508064516129033,301.1841935483871,19.2,3.574193548387097,1
2023-01-25,381.8599853515625,382.19382654932406,375.383570904274,377.66320358749766,84800300,0.00037471715330728017,0.022631321636688906,0.04554589734308356,0.010520201647751554,0.010676682554979977,372.00469665527345,374.02150756835937,0.9946077675420382,67.88877703173117,2.894243329003359,1.6621346215665769,1.2321087074367822,1.0960745353898014,4.515806451612903,301.2174193548387,19.08,3.57741935483871,1
2023-01-26,386.0567932128906,386.2189546426973,381.55478324321655,384.5116168819161,72287400,0.010990436344002541,0.041452158832311126,0.061221772819527676,0.008339774501369225,0.010740303629648206,373.11827545166017,374.17529296875,0.997175073990847,77.34441276396757,3.415890774231457,2.012885852099553,1.4030049221319039,0.9220362798420173,4.523548387096774,301.2506451612903,18.73,3.5806451612903225,1
2023-01-27,386.9438781738281,389.3093511729623,384.8073406959908,385.0171812774313,68346200,0.002297809484337554,0.02475503069930607,0.07704586121820034,0.006132103541347495,0.010111140562952944,374.5022659301758,374.41119262695315,1.0002432440723357,72.78633492620011,3.856425997157487,2.3815938811111397,1.4748321160463473,0.8731942813901412,4.531290322580645,301.2838709677419,18.51,3.583870967741936,0
2023-01-30,382.08892822265625,386.4192585227362,381.79324776134285,384.1968522201886,74202000,-0.012546909836342879,-9.982797643104391e-05,0.044726788577562404,0.008437809585822586,0.01015492220142773,375.3201644897461,374.4860009765625,1.0022274891745175,64.63556300077764,3.7703373466824246,2.6593425742253967,1.110994772457028,0.9436493127410525,4.554516129032258,301.3835483870968,19.94,3.5935483870967744,1
2023-01-31,387.7069091796875,387.7545883082666,382.260602078399,382.60399077183433,86811800,0.014703333548983233,0.015692150231278124,0.06288752737455883,0.01060391905405921,0.010452674729107887,376.46713104248045,374.7308953857422,1.0046332866548167,67.03823042758862,4.108080191495787,2.949090097679475,1.1589900938163122,1.1020571200573093,4.562258064516129,301.41677419354835,19.4,3.596774193548387,1
2023-02-01,391.8273010253906,394.5647752993934,383.7675794638579,386.4954771624324,101459200,0.010627594577618193,0.026102016592944643,0.07872472617882886,0.010916452704565767,0.01043263910867278,377.8968978881836,375.08117431640625,1.0075069711960594,66.59422999142436,4.654570029778938,3.2901860840993677,1.3643839456795703,1.266610347461697,4.57,301.45,17.87,3.6,1
2023-02-02,397.5312194824219,398.9905560204561,393.8113448862697,395.699880930703,101654500,0.01455722570148743,0.029722119831223193,0.08604338319740035,0.01148974304280697,0.010675398359428824,379.47164764404295,375.51154052734375,1.0105458998973451,69.59279733360151,5.484701489054203,3.7290891650903353,1.7556123239638675,1.2567167703376048,4.572857142857143,301.46325,18.73,3.5964285714285715,0
2023-02-03,393.3057556152344,397.7123777653695,392.1039389895125,392.580846652655,94736800,-0.010629262961256214,0.01644134408181097,0.08690487164153216,0.013744041614742407,0.010616351433319033,381.044010925293,375.88474243164063,1.0137256661717005,62.95116163012376,5.735511623137427,4.130373656699754,1.605137966437673,1.1584735684178238,4.575714285714286,301.4765,18.33,3.592857142857143,0
2023-02-06,390.9022216796875,392.29481336773335,389.2521393751864,390.86409001480433,60295300,-0.00611110796430403,0.023066079140339424,0.05604539357735039,0.012085213124654829,0.00988448474752465,382.08128967285154,376.1090423583984,1.0158790314558885,60.91212642483567,5.674918432781396,4.439282611916083,1.2356358208653138,0.7576447349324695,4.5842857142857145,301.51625,19.43,3.5821428571428573,1
2023-02-07,396.0146179199219,397.2545662956194,388.74654923536696,389.98649761106446,90990700,0.013078452760556525,0.021427806787895243,0.07046349412604869,0.011764186348921957,0.010109916083899427,383.3846771240234,376.38773742675784,1.0185897121545495,71.80710973724884,5.970600181064981,4.745546125745863,1.2250540553191183,1.1312582692863815,4.587142857142857,301.5295,18.66,3.5785714285714287,0
2023-02-08,391.684326171875,395.3851349400619,390.9975778529523,394.0497990721952,76227500,-0.010934676529851028,-0.0003648925257159208,0.05138534903623038,0.012775488828358165,0.010564185048481136,384.34183502197266,376.58153564453124,1.0206072221893712,69.6412847462931,5.788782263995017,4.954193353395694,0.8345889105993232,0.9413516118535405,4.59,301.54275,19.63,3.575,0
2023-02-09,388.2887268066406,395.4232768287697,387.06784419886776,395.27066286428095,78694900,-0.008669224521750118,-0.023249727877510562,0.029252629202361602,0.010097471640441287,0.010568346182089707,384.8936172485352,376.82933227539064,1.021400364256281,60.70678129152206,5.30948927688155,5.025252538092865,0.2842367387886844,0.965968693712106,4.592857142857143,301.556,20.71,3.571428571428572,1
2023-02-10,389.1948852539063,389.5764056327525,386.3048254496405,387.1155453391367,70769700,0.0023337232958529075,-0.0104520981517231,0.027912358624287315,0.009840360293274723,0.010558421143836703,385.42203521728516,377.1081640625,1.0220463833644484,57.63134863833954,4.945753971923523,5.009352824858997,-0.06359885293547407,0.8791492055573099,4.595714285714286,301.56925,20.53,3.567857142857143,1
2023-02-13,393.76361083984375,393.89715897184107,389.3856015126722,389.8434433976301,64913500,0.011738914767486897,0.007319961364918859,0.03595987046774196,0.011153753862256642,0.010797916065493823,386.1054443359375,377.24195739746096,1.0234954960991731,61.935343031697165,4.968871042166029,5.0012564683204035,-0.032385426154374564,0.805894144168191,4.604285714285715,301.609,20.34,3.5571428571428574,0
2023-02-14,393.58245849609375,395.8811283329061,389.6431956576046,392.2470934532471,88389300,-0.00046005354167599766,-0.006141590016558229,0.037383635382163494,0.009096750291584178,0.010777813831558843,386.81461029052736,377.37782287597656,1.0250062055651112,61.60538512202933,4.915906496647551,4.984186473985834,-0.06827997733828273,1.0801045824218338,4.607142857142858,301.62225,18.91,3.553571428571429,1
2023-02-15,394.8605346679688,394.9368270971994,390.5588176281302,391.39817989035606,61555700,0.0032472894670119157,0.008109102876636465,0.05744714272147644,0.007344096754438376,0.00994249670500754,387.88717498779295,377.5481738281251,1.0273845879185066,59.25040194601519,4.920343125731051,4.971417804334878,-0.05107467860382631,0.77011827445925,4.61,301.6355,18.23,3.55,0
2023-02-16,389.42376708984375,393.8399372390062,389.2902480643342,389.91022227936105,76431500,-0.013768830006515409,0.0029231862911343054,0.05053512868164933,0.009242222292989042,0.010386210928181623,388.82382049560545,377.7487915039063,1.029318502774309,52.37831550838136,4.434044573900735,4.863943158248049,-0.4298985843473142,0.9625670402255206,4.612857142857143,301.64875,20.17,3.5464285714285717,0
2023-02-17,388.4508666992188,388.6893205477336,385.3890983264304,387.3062765830932,89257800,-0.0024983076864963927,-0.001911686362995546,0.028746033425304685,0.009270580779539375,0.009714136012507084,389.3665405273438,378.0393273925782,1.0299630549363525,56.59222371338625,3.9249007249364922,4.676134671585738,-0.7512339466492461,1.1259064647116248,4.615714285714286,301.66200000000003,20.02,3.5428571428571427,0
2023-02-21,380.6581726074219,385.4940235203808,380.4006529363916,384.4448207915137,82655900,-0.020060951744074518,-0.03328250217045137,-0.0038440159916431904,0.009798249501916781,0.010497631201178657,389.29309539794923,378.18673278808603,1.029367404107448,43.01109822098043,2.8596312208475183,4.312833981438095,-1.4532027605905764,1.0436318726034244,4.627142857142857,301.71500000000003,22.87,3.5285714285714285,0
2023-02-22,380.1336059570313,382.6039844039341,378.68378788820354,381.06832644021057,83742300,-0.0013780517223560551,-0.03417035553477521,-0.004147951795400284,0.009659521589637423,0.0104992781582518,389.21392822265625,378.26516052246103,1.0289446897120336,37.51533788305617,1.9505841988566317,3.8403840249218026,-1.889799826065171,1.0414269221363242,4.630000000000001,301.72825,22.29,3.525,1
2023-02-23,382.1556396484375,383.6245233532482,377.94931070384274,383.0140675924474,96242400,0.005319271066065001,-0.03217565166449121,0.0007742479134147384,0.01023078450385794,0.010570391876004368,389.2287109375,378.4402374267579,1.0285077337021544,32.1837178233192,1.3774408242596223,3.3477953847893667,-1.9703545605297443,1.1884239722747503,4.632857142857144,301.74150000000003,21.14,3.521428571428572,0
2023-02-24,378.0733642578125,378.9031790234191,375.45991929796907,377.1577095966057,108194400,-0.010682232491401877,-0.029146661789167583,-0.020679415815060276,0.009763271656654214,0.010505001913617569,388.8295394897461,378.42599853515634,1.0274916126134586,32.290870592275795,0.5870479403602076,2.7956458959035353,-2.2085979555433277,1.3070339340242287,4.635714285714286,301.75475,21.67,3.517857142857143,1
2023-02-27,379.3610229492188,382.7566035647617,378.4262733452024,381.4021728412389,80444700,0.0034058434503421164,-0.023400240620491064,-0.019596783028061893,0.01059327165008607,0.01052616436530507,388.4503967285156,378.38016662597664,1.0266140537764847,36.22482505205102,0.06382346322510557,2.2492814093678493,-2.1854579461427437,0.9647556749690092,4.644285714285715,301.7945,20.95,3.507142857142857,0
2023-02-28,377.95892333984375,380.8394355489377,377.85398850305495,378.8841254999914,96438600,-0.003695950623695876,-0.007091005689143337,-0.010809014807165007,0.006318153453568488,0.010193126581499273,388.243896484375,378.3550939941407,1.0261363006530246,26.355131222949197,-0.4586859787337403,1.7076879317475313,-2.166373910481272,1.1413483527047206,4.647142857142858,301.80775,20.7,3.503571428571429,0
2023-03-01,376.5090942382813,378.3690459735666,375.2119192229247,377.1481633851746,99706800,-0.0038359435696107003,-0.009534836336358321,-0.028882165048589425,0.006410357809414382,0.00956178446315997,387.6840057373047,378.48654846191414,1.0243006186422396,28.505664252961907,-0.9784881652507238,1.1704527123478803,-2.148940877598604,1.171091286917471,4.65,301.821,20.58,3.5,1
2023-03-02,379.4373474121094,380.2767097219892,374.2104279148554,374.5442691664858,85127800,0.007777377010646402,-0.0071130501667561186,-0.03162095540779675,0.007153412461738455,0.00939250289599999,387.06450805664065,378.7639184570313,1.0219149427786665,37.29461877986428,-1.1409968825271335,0.7081627933728776,-1.849159675900011,1.009538206458567,4.655806451612904,301.85403225806454,19.59,3.496774193548387,1
2023-03-03,385.5226440429688,385.770645358477,380.6009531474197,381.2495406253721,90120000,0.016037684936296426,0.01970326526381938,-0.030207880163696355,0.008368658532492511,0.00953104873459074,386.46407928466795,379.2249932861329,1.0190891584855881,45.41111290770362,-0.7698789453670543,0.41255444562489124,-1.1824333909919456,1.076101075169696,4.661612903225807,301.88706451612904,18.49,3.4935483870967743,1
2023-03-06,385.7896423339844,388.6320221621476,385.3508954840432,386.3428423527684,72795900,0.0006925618900501807,0.01694591430292003,-0.019110102443054333,0.008498735316918053,0.009292864731851865,386.0882736206055,379.6814874267579,1.0168741073926695,38.835292458755816,-0.44904447058382857,0.24023466238314728,-0.6892791329669758,0.8807759637704827,4.679032258064517,301.9861612903226,18.61,3.4838709677419355,0
2023-03-07,379.8759765625,385.98041724691313,379.26554995893696,385.74196344230734,108310600,-0.015328731315095379,0.005072120551397941,-0.028207169224590878,0.011854847313983705,0.009779532554719798,385.5369613647461,379.9111639404298,1.0148081919098288,33.46349947864813,-0.6643065308511495,0.05932642373628791,-0.7236329545874375,1.2734857525822894,4.68483870967742,302.01919354838714,19.59,3.4806451612903224,1
2023-03-08,380.49603271484375,381.2495258844479,378.2736266459541,379.9905117430244,74746600,0.0016322594493989317,0.010589222246087937,-0.03918689993462854,0.011537251042865845,0.009206771811056037,384.7610321044922,380.25835327148445,1.0118411043288589,32.39001052043993,-0.7759255285278073,-0.10772396671653113,-0.6682015618112761,0.8873232773763999,4.690645161290323,302.05222580645164,19.11,3.47741935483871,0
2023-03-09,373.4759826660156,382.9378449248864,372.4935538973947,381.2781862155012,111945300,-0.01844973257339899,-0.015711064782505613,-0.04648729165095411,0.014037303310592858,0.009730919363831251,383.8506149291992,380.42336364746103,1.009009045209206,31.179614024649766,-1.4145378465168505,-0.369086742676595,-1.0454511038402554,1.3013235754572974,4.696451612903226,302.0852580645161,22.61,3.4741935483870967,0
2023-03-10,368.08685302734375,375.0020137102081,366.5702902464224,372.93222177410377,189253000,-0.014429655155338783,-0.04522637330138701,-0.05202796884020011,0.009561198864397158,0.010009619011686155,382.84052124023435,380.50939636230476,1.0061263267089204,28.236416840286978,-2.328657122709785,-0.7610008186832331,-1.567656304026552,2.0671619839590774,4.702258064516129,302.11829032258066,24.8,3.470967741935484,0
2023-03-13,367.5623168945313,372.3600366700291,363.0698541646436,364.1762836068756,157790000,-0.0014250335987237017,-0.047246798356689323,-0.05558286909464949,0.009047864746195306,0.009946800116838482,381.75889282226564,380.67536132812506,1.0028463399636904,33.429867747852114,-3.0601533739376237,-1.2208313297341113,-1.8393220442035123,1.6453064788673943,4.719677419354839,302.21738709677425,26.52,3.4612903225806453,1
2023-03-14,373.6380920410156,375.2786555832206,369.1742141464636,372.4648886988362,149752400,0.016529918512369512,-0.016420844976644866,-0.05111066194233427,0.013914258635027097,0.01036449806977378,380.7526168823242,380.83350402832036,0.99978760496348,42.79359713755013,-3.1137122100924444,-1.599407505805778,-1.5143047042866664,1.4953549875905,4.725483870967742,302.25041935483875,23.73,3.458064516129032,0
2023-03-15,371.30126953125,371.5015626213284,365.9885105986922,368.06785035886526,172996900,-0.00625424055936219,-0.02416520119274046,-0.05661123478414598,0.013670368777563216,0.010383421392642386,379.63855743408203,380.96417785644536,0.9965203541450481,38.04122408028552,-3.306603553042976,-1.9408467152532176,-1.3657568377897582,1.6574485010504867,4.731290322580645,302.28345161290326,26.14,3.454838709677419,1
2023-03-16,377.8158264160156,378.1592151165088,368.4493807575096,368.9549017850136,143254200,0.017545204984054985,0.01162014145868362,-0.043166401185891545,0.014157998242573806,0.011279454660099213,378.78632202148435,381.25585510253916,0.9935226356579084,49.73069192931038,-2.9003674058229763,-2.1327508533671695,-0.7676165524558067,1.3207978159392895,4.737096774193549,302.3164838709678,22.99,3.4516129032258065,0
2023-03-17,373.3981323242188,377.62051539098667,372.019393803673,376.4907246980815,140553400,-0.011692718470010521,0.014429418636368707,-0.04115217436620322,0.01337630295936285,0.011175911840936833,377.98504028320315,381.4030932617188,0.9910382137982027,44.147690309687896,-2.901447247593751,-2.286490132212486,-0.614957115381265,1.2586896064126691,4.742903225806452,302.3495161290323,25.51,3.4483870967741934,1
2023-03-20,376.9886169433594,377.4003451216976,373.4747707102602,374.1736947061335,93055800,0.009615700530668292,0.025645447358339624,-0.029507592178278697,0.013386747120218463,0.011474036066265474,377.4119277954102,381.7056958007813,0.9887511031336244,49.08691049798772,-2.5828079261140715,-2.345753690992803,-0.23705423512126833,0.8319223718635553,4.760322580645162,302.4486129032258,24.15,3.438709677419354,1
2023-03-21,381.9385681152344,382.4172958540839,378.750225011732,380.3396046110191,91524200,0.01313024040887334,0.02221528332102607,0.0033636359336306487,0.012734616017211799,0.011029813692141562,377.47594757080077,381.9413342285157,0.9883087106381545,54.79353730737663,-1.90886012576118,-2.258374977946479,0.3495148521852989,0.8149990340585308,4.766129032258065,302.4816451612904,21.38,3.435483870967742,0
2023-03-22,375.4278869628906,385.3662803866766,375.3896097781942,381.7662673371417,111746600,-0.017046409281137098,0.011113932997994569,-0.012379118605663653,0.01559895058690214,0.011686603942793444,377.24066162109375,382.0509545898438,0.9874092894914653,46.67075150977016,-1.878455529366704,-2.182391088230524,0.3039355588638202,0.9828198738469435,4.771935483870968,302.5146774193549,22.26,3.432258064516129,1
2023-03-23,376.4428405761719,382.302464320468,373.74280870365055,378.2811390116393,119351300,0.00270345823665874,-0.0036340082755875747,-0.014948880716561197,0.013203303261942275,0.011631879084663484,376.9550216674805,382.1289880371094,0.9864601573510395,41.76739053559946,-1.752262403162149,-2.096365351216849,0.3441029480547,1.0391437757511237,4.777741935483872,302.5477096774194,22.61,3.429032258064516,1
2023-03-24,378.9130554199219,378.9992229180059,372.8332064884797,375.169400500622,107682400,0.006561991828478275,0.01476955190261764,0.0022209741322500864,0.011842964861760027,0.01149035997673434,376.99700622558595,382.1621875000001,0.9864843214651786,44.0045700346637,-1.4363701668546582,-1.9643663143444108,0.5279961474897525,0.937756371221501,4.783548387096775,302.5807419354839,21.74,3.425806451612903,1
2023-03-27,379.6215515136719,381.9481907671168,378.7311248416953,381.18220877571866,74010400,0.0018698117777040668,0.006984122204167553,0.0006867562788281933,0.011251942512180906,0.011472739137452923,377.0100326538086,382.1820880126954,0.98646703882492,49.756033324847024,-1.1159891518205427,-1.7946908818396374,0.6787017300190947,0.6463332597140936,4.800967741935484,302.6798387096774,20.6,3.4161290322580644,0
2023-03-28,378.76953125,379.62165174258,376.9407871129394,378.9322823779248,62871700,-0.0022443938187244328,-0.008297242357253265,0.002144698431759018,0.009167598126458607,0.011452055073860937,377.0505630493164,382.15557006835945,0.986641547529636,48.35180010208386,-0.9202279884050313,-1.6197983031527163,0.699570314747685,0.5572261893836259,4.806774193548387,302.71287096774194,19.97,3.412903225806452,1
2023-03-29,384.2747802734375,384.5141441543579,381.7183611687493,382.9151805733512,77497900,0.014534561439694782,0.02356482727512832,0.020625493922974192,0.0063325597119846845,0.011843898215796515,377.43884735107423,382.2530828857423,0.9874056332042531,60.61608101288917,-0.31720176461834626,-1.3592789954458424,1.0420772308274961,0.6936839572600334,4.81258064516129,302.7459032258065,19.12,3.4096774193548387,1
2023-03-30,386.5248107910156,387.1471510443152,384.6673447173855,386.8982032553057,69840000,0.005855264599922583,0.026782207358260868,0.018678876571442293,0.00624221401812612,0.011794456475534627,377.79322052001953,382.5153942871095,0.9876549445130421,69.31830608343995,0.33835912738169327,-1.0197513708803354,1.3581104982620287,0.6294447664470609,4.8183870967741935,302.778935483871,19.02,3.4064516129032256,1
2023-03-31,391.9728088378906,392.2696177717363,387.3386974685205,387.44403279107553,112062600,0.014094821069120522,0.03446635905299056,0.016730962226444213,0.0074168014106938155,0.011671370681093992,378.1157287597656,382.9410333251954,0.9873993535674926,73.18408712926848,1.2827174011793545,-0.5592576164683974,1.8419750176477518,1.0000940634201638,4.824193548387097,302.8119677419355,18.7,3.403225806451613,1
2023-04-03,393.4664611816406,393.8685762431014,391.0632378438243,391.4557982166426,67391100,0.003810601934808533,0.03647029419895875,0.01989897603578039,0.007138395109910463,0.011689338865535017,378.49956970214845,383.2584332275391,0.9875831472635455,70.62756123795342,2.127133131420578,-0.021979466890602317,2.1491125983111803,0.6028806831021359,4.8453333333333335,302.87760000000003,18.55,3.413333333333333,0
2023-04-04,391.283447265625,394.3951783979073,389.91426336080593,394.1079241464662,66601500,-0.005548157546794941,0.03303833857577487,0.030029460684382503,0.008292013020373823,0.011160667413097977,379.0699432373047,383.4415606689454,0.9885989994824399,70.85430624722117,2.590328013592,0.5004820292059181,2.089845984386082,0.6071440926962347,4.853,302.89390000000003,19.0,3.42,0
2023-04-05,390.2589416503906,391.3121487439596,388.612116709327,390.555750574138,65200200,-0.0026183208678870473,0.015572610236599393,0.025658372482594283,0.007688799904656,0.01119921620487348,379.558088684082,383.6124005126954,0.9894312284399701,64.66693141791563,2.841983635575559,0.9687823504798464,1.8732012850957127,0.5969673146290557,4.860666666666667,302.91020000000003,19.08,3.4266666666666667,1
2023-04-06,391.7812805175781,392.05895083799805,388.4206018294357,389.4642249836437,63743300,0.0039008430165612396,0.013599307417822004,0.049013320002245564,0.007563566279555312,0.010191709793723013,380.47335357666014,383.8108264160157,0.9913043806749264,73.25591899986793,3.1282025808303615,1.4006663965499495,1.727536184280412,0.5967973937014358,4.868333333333333,302.92650000000003,18.4,3.433333333333333,1
2023-04-10,392.1833801269531,392.2599929388598,388.6982568850876,389.3110132842087,63681000,0.0010263369624086138,0.000537208919380916,0.0654642427498473,0.004134096325059553,0.009400090477696006,381.6781799316406,383.93335815429697,0.9941261206541213,70.90914741078689,3.3488754830647167,1.7903082138529032,1.5585672692118135,0.6334505268036233,4.899,302.99170000000004,18.97,3.46,1
2023-04-11,392.288818359375,393.68669574154086,391.5228653547117,392.8058527081015,59297900,0.00026884931326698336,-0.0029929941645572278,0.06727158995446958,0.0036130031306023727,0.009363620440623863,382.9145050048828,384.0402569580079,0.9970686615980258,66.43382463389887,3.4920145619535674,2.1306494834730363,1.3613650784805311,0.6202336805300602,4.906666666666666,303.00800000000004,19.1,3.466666666666667,0
2023-04-12,390.6897888183594,394.6345308679278,390.1057548634186,394.3472766248309,86420400,-0.004076153757588741,-0.0015172081809600169,0.04563693354764253,0.003137028438382542,0.008956344747174752,383.76708984375,384.21227416992195,0.9988413063400076,78.71040781131235,3.4368076140851826,2.3918811095954657,1.044926504489717,0.9348897014835923,4.914333333333333,303.02430000000004,19.09,3.473333333333333,1
2023-04-13,395.8791809082031,396.2334348165877,390.6323135315357,391.7716880699347,85814800,0.013282640699515236,0.01440130810083362,0.06619398691521194,0.006478798159889733,0.009042485535174522,384.99598541259763,384.37571960449225,1.0016136966422948,81.60023022039634,3.7683570083742666,2.667176289351226,1.1011807190230405,0.9742820833347762,4.922,303.04060000000004,17.8,3.48,0
2023-04-14,394.912109375,397.43022215552446,392.614221890679,395.2472246625358,78161500,-0.0024428451402382922,0.007991267100066146,0.045250309181488646,0.006840098159103054,0.008465385303106721,385.8507995605469,384.43741577148444,1.003676499037499,77.34849630924124,3.9080283829221685,2.9153467080654147,0.9926816748567537,0.9214398045868336,4.929666666666667,303.05690000000004,17.07,3.486666666666667,1
2023-04-17,396.3291931152344,396.348331709265,393.600438675659,394.82598073584927,66436400,0.0035883522095008225,0.010571108308922161,0.061411825089432215,0.006881118272767448,0.007804619604199312,386.99735260009766,384.4133752441407,1.006721871616241,77.88424906335375,4.085965303707212,3.1494704271937746,0.9364948765134375,0.8189936951080227,4.9526666666666666,303.1058,16.95,3.506666666666667,1
2023-04-18,396.587646484375,398.03341368331184,395.21849209052334,397.8993558840248,63560000,0.0006521179202296778,0.0109583243870639,0.05198838548475404,0.006857377400810511,0.007661581956513326,387.97730407714846,384.4790130615235,1.0090987827599973,80.33866669992226,4.1994282277441926,3.3594619873038583,0.8399662404403343,0.7980437131080563,4.960333333333333,303.1221,16.83,3.513333333333333,0
2023-04-19,396.5207214355469,397.4207029205089,394.6249486123977,394.6823936174116,55227300,-0.00016875222771406406,0.01492471209657964,0.03817931609334857,0.006149296631851728,0.007263128446623718,388.70641174316404,384.5913830566407,1.0106997422922428,75.59017959519974,4.235128198775556,3.5345952295981977,0.7005329691773579,0.7095896224478724,4.968,303.1384,16.46,3.52,0
2023-04-20,394.3568420410156,396.0994183553833,392.815323233928,393.7153338921518,75840400,-0.0054571659879393275,-0.0038454633145775796,0.050419683074837796,0.003396578935844412,0.00602952493630275,389.6528594970703,384.55822753906256,1.0132480118566447,66.42563279391925,4.042217532654888,3.636119690209536,0.4060978424453521,0.9974458340383303,4.975666666666666,303.1547,17.17,3.526666666666667,1
2023-04-21,394.6632385253906,395.122798546293,392.719604685716,394.6536546185458,73457400,0.0007769523733611727,-0.0006301930067509343,0.04840149947155625,0.003303039088461816,0.006041139366355314,390.5638793945312,384.61780578613286,1.0154596940623823,57.193939334593246,3.8694534251013124,3.6827864371878913,0.18666698791342107,0.9961688317764423,4.983333333333333,303.171,16.77,3.533333333333333,1
2023-04-24,395.0749206542969,395.4962034683657,393.1312868972539,394.4621350268415,64332100,0.0010431225630349594,-0.003164723877841613,0.04265322876369093,0.0027357338439674794,0.00596579899155244,391.37197265625,384.753529663086,1.0172017732987648,54.56499747091553,3.7228413348783533,3.690797416725984,0.03204391815236951,0.8988395595815957,5.006333333333333,303.2199,16.89,3.553333333333333,0
2023-04-25,388.8035888671875,393.667480074213,388.7461438640456,393.1121394182031,97766700,-0.015873778514523762,-0.019627584686993438,0.024187344782992115,0.007176702570560705,0.007195575543391071,391.8310745239258,384.7457037353516,1.0184157242557488,44.28752196836556,3.0652715907476136,3.5656922515303098,-0.5004206607826962,1.3436835874992665,5.013999999999999,303.2362,18.76,3.56,0
2023-04-26,387.1567687988281,390.4887251190853,386.6014573550663,389.4163794213185,80447000,-0.004235609226647119,-0.023615292040269353,0.022143379698860377,0.006866778704937976,0.007259528098777227,392.2504364013672,384.61356689453123,1.0198559545584884,43.05315987873851,2.383779488431344,3.329309698910517,-0.945530210479173,1.0924513818938952,5.0216666666666665,303.2525,18.84,3.566666666666667,1
2023-04-27,394.86431884765625,395.13240528174725,389.43553203327593,389.6844798717997,92968400,0.019908085483668847,0.0012868467148030582,0.027557204161781312,0.012917205310639758,0.007856960789756031,392.7799133300781,384.6392041015625,1.0211645332605412,55.40634408590642,2.437528648763191,3.150953488881052,-0.7134248401178609,1.2493653620023517,5.029333333333333,303.2688,17.03,3.5733333333333333,1
2023-04-28,398.2344665527344,398.244050458065,393.92591672212814,393.98336171566496,89433100,0.008534951233156063,0.009048798263266766,0.03029470666515599,0.013440589884843167,0.007959307550647225,393.3653961181641,384.7066827392578,1.022507312109197,59.610634601813146,2.7207054015791527,3.064903871420672,-0.34419846984151947,1.1862388069421812,5.037,303.2851,15.78,3.58,0
2023-05-01,397.8323669433594,399.85258413885225,397.602557741124,397.7940605397827,62122300,-0.0010097056963846995,0.006979552851635873,0.014948889242702768,0.01350357329180091,0.007400668330554943,393.6583740234375,384.87485473632813,1.0228217540819258,58.72234338522055,2.8794860179768307,3.027820300731904,-0.14833428275507332,0.8522145646472453,5.06,303.334,16.08,3.6,0
2023-05-02,393.361083984375,397.1717680701673,390.4695783796922,397.12387775512695,103998500,-0.011239113080060092,0.011721844261947556,-0.0002678174829671143,0.012102201758815767,0.007827818623994436,393.6531051635742,384.9730590820312,1.0225471520065341,53.854669878414505,2.6143885894465484,2.945133958474833,-0.33074536902828466,1.3917402504178291,5.0606451612903225,303.3559354838709,17.78,3.6,0
2023-05-03,390.6610107421875,396.2621316646499,390.4216468499389,393.85890883632186,91531800,-0.006864108708564465,0.009051222207044018,-0.0015907560817796096,0.012512196343014462,0.007882387551725196,393.62198333740236,385.17311584472657,1.0219352471528198,41.887374329241965,2.161507113706193,2.7884085895211053,-0.6269014758149121,1.2048092702544126,5.0612903225806445,303.377870967742,18.34,3.6,0
2023-05-04,387.89398193359375,389.9429216709352,386.56310465857086,389.617390281609,94901900,-0.00708294079139582,-0.017652486136008005,-0.006059975735073664,0.007666240953488031,0.008020947920662937,393.5037353515625,385.3283233642578,1.0212167429477441,39.667297493049226,1.5613212421276899,2.542991120042422,-0.9816698779147321,1.225218704906496,5.061935483870967,303.3998064516129,20.09,3.6,1
2023-05-05,395.0749206542969,396.1185437830316,391.25468204681897,391.51318454758655,87891800,0.0185126324592797,-0.00793388358819791,0.008406833864975871,0.011784866832989304,0.009023921080647104,393.6684173583984,385.586708984375,1.0209595097178283,48.42129037809135,1.6461357279598587,2.3636200416259094,-0.7174843136660507,1.1172989200279388,5.06258064516129,303.42174193548385,17.19,3.6,1
2023-05-08,395.1802368164063,395.6589646428425,393.7823597445963,395.4004621354889,50046800,0.00026657263370455375,-0.006666451368273596,0.00764146784721742,0.011812921972749458,0.00902299819327756,393.81826019287115,385.92884643554686,1.0204426640563182,48.22168649425694,1.7022277314671896,2.2313415795941656,-0.5291138481269759,0.6417669531720607,5.064516129032258,303.48754838709675,16.98,3.6,0
2023-05-09,393.447265625,394.557917748492,393.2174856060807,393.6387684535856,49220100,-0.004385267859969955,0.0002190904086192269,0.00295304686600506,0.010715214564269377,0.009086869490375763,393.87618255615234,386.2105712890625,1.0198482688899586,46.273471420610676,1.5885331351118452,2.1027798906977018,-0.5142467555858565,0.6352707352004774,5.06516129032258,303.50948387096776,17.71,3.6,1
2023-05-10,395.28558349609375,396.9036859335044,391.4748993691881,396.2717616781344,96142900,0.004672336121521958,0.011837814951434211,0.011763283324179863,0.010066006146533949,0.009081439899156203,394.10597229003906,386.5571044921875,1.0195284673599994,51.135048929474266,1.627999670304007,2.007823846618963,-0.37982417631495613,1.2331536716575349,5.065806451612903,303.5314193548387,16.94,3.6,0
2023-05-11,394.59619140625,394.8834164060592,392.5280837499432,394.4238564063645,70157100,-0.0017440354989586293,0.01727845696199437,-0.0032408612622916166,0.009039905911210705,0.008587176886482485,394.0418228149414,386.91884643554687,1.0184094841722346,49.918819231823754,1.5853738013040584,1.9233338375559823,-0.33796003625192395,0.9089806033582236,5.066451612903226,303.5533548387097,16.93,3.6,0
2023-05-12,394.0791320800781,396.0419335178112,391.6663545777214,395.8312921249624,70481500,-0.0013103505239855373,-0.0025205056614820975,-0.0021092726081257673,0.0033406695842230767,0.00857483009460911,394.0001739501953,387.21168212890626,1.0175317329889575,48.79736636871723,1.4926636294720765,1.8371997959392012,-0.3445361664671247,0.9177496730879348,5.067096774193548,303.57529032258066,17.03,3.6,1
2023-05-15,395.4387817382813,395.84089676313823,392.77705610324665,394.6823835658882,54289400,0.003450194510494553,0.0006542455765445876,-0.002246645950943593,0.0037957395650537263,0.008571782253491082,393.95565338134764,387.4100048828125,1.0168959201260566,59.09213321512809,1.5114791242242518,1.7720556615962115,-0.26057653737195974,0.7125451128794051,5.069032258064516,303.6410967741936,17.12,3.6,0
2023-05-16,392.7962036132813,395.25687179173696,392.7866197060623,394.3376932756012,57705500,-0.006682647851037005,-0.0016547630866984298,-0.009560163824323897,0.004545044099548735,0.008694936312579025,393.76608123779295,387.5501361083984,1.016039073529459,57.5223746203052,1.2981918224007813,1.6772828937571256,-0.37909107135634423,0.7603023000575772,5.069677419354838,303.6630322580645,17.99,3.6,1
2023-05-17,397.5643310546875,398.1675035867044,393.16961300605146,394.8068540314112,87287000,0.01213893463721094,0.005764813222985277,0.002631916978669935,0.007103249838744328,0.009139640603504466,393.81826171875,387.9039031982422,1.0152469683128846,53.90796575880985,1.4966556203161758,1.6411574390689359,-0.14450181875276003,1.126268103214297,5.070322580645161,303.6849677419355,16.87,3.6,1
2023-05-18,401.3941040039063,401.81538678686417,397.0281089980014,397.2483050759852,97177200,0.009633089917948423,0.017227517005245607,0.01784490900796576,0.007730775985135485,0.009272477951929268,394.17012481689454,388.3218646240234,1.0150603422718252,54.51317357595398,1.9406002485885097,1.7010460009728507,0.2395542476156589,1.236855879800822,5.070967741935484,303.70690322580646,16.05,3.6,0
2023-05-19,400.81005859375,402.8207211975793,399.594100500681,402.2941323052739,103793300,-0.0014550423245643929,0.017080139407899653,0.015574848296806554,0.007753268708135991,0.009287778535264022,394.4774658203125,388.8685461425781,1.0144236908162736,54.23129195060158,2.2197144944465776,1.8047796996675962,0.41493479477898143,1.2960437396796791,5.071612903225806,303.7288387096774,16.81,3.6,1
2023-05-22,400.9728088378906,402.5047435268616,399.5940705397391,400.8291963525048,60745400,0.000406053292952846,0.013994649374759582,0.014928530957687869,0.00786866361015076,0.009288043338272186,394.77236022949216,389.52626525878907,1.0134678850660244,62.32547382861019,2.426080780683378,1.9290399158707527,0.49704086481262544,0.7602165986685377,5.073548387096774,303.7946451612903,17.21,3.6,0
2023-05-23,396.4728088378906,400.9058331974647,396.0802485128697,399.33559189738094,86383500,-0.0112227061307274,0.009360083398945118,0.019725177931222415,0.009358553094883327,0.008899152837524658,395.1558212280273,390.10447509765623,1.0129487008040772,58.89253831980278,2.2011417652770433,1.983460285752011,0.21768147952503236,1.088827959737182,5.074193548387097,303.8165806451613,18.53,3.6,0
2023-05-24,393.6004333496094,395.2568421165078,392.441920213044,394.8738657064858,89213700,-0.007244823413490864,-0.009970456088357893,0.016643553903947117,0.007968353273928664,0.009017246367934694,395.4780044555664,390.50372192382815,1.012738118108663,58.70329152714976,1.7706878907194437,1.9409058067454976,-0.17021791602605396,1.1183226833216002,5.07483870967742,303.83851612903226,20.03,3.6,1
2023-05-25,397.0090026855469,398.4547701518932,394.8643112540631,397.0951701927873,90961600,0.008659973534403731,-0.01092467795271046,0.00543144501926518,0.007618084637912533,0.008067740474857239,395.5852386474609,391.01787658691404,1.011680698847874,53.33336839779933,1.68516758969389,1.889758163335176,-0.20459057364128608,1.141669162245956,5.075483870967742,303.86045161290326,19.14,3.6,1
2023-05-26,402.15045166015625,402.8685432906365,397.5833994092224,397.6599829933487,93830000,0.012950459409812654,0.0033442101505860578,0.009833365608256095,0.010232204067137018,0.008360024382053053,395.78103790283205,391.5045690917969,1.0109231645008783,60.236148483311005,2.0091043935350967,1.9136274093751604,0.09547698415993633,1.1744301657451026,5.0761290322580646,303.8823870967742,17.95,3.6,1
2023-05-30,402.3037109375,404.6015986704079,400.9249724539097,404.0750097467597,72216000,0.00038109935401298145,0.003319182922818742,0.011239266499342593,0.010232395337440366,0.008352389628153765,396.0046051025391,392.0826806640625,1.0100027994907455,63.639004032371716,2.252231069454808,1.98134814139109,0.27088292806371816,0.8982229201324647,5.078709677419355,303.97012903225806,17.46,3.6,0
2023-05-31,400.0728454589844,401.3845550121544,398.5121880889872,400.4845443720238,110811800,-0.005545227194939328,0.009080160204796517,0.017062596550287967,0.008791449470053662,0.008018252090934281,396.3401931762695,392.544365234375,1.009669806213186,57.28435397904624,2.239087702507902,2.0328960536144525,0.20619164889344965,1.3724622602232133,5.079354838709677,303.99206451612906,17.94,3.6,1
2023-06-01,403.8739318847656,404.9271388982078,399.05793134165066,400.3026119453019,88865000,0.009500985805273698,0.026101339492253572,0.03382196016304739,0.0075700177026904805,0.008021753370119868,397.00083923339844,392.98307250976563,1.0102237653595956,62.895928369574676,2.506494093395247,2.127615661570611,0.3788784318246359,1.1024603294478734,5.08,304.014,15.65,3.6,1
2023-06-02,409.7144165039063,410.4995078956091,405.9133165725639,406.43990546910896,91426200,0.014461157698108407,0.03200283553373939,0.05625360430069293,0.008608278858822668,0.008224925767642586,398.09186096191405,393.66880310058593,1.0112354797395464,68.93120152532414,3.1533440946954556,2.3327613481955805,0.8205827464998752,1.136685279009214,5.081333333333333,304.03383333333335,14.6,3.5966666666666667,0
2023-06-05,408.9292297363281,411.3420069584738,408.2302767368616,410.0590201580234,65460200,-0.001916424553175755,0.01685632341872978,0.03506754885652241,0.008321112515681548,0.007393781499471275,398.7845764160156,394.31853088378904,1.0113259844071159,66.56466798717845,3.561563879557525,2.5785218544679696,0.9830420250895555,0.8253639388677771,5.085333333333334,304.09333333333336,14.73,3.586666666666667,1
2023-06-06,409.8197021484375,410.3462910187096,407.8664846247956,408.5175766121595,64022200,0.002177570952028862,0.0186823810136445,0.03704503405830084,0.00819731436057975,0.0073859362021283,399.5165496826172,394.93666381835936,1.0115965071968205,71.84267118170453,3.9118414090672218,2.84518576538782,1.0666556436794017,0.8001826783526153,5.086666666666667,304.11316666666664,13.96,3.583333333333333,0
2023-06-07,408.4026794433594,411.3420751836078,407.9813966367141,410.21228457452565,85373300,-0.0034576734540812115,0.020820793210343025,0.03801122825088732,0.0076407076239933085,0.007347558688918955,400.26432037353516,395.5122863769531,1.012014883381026,65.21498848865006,4.0286571333883785,3.081880038987932,0.9467770944004466,1.0434647312286887,5.088,304.133,13.94,3.58,1
2023-06-08,410.8728942871094,411.3228995528132,407.7037188355954,408.4696715682205,61952800,0.006048478543570823,0.017329572051559605,0.039433036371207875,0.007178621538209745,0.007381325415943752,401.04368591308594,396.1543536376953,1.0123419879915347,63.83450669408007,4.271322977490286,3.319768626688403,0.9515543508018829,0.7733694797006553,5.089333333333333,304.1528333333333,13.65,3.5766666666666667,1
2023-06-09,411.6101684570313,413.6112472123868,410.6239903293828,411.6676134571485,85742800,0.0017944093664323812,0.004627008171451452,0.04311743858993511,0.0037368525480012617,0.007330062682315518,401.894384765625,396.7010614013672,1.0130912767057192,65.69281115308891,4.471583638390143,3.5501316290287512,0.921452009361392,1.060032944757941,5.0906666666666665,304.17266666666666,13.83,3.5733333333333333,1
2023-06-12,415.34423828125,415.4208510939883,411.86869890795646,412.5867906264367,76104300,0.009071860003401433,0.015687331886395484,0.05396151298072471,0.004741084662978694,0.007439781191494409,402.95764007568357,397.2774499511719,1.0142977914432592,68.9185725591653,4.875399314378853,3.815185166098772,1.0602141482800813,0.9376138840819899,5.094666666666667,304.23216666666667,15.01,3.563333333333333,1
2023-06-13,418.0825500488281,418.7240289138904,416.1389164228339,416.7995630994786,95899700,0.00659287288758259,0.020162153886388312,0.057262386382561425,0.004927576546636084,0.0074904205507368435,404.08982849121094,397.7996447753906,1.015812441761661,79.830698690177,5.354659836121243,4.123080100103267,1.2315797360179763,1.1519680667206615,5.096,304.252,14.61,3.56,1
2023-06-14,418.5804443359375,420.3804655912217,415.1431821385499,418.41769324198367,100612100,0.001190899469617257,0.024920906264498832,0.06564279513261662,0.003353486071789971,0.00716482759365254,405.37904052734376,398.3019244384766,1.0177682196711564,86.90228127865562,5.70884514715749,4.440233109514112,1.2686120376433783,1.178211723658732,5.097333333333333,304.27183333333335,13.88,3.556666666666666,1
2023-06-15,423.7698974609375,425.0145781797127,417.6709093443267,417.7666315386717,110303100,0.012397743839258624,0.03138927720263762,0.06591528555071813,0.004777913193644125,0.007182019323798417,406.68931884765624,398.9516534423828,1.0193949952043273,87.55699499840235,6.3352561655231625,4.819237720715922,1.5160184448072407,1.2745215738778257,5.0986666666666665,304.2916666666667,14.5,3.553333333333333,0
2023-06-16,422.3264465332031,426.31464161242656,421.8555599029222,425.7476478890072,114165800,-0.0034062139297362792,0.026035017833361707,0.0521491031395247,0.006302262382177862,0.007161140484349481,407.7359359741211,399.59300354003904,1.0203780655865917,81.59504745993063,6.638690294901835,5.183128235553105,1.45556205934873,1.3063324383076484,5.1,304.3115,13.54,3.55,0
2023-06-20,420.1352844238281,421.278891227802,418.0691141682308,420.3947764739272,76160400,-0.005188313749616702,0.01153512123438638,0.048215421284288684,0.007250129293380178,0.007318487396600098,408.702197265625,400.16008361816404,1.0213467409598302,76.24841760636954,6.625975438312025,5.471697676104889,1.154277762207136,0.8854573977885423,5.105333333333333,304.3908333333333,13.88,3.536666666666666,0
2023-06-21,417.9826354980469,419.9526987151209,417.39640282400495,419.1550715183668,76982300,-0.005123704210498237,-0.0002389828295144003,0.0424213968758993,0.007414380839740031,0.007499312085347755,409.5526885986328,400.67606872558594,1.0221541054380423,76.42440200780564,6.368782682650192,5.6511146774139505,0.7176680052362414,0.8866442290261003,5.1066666666666665,304.41066666666666,13.2,3.533333333333333,1
2023-06-22,419.4913940429688,419.5970912948508,416.69484536005575,417.0312054549048,70637200,0.003609620153536275,0.0021762834823220167,0.058058420885276796,0.007590431847662149,0.006813905785111582,410.70361785888673,401.2201202392578,1.0236366451761534,74.71398588498002,6.215056473875904,5.763903036706342,0.45115343716956247,0.8210093270891223,5.1080000000000005,304.4305,12.91,3.53,0
2023-06-23,416.3200378417969,418.0979160676343,415.60889828256654,416.050955630648,92074500,-0.007560003008898697,-0.017579964182867336,0.057722508836790754,0.004257941153911329,0.0068387950567428,411.83959808349607,401.73272521972655,1.0251582015337226,61.41763434326155,5.770803177746984,5.765283064914471,0.005520112832512858,1.0683967342099359,5.109333333333334,304.45033333333333,13.44,3.526666666666667,0
2023-06-26,414.6191101074219,417.66550238868285,414.3788570549921,415.75309747622674,72823600,-0.004085625431801465,-0.01824971296268396,0.04435694733054496,0.004263691747867394,0.0068609437868805264,412.72010345458983,402.10752380371093,1.0263923926378942,59.53301782602646,5.221290796809797,5.6564846112935365,-0.43519381448373995,0.8540037185203575,5.113333333333333,304.50983333333335,14.25,3.5166666666666666,1
2023-06-27,419.1647033691406,419.77973592551575,415.0419528273242,415.493629733563,72813700,0.010963298967433088,-0.0023101631561808222,0.04230817505922513,0.007621626481978756,0.006709706106798824,413.57081604003906,402.59257568359374,1.0272688594363781,63.94853812677246,5.093870692488338,5.543961827532497,-0.45009113504415943,0.8645413004980269,5.1146666666666665,304.5296666666666,13.74,3.513333333333333,1
2023-06-28,419.3761291503906,420.3851802319676,417.473314431336,418.0883469905335,75636000,0.0005043978644925229,0.0033338553662243253,0.042436641146327725,0.007158358445162751,0.006708104604725361,414.42443695068357,403.0535144042969,1.0282119424344744,66.99068762628022,4.952856192250806,5.425740700476159,-0.472884508225353,0.8962317528573045,5.116,304.5495,13.43,3.51,1
2023-06-29,421.0290832519531,421.19246824661855,418.5593039384084,418.9629126794935,67882300,0.003941459674662973,0.0036656037068232283,0.052381055177405766,0.007193688167154149,0.00647012457954844,415.47224884033204,403.54234313964844,1.0295629588901782,66.1335955058358,4.917791527035547,5.324150865788037,-0.4063593387524902,0.8253480755347847,5.117333333333334,304.5693333333333,13.54,3.506666666666667,1
2023-06-30,425.99749755859375,426.9777194692553,423.91208812792,424.22923858544607,104964000,0.011800643956150214,0.023245241249892246,0.054778394759433136,0.0068004684507492275,0.006618406042652521,416.57842712402345,404.1318786621094,1.0307982347324807,70.14669734399507,5.230616745108421,5.305444041652114,-0.07482729654369358,1.2638373690162739,5.118666666666667,304.58916666666664,13.59,3.5033333333333334,1
2023-07-03,426.487548828125,426.7662212085631,425.3727713230911,425.65147303128975,32793400,0.00115036185033901,0.028624919670557913,0.04093859441740877,0.005378248197687983,0.006014176423916394,417.4170837402344,404.77449279785156,1.0312336650834781,67.16341019508741,5.455191968859083,5.335393627093508,0.11979834176557524,0.4093025995883559,5.133548387096774,304.7040322580645,13.57,3.5129032258064514,0
2023-07-05,425.8533630371094,426.5837417319984,424.6713074116075,424.6809269189928,58418400,-0.00148699720017198,0.015957115697497803,0.04138646022367665,0.005195056406315238,0.006000113492408111,418.26329040527344,405.39829528808593,1.0317342111861751,62.798508212871134,5.518383468880643,5.371991595450934,0.1463918734297085,0.732352953897169,5.147096774193549,304.799064516129,14.18,3.5258064516129037,0
2023-07-06,422.5186767578125,422.9415245214586,420.020038880204,422.28804318773945,80658300,-0.00783059749843118,0.007493386935943036,0.030986735246748554,0.00721400233772538,0.006393099367059395,418.8982391357422,405.9471704101563,1.0319033353835194,55.931954077092215,5.238990058083175,5.345391287977383,-0.10640122989420764,1.0007245666557898,5.153870967741936,304.8465806451613,15.44,3.532258064516129,0
2023-07-07,421.451904296875,425.3824701498979,421.2116512379149,421.5288016992913,86134200,-0.0025247936236176827,0.001004256147000726,0.031951859060526555,0.007249771105332794,0.006357975202770924,419.55070037841796,406.60013671875,1.031850859087699,46.01341109585534,4.87528983840258,5.251370998062422,-0.3760811596598419,1.0681596610627913,5.160645161290323,304.89409677419354,14.83,3.5387096774193547,1
2023-07-10,422.5186767578125,422.6916519353673,420.5293742326275,421.0963679775693,62443500,0.0025311843417037405,-0.008166293982285078,0.028344002811159674,0.00400981166644027,0.0062763691595306625,420.13298950195315,407.3073748779297,1.0314887856569435,50.33494593752427,4.6198793231332616,5.12507266307659,-0.5051933399433288,0.7741331533570502,5.180967741935484,305.0366451612903,15.07,3.5580645161290323,1
2023-07-11,425.20947265625,425.6995982894802,422.3072262142427,423.27785797330125,64463800,0.006368466168372056,-0.0029967490853761714,0.033039281440002455,0.005365079566996147,0.00637342641506265,420.8129547119141,407.9142779541016,1.0316210474968073,58.690064421176274,4.581773557220686,5.01641284190541,-0.43463928468472446,0.8098616896568316,5.187741935483871,305.0841612903226,14.84,3.564516129032258,1
2023-07-12,428.630615234375,430.03371404566207,427.5639058584264,428.9862143541203,91924500,0.008045781663219786,0.006521616214226311,0.031988831741366575,0.006532724735791049,0.0063143593036144325,421.47727355957034,408.5222009277344,1.0317120406245135,67.47642598616156,4.7726163273991915,4.967653539004166,-0.19503721160497456,1.1434883195002732,5.194516129032258,305.13167741935484,13.54,3.570967741935484,1
2023-07-13,432.03265380859375,432.8206908722752,430.0049320898392,430.4373699947139,72425200,0.007936993890085287,0.02251729349288545,0.03336686441023762,0.004502681625220477,0.006377198833324578,422.1747787475586,409.2062066650391,1.0316920219471037,69.37944576799657,5.139135918759905,5.001950014955314,0.13718590380459084,0.9142770291513128,5.201290322580645,305.1791935483871,13.61,3.57741935483871,0
2023-07-14,431.7635803222656,433.7624728879345,431.00437243683245,432.9168067475371,69815800,-0.0006228082158977744,0.024467029144390695,0.03149486834542081,0.0037873740423097855,0.006397111155194516,422.833935546875,409.97425659179686,1.031367040120966,76.2156332109377,5.346264939648734,5.070812999893998,0.2754519397547357,0.8988078685823163,5.208064516129032,305.22670967741936,13.34,3.583870967741936,1
2023-07-17,433.2627258300781,434.3102255823968,431.5713350157398,431.6194032211896,52680200,0.0034721444237921784,0.02542857786716035,0.022400903004243355,0.0036646175550026795,0.005893578318400279,423.308576965332,410.8262908935547,1.030383367249034,81.86610388038775,5.567209370430987,5.170092274001396,0.39711709642959114,0.7043291948356608,5.228387096774194,305.3692580645161,13.48,3.603225806451613,1
2023-07-18,436.4821166992188,437.1259784249401,432.5035122667073,432.9359794712025,80668200,0.007430574284858604,0.026510801776238546,0.03351831333845379,0.0037895200912832143,0.005952941371530064,424.0163604736328,411.79805358886716,1.0296706280621817,81.00495351909672,5.933687505243938,5.3228113202499046,0.6108761849940336,1.1032306835444077,5.235161290322581,305.41677419354835,13.3,3.609677419354839,1
2023-07-19,437.4527282714844,438.6347544080096,436.40519925341147,437.2701336226653,65891700,0.0022237144092078776,0.02058208798801142,0.0412187323695159,0.003606733620635302,0.005730280933134859,424.8822326660156,412.64560974121093,1.0296540727344194,81.50766396023762,6.2306215823836055,5.504373372676645,0.7262482097069602,0.9075174219843006,5.241935483870968,305.4642903225806,13.76,3.6161290322580646,0
2023-07-20,434.5504760742188,437.3566445153663,433.8393364531686,436.4629102357604,70591600,-0.006634436156640944,0.005827851768678061,0.03963762886089883,0.0052375634783955105,0.005838578133687832,425.7106246948242,413.4330145263672,1.029696733780495,72.58433655717447,6.160739312755197,5.635646560692356,0.5250927520628412,0.9765461994171705,5.248709677419355,305.51180645161287,13.99,3.6225806451612894,0
2023-07-21,434.5504760742188,436.4629102357604,434.54088589539646,436.2610765640321,71275600,0.0,0.0064546800123184145,0.03589842901451146,0.005191354955207892,0.005840745412070411,426.46357879638674,414.25507873535156,1.0294709725667228,67.12862234695339,6.035780391390972,5.71567332683208,0.3201070645588917,0.9855732783638584,5.255483870967742,305.5593225806452,13.6,3.629032258064516,1
2023-07-24,436.4917907714844,437.2990375700605,434.6658439711447,435.6941341528586,54023400,0.004467408975830978,0.007452902705211484,0.04845251512336013,0.005313191344588104,0.005433312616026299,427.47216644287107,415.0792028808594,1.029856864608003,68.93438731342516,6.023956991341777,5.77733005973402,0.24662693160775717,0.7671994452426332,5.275806451612904,305.7018709677419,13.91,3.6483870967741936,1
2023-07-25,437.6834106445313,438.93271480747865,436.1746144107411,436.2226826187103,55191200,0.0027299937782123695,0.0027522180161629883,0.05562768327570278,0.004324873977070259,0.005215652084804458,428.62538146972656,415.940947265625,1.030495757360482,71.92729798616885,6.041102556773126,5.830084559141841,0.21101799763128515,0.7937211250489863,5.28258064516129,305.74938709677417,13.86,3.6548387096774193,1
2023-07-26,437.750732421875,439.1730118894519,435.7037714824368,436.7512713946656,71052900,0.00015381386569934818,0.0006812259499857642,0.044340634846743,0.00422336524473625,0.004865132604653008,429.55468292236327,416.81437927246094,1.030565892837335,82.12395349555669,5.991061616693798,5.862279970652232,0.12878164604156606,1.0231283814596832,5.289354838709677,305.79690322580643,13.19,3.6612903225806455,0
2023-07-27,434.8484191894531,441.5274659900454,433.9450653374308,441.1238279449385,92194400,-0.006630059112327946,0.0006856352291360057,0.036893587792914184,0.004221609227965067,0.00524166581710695,430.3282974243164,417.6025720214844,1.0304732926840723,76.22264249676542,5.652057982800898,5.820235573081965,-0.1681775902810676,1.3119158364832373,5.296129032258064,305.8444193548387,14.41,3.667741935483871,1
2023-07-28,439.1057434082031,439.9321998907834,434.8484367232918,438.1062824263063,80011800,0.009790363793170886,0.010482711640629638,0.0429344690790221,0.006023801928947315,0.0055215840624777595,431.2321304321289,418.5287628173828,1.0303524363038554,78.86278937133534,5.661661535146322,5.788520765494837,-0.12685923034851498,1.128817052160798,5.302903225806452,305.8919354838709,13.33,3.674193548387097,1
2023-07-31,439.9418029785156,440.2973728160184,438.26962173264826,439.5766136336967,62040400,0.0019040050895788863,0.007903956683660507,0.03273330359881732,0.005879544052575238,0.0050297880018398316,431.929345703125,419.3763122558594,1.0299326239475517,77.4042877368185,5.67135953720657,5.765088519837184,-0.09372898263061469,0.9026037345643426,5.323225806451613,306.03448387096773,13.63,3.6935483870967754,0
2023-08-01,438.682861328125,439.42283016702106,437.7314393035273,438.48102764934566,55291500,-0.0028616095171389855,0.002283501406009192,0.028594767968043833,0.006134655214272591,0.005128692166824027,432.539111328125,420.12208740234377,1.0295557512878146,70.33434575400656,5.513898415288679,5.7148504989274835,-0.20095208363880435,0.7914634203948105,5.33,306.082,13.93,3.7,0
2023-08-02,432.5804748535156,435.8382913269027,431.8308864264539,435.5788285617626,93933400,-0.013910701813456328,-0.011810962690466997,0.015796779831512175,0.008912282483763785,0.006150340146771848,432.87546691894534,420.75749572753904,1.0288003691305674,50.999026073406235,4.8408949295973684,5.540059385061461,-0.6991644554640928,1.3112673897524108,5.33,306.12051612903224,16.09,3.7,0
2023-08-03,431.3406982421875,433.2146837020939,429.9280091812117,430.5719002384005,64276100,-0.002866002243277266,-0.008066537194280077,0.020879601233419143,0.008613443126337455,0.005877734139700676,433.3165679931641,421.364853515625,1.0283642889952043,49.255186603786356,4.159546543840463,5.263956816817261,-1.1044102729767982,0.9076433773103912,5.33,306.1590322580645,15.92,3.7,0
2023-08-04,429.3898315429688,435.24239195100046,428.87087677605945,433.1473925263381,100128900,-0.00452279765662944,-0.022126587982708723,0.01883471676165982,0.005807658351268635,0.005958123790619768,433.7134643554688,422.02319396972655,1.0277005400479975,43.28559259709964,3.422699649718993,4.895705383397607,-1.4730057336786144,1.4000868754151594,5.33,306.1975483870968,17.1,3.7,1
2023-08-07,433.1378479003906,433.2916133885674,430.5238932569218,431.2158232898332,58357500,0.008728703108673352,-0.015465579838197963,0.025133021867965954,0.008045565787195915,0.00620088882459822,434.24442291259766,422.8139422607422,1.0270343040031695,44.306426824972284,3.105379887683455,4.537640284254778,-1.4322603965713228,0.8183416219213328,5.33,306.3130967741935,15.77,3.7,0
2023-08-08,431.2542114257813,433.12819688898776,427.90987851511386,430.61032036745866,71361300,-0.004348815241476012,-0.016933987071784062,0.014215908060021043,0.008062646554751232,0.006199289437821225,434.5466598510742,423.49884643554685,1.0260869976589386,39.76528684084553,2.6711169948071642,4.164335626365255,-1.4932186315580909,0.9958764543983137,5.33,306.3516129032258,15.99,3.7,0
2023-08-09,428.37115478515625,431.6866583480253,427.6119469945151,431.5232733825344,78789600,-0.006685283445913015,-0.009730721364122563,-0.0006053241182431002,0.0061169773790204765,0.006158608071024507,434.53368682861327,424.02326049804685,1.024787381518224,39.79050991987044,2.070455030540188,3.745559507200242,-1.6751044766600538,1.1097121290151477,5.33,306.3901290322581,15.96,3.7,1
2023-08-10,428.5249328613281,434.08920144153984,427.3621163674353,430.7160393980688,93005500,0.0003589832659227632,-0.006527938106314246,-0.008119110711524269,0.006164614724749408,0.005870160003108117,434.35830078125,424.5476849365234,1.0231083955767972,40.094914642038205,1.5885231953186576,3.3141522448239256,-1.725629049505268,1.2912220833122192,5.33,306.4286451612903,15.85,3.7,0
2023-08-11,428.2750549316406,429.2841352767268,426.0647387376173,426.66056157281855,68690900,-0.00058311176439374,-0.002596187728345467,-0.008079712022077468,0.005894587700162578,0.005870084259319701,434.1838745117187,425.1117291259766,1.0213406141589985,35.69757559016631,1.1729051625595162,2.885902828371044,-1.7129976658115278,0.9544007628992646,5.33,306.46716129032257,14.84,3.7,1
2023-08-14,430.6391906738281,430.6391906738281,427.05463370611966,427.3621646686425,47867400,0.005520134116998365,-0.00576873445411108,-0.006055298551758903,0.004689371901650238,0.005958188743703508,434.0526977539063,425.6470343017578,1.019747966683093,38.2193795735549,1.0225040831357433,2.513223079323984,-1.4907189961882406,0.6673073369526766,5.33,306.58270967741936,14.82,3.7,0
2023-08-15,425.6227416992188,429.2265377401817,425.0557186470054,428.87093856214887,75707500,-0.011648844515892764,-0.013058353002383782,-0.024879312541189913,0.006658281224246664,0.006180780492006985,433.5097290039063,425.96520080566404,1.0177116069199377,32.59803792779111,0.49284344363962873,2.109147152187113,-1.616303708547484,1.0590812254412274,5.33,306.6212258064516,16.46,3.7,0
2023-08-16,422.4993896484375,426.8623636309216,422.3936630630157,425.20942158349953,80107200,-0.007338311008269649,-0.013707190764662092,-0.03418275314485364,0.006763830993720582,0.006267902617621311,432.7620620727539,426.2366040039062,1.0153094736762398,32.39256564067257,-0.17690557931729245,1.651936605886232,-1.8288421852035244,1.1095963073848494,5.33,306.65974193548385,16.78,3.7,0
2023-08-17,419.280029296875,424.2196168527754,418.76107448676936,423.9601541116053,95711300,-0.007619798822055879,-0.021573782189809765,-0.03514078943210197,0.006791583588825179,0.006312290295551887,431.99853973388673,426.425810546875,1.013068461263789,20.869978521816634,-0.9564367725926104,1.1302619301904635,-2.0866987027830737,1.3030652181341846,5.33,306.6982580645161,17.89,3.7,1
2023-08-18,419.4818115234375,420.5101015823301,416.12788844047134,416.4738387437825,98852000,0.00048125885437677596,-0.020531766459306544,-0.0346764423937892,0.00695329741809996,0.0063202973800067916,431.24510650634767,426.64739318847654,1.0107763773815912,19.367066282494378,-1.5401844327537901,0.5961726576016129,-2.136357090355403,1.321026100461969,5.33,306.7367741935484,17.3,3.7,1
2023-08-21,422.2110595703125,422.9510283417191,418.34780142156416,420.4908396707108,68719000,0.006506236913975227,-0.019571212481446443,-0.032717067086029616,0.0073004420925398454,0.006441044880204617,430.53106994628905,426.8741564941406,1.0085667248684769,26.378229815839163,-1.7622668358900455,0.1244847589032812,-1.8867515947933267,0.9094086388990384,5.33,306.8523225806452,17.13,3.7,0
2023-08-22,421.0675048828125,423.9793707816351,420.5101306907519,423.9793707816351,64994200,-0.002708490603405278,-0.010702522140194848,-0.0379632980314476,0.005894958385482866,0.0063610547737482995,429.7002746582031,427.06330322265626,1.0061746617319915,30.75197782832248,-2.0074039434937276,-0.30189298157612054,-1.7055109619176072,0.8545724494915761,5.33,306.89083870967744,16.97,3.7,1
2023-08-23,425.75726318359375,426.3723251113796,421.98049201554073,422.1246379899384,68441000,0.011137782532248508,0.007710954417868177,-0.027397942139187004,0.007413696394762888,0.006991869309743245,429.10060119628906,427.2715637207031,1.0042807376640248,41.630757576589254,-1.8024747594344035,-0.6020093371477772,-1.2004654222866264,0.9014403803169339,5.33,306.9293548387097,15.98,3.7,0
2023-08-24,419.8566589355469,427.861878130185,419.827800413188,427.35254280721006,88517300,-0.013859080650615807,0.001375285247043223,-0.034475830179745204,0.009559519812492768,0.007450218617185697,428.35101318359375,427.3070458984375,1.0024431314558861,37.22321248168647,-2.0920801562755855,-0.9000235009733388,-1.1920566553022467,1.168696566512442,5.33,306.967870967742,17.2,3.7,1
2023-08-25,422.8165283203125,424.09466161039535,418.0402966316632,421.576814401286,102325100,0.007049714043525501,0.007949609983718409,-0.0370963380288738,0.010028495922926943,0.007249750924853582,427.5365524291992,427.391767578125,1.0003387637808157,35.8683543965296,-2.059022665485827,-1.1318233338758366,-0.9271993316099905,1.331389781559258,5.33,307.0063870967742,15.68,3.7,1
2023-08-28,425.4977416992188,426.1127742143462,422.816509634439,424.99799661992967,61595400,0.00634131638504698,0.007784452951685283,-0.03283175452186382,0.01000868029827856,0.007436600630500954,426.81434936523436,427.42632446289065,0.9985682325522994,42.2868695063348,-1.7957723086809665,-1.2646131288368625,-0.531159179844104,0.8016726535218541,5.33,307.12193548387097,15.08,3.7,1
2023-08-29,431.6482543945313,431.9269561514873,425.2094607575032,425.3920554264297,83081900,0.014454865660979754,0.025128392452567816,-0.016035745988106753,0.011053609528576156,0.008250571382373065,426.4626190185547,427.6127606201172,0.9973103197390681,54.03747819286537,-1.0784181980689027,-1.2273741426832707,0.148955944614368,1.0621143044336314,5.33,307.1604516129032,14.45,3.7,1
2023-08-30,433.4260864257813,434.060357945483,431.2830188362327,431.9845682431216,69053900,0.004118705481025886,0.018012195927895824,0.001954807536221015,0.01051581875831343,0.0077069258756552956,426.504899597168,427.8785766601562,0.9967895633529713,55.806015225692136,-0.3622775995344796,-1.0543548340535125,0.6920772345190329,0.8970467977367897,5.33,307.1989677419355,13.88,3.7,0
2023-08-31,432.7918701171875,435.17516171345255,432.6092754445361,434.0411743037608,66084600,-0.0014632628917743418,0.03080863648664045,0.0033643286638933567,0.005742221777277874,0.007684615922307609,426.577458190918,428.17476135253906,0.9962695065057654,55.30243592416728,0.1523369826719545,-0.8130164707084191,0.9653534533803736,0.8574667759618501,5.33,307.23748387096776,13.57,3.7,1
2023-09-01,433.5990905761719,435.9824113556043,432.1479527903315,435.5019052625726,58944100,0.0018651470018735683,0.02550175202160232,0.009802884754111396,0.005990644706856965,0.007610560134348008,426.7879211425781,428.4569152832031,0.9961046395072843,53.60655762088418,0.6181826665114158,-0.5267766432644522,1.1449593097758681,0.7858130482952782,5.33,307.276,13.09,3.7,0
2023-09-05,431.7251281738281,433.474177484678,431.6578796063077,433.15705635053166,55166200,-0.004321878073714647,0.014635533551224933,-0.00326159381686586,0.007198262863443083,0.007426541008047486,426.71728515625,428.76501708984375,0.9952241161196118,58.052238090750905,0.8266267836743282,-0.2560959578766961,1.0827227415510243,0.7370157982342733,5.33,307.332,14.01,3.726666666666667,0
2023-09-06,428.8228454589844,431.0235715081806,426.5068026435008,430.9178449205749,70758500,-0.006722524415292308,-0.006545628082082922,-0.005637895010366489,0.004414254866945805,0.007515822209795616,426.59571685791013,429.049091796875,0.9942818316461409,58.392909365311695,0.7489963251827589,-0.05507750126480507,0.804073826447564,0.9457084229309484,5.33,307.346,14.45,3.733333333333333,0
2023-09-07,427.50628662109375,428.1789775700768,425.4881551186145,425.8341054361889,70355400,-0.0030701695393151596,-0.013658153004828977,-0.002018969191555975,0.0032136138239886457,0.00739556485923265,426.552473449707,429.2159234619141,0.9937946150955338,61.49926710611856,0.574614533596332,0.07086090570742234,0.5037536278889096,0.9456508239635737,5.33,307.36,14.4,3.74,1
2023-09-08,428.150146484375,429.67815236910445,427.19875378748577,427.5543236104539,61659700,0.0015060827955775125,-0.01072507122547306,-0.0008745964311822618,0.003740323644626432,0.007403551970998215,426.5337341308594,429.39140380859374,0.9933448372454885,61.96930265171687,0.4828043494117651,0.1532495944482909,0.3295547549634742,0.8466060693684873,5.33,307.374,13.84,3.7466666666666666,1
2023-09-11,430.9659118652344,431.2734134651807,429.0630972437641,430.7640781970579,60180100,0.006576583948365355,-0.006072841867446055,0.006283011122427462,0.005280621912793132,0.007546491153091065,426.66827697753905,429.5901403808594,0.9931984858853373,62.05995189118425,0.6299907101401345,0.24859781758665964,0.38139289255347486,0.83114693805452,5.33,307.416,13.8,3.7666666666666666,0
2023-09-12,428.6017761230469,431.04275506328975,428.0251923265627,429.5243688529451,67565400,-0.005485667606413336,-0.007234584801660393,-0.00473114058103552,0.00547437123419944,0.007550166581879511,426.56640625,429.64222595214846,0.9928409743820408,60.0409311012109,0.5495362530988359,0.30878550468909494,0.24075074840974098,0.9206225450835314,5.33,307.43,14.23,3.773333333333333,1
2023-09-13,429.1016540527344,430.25485133054593,427.7273840382136,428.82295224629394,60199300,0.0011662992491752178,0.0006501719689200325,0.008173699411893942,0.0046449542603785214,0.007055909661322254,426.74035186767577,429.69450805664064,0.993124984998469,55.01740242782409,0.5201159150147987,0.3510515867542357,0.169064328260563,0.8290135532898036,5.33,307.444,13.48,3.78,1
2023-09-14,432.8014526367188,433.4933826135289,430.2643956069254,431.5617679794152,83430800,0.00862219604385328,0.012386171107509947,0.024383616262389607,0.005491691793165257,0.007033514717465847,427.25545501708984,429.83346984863283,0.9940022938826731,70.79344257151902,0.7862791734717121,0.43809710409773095,0.3481820693739811,1.1463146810409641,5.33,307.458,12.82,3.786666666666666,0
2023-09-15,427.58697509765625,431.5506832250515,427.1530117903473,431.22279002690107,111848900,-0.01204819786831779,-0.0013153595563216713,0.019812405123878385,0.008572228177339694,0.007387529994399863,427.6708023071289,429.93483581542966,0.9947340077618816,57.14529936408211,0.5698814762865823,0.46445397853550124,0.10542749775108101,1.5199207377660464,5.33,307.47200000000004,13.79,3.793333333333333,1
2023-09-18,427.8377075195313,429.1300027993312,426.8057902109989,427.2783378211123,55752200,0.0005863892879753863,-0.007258588810804323,0.019919566871678063,0.007762856923020664,0.007387173354509736,428.0885971069336,430.0625518798828,0.9954100751987806,53.78008499225996,0.41384619190324656,0.4543324212090503,-0.040486229305803756,0.7804753082055866,5.33,307.514,14.0,3.8133333333333335,0
2023-09-19,426.9504089355469,427.5097785871883,424.27902594225344,426.9214780522698,66514600,-0.002073913936031291,-0.0038529172754195873,0.011225071579265666,0.00746153837137232,0.007299970751380157,428.3255645751953,430.1511865234375,0.9957558597873524,40.85595994036197,0.21609847587870945,0.40668563214298215,-0.1905871562642727,0.9325771348910169,5.33,307.528,14.11,3.82,0
2023-09-20,423.02532958984375,428.6188497106749,422.8227839687489,428.2041638924205,82562600,-0.009193290985454183,-0.014160571057001525,0.00464966943382672,0.00819851278111776,0.007592062768568081,428.4234558105469,430.10750366210937,0.9960845885337415,31.317303032761643,-0.25440647423505425,0.27446721086737486,-0.5288736851024292,1.143497015658186,5.33,307.54200000000003,15.14,3.826666666666666,0
2023-09-21,416.0334167480469,420.45036521142913,415.8791088874586,420.1899872517448,104095800,-0.01652835504809147,-0.03874302127804208,-0.022838944338464007,0.007058310101069183,0.008014346279355856,427.93726348876953,429.8555596923828,0.9955373469986382,25.49429462664071,-1.1778959185502913,-0.016005415016158375,-1.161890503534133,1.406992996784871,5.33,307.55600000000004,17.54,3.8333333333333335,0
2023-09-22,415.0979309082031,418.64692328267273,414.6832156713709,417.0556658339602,100829700,-0.0022485834122557558,-0.029208196032165734,-0.011334173047078622,0.0069615437092135175,0.007443493423189669,427.69932708740237,429.516865234375,0.9957684126187202,23.047060476349017,-1.962629870197361,-0.4053303060523989,-1.557299564144962,1.3516007528665135,5.33,307.57000000000005,17.2,3.84,1
2023-09-25,416.8435363769531,416.88209127104136,413.4584755384381,413.89246826227424,70874500,0.004205285882612708,-0.025697059771376707,-0.014126675622374019,0.007924889338288022,0.007316873922413328,427.4006774902344,429.21846435546877,0.9957648912705467,28.23875076756123,-2.415833186713485,-0.8074308821846161,-1.6084023045288687,0.9705155634137631,5.33,307.612,16.9,3.86,0
2023-09-26,410.7195129394531,414.5192590302796,409.8901119465823,413.8152350016624,96168400,-0.014691419928752447,-0.03801588113373611,-0.03473162677843844,0.008667512869524094,0.007752286011299439,426.6617660522461,428.76760009765627,0.9950886353238199,25.807135714297516,-3.2319022338505192,-1.2923251525177968,-1.9395770813327224,1.286424841882955,5.33,307.62600000000003,18.94,3.8666666666666663,1
2023-09-27,410.8834228515625,412.445778671282,407.2572916755206,411.8864090808216,104705800,0.000399079924243928,-0.0287025525163086,-0.048105908761510996,0.009291099881922874,0.006783730049496698,425.62352447509767,428.2556262207031,0.9938539003705955,27.07947606191398,-3.8213663406544924,-1.798133390145136,-2.0232329505093567,1.3806595086007882,5.33,307.64000000000004,18.22,3.873333333333333,1
2023-09-28,413.26556396484375,414.9339901392584,409.745502299644,410.333802865898,92258300,0.005797608228506723,-0.0066529578437189985,-0.04651432641535247,0.00812097187466206,0.00687888363481617,424.6154983520508,427.7718829345703,0.9926213369591608,30.41514882845388,-4.049620508280157,-2.2484308137721403,-1.8011896945080164,1.1981948302511976,5.33,307.654,17.34,3.88,0
2023-09-29,412.2625732421875,416.4770052291024,410.7484550545368,416.3034199344097,115111300,-0.0024269883825634997,-0.0068305752809031395,-0.0474345714244615,0.008126529849312855,0.006875674638271836,423.58903350830076,427.3261248779297,0.9912547088697269,24.15771413343515,-4.262313255568756,-2.6512073021314637,-1.6111059534372925,1.4488688855805505,5.33,307.668,17.52,3.8866666666666663,0
2023-10-02,412.0986328125,413.3427196831936,409.35008111589474,411.4331930512835,83798600,-0.0003976602299796683,-0.011382936642592711,-0.0495860305774668,0.00758340420377979,0.006820115263106394,422.5140106201172,426.8770880126953,0.9897790780646246,25.72158445534926,-4.3934573709914275,-2.9996573159034563,-1.3938000550879712,1.0385019891425158,5.33,307.7105806451613,17.61,3.893548387096774,0
2023-10-03,406.5822143554688,412.15645644629615,405.2224040749367,409.92869029746174,103760600,-0.01338616053972952,-0.010073294434867153,-0.058238245072072536,0.007052529729494033,0.0072348942693118284,421.2568649291992,426.278896484375,0.9882189064563277,21.131747148254973,-4.886193892513177,-3.3769646312254005,-1.5092292612877762,1.248300004120473,5.33,307.7251612903226,19.78,3.887096774193549,1
2023-10-04,409.5429992675781,410.28557828924926,405.5889447718192,407.0452013606301,87453000,0.007282130913677243,-0.0032622965771695878,-0.044959932511921874,0.00821460090626115,0.00752458151415386,420.2928726196289,425.7160882568359,0.9872609568047728,19.608553101181045,-4.980369933280599,-3.6976456916364406,-1.2827242416441584,1.041649668726271,5.33,307.7397419354839,18.58,3.8806451612903214,0
2023-10-05,409.388671875,410.2276969528872,406.1772259852912,409.25364146047264,70142700,-0.000376828300945542,-0.009381115747097546,-0.042379762153419986,0.0074345584953623535,0.007533611326429681,419.3869918823242,425.14884704589844,0.9864474402233244,22.596755663802213,-5.009709245161218,-3.9600584023413967,-1.0496508428198217,0.8355731267201986,5.33,307.7543225806452,18.49,3.8741935483870966,1
2023-10-06,414.2492370605469,415.7826326856284,405.627480956343,406.9487069673823,113273300,0.011872739817849531,0.004818928390068367,-0.03246737047265125,0.009598077394054145,0.008130360837812428,418.6919464111328,424.7368634033203,0.985767854139735,32.032717162790775,-4.5878677881561885,-4.085620279504355,-0.5022475086518332,1.30911996174111,5.33,307.76890322580647,17.45,3.867741935483871,1
2023-10-09,416.9013671875,417.4703608608216,411.80932558041656,412.3590123769111,80374400,0.006402257118859778,0.01165433222193002,-0.03263493536382622,0.009829690079168328,0.008121202187541594,417.9887191772461,424.29277587890624,0.9851422011873722,37.305184916745986,-3.9935158924761254,-4.0671994020987094,0.07368350962258408,0.9181866982513824,5.33,307.81264516129033,17.7,3.848387096774193,1
2023-10-10,419.07122802734375,421.65581816785743,417.1327707063527,417.52817903423306,78607300,0.0052047342863903445,0.030717068358912414,-0.022236370978003128,0.004403449782888206,0.008205182986750936,417.51219177246094,423.8753643798828,0.9849881046596539,44.773039002113876,-3.3092511107167297,-3.915609743822314,0.6063586331055841,0.8923713366293894,5.33,307.8272258064516,17.03,3.841935483870968,1
2023-10-11,420.7879333496094,421.0386578835823,417.7596966141307,420.1321469819624,62451700,0.004096452362875258,0.027457273356257028,-0.019374711387393773,0.004415938233708595,0.00827349673463154,417.0965057373047,423.5174658203125,0.984838972176576,57.30365417106556,-2.598488807439992,-3.6521855565458496,1.0536967491058578,0.7080633407491832,5.33,307.8418064516129,16.09,3.835483870967742,0
2023-10-12,418.2226257324219,421.7716184606987,415.87913565080567,421.3955169391734,81154200,-0.006096438167242146,0.021578403273745606,-0.03368479198828844,0.006532834255280546,0.008028681039442459,416.36756439208983,423.2303088378906,0.9837848464476834,54.57111274607848,-2.2166512708313917,-3.3650786994029582,1.1484274285715665,0.9212970896522121,5.33,307.8563870967742,16.69,3.829032258064516,0
2023-10-13,416.1394348144531,420.913236163604,414.5771083892652,419.717357751377,95143100,-0.004981057431602376,0.004562948063148609,-0.02677242514365319,0.005969855302689068,0.007697059753763946,415.79518737792966,422.92628356933596,0.9831386781374225,48.98004473798219,-2.058410296621844,-3.1037450188467357,1.0453347222248919,1.090445270319096,5.33,307.8709677419355,19.32,3.8225806451612905,1
2023-10-16,420.5179138183594,421.5787620496524,418.13583937540864,418.3769399083744,75433200,0.010521663263801218,0.008674825547484666,-0.01710880918750668,0.007093250768119821,0.008135232197162834,415.42919769287107,422.74884521484375,0.9826855883704358,64.9499176779981,-1.5616942817970312,-2.795334871436795,1.233640589639764,0.854906103434037,5.33,307.9147096774193,17.21,3.803225806451613,0
2023-10-17,420.4985046386719,422.543061383034,417.0556122332504,417.40278278927536,75324700,-4.615541704577897e-05,0.003405809122345671,-0.015111601164548794,0.006837830156587965,0.008131560853268122,415.10660247802736,422.49605834960937,0.9825100004472294,64.7351924100433,-1.1562805377151335,-2.467524004692463,1.3112434669773294,0.8494357446240343,5.33,307.9292903225807,17.88,3.796774193548387,0
2023-10-18,414.8953857421875,419.68846496991176,413.8152601862858,418.733716385894,93559800,-0.013324943691057967,-0.014003604049467988,-0.01921857458402987,0.008823934214803486,0.008405758881559255,414.70010528564455,422.1688818359375,0.9823085573768191,52.27328837211678,-1.2724441483367173,-2.228508033421314,0.9560638850845966,1.0485708092773833,5.33,307.943870967742,19.22,3.7903225806451615,0
2023-10-19,411.2499694824219,417.4125128642148,410.5749056891377,415.60908569425885,121323000,-0.008786350451318037,-0.01667211628684362,-0.011497747712227335,0.009152166967835027,0.007806847340464677,414.46093292236327,421.82645812988284,0.9825389681809582,48.68457671049428,-1.6397571728410867,-2.1107578613052684,0.47100068846418175,1.3467258122058827,5.33,307.9584516129033,21.4,3.783870967741936,0
2023-10-20,406.196533203125,411.3560904558305,406.0904336651891,410.81602762056735,123919900,-0.012287991864551095,-0.02389319727836281,-0.021444090760950107,0.010024805715753841,0.00823300695216482,414.0158630371094,421.37989013671876,0.9825240186539987,43.19707790928685,-2.3119744630622563,-2.151001181656666,-0.1609732814055902,1.3581470090108831,5.33,307.97303225806456,21.71,3.7774193548387096,0
2023-10-23,405.4924621582031,409.3404462034215,402.9271492717955,404.6727145608842,92035100,-0.001733326080776254,-0.03573082422035989,-0.027231018903181914,0.006061656718233097,0.008140022348054238,413.44830932617185,420.92423828125,0.9822392528745686,48.58718883456226,-2.868458355416692,-2.2944926164086716,-0.5739657390080204,0.9971308750863489,5.33,308.01677419354843,20.37,3.758064516129033,1
2023-10-24,408.5496826171875,409.6973235164309,405.7625463101056,407.604557926276,78564200,0.007539524761354555,-0.02841584902127492,-0.005282997894929586,0.008690292674091219,0.007729529221001978,413.3398178100586,420.48244812011717,0.9830132497991494,48.71542492523188,-3.0278801905284354,-2.4411701312326244,-0.586710059295811,0.8593792301463219,5.33,308.0313548387097,18.97,3.751612903225807,0
2023-10-25,402.6860656738281,406.90052736992106,402.1749337627123,406.8715964855641,94223200,-0.014352273891872325,-0.029427466508258893,-0.019950566807597325,0.008924089452384699,0.00834499908417338,412.92994995117186,420.0237145996094,0.9831110377774748,42.44734693765263,-3.586030499097319,-2.6701422048055634,-0.9158882942917557,1.0366092608683501,5.33,308.045935483871,20.19,3.7451612903225806,0
2023-10-26,397.864013671875,402.47385382688697,396.9478494758642,401.6252048310319,115156800,-0.01197471780873327,-0.03254943903678276,-0.037267925605044994,0.009286306536215832,0.008530166853065643,412.1598724365234,419.5310070800781,0.9824300599499008,31.52070884131126,-4.3671264219314025,-3.009539048230731,-1.3575873737006714,1.2511535002985914,5.33,308.0605161290323,20.68,3.738709677419355,0
2023-10-27,396.0606689453125,399.8411383330404,394.6429966038168,399.4457299187491,107367700,-0.004532565561583435,-0.024953103803926124,-0.03929996402403724,0.008721245334265512,0.008550468814075248,411.3497772216797,419.0666198730469,0.9815856422692293,26.037037764821136,-5.073184898955219,-3.4222682183756294,-1.6509166805795896,1.171454499877664,5.33,308.0750967741936,21.27,3.732258064516129,1
2023-10-30,400.79583740234375,401.847032086672,397.5458072598068,398.8381024524088,86562700,0.011955664443128677,-0.011582520500780569,-0.027427403320939625,0.011660599863104562,0.009098491222533983,410.7846374511719,418.692900390625,0.9811120204520425,30.157244874697156,-5.190816308610067,-3.775977836422517,-1.41483847218755,0.9430358116919938,5.33,308.11883870967745,19.75,3.712903225806452,1
2023-10-31,403.3129577636719,403.63119749728736,399.4649734881191,401.36484674476185,79665200,0.006280305647988316,-0.012817840953807447,-0.008040825388733519,0.0114065216404025,0.008786620750736078,410.62117462158204,418.3149383544922,0.9816077241631036,31.35045843831341,-5.023027141383523,-4.025387697414718,-0.9976394439688043,0.8794353611940641,5.33,308.13341935483874,18.14,3.706451612903226,1
2023-11-01,407.6141662597656,408.4242604346672,403.746904694568,404.27734347074426,98068100,0.010664692054387581,0.012238070810051793,-0.0047097203743246,0.010360196156438772,0.008972194957536142,410.5247329711914,418.0458715820312,0.9820088197920069,39.08299384332835,-4.4912095703195405,-4.118552071995683,-0.3726574983238571,1.0762815469671225,5.33,308.148,16.87,3.7,1
2023-11-02,415.4258117675781,415.5801196181461,411.375311626005,411.39458907062107,94938900,0.019164313103961828,0.04414020241143657,0.01474671945593431,0.00873093231839764,0.009961159360997755,410.8265899658203,417.83924255371096,0.9832168645888036,49.343073731714284,-3.4002102981183384,-3.9748837172202145,0.5746734191018761,1.0279520330412342,5.33,308.1677666666667,15.66,3.7033333333333336,1
2023-11-03,419.2159118652344,420.7589609666815,417.59572355276106,417.7211005229906,100167800,0.009123410222224626,0.058463878732475605,0.011989581054947296,0.00480939268987507,0.009817951316436866,411.0749237060547,417.8264276123047,0.9838413669886036,48.78831529703656,-2.204345785918406,-3.620776130959853,1.416430345041447,1.092318001615013,5.33,308.18753333333336,14.91,3.706666666666667,1
2023-11-06,420.1803283691406,420.6239450680749,418.24187084518337,419.96815874248256,67831700,0.0023005245664822205,0.04836500072563754,0.00786507658576685,0.006266895810486471,0.009733769147163767,411.2388717651367,417.77370361328127,0.9843579627161176,49.709013167810035,-1.1653606403114622,-3.1296930328301746,1.9643323925187124,0.7447901543471108,5.33,308.24683333333337,14.89,3.716666666666667,1
2023-11-07,421.3761596679688,422.0126685210308,419.0423233046216,420.1803106034839,64256100,0.002845995440742266,0.04478706065992899,0.005500095178270437,0.006868261248432214,0.009687136589893805,411.35411834716797,417.69127197265624,0.9848281397033761,56.44665199821264,-0.2426665264358121,-2.5522877315513024,2.3096212051154903,0.7111330339406239,5.33,308.26660000000004,14.81,3.72,1
2023-11-08,421.6847839355469,422.4948781019278,419.38950241519393,421.9740927695351,61746000,0.0007324198593039455,0.03451945207128615,0.0021313600387689036,0.007598747894633859,0.009647215369306527,411.39896087646486,417.49200256347655,0.9854056086114241,61.11793212341292,0.5076269975349419,-1.9403047857340536,2.4479317832689955,0.6836202934675877,5.33,308.2863666666667,14.45,3.7233333333333336,0
2023-11-09,418.3961486816406,422.86133452826135,417.97180945877307,422.8227502085791,83174400,-0.007798799907394627,0.007150101967482891,0.0004149056950586427,0.006074705943819826,0.009712523690893399,411.40763702392576,417.19140380859375,0.9861364190827825,63.5061892569986,0.8273376071999792,-1.3867763071472472,2.2141139143472266,0.919835953387122,5.33,308.3061333333333,15.29,3.7266666666666666,1
2023-11-10,424.92523193359375,425.2338476957981,418.3865863068872,420.460074546332,89462200,0.01560502713164591,0.01361904428426075,0.02111262808596348,0.008378692235284835,0.01022676660386905,411.8469268798828,417.03407104492186,0.9875618216227702,69.05619361530594,1.5892333288061877,-0.7915743799565602,2.380807708762748,0.9924912109387459,5.33,308.3259,14.17,3.73,0
2023-11-13,424.5201416015625,425.6195446365516,422.8131605648516,423.5943238724324,52236100,-0.000953321435368526,0.010328454093189388,0.00951737762337479,0.00854576811206985,0.00998918918818877,412.04703826904296,416.8524920654297,0.9884720521338937,66.5202743656053,2.135734356810758,-0.2061126326030966,2.3418469894138547,0.5870598043272595,5.33,308.3852,14.76,3.74,1
2023-11-14,432.7561340332031,434.0387757848984,430.2100985439841,430.43192160638574,97176900,0.019400710648425745,0.02700668774000259,0.02915023301941111,0.01158146962876413,0.010841208196266317,412.65991973876953,416.8731121826172,0.9898933456710876,79.65003821594718,3.1965680700869257,0.4744235079349079,2.722144562152018,1.0788827445307794,5.33,308.40496666666667,14.16,3.743333333333333,1
2023-11-15,433.6722717285156,435.31176685348777,432.82359328411655,434.08695751300667,77327600,0.0021169837311705297,0.02842760338917283,0.045256916879755194,0.011457944585877499,0.010264877623350434,413.59876403808596,416.9701007080078,0.9919146800593199,88.25472525480546,4.064359677891389,1.1924107419262042,2.8719489359651846,0.8663168727645407,5.33,308.42473333333334,14.18,3.7466666666666666,1
2023-11-16,434.2027282714844,434.5209679855736,432.1678247228073,433.2286728217944,66665800,0.0012231737594254888,0.03777897965755672,0.05581218356793971,0.009315982580498518,0.00993642907330852,414.74640197753905,417.1040295410156,0.9943476269791234,91.88718361886198,4.740251520164293,1.901978897573822,2.8382726225904706,0.770459549654375,5.33,308.4445,14.32,3.75,1
2023-11-17,434.7428283691406,435.3504063975986,433.2962252275612,434.2123895584984,83133200,0.0012438892307433669,0.023104291526470533,0.07027705268902573,0.00834763472136237,0.009297590892211707,416.17371673583983,417.23588317871094,0.9974542782974969,91.06380685253833,5.258861358565355,2.5733553897721286,2.685505968793226,0.9839647613799761,5.33,308.4642666666667,13.8,3.753333333333333,1
2023-11-20,438.0892639160156,438.92828895080976,434.482380406505,434.4920338445369,69936200,0.0076975060392106,0.03196343585315331,0.08038818177856744,0.007784777526150433,0.009260345752001449,417.80355682373045,417.37835021972654,1.0010187557734609,91.23957203924084,5.872201687450058,3.233124649307715,2.6390770381423434,0.8387341118769477,5.33,308.5235666666667,13.41,3.763333333333333,0
2023-11-21,437.134521484375,437.9639225798321,435.8711571103787,437.0477288286672,49244600,-0.0021793330955118817,0.01011744746484844,0.06996661626089562,0.0035747432815129866,0.009314928388622771,419.23279876708983,417.54900512695315,1.0040325653263735,88.02474910866258,6.209657515391768,3.8284312225245256,2.3812262928672427,0.601151945638674,5.33,308.5433333333333,13.35,3.7666666666666666,1
2023-11-22,438.8222351074219,440.1338372741124,437.732485451278,438.78368021370784,59394900,0.0038608564185593774,0.01187524246911087,0.0897378193931937,0.003670311223495571,0.008322596639666096,421.0396072387695,417.74341674804685,1.007890466632322,85.7816140450445,6.5379130825362495,4.370327594526871,2.1675854880093786,0.7408097558803549,5.33,308.5631,12.85,3.77,1
2023-11-24,439.0921936035156,439.28508576492015,438.542506862815,438.8703999922333,29737400,0.0006151887358845087,0.01126078905928507,0.10362379736520277,0.003727398911493639,0.0074546166804653775,423.10101623535155,417.8692315673828,1.0125201481055326,84.06597429985732,6.742122388875941,4.844686553396685,1.8974358354792562,0.39177297050543985,5.33,308.6026333333333,12.46,3.7766666666666655,0
2023-11-27,438.3014221191406,439.2754481049459,437.91563778247536,438.4653539741319,50506000,-0.0018009235779969934,0.00818551455661587,0.10665222902923666,0.004156412880880116,0.007294690066381385,425.21305389404296,418.0835205078125,1.0170528926315268,81.24372538826297,6.762200645643475,5.228189371846043,1.5340112737974314,0.6912797818936051,5.33,308.6619333333333,12.69,3.786666666666666,1
2023-11-28,438.7354431152344,440.0277384058116,437.35635516684414,437.91569543871145,62115000,0.0009902340585510316,0.0014749943731617865,0.09466067801199363,0.0024401023971143587,0.007163589733931072,427.1100341796875,418.30147521972657,1.0210579199017502,80.73771067605463,6.735492115498573,5.529649920576549,1.205842194922024,0.8646393010613077,5.33,308.6817,12.69,3.79,0
2023-11-29,438.42681884765625,442.0047717825631,438.0314398912728,440.8764083905141,63146000,-0.0007034404728889498,0.002956292170412489,0.0870635579840704,0.0021359306463099212,0.00724489716691358,428.86572723388673,418.53100341796875,1.0246928512619582,79.64476194078645,6.613189284318992,5.746357793325037,0.8668314909939543,0.8892143993701457,5.33,308.70146666666665,12.98,3.793333333333333,1
2023-11-30,440.1531066894531,440.5003067450598,437.2020386572685,439.2658732507552,79752700,0.003937459497423523,0.0030328262233692005,0.07982779580077448,0.0021653084986823566,0.00708369652573486,430.49267425537107,418.8735589599609,1.0277389561763215,90.78091751515845,6.579713568816544,5.913028948423339,0.6666846203932053,1.137739982788253,5.33,308.7212333333333,12.92,3.7966666666666655,1
2023-12-01,442.7570190429688,443.2874284363199,438.9572723368323,439.5455435028684,89183400,0.005915924059018085,0.008346368923976888,0.06579082594579355,0.003213714069734034,0.0061341114986967794,431.85923461914064,419.40803100585936,1.0296875660282894,89.19032033052532,6.686223169557252,6.067667792650122,0.6185553769071301,1.2775216051637523,5.33,308.741,12.63,3.8,0
2023-12-04,440.4327087402344,442.7761983079759,438.1663583752288,439.3815141945957,72430900,-0.005249629486977936,0.004862604850308649,0.050610666900975376,0.0043229693276922165,0.006245624744454515,432.9200744628906,419.9147265625,1.0309714022341032,82.2515460142582,6.508059520123993,6.155746138144896,0.3523133819790969,1.058577576162234,5.33,308.8336129032258,13.08,3.790322580645161,0
2023-12-05,440.3460083007813,441.3007569694989,438.6775820590756,439.05371300809566,69793500,-0.00019685286249759848,0.003670925635985034,0.047992917731085605,0.00435461851897129,0.006274511028838607,433.92835845947263,420.38477600097656,1.0322171097329762,72.9715350809946,6.287390420467773,6.182074994609472,0.10531542585830067,1.0185717666328158,5.33,308.8644838709677,12.85,3.787096774193549,0
2023-12-06,438.5714721679688,442.50621946104377,438.1374794863498,442.47728857768345,69124700,-0.004029867648079999,0.0003299372075202811,0.040807511543959674,0.004855679869134687,0.0064331440078484944,434.78812408447266,420.9418151855469,1.0328936408772373,64.09552190580227,5.901291913897751,6.125918378467128,-0.2246264645693774,1.0052399952737154,5.33,308.89535483870964,12.97,3.7838709677419353,1
2023-12-07,441.9179382324219,442.56407108973934,440.04699600140833,440.6449205313009,66995400,0.0076303778900863595,0.004009585564992868,0.047981703556008615,0.005782411186111494,0.006544351180955676,435.7997817993164,421.56250549316405,1.0337726342372335,69.10217972121814,5.798496451910125,6.060433993155728,-0.26193754124560265,0.9705702180072115,5.33,308.9262258064516,13.06,3.7806451612903222,1
2023-12-08,443.81781005859375,444.3482193835821,440.9342280791031,441.1753285779548,83194400,0.00429915072868714,0.002395876225560256,0.0607597881984725,0.0054621181954676405,0.006099317319397843,437.07086486816405,422.1735504150391,1.0352871809199782,71.05139085337105,5.8034356920200025,6.009034332928583,-0.2055986409085806,1.2052295707623495,5.33,308.9570967741936,12.35,3.7774193548387096,1
2023-12-11,445.5440673828125,445.7176821092958,443.1137849553907,443.3259545711253,65002200,0.0038895629807889076,0.01160531118862207,0.04852344341943193,0.004506551750856297,0.005337049856762927,438.101806640625,422.83918029785156,1.0360955820887325,68.69855159881385,5.8788765847273226,5.983002783288331,-0.10412619856100847,0.9586660068318127,5.33,309.04970967741934,12.63,3.767741935483871,1
2023-12-12,447.5789794921875,447.6754255795951,444.20357245141867,445.1969053461678,68327600,0.0045672521717736725,0.01642565404264018,0.05431741778760424,0.0043424309822522955,0.005297902749843797,439.25474853515624,423.5487872314453,1.0370818233393466,74.85078376643557,6.0333161238101525,5.993065451392695,0.04025067241745717,0.9958924007811172,5.33,309.08058064516126,12.07,3.764516129032258,1
2023-12-13,453.7511291503906,454.00188308183056,447.5982398420778,447.9550638637653,93278000,0.013790079384885079,0.03461159228479893,0.04851461011428815,0.004160966408371986,0.004444729860393852,440.30449829101565,424.49216552734373,1.037249999052464,79.27374261558936,6.577925238289481,6.110037408772053,0.46788782951742824,1.3634249184839904,5.33,309.1114516129032,12.19,3.761290322580645,1
2023-12-14,455.2074279785156,456.8662007070536,452.54566886194607,455.6799755722313,119026000,0.003209466014667095,0.030072302109411808,0.049657673902382404,0.004411917406140352,0.004448027863977379,441.3812561035156,425.4054541015625,1.0375542951974919,80.19516981580892,7.04582316625573,6.297194560268789,0.7486286059869407,1.688326545213615,5.33,309.1423225806452,12.48,3.758064516129032,0
2023-12-15,454.4579162597656,455.7845286924067,452.6181291338484,454.6128497457064,141553700,-0.0016465278742889833,0.023974040608616187,0.046649149508836585,0.005607692968914001,0.004534636085677318,442.3940155029297,426.3068389892578,1.0377361445849975,80.31935729944814,7.272325472240652,6.492220742663163,0.7801047295774897,1.9066065996900212,5.33,309.1731935483871,12.28,3.7548387096774194,1
2023-12-18,457.0142822265625,457.9922869448393,455.000205976152,456.0556626634462,70375300,0.005625088430268876,0.02574428812648688,0.05122903105950982,0.005593888706883663,0.004586861087442161,443.5075881958008,427.1621398925781,1.0382652083991648,81.77137758842194,7.570835669754047,6.707943728081339,0.8628919416727072,0.9561095616050861,5.33,309.2658064516129,12.56,3.7451612903225806,1
2023-12-19,459.7933349609375,459.8708164807692,457.4790843028072,457.5565362720974,55761800,0.006080888152631747,0.027289832696361538,0.04954257689611552,0.00559819175550419,0.004504152680210338,444.59279174804686,428.01997924804687,1.0387197170774958,84.20105474802699,7.940124667473867,6.954379915959846,0.9857447515140212,0.7649377359273525,5.33,309.2966774193548,12.53,3.741935483870968,0
2023-12-20,453.4217834472656,460.8196717099361,452.99572380616274,458.94114407885615,102921000,-0.013857424693233478,-0.0007258289444737054,0.03725915287491843,0.008270270507138307,0.005724745827954181,445.4071548461914,428.7069903564453,1.0389547286734486,68.48937469488288,7.630695987474553,7.089643130262788,0.5410528572117652,1.3617312129854866,5.33,309.3275483870968,13.67,3.738709677419355,1
2023-12-21,457.72113037109375,457.9922565704858,453.9834303896104,456.39451800386655,86667500,0.009482003469575506,0.005522103195330086,0.04306731462466917,0.009311348584519203,0.005961926401015656,446.352099609375,429.445654296875,1.0393680670495564,69.91108829935658,7.644274457324968,7.200569395675224,0.44370506164974444,1.1263619778509546,5.33,309.3584193548387,13.65,3.735483870967742,1
2023-12-22,458.6410217285156,460.3162123050925,456.7528308577729,458.84435899601766,67160400,0.002009720103321566,0.009204604692943485,0.04452101041598544,0.009180771417059967,0.005951455329873829,447.329541015625,430.2540222167969,1.0396870637277251,75.16843638057097,7.641180267545394,7.2886915700492585,0.35248869749613565,0.8521187541453472,5.33,309.3892903225806,13.03,3.732258064516129,1
2023-12-26,460.5776062011719,461.4781292872484,458.97020470261134,459.04768621247854,55387000,0.004222440603672384,0.007796964150111441,0.050823891864936854,0.009057877824003226,0.0058905813809028455,448.44335021972654,431.1427856445313,1.0401272273391564,76.60456317404412,7.7061624384137986,7.372185743722167,0.33397669469163116,0.7005707386779568,5.33,309.51277419354835,12.99,3.719354838709677,1
2023-12-27,461.4104309082031,461.5556718202345,459.8417699571807,460.374329818143,68000300,0.001808217976337012,0.0035170060640461465,0.05168259858826385,0.008723357411063445,0.005882393597749426,449.577099609375,431.9606359863281,1.040782567103185,80.79596863727527,7.735691039644621,7.444886802906659,0.2908042367379622,0.8569224346218324,5.33,309.5436451612903,12.43,3.7161290322580647,1
2023-12-28,461.584716796875,462.41745105376606,461.1683496684295,461.76869846768426,77158100,0.00037772420603676693,0.018002958057172336,0.05282044107175299,0.0035744207795025216,0.005855934286190401,450.73499450683596,432.7823602294922,1.041481899280331,78.9994303081466,7.684573108199345,7.492824063965196,0.1917490442341485,0.9638173001595971,5.33,309.57451612903225,12.47,3.712903225806452,0
2023-12-29,460.2483825683594,461.913880420099,458.3020659574586,461.3909836566184,122283100,-0.002895100682251739,0.005521379786894931,0.04565519491626424,0.0026249383162002477,0.00597154787881705,451.73975830078126,433.6894201660156,1.0416204253446073,74.63696425515325,7.4503478034168324,7.484328811855524,-0.03398100843869134,1.487968996321118,5.33,309.60538709677417,12.45,3.709677419354839,0
2024-01-02,457.67279052734375,458.6604879594563,455.5812324688381,457.19832696912215,123623700,-0.005596091455319918,-0.0021110872235606815,0.03368839079415564,0.003875292281074933,0.006151856930077573,452.485546875,434.61787658691406,1.0411112180391706,67.73479864202511,6.976473367014194,7.382757722887258,-0.40628435587306466,1.4734081155159342,5.33,309.73893548387093,13.2,3.706451612903226,0
2024-01-03,453.93499755859375,456.258940483322,453.33464883768056,455.5230138961187,103585900,-0.0081669547460822,-0.014422343928889969,0.030656871186928614,0.004120691186071189,0.0063559153730576,453.160661315918,435.57264587402346,1.0403790633055074,58.85298888371255,6.227528732815472,7.1517119248729015,-0.9241831920574297,1.212084158173707,5.33,309.77987096774194,14.04,3.712903225806452,0
2024-01-04,452.4729309082031,456.0363127693598,452.25020846042696,453.46059872988593,84232200,-0.0032208722796305267,-0.019369956553448864,0.027539531138745854,0.0031958406631448165,0.006434643201630043,453.7670074462891,436.51225524902344,1.039528677579561,47.95078438126253,5.453147662881406,6.811999072474603,-1.3588514095931972,0.977365409373772,5.33,309.8208064516129,14.13,3.7193548387096778,1
2024-01-05,453.0926208496094,455.5327567573528,451.6498156943496,452.6762241789946,86118900,0.0013695624623608627,-0.018397697406872027,0.03311010770914691,0.0035400112806516296,0.006307785687647337,454.4930648803711,437.4031140136719,1.0390713973430126,46.51607077859267,4.833728669935454,6.416344991966774,-1.5826163220313205,0.9895013507865585,5.33,309.86174193548385,13.35,3.725806451612904,1
2024-01-08,459.5609436035156,459.7061845131588,453.4605594436324,453.58644474883687,74879100,0.014275939303044272,-0.0014936260308131555,0.039923713985592135,0.008855920055309484,0.006795627622109672,455.3752151489258,438.5406115722656,1.0383877869744023,57.07384181154246,4.809335220845696,6.094943037742559,-1.2856078168968628,0.8564775496212204,5.33,309.9845483870968,13.08,3.7451612903225806,0
2024-01-09,458.86370849609375,459.8804243051442,456.41388024759897,456.9173918638988,65931400,-0.0015171765945876103,0.0026021166068836976,0.033901069530115624,0.008419487383315868,0.0068156355578905675,456.1275100708008,439.76060546875,1.037217759841414,52.703004071321274,4.679796410615268,5.811913712317101,-1.1321173017018333,0.7616521759823927,5.33,310.0254838709677,12.76,3.751612903225807,1
2024-01-10,461.4588012695313,462.32061320272817,458.854039417125,459.134858193739,67310600,0.005655476180373542,0.016574627978461542,0.035719775105982565,0.006990569975406755,0.006856938467482682,456.9232467651367,441.06856811523437,1.0359460632564506,52.44729969219296,4.731990824291643,5.59592913471201,-0.8639383104203677,0.7765495434423162,5.33,310.0664193548387,12.69,3.758064516129033,0
2024-01-11,461.2554321289063,462.9693337493614,457.2950395518787,462.4561295657989,77940700,-0.0004407092032170379,0.01941000360634826,0.030556512399746216,0.006428988291349727,0.006841168424233984,457.60706939697263,442.27776000976564,1.0346599145904793,64.05974596462792,4.702734882771324,5.417290284323874,-0.7145554015525502,0.8942282809831856,5.33,310.1073548387097,12.44,3.764516129032258,1
2024-01-12,461.5750427246094,463.4342151118614,460.171007794378,462.69828839912,58026400,0.0006929145402752024,0.018721165352669766,0.017242741828253694,0.006501457640107084,0.006202714357208621,457.9982650756836,443.44300170898435,1.0328233015530852,58.06977252424095,4.651717142687289,5.264175655996557,-0.6124585133092681,0.6794886785162808,5.33,310.14829032258064,12.7,3.770967741935484,0
2024-01-16,459.8804626464844,461.507219896807,458.0697237314841,460.2000221906259,85014900,-0.0036712991848999454,0.0006952702300229152,0.010265725866382969,0.003476189621345909,0.0062569114799579705,458.231916809082,444.48832763671874,1.0309200226818913,52.51373412127619,4.423554780062261,5.096051480809699,-0.6724967007474376,1.0157509385088521,5.33,310.3120322580645,13.84,3.796774193548387,0
2024-01-17,457.3240966796875,457.80825269443005,454.9807685660968,456.868988843808,68843900,-0.005558761840165349,-0.003355270394889698,0.006306811516258337,0.004325199295144553,0.006388293516133296,458.37522583007814,445.32629333496095,1.029301958340246,43.56331152169109,3.9904575837305742,4.874932701393874,-0.8844751176632997,0.8598919000748303,5.33,310.35296774193546,14.79,3.803225806451613,1
2024-01-18,461.39105224609375,461.9429972701223,457.4500442083185,458.9896569986018,91856200,0.00889293959346027,-0.00014681489062762232,0.00957687798772433,0.005570806910290524,0.006569959213932335,458.5940643310547,446.16979614257815,1.0278465021520782,49.96601104560729,3.930090622286855,4.685964285572471,-0.755873663285616,1.1321380972280142,5.33,310.3939032258064,14.13,3.809677419354839,1
2024-01-19,467.142822265625,467.42364106257526,461.4394790826515,462.514291382207,110834500,0.012466149899377443,0.012763839136908706,0.015984327622565297,0.007849637330590645,0.006996852252775947,458.96153869628904,447.10904602050783,1.0265091766343675,58.15335440374611,4.296837869183435,4.6081390022946636,-0.311301133111229,1.3212075177148221,5.33,310.4348387096774,13.3,3.816129032258064,1
2024-01-22,468.1305236816406,469.8444255597238,467.4817415348223,468.6727761250073,75844900,0.00211434569673008,0.014202416400885154,0.032439421243831035,0.007790430909691162,0.006086094731982831,459.6969757080078,448.04413330078125,1.0260082468246576,61.682041781474965,4.613999638608675,4.609311129557466,0.004688509051208989,0.9189424339266554,5.33,310.5576451612903,13.19,3.835483870967742,1
2024-01-23,469.495849609375,469.7379276647898,467.5883029012287,468.6728078613999,49945300,0.002916549677206781,0.020908448485845055,0.025724657344822655,0.006920582531665783,0.005810243987714481,460.28571166992185,449.0003546142578,1.0251344056629075,68.1748495038506,4.918821900757052,4.671213283797384,0.24760861695966874,0.618909495330635,5.33,310.5985806451613,12.55,3.841935483870968,1
2024-01-24,470.0090637207031,473.2819340700332,469.5152150522186,472.3523626504235,81765000,0.0010931174615391726,0.027737368603824697,0.024786361126930778,0.004939552376951468,0.005807855704560368,460.85411376953124,450.03261291503907,1.0240460369847355,77.42893000536378,5.142527968007585,4.7654762206394246,0.37705174736816005,1.004124999286189,5.33,310.63951612903224,13.14,3.848387096774193,1
2024-01-25,472.5653991699219,472.8365254024004,470.009070342345,472.129646862115,72525000,0.005438906707420088,0.024218820173105726,0.026027737361407732,0.004573811030286052,0.0058469614519830225,461.45350341796876,450.9854162597656,1.0232115868513443,83.0516404585533,5.463116142366516,4.905004204984843,0.558111937381673,0.8813770944403,5.33,310.6804516129032,13.45,3.85483870967742,0
2024-01-26,471.9649963378906,473.6208017271318,471.122569553023,472.1392854208551,76641600,-0.0012705179708160097,0.010322697561482963,0.022874570496624225,0.0024587009573966805,0.005873393578817295,461.9812316894531,451.9343133544922,1.0222309261281524,81.06432783788942,5.604136097017204,5.044830583391316,0.5593055136258878,0.9265399930148274,5.33,310.7213870967741,13.26,3.861290322580645,1
2024-01-29,475.7026977539063,475.8479682163698,471.7326415921786,472.2748940303816,61322800,0.007919446240754136,0.016175347876728585,0.030585893430358224,0.0035982219141932775,0.006060469328280475,462.6871307373047,452.7932446289062,1.021850781180508,79.19401077169162,5.948921233169074,5.225648713346868,0.7232725198222054,0.7485117264839419,5.33,310.84419354838707,13.6,3.8806451612903214,0
2024-01-30,475.334716796875,476.0415656816074,474.5794050287412,475.0151572718124,58618400,-0.0007735523863303673,0.012436461775664265,0.03277867951284952,0.004028589229265409,0.005997271041584667,463.44144744873046,453.6264935302734,1.0216366417271483,80.14856374231363,6.121903457420331,5.4048996621615615,0.7170037952587691,0.744426144421344,5.33,310.885129032258,13.31,3.887096774193549,0
2024-01-31,467.57855224609375,473.58206954437225,467.5591670917202,473.13665425188526,126011100,-0.01631726923513499,-0.005171201285713245,0.021643763675214922,0.009430790454151223,0.007061905377542629,463.93673553466795,454.2940100097656,1.0212257377654947,59.421530470146166,5.568940182256711,5.4377077661805915,0.13123241607611913,1.5978595133500815,5.33,310.92606451612903,14.35,3.893548387096774,1
2024-02-01,473.69830322265625,473.7273514043756,468.4693941088524,469.2731097206549,91891600,0.01308817726383138,0.002397348715594383,0.043537743884820124,0.011192445260545298,0.007192857787832945,464.9249008178711,455.07311950683595,1.0216487876095859,66.20424611911697,5.560428404321385,5.462251893808751,0.09817651051263443,1.173917611938773,5.33,310.967,13.88,3.9,1
2024-02-02,478.6850891113281,480.3312019391959,473.79509531108175,474.1340104537586,99228200,0.010527345896630624,0.014238540623945806,0.05793088693838988,0.011937001319914885,0.007307814810049571,466.23550872802736,455.88503601074217,1.0227041291108343,69.86720282574919,5.888199208689798,5.54744135678496,0.3407578519048382,1.2556156858006118,5.33,311.0145172413793,13.85,3.9,0
2024-02-05,476.9421081542969,478.7141358274664,474.6956465636952,478.0556906983339,75757100,-0.0036411849808546393,0.002605430673911613,0.05263711260617421,0.011838204560021397,0.007445656037688896,467.42798309326173,456.68118774414063,1.0235323802195726,69.78875981339502,5.9388564952132015,5.625724384470608,0.3131321107425933,0.964942621227627,5.33,311.1570689655172,13.67,3.9,1
2024-02-06,478.3268432617188,478.6560658444282,476.45797836644056,477.88139839934,55918600,0.0029033609818613915,0.006294777888320002,0.04083440927563542,0.011847558355002856,0.006922471526960663,468.36627807617185,457.4712799072266,1.023815698706058,75.04035022099838,6.021329175614483,5.704845342699383,0.3164838329150994,0.7209590439369269,5.33,311.2045862068965,13.06,3.9,1
2024-02-07,482.3162536621094,482.7326207649877,479.6630584646698,480.5636111587944,70556500,0.008340343964780894,0.0315191989564545,0.051110045819226624,0.006679468970228029,0.007007333185139068,469.53890533447264,458.33576110839846,1.024443094291795,74.99411304556386,6.335568952306346,5.830990064620776,0.5045788876855699,0.9069813972821217,5.33,311.2521034482759,12.83,3.9,1
2024-02-08,482.5292663574219,482.9068926894752,481.5028579516359,482.31623652505846,52343600,0.00044164527671441967,0.018642589755308414,0.0456605552433349,0.005772541197042658,0.006981434653365515,470.59242858886716,459.2203179931641,1.0247639534883828,71.18090243265104,6.526560457291566,5.970104143154935,0.5564563141366312,0.679396007349796,5.33,311.2996206896552,12.79,3.9,1
2024-02-09,485.3180541992188,485.7537769299286,482.693907035265,483.0328221928446,63979400,0.005779520614053624,0.01385663610329857,0.052167671954024275,0.00465371146111419,0.006993419718182757,471.7955596923828,460.15197021484374,1.0253037914237393,72.5424491334861,6.8242883251322155,6.1409409795503915,0.683347345581824,0.8380162745386971,5.33,311.34713793103447,12.93,3.9,0
2024-02-12,485.1050415039063,487.5451775338048,484.3884704038274,485.28902318022654,56502300,-0.00043891360205827734,0.017115145025040635,0.05097762357427915,0.003667586151497766,0.007013950422713647,472.97205963134763,461.0855346679688,1.025779435852262,71.11046174724005,6.962788766405424,6.305310536921398,0.6574782294840258,0.7408190201015353,5.33,311.4896896551724,13.93,3.9,0
2024-02-13,478.4236145019531,481.33824328857344,475.1701001312936,478.8593667536311,113099200,-0.013773155152623562,0.00020231195802100643,0.0403216778307085,0.008559019697390747,0.007802144376099776,473.8992172241211,461.85094482421874,1.0260869281202574,59.75295034812759,6.4589611602226,6.33604066158164,0.12292049864096022,1.4560705180841118,5.33,311.5372068965517,15.85,3.9,1
2024-02-14,482.7713623046875,483.2555183461787,478.73348791641325,481.0477679790003,68387800,0.009087653014913322,0.0009435896864817828,0.055643832917956715,0.00874407259558938,0.007741726521411388,475.1715805053711,462.65123168945314,1.0270621754754605,61.357651452220104,6.3374469212920985,6.336321913523732,0.0011250077683664372,0.8807021066121684,5.33,311.58472413793106,14.38,3.9,1
2024-02-15,486.1023559570313,486.2863376159792,482.99405290883,483.4685459216356,61683000,0.006899733315667511,0.007404917895617924,0.05355826384287399,0.00924759357438608,0.007670851590748811,476.40714569091796,463.56462463378904,1.0277038418694575,64.83131944582286,6.4357421317609464,6.356205957171175,0.07953617458977114,0.8100963459510516,5.33,311.6322413793104,14.01,3.9,0
2024-02-16,483.6816101074219,486.9351247377766,482.9456834193714,485.802216073848,75532900,-0.004979909724657672,-0.0033719002984488045,0.03540413563797129,0.009257832141663518,0.007484340991547044,477.2340850830078,464.43133666992185,1.0275665042434143,58.6084414109186,6.246304327096652,6.334225631156271,-0.08792130405961895,1.0155313322007808,5.33,311.67975862068965,14.24,3.9,0
2024-02-20,481.0187072753906,482.616416260608,478.78190878597854,481.9482785767016,71736700,-0.0055054870319337645,-0.008423607010653589,0.027531175477279568,0.009504196603655306,0.0076577071162361315,477.8784942626953,465.2802813720703,1.027076610368,55.84310305342311,5.8142761422306535,6.230235733371148,-0.41595959114049474,0.9671628783816277,5.33,311.8698275862069,15.42,3.9,1
2024-02-21,481.4543762207031,481.6093096787144,477.9200435145189,479.72111910718144,59293400,0.0009057214173233685,0.00633489156237621,0.02547099536934727,0.006669149584607616,0.007649761537931441,478.4764205932617,466.0710101318359,1.0266169965343193,66.79151522224191,5.444287182292442,6.073046023155408,-0.6287588408629663,0.7943948335276222,5.33,311.91734482758625,15.34,3.9,1
2024-02-22,491.41839599609375,492.3770155291545,487.0803471035888,488.0389961871901,76402500,0.02069566768424802,0.0179112399089425,0.045550892371966745,0.010804326981799329,0.008793937538545156,479.54688720703126,467.02302185058596,1.0268163768604368,69.61826531412082,5.887217213627935,6.035880261249914,-0.14866304762197924,1.0273076740263098,5.33,311.96486206896554,14.54,3.9,1
2024-02-23,491.7572937011719,493.9650440524054,491.03105964418,493.1322803007743,61321800,0.0006896317025153476,0.011633224309327117,0.04061214503846711,0.010686930342269857,0.008767844384543998,480.50648193359376,467.9472863769531,1.0268389109676845,66.13281067571366,6.194185947260223,6.067541398451976,0.1266445488082475,0.8307900843263764,5.33,312.01237931034484,13.75,3.9,0
2024-02-26,489.9562377929688,492.6287886875252,489.830352489886,492.1930364153986,50386700,-0.0036624894663942476,0.012972640585101836,0.03811986396168643,0.010474826278366146,0.008831303617643437,481.40604400634766,468.7948315429687,1.0269013470602288,66.03814883597084,6.220425527118209,6.098118224185223,0.12230730293298642,0.695001619339828,5.33,312.1549310344828,13.74,3.9,1
2024-02-27,490.866455078125,491.089177503547,488.7555417521869,490.6437622032437,48854500,0.0018577522132512403,0.020472691921930464,0.03187654263012685,0.009520164044005446,0.008717466779575696,482.1642318725586,469.5371380615234,1.0268926412576562,65.63624490839672,6.242705488191859,6.12703567698655,0.11566981120530961,0.6797122765390847,5.33,312.2024482758621,13.43,3.9,0
2024-02-28,490.2177429199219,490.7987065984109,488.9589193319282,489.3171901171775,56506600,-0.001321565471610553,0.01820186321289463,0.031310623013902195,0.009756019534553117,0.008726197458940821,482.90838317871095,470.2373443603516,1.0269460496286091,60.748219118941236,6.137270237231178,6.129082589035475,0.008187648195702835,0.7873325328559729,5.33,312.2499655172414,13.84,3.9,1
2024-02-29,491.97998046875,493.5873820410347,489.336507446408,491.9703174424767,83924800,0.0035948057251693477,0.0011427827635916987,0.05218679964134321,0.002816982985475822,0.007645959428410246,484.1284545898437,470.98778564453124,1.0279002329695874,62.335676870680516,6.125301224137388,6.128326316055857,-0.003025091918469336,1.2046847960019154,5.33,312.2974827586208,13.4,3.9,1
2024-03-01,496.598876953125,497.0249366755796,492.4448389850068,492.8515431020925,76844800,0.009388382998784195,0.00984547319169038,0.04834421735242023,0.005006104545611504,0.0074196037840899365,485.2734832763672,471.7794775390625,1.0286023584741186,64.05305985276686,6.414578768482556,6.185576806541198,0.2290019619413588,1.1150984240713875,5.33,312.345,13.11,3.9,0
2024-03-04,496.0663146972656,497.90613146747353,495.775832865413,495.8049105991407,49799300,-0.0010724193722041475,0.012470658464968087,0.03631035514017267,0.004371123489072556,0.007200113979489503,486.1425445556641,472.50493713378904,1.0288623596286648,63.54712540498533,6.525636507676097,6.253588746768178,0.2720477609079195,0.749520161134049,5.33,312.41061290322585,13.49,3.9,0
2024-03-05,491.1085510253906,494.5170287187888,488.910493074669,494.0715838516931,72855600,-0.009994155065539134,0.0004932012460030499,0.029702646566301283,0.007137459299269138,0.007583183973090114,486.8508666992187,473.25867248535155,1.0287204334629239,66.37508824567595,6.142790209770169,6.231429039368576,-0.0886388295984073,1.0989358412585883,5.33,312.43248387096776,14.46,3.9,1
2024-03-06,493.5970764160156,495.84356750478094,492.3092343684573,494.3717142498123,68382400,0.005067159562645029,0.006893535668385242,0.03192426552975536,0.007382734400552513,0.007619730164343572,487.61437835693357,473.97619140625,1.0287739916011818,64.67965116808372,5.971350945309439,6.179413420556749,-0.20806247524730992,1.0218576924071225,5.33,312.4543548387097,14.5,3.9,1
2024-03-07,498.4967346191406,499.54252820351775,493.65517426694095,496.8796700098079,58652100,0.009926432787449091,0.01324597424509344,0.0335474511467877,0.00833554358977235,0.007701390654869325,488.4234024047852,474.7733056640625,1.0287507671090108,66.12093869550819,6.159838774880825,6.175498491421565,-0.015659716540739943,0.884320673802595,5.33,312.4762258064516,14.44,3.9,0
2024-03-08,495.504638671875,501.7986373861769,494.9333381139003,499.12614579862606,86532500,-0.0060022378071376,-0.0022034650741936668,0.026890332295081754,0.008068595662692163,0.007888415897712404,489.0721710205078,475.4718463134766,1.0286038486031928,65.1525948755657,5.998631115362798,6.1401250162098115,-0.14149390084701352,1.2719024033821955,5.33,312.4980967741936,14.74,3.9,0
2024-03-11,495.0785217285156,495.6595147958482,492.3866157487249,494.3038840057621,62557200,-0.0008599655989124377,-0.001991251853802667,0.0201114865701868,0.008064826864092605,0.007832014341508904,489.56019439697263,476.1452081298828,1.0281741494780108,69.1152528026953,5.7699761146705555,6.066095235901961,-0.2961191212314054,0.9204623028728729,5.33,312.5637096774193,15.22,3.9,1
2024-03-12,500.40435791015625,500.9853215326309,494.6719076966977,497.17986205272086,73114400,0.010757558544543633,0.01892821223608676,0.031538151734765485,0.0071649000662213375,0.008116834907434381,490.32516021728514,476.9216009521484,1.0281043241454721,72.74001688967736,5.949928774034902,6.04286194352855,-0.09293316949364794,1.0628111035635535,5.33,312.5855806451613,13.84,3.9,0
2024-03-13,499.6200256347656,500.8982048517955,498.1869424676809,500.72391574507606,55104100,-0.0015673969720532144,0.012202157400287517,0.04430469251581215,0.0074740927038942665,0.0073211801637422785,491.3849807739258,477.70903381347654,1.0286281941358244,62.62297669114384,5.960544051864304,6.026398365195701,-0.06585431333139713,0.8362580585338604,5.33,312.6074516129033,13.75,3.9,0
2024-03-14,498.6323547363281,500.7432681365898,495.6015329710001,500.5883050955873,110171800,-0.0019768440970369117,0.0002720581856792137,0.032854045765934314,0.006301417598407411,0.007189809142866449,492.1780303955078,478.5282250976563,1.028524556299821,60.374105490011914,5.822145875338379,5.985547867224237,-0.16340199188585824,1.6205821305974866,5.33,312.6293225806452,14.4,3.9,0
2024-03-15,495.2084045410156,497.0247990949515,493.5474544938414,495.57751113868864,107646300,-0.006866682762940779,-0.0005978433050665144,0.01873278019000013,0.0065178194775874,0.007317795481886388,492.63333282470705,479.3536932373047,1.02770321742536,57.555210018885425,5.374229386692377,5.863284171117865,-0.48905478442548755,1.53165534592412,5.33,312.65119354838714,14.41,3.9,1
2024-03-18,498.1515197753906,500.69637526560086,497.743581681272,499.2588396012805,88893300,0.005943185146671359,0.006207092232856093,0.02991618735464252,0.007011599795580927,0.007259020035573129,493.3568283081055,480.26726501464844,1.0272547480267218,59.90047968493252,5.19683130873824,5.72999359864194,-0.5331622899037001,1.2529175870455753,5.33,312.7168064516129,14.33,3.9,1
2024-03-19,500.9197692871094,501.2014309193572,496.4613816361032,497.461870313395,60755300,0.005557043192334188,0.0010299897848724537,0.041372740208885705,0.005465364578099075,0.007117218175855936,494.3518814086914,481.22380798339844,1.0272805983567335,63.751925435830834,5.219450082686308,5.627884895450814,-0.4084348127645061,0.8630017882109893,5.33,312.7386774193549,13.82,3.9,1
2024-03-20,505.5529174804688,505.68891659025934,500.3078219091941,500.9780354820724,69594600,0.009249281975740598,0.011874807936622434,0.05005363425904075,0.006604168231913416,0.007288891762817395,495.5568084716797,482.1436474609375,1.027819843902079,66.2425955547765,5.547286298979827,5.6117651761566165,-0.06447887717678924,0.9813801108171286,5.33,312.7605483870968,13.04,3.9,1
2024-03-21,507.22369384765625,509.0788903449226,506.9419728955261,508.37956788041765,60256100,0.0033048496199252764,0.017229806749847087,0.032162609255857344,0.006138841699805956,0.005906447736639979,496.3470733642578,483.11084716796876,1.027397907279211,63.67985691226603,5.87420240315663,5.66425262155662,0.20994978160001043,0.8594789360542514,5.33,312.78241935483874,12.92,3.9,0
2024-03-22,506.2620544433594,507.621867774784,506.028887689534,507.1362074525522,79070800,-0.0018958881770726466,0.022321208204430176,0.029495771446557573,0.004125174076922916,0.005955527187931314,497.0723114013672,484.0069122314453,1.026994240866697,62.98394330333616,5.986678801207006,5.728737857486697,0.2579409437203086,1.1137491626189728,5.33,312.8042903225807,13.06,3.9,0
2024-03-25,504.8634338378906,506.00958527374246,504.7079893096331,504.89254263399073,48512100,-0.002762641586888326,0.01347363963784809,0.03042556639766847,0.005059244657247685,0.005917981900808632,497.81767120361326,484.879072265625,1.026684176896998,69.26252628339914,5.895006200938894,5.7619915261771375,0.13301467476175688,0.684218921959684,5.33,312.86990322580647,13.19,3.9,0
2024-03-26,503.9309692382813,506.62154697147946,503.5327537739349,506.2815491021887,65463700,-0.0018469640245498686,0.006011341807206749,0.026615210766596453,0.005093915508678036,0.0059645295290605815,498.4708969116211,485.72619079589845,1.0262384577097634,65.13118090068298,5.681618740350416,5.745916969011794,-0.0642982286613778,0.9126164109157029,5.33,312.89177419354843,13.24,3.9,1
2024-03-27,508.1658630371094,508.20475380954497,504.5914097711624,506.74777267634687,82999800,0.008403718083112244,0.005168490708475693,0.036612546927170975,0.004763611277809457,0.006130995165586176,499.3683029174805,486.69189880371096,1.0260460553071218,64.43890087935489,5.78751332651558,5.754236240512551,0.0332770860030287,1.1361034705307054,5.33,312.91364516129033,12.78,3.9,0
2024-03-28,508.0687561035156,509.5645687286397,507.787094426136,508.2047552379945,96294900,-0.0001910929888391255,0.0016660543781954473,0.03270209413691294,0.004602010194397116,0.006131672991123125,500.17274169921876,487.7067919921875,1.0255603364802657,70.53771057711981,5.796778180500496,5.7627446285101405,0.034033551990355626,1.3070217592643807,5.33,312.9355161290323,13.01,3.9,0
2024-04-01,507.1847839355469,509.341146689148,506.0289099464076,508.8069321681379,62477500,-0.001739867207635637,0.0018226321409808843,0.021316816194534294,0.004583539282489258,0.005890578651390501,500.70203704833983,488.62266662597654,1.0247212649911912,69.4974383372588,5.667460520730515,5.743687806954215,-0.07622728622370012,0.8563642347261095,5.33,313.023,13.65,3.9,0
2024-04-02,503.96002197265625,504.0959618045382,501.6676602284869,503.3771940235801,74230300,-0.006358159915342498,-0.0017894182954918403,0.01591260491091373,0.005406555910179187,0.006106457100505055,501.0967224121094,489.3590106201172,1.023985890802579,56.14216730278559,5.244310852694582,5.643812416102289,-0.39950156340770704,1.0007018230683284,5.33,313.0280666666667,14.61,3.9,1
2024-04-03,504.5136413574219,506.0095131262112,502.8235528830779,502.87210705946654,59155800,0.001098538297936047,0.0011562538417142498,0.027295575090359625,0.005362480210466374,0.005552368227132498,501.76697692871096,490.0866729736328,1.023833139318413,58.52130938463177,4.897182478486002,5.494486428579032,-0.5973039500930302,0.8049147370676899,5.33,313.0331333333333,14.33,3.9,0
2024-04-04,498.3554992675781,508.845750562364,498.0543922336854,508.5058120444784,96858100,-0.01220609629756475,-0.019305436439391088,0.009640297884487392,0.005441488785371741,0.00624581490217839,502.00489807128906,490.6638659667969,1.0231136484488133,49.59147133364435,4.078159654164324,5.21122107369609,-1.1330614195317663,1.2928715077952564,5.33,313.0382,16.35,3.9,1
2024-04-05,503.5617980957031,505.5141622452848,499.2685770760186,499.7056832607285,74546500,0.010446957715479321,-0.00887076395403108,0.01016067533608278,0.00847710332785273,0.0062881106991633405,502.2581512451172,491.33492065429687,1.0222317407772974,61.710318037527955,3.80531763673514,4.930040386303901,-1.124722749568761,0.9846093251965959,5.33,313.0432666666667,16.03,3.9,1
2024-04-08,503.8434448242188,505.26159438808656,503.03729132856745,504.2611648955792,48401800,0.0005593091643980586,-0.0065880113464773515,0.016828916424868723,0.008540032515189321,0.006097965028478056,502.6750915527344,491.9604815673828,1.02177941193816,58.62273339626961,3.5706546255058242,4.658163234144286,-1.087508608638462,0.6558045623331249,5.33,313.0584666666667,15.19,3.9,1
2024-04-09,504.4263000488281,505.8152816100391,499.5988050832793,505.5724514220362,68049200,0.0011568181160175328,0.0009252283035203757,0.018881405494376224,0.008074074655547643,0.006084818494304754,503.14248046875,492.6097076416016,1.021381577877494,55.6887360036756,3.3926061915996684,4.405051825635363,-1.0124456340356947,0.9185929447452761,5.33,313.06353333333334,14.98,3.9,0
2024-04-10,499.3753967285156,501.35686962666665,497.4036465229804,498.7537372482173,82652800,-0.01001316410310793,-0.010184550441652118,-0.0020562594337465434,0.009217061487138975,0.006095914215056778,503.09103240966795,493.0831616210937,1.0202965170330938,40.11207535778226,2.8115263139377475,4.08634672329584,-1.2748204093580924,1.1085892435747593,5.33,313.0686,15.8,3.9,1
2024-04-11,503.1441040039063,504.5816396156678,497.3939022721514,500.8906329490288,70099000,0.007546842115330632,0.009608812872268668,0.00705351704960866,0.007893079549616834,0.0063159860803556275,503.267236328125,493.63934936523435,1.0195038887707617,43.88103725756226,2.6248617330208504,3.7940497252408423,-1.169187992219992,0.9308494480920202,5.33,313.07366666666667,14.91,3.9,0
2024-04-12,496.19915771484375,501.026622508991,494.4799012010891,499.61819571598176,92561100,-0.013803095840329349,-0.01462112576589869,-0.004879741553816763,0.008761209074503352,0.007057391392307617,503.1455764770508,494.2117614746094,1.0180768967856715,37.203499215695714,1.8946887906334382,3.4141775383193615,-1.5194887476859233,1.2436670274279333,5.33,313.07873333333333,17.31,3.9,0
2024-04-15,489.9827575683594,500.5215638494566,489.1376836277077,500.3564559239092,92101400,-0.012528034459213688,-0.027509908877935585,-0.010552419798891877,0.009397242682474072,0.007441087148535347,502.884294128418,494.5374505615234,1.0168780818468188,33.142520908929995,0.8051289090931846,2.8923678124741263,-2.0872389033809418,1.2505501624230868,5.33,313.0939333333333,19.23,3.9,0
2024-04-16,489.089111328125,491.9739349954312,487.80696088879887,490.4586770734476,73484000,-0.0018238320153739496,-0.030405212256415792,-0.018192072266188686,0.008951105186080081,0.007288008928704082,502.43117370605466,494.7455310058594,1.0155345368851938,33.171695501730056,-0.12897815012775027,2.288098619953751,-2.4170767700815015,1.0083119460623637,5.33,313.09900000000005,18.4,3.9,0
2024-04-17,486.1945495605469,491.7019508026377,484.805568116472,491.5368132460852,75910300,-0.005918270721091967,-0.026394666726311522,-0.029396363708142137,0.008689855243262129,0.007204783571697148,501.6949127197266,494.9305798339844,1.0136672356919452,24.307105946841077,-1.0902637859608717,1.6124261387708265,-2.7026899247316982,1.0308858480751057,5.33,313.1040666666667,18.21,3.9,0
2024-04-18,485.194091796875,489.6718955124249,484.2616322508634,487.5835619944143,74548100,-0.0020577313435046207,-0.035675688265427774,-0.040270414786757414,0.005678343390028201,0.006748913264725785,500.6769714355469,495.0679248046875,1.0113298526319843,23.804188355056155,-1.910791740641912,0.907782562888279,-2.818574303530191,1.008992989181032,5.33,313.1091333333334,18.0,3.9,0
2024-04-19,480.9591674804688,486.10715539894034,479.6964327690104,485.11641894359934,102212600,-0.008728309738320394,-0.030713454461631873,-0.05178095322785914,0.004550394111748862,0.006784433431077807,499.3637451171875,495.0407830810547,1.0087325371643672,22.107453172215344,-2.8697088387448275,0.1522842825616577,-3.021993121306485,1.3452302659502993,5.33,313.11420000000004,18.71,3.9,1
2024-04-22,485.3883972167969,487.972113920127,481.2214229780645,483.5525868056058,67961000,0.009209159603986494,-0.00937657556433813,-0.041230933749347054,0.006822936830517791,0.007283978742581353,498.3200622558594,495.0979656982422,1.0065079979738414,30.741357496077413,-3.2349650609844502,-0.5251655861475639,-2.7097994748368865,0.9010288229522976,5.33,313.12940000000003,16.94,3.9,1
2024-04-23,491.1483459472656,491.575729461392,485.2038675228729,487.3893392755089,64633600,0.011866679886656017,0.004210346481746008,-0.027165936313440442,0.009182159859986494,0.007918496394638189,497.6343078613281,495.2145715332031,1.0048862381424548,37.49098856704792,-3.024785677562363,-1.0250896044305238,-1.9996960731318394,0.8478530854630416,5.33,313.1344666666667,15.69,3.9,0
2024-04-24,490.9151916503906,492.8189718957972,488.7005816711836,492.0322045112339,55928100,-0.00047471257675790746,0.009709368593519896,-0.025828493151680565,0.008470574528427177,0.007919875218635275,496.98351898193357,495.3307745361328,1.003336648015356,42.16771480926546,-2.8442439315828096,-1.388920469860981,-1.4553234617218287,0.7382731464513471,5.33,313.13953333333336,15.97,3.9,0
2024-04-25,489.05023193359375,489.8078608662871,483.2223079459974,484.8638422405587,69122400,-0.0037989448045540053,0.007947623851803032,-0.037616913086740866,0.008709620452092484,0.007598286497411391,496.0277374267578,495.5433068847656,1.000977574583819,33.56797047511429,-2.8191525247440836,-1.6749668808376015,-1.1441856439064821,0.9208778010809148,5.33,313.1446,15.37,3.9,1
2024-04-26,493.6834411621094,495.2569758663009,491.1968626790296,491.8282151706386,64306100,0.009473892303857978,0.026456037314555036,-0.028313716930224553,0.006927341912203033,0.008008169545436466,495.3084716796875,495.76154846191406,0.9990860993886431,39.52747612939099,-2.397766184635657,-1.8195267415972127,-0.5782394430384441,0.8753656738243596,5.33,313.1496666666667,15.03,3.9,1
2024-04-29,495.4318237304688,496.1020373711397,492.7024149907208,495.4609621651781,46415400,0.003541505391073674,0.020691525737452032,-0.023172935342972822,0.006573258788090277,0.008083256675104917,494.72082366943357,495.9481378173828,0.997525317559714,40.94639119394932,-1.9008231071928208,-1.8357860147163343,-0.06503709247648648,0.6388124892649047,5.33,313.1648666666667,14.67,3.9,0
2024-04-30,487.5835266113281,494.9461237340898,487.5835266113281,493.9748031317947,77483600,-0.01584132617893841,-0.0072581316120735595,-0.03249562395291883,0.009458078831009997,0.008662790691112405,493.90199890136716,496.02617614746094,0.9957176105854093,38.76340321188535,-2.1158934223221877,-1.891807496237505,-0.22408592608468259,1.0640202703746535,5.33,313.16993333333335,15.65,3.9,0
2024-05-01,486.0003051757813,493.6154557030375,485.5340605810027,487.00076428433056,80242800,-0.003247077370620133,-0.010011681362082414,-0.03669541250030306,0.009470070248459157,0.008645637061631873,492.97633209228513,496.12580810546876,0.9936518601497262,32.95348202093764,-2.3865799270702155,-1.9907619824040474,-0.39581794466616804,1.0861837951337172,5.33,313.175,15.39,3.9,1
2024-05-02,490.5460815429688,491.3814327412964,485.2232335484866,489.69131460230034,62550200,0.009353443441858289,0.003058682956678771,-0.015670375336655495,0.010596257269028003,0.008628118416366475,492.5858612060547,496.3076422119141,0.9925010604526008,44.0973811032073,-2.208832721418389,-2.034376130206916,-0.17445659121147328,0.8668204904345175,5.33,313.1707741935484,14.68,3.9064516129032256,1
2024-05-03,496.6265258789063,497.8503696978336,493.9748099269168,496.5002494560944,72756700,0.012395256153737932,0.005961481531300716,-0.013772435166892416,0.011263549597230292,0.008771052238041126,492.23909759521496,496.4118048095703,0.9915942627191228,56.956794332895186,-1.5593505167283865,-1.9393710075112103,0.38002049078282374,1.0095140889519933,5.33,313.1665483870968,13.49,3.9129032258064513,1
2024-05-06,501.7551574707031,501.7939889574732,498.5789197070483,499.0160258932404,47264700,0.010326938503174787,0.01276327728126403,-0.004144714742183919,0.011995128307944818,0.009107789454287881,492.13468322753914,496.61176208496096,0.990984750665942,62.182358048455775,-0.6236049528338867,-1.6762177965757457,1.052612843741859,0.6563251349682573,5.33,313.153870967742,13.49,3.932258064516129,1
2024-05-07,502.3087463378906,503.6977276735012,501.6385327564712,502.7166843877577,52561300,0.00110330478709586,0.03020040449049155,-0.0041979446962470135,0.006714767614084529,0.00910738755815913,492.02880554199226,496.8588122558594,0.9902789150665604,66.22967870750253,0.16079658039564038,-1.3088149211814686,1.469611501577109,0.7378084934592705,5.33,313.1496451612903,13.23,3.938709677419354,1
2024-05-08,502.3573913574219,502.8916059239255,500.3661956360641,500.4827493856753,42047200,9.684286782962737e-05,0.0336565347952289,0.005971448830762949,0.005646813585427427,0.008807998868514617,492.1779052734376,497.0886309814453,0.9901210259057585,67.62420301926672,0.7774042609182175,-0.8915710847615315,1.668975345679749,0.6075352682898354,5.33,313.14541935483874,13.0,3.94516129032258,1
2024-05-09,505.2518310546875,505.2907218217569,501.8910996467172,502.54186786336425,43643700,0.005761714164182141,0.029978324290070857,0.004189112093351266,0.005442504071997451,0.008739848034421946,492.28329162597663,497.3893127441406,0.9897343569969494,75.65118701131969,1.4825376131217922,-0.4167493451848668,1.899286958306659,0.6428901442646032,5.33,313.1411935483871,12.69,3.9516129032258074,1
2024-05-10,505.9027404785156,507.65110602328485,504.6885895051044,506.8448931772194,52233200,0.001288287115099429,0.01867845174639582,0.019555822723198446,0.004292659930395012,0.008090458051559356,492.76847076416027,497.66776794433594,0.9901554862586085,73.53987197265762,2.070021901642292,0.08060490418056498,1.989416997461727,0.7929701874835282,5.33,313.1369677419355,12.55,3.958064516129032,1
2024-05-13,505.9706115722656,507.6801453946088,504.8341830162767,507.5733143518892,36716400,0.0001341583832612514,0.008401416584957744,0.0326294216622014,0.002347465145001979,0.007445880760305049,493.5678634643556,497.85520263671873,0.9913883813011158,69.56397395637806,2.5121258399943827,0.5669090913433286,1.945216748651054,0.5818665198545762,5.33,313.12429032258063,13.6,3.977419354838709,1
2024-05-14,508.29205322265625,508.80688159235103,505.63064428986746,506.1648587577762,57535900,0.004588095824729743,0.011911611988417947,0.03926266492088848,0.002634384888252051,0.007427219857652904,494.52801055908213,498.09971740722654,0.9928293337190868,71.73747891742656,3.015061583292834,1.0565395897332297,1.958521993559604,0.9234753685838546,5.33,313.12006451612905,13.42,3.983870967741935,1
2024-05-15,514.5863037109375,514.8776880610556,510.1181929651904,510.7495751277046,59504900,0.012383137702772773,0.024343052503859486,0.058395870904050406,0.004810695139531973,0.0075329747896486976,495.9475982666016,498.5692724609375,0.9947416049501099,78.7574147518335,3.8768453347053082,1.6206007387276453,2.256244595977663,0.9678206611720124,5.33,313.1158387096774,12.45,3.990322580645161,0
2024-05-16,513.5275268554688,516.2763809484062,513.381805041238,514.6834008229457,50244800,-0.00205753019043331,0.016379348459769405,0.05839608424262388,0.005633158162952377,0.007532967866045837,497.36427001953126,498.96788146972654,0.9967861429367522,74.30403298690406,4.423390629139817,2.1811587168100797,2.2422319123297374,0.8336863385568151,5.33,313.1116129032258,12.42,3.996774193548387,1
2024-05-17,514.265869140625,514.3338687186881,512.1969508535761,513.6442095280972,59187600,0.0014377852141196357,0.01653109974102729,0.06925058073980628,0.005620410727241216,0.007035830765458576,499.02960510253905,499.28326416015625,0.9994919536146603,73.65216311551175,4.8600857215536735,2.7169441177587985,2.143141603794875,1.0184218106309033,5.33,313.1073870967742,11.99,4.003225806451613,1
2024-05-20,514.8582153320312,516.3151962899514,513.9937257353356,514.3822777046638,37764200,0.0011518287075829026,0.017565454507620704,0.060713890740309084,0.005494243938627743,0.006913933836806338,500.50309600830076,499.6703356933594,1.0016666194797932,91.88542698683938,5.194092846587864,3.212373863524612,1.981718983063252,0.667127857015917,5.33,313.09470967741936,12.15,4.02258064516129,1
2024-05-21,516.1209106445312,516.2763551432357,513.8966077662355,514.1006064390205,33437000,0.002452510759075155,0.015402281763483794,0.05084525867454914,0.005471536256286646,0.006589509583826197,501.75172424316406,500.0911834716797,1.0033204759979104,96.7157651602643,5.4973152304854125,3.6693621369167726,1.8279530935686399,0.6074229603590076,5.33,313.0904838709677,11.86,4.029032258064516,0
2024-05-22,514.6348876953125,516.1404229953789,512.468802117107,515.4313778215733,48390000,-0.0028792147703587956,9.441367565488079e-05,0.04831729889062797,0.0023414649217025473,0.0066681713235539845,502.93770904541014,500.3757940673828,1.0051199818384546,91.27848236305559,5.553692017014669,4.046228112936352,1.5074639040783167,0.8851223984896399,5.33,313.08625806451613,12.29,4.035483870967742,0
2024-05-23,510.8758850097656,517.7819613409337,509.6713974758972,517.6751302863473,57211200,-0.007304212705789959,-0.005163582684535317,0.044628652950185144,0.004054736328525933,0.006881854805523471,504.02899169921875,500.6009112548828,1.0068479308911815,76.52823876852307,5.234708464399773,4.283924183229036,0.950784281170737,1.0580002587154895,5.33,313.0820322580645,12.77,4.041935483870968,1
2024-05-24,514.2559814453125,515.062194143986,511.7694030777515,512.7115556042107,41291100,0.006616277132521553,-1.9226816138973035e-05,0.04167152180509892,0.005309372981539865,0.0067514903431964415,505.05761871337893,500.9133837890625,1.0082733563494914,74.89368012027911,5.194775100777576,4.466094366738744,0.7286807340388322,0.7801947298295795,5.33,313.0778064516129,11.93,4.048387096774193,1
2024-05-28,514.6154174804688,515.2953538271266,511.992839734623,515.0622463447778,36269600,0.0006989438103297552,-0.0004715819702050261,0.038720955802864276,0.005288792275123909,0.006748693203249789,506.0167984008789,501.30152404785156,1.0094060642683729,74.69803072302365,5.1329615212481485,4.599467797640625,0.5334937236075232,0.6919460276146171,5.33,313.06090322580644,12.92,4.074193548387097,0
2024-05-29,511.01171875,512.187037960543,510.30267371806593,510.6037807178312,45190300,-0.007002702616474843,-0.009899215066002442,0.04804959737154402,0.005819276607443902,0.005737888378528718,507.1882080078125,501.55872802734376,1.0112239697285494,65.19938727578914,4.738562248003973,4.627286687713295,0.11127556029067787,0.8895353620930142,5.33,313.0566774193548,14.28,4.080645161290322,0
2024-05-30,507.6218566894531,510.13760318894674,506.3785971197376,509.47711227930006,46377600,-0.006633628811564041,-0.013627197015860681,0.044488761186788794,0.006195323993311997,0.005957965123804557,508.26928558349607,501.6927697753906,1.0131086517572294,54.09122373743173,4.105142912307429,4.522857932632122,-0.4177150203246933,0.9443831746926421,5.33,313.0524516129032,14.47,4.087096774193548,1
2024-05-31,512.245361328125,512.3716377541396,503.4937528735391,508.5738001358681,90785800,0.009108166990335897,0.0026806438873763216,0.044234946728965996,0.007394452140287172,0.005942688797752591,509.35424957275393,501.82661865234377,1.0150004615949342,59.62831154897057,3.930918527455617,4.404470051596821,-0.47355152414120383,1.7970034437396503,5.33,313.0482258064516,12.92,4.0935483870967735,1
2024-06-03,512.6630859375,514.1297897725609,507.6122061219912,513.848128094292,46835700,0.0008154775834219308,-0.0030974758977730943,0.03229098572657385,0.006620773704415353,0.005438061435890103,510.1560775756836,501.93540649414064,1.0163779461962281,60.05262409982076,3.782943909559492,4.280164823189355,-0.49722091362986287,0.9514691939661889,5.33,313.079,13.11,4.1066666666666665,1
2024-06-04,513.2361450195312,513.974358217118,509.9045222228089,511.361503233401,34632700,0.0011178083574776565,-0.0026802004255728207,0.02288165328823455,0.006643970977486247,0.005035608703959902,510.730126953125,502.07488830566405,1.0172389395467867,57.838105633094145,3.669613022770875,4.1580544631056595,-0.48844144033478454,0.7127095028688283,5.33,313.0965,13.16,4.109999999999999,1
2024-06-05,519.3359375,519.355382881941,513.5662911101476,515.5478229576875,47610400,0.011884962779144415,0.016289682691352114,0.03389785920760291,0.007366131882171469,0.005578847945109092,511.5814865112305,502.36433837890627,1.0183475366943189,57.576536473850446,4.025595197970802,4.131562610078689,-0.10596741210788707,0.9847955749313819,5.33,313.114,12.63,4.113333333333333,0
2024-06-06,519.3263549804688,520.0645682770622,517.4031587596616,519.6371847519142,30808500,-1.8451485520820654e-05,0.023057514440667726,0.03377866816529762,0.00550388319440097,0.005580632423489568,512.4299346923829,502.67224609375,1.019411631882324,59.57055016963631,4.257858465324659,4.156821781127883,0.10103668419677625,0.6447514446923448,5.33,313.1315,12.58,4.116666666666666,0
2024-06-07,518.6950073242188,521.4924158492759,517.2671349822953,518.3550094881825,43224500,-0.0012157050190024776,0.012590930993247929,0.026606882832011403,0.005314443603227907,0.0055297126713625844,513.1020935058593,502.88282897949216,1.020321363024276,57.33588352678815,4.340944591495656,4.193646343201438,0.14729824829421823,0.9049868966431245,5.33,313.149,12.22,4.12,1
2024-06-10,520.297607421875,520.6181598447974,517.2962597313128,517.8887511155715,35686100,0.0030896771224453445,0.014891888442511547,0.028453822823224506,0.005229064277778902,0.005543679764575509,513.8218368530273,503.12740600585937,1.0212559099733147,58.717414482886795,4.484413848092231,4.2517998441795966,0.23261400391263454,0.7603267610471157,5.33,313.2015,12.74,4.13,1
2024-06-11,521.5506591796875,521.608936050015,516.791164059003,518.7532508345464,36383400,0.0024083365749489882,0.01620017265120688,0.03079239633900488,0.00514587047771515,0.0055392739634250706,514.6008392333985,503.4147235107422,1.0222204778689148,58.704649929451634,4.6456726497745535,4.330574405298588,0.31509824447596557,0.7754584992102806,5.33,313.219,12.85,4.133333333333333,1
2024-06-12,525.8341064453125,528.5149607902181,524.804508979413,526.096381978746,63251300,0.008212907394963498,0.01251245769086129,0.034511759748036,0.0036449412166708554,0.005701453356896211,515.4779418945312,503.8522052001953,1.0230737041028066,66.47612377206688,5.06077237427894,4.476613999094659,0.5841583751842814,1.33994685022043,5.33,313.2365,12.04,4.136666666666667,1
2024-06-13,526.8929443359375,527.7477113251548,524.1149812633378,527.5728807070939,44760900,0.002013634866294245,0.01457000840204481,0.023915600816132754,0.003399608455676775,0.005122158573451118,516.0932739257812,504.29979125976564,1.0233858567273146,75.5977724909065,5.412786037182286,4.663848406712185,0.7489376304701016,0.9632808220261482,5.33,313.254,11.94,4.14,1
2024-06-14,527.2134399414062,527.2425487322553,524.3674183253244,525.367907030757,40089900,0.0006082746199471689,0.016422815907042088,0.026650787679760368,0.0029099179586213877,0.0050674630982636346,516.7775695800781,504.8769500732422,1.0235713266472344,72.95269665399536,5.652462647161769,4.861571254802102,0.7908913923596677,0.8722896452716191,5.33,313.2715,12.66,4.1433333333333335,1
2024-06-17,531.4095458984375,532.7985867082562,526.0770045940598,526.533556163689,55839500,0.007959026912321532,0.021356889437995408,0.03333621339961912,0.0035747823444266364,0.005280225537619744,517.6347534179688,505.43390502929685,1.024139354853855,76.18917540099216,6.110560037340065,5.111369011309694,0.9991910260303705,1.2194164546481223,5.33,313.324,12.75,4.153333333333333,1
2024-06-18,532.759765625,532.8860420787739,531.0502314367253,531.4678922897006,41376400,0.0025408270080653494,0.021491884341479972,0.034769864323567434,0.0035582596483319344,0.005282404401298344,518.5298309326172,506.0122314453125,1.0247377409268368,86.47822178906267,6.507542072933916,5.390603623634538,1.1169384492993775,0.9000231550992499,5.33,313.3415,12.3,4.156666666666666,0
2024-06-20,531.3124389648438,534.3429548976981,529.5446281232266,533.6824639158926,70328200,-0.002716659090159168,0.010418366652869437,0.02943404928380322,0.003871486539716541,0.005370588406068504,519.2894073486328,506.5499542236328,1.0251494507477061,92.50637081133529,6.6289516028831486,5.638273219484261,0.9906783833988877,1.4707734075772596,5.33,313.3765,13.28,4.163333333333333,0
2024-06-21,530.60009765625,531.7109897848462,529.148170327666,530.4929219620788,64338600,-0.001340720179602073,0.007035875807721803,0.031022401206483474,0.00416554508576267,0.00531582600292894,520.0876678466797,507.1744482421875,1.02546110051334,88.30937542994288,6.59170447377744,5.828959470342897,0.7627450034345431,1.323442337315026,5.33,313.394,13.2,4.166666666666667,0
2024-06-24,528.875244140625,532.9777175877437,528.75831439887,530.4246524328222,45528700,-0.0032507598910063162,0.0031520520406373986,0.03523235223857801,0.004677331229871686,0.005030406237900448,520.9876358032227,507.6890710449219,1.0261943097000883,82.08668551134305,6.349807958573251,5.933129167988968,0.4166787905842835,0.9479130535081279,5.33,313.4465,13.33,4.176666666666667,1
2024-06-25,530.9119873046875,531.272530660959,528.5830271026286,530.0934194702492,37936200,0.0038510843277832496,-0.0009362996912462007,0.03238855056690526,0.003196246422770565,0.004926392384011304,521.8204360961914,508.3833276367188,1.0264310565059964,83.06770406333996,6.250400651103973,5.996583464611969,0.2538171864920047,0.7926044312362974,5.33,313.464,12.84,4.18,1
2024-06-26,531.5745849609375,532.2859175813455,529.1579572826417,529.8010709636176,38550600,0.001248036721894108,-0.0022246061743648182,0.03295503186340576,0.0029646964868676965,0.004922596830264126,522.6683944702148,509.2151641845703,1.0264195397778222,78.74332010733698,6.154144589042858,6.028095689498146,0.12604889954471155,0.803526457025604,5.33,313.4815,12.55,4.183333333333334,1
2024-06-27,532.4126586914062,532.9876129707899,530.6976093896263,531.4382042677565,35041500,0.001576587282724029,0.002070758457502153,0.041879548268982436,0.0027554601520643914,0.004484699327280882,523.7384414672852,510.0816351318359,1.0267737659912408,79.58287111390742,6.07545247801761,6.037567047202039,0.03788543081557094,0.7381925064238853,5.33,313.499,12.24,4.1866666666666665,0
2024-06-28,530.3174438476562,536.2226934820135,529.0799274394088,533.1823416161415,76144500,-0.003935321239167622,-0.0005327059113676702,0.04470963347838586,0.003349483940281718,0.00424340228437741,524.8732208251953,510.96409301757814,1.0272213409859676,74.64269630350496,5.77742354334805,5.985538346431241,-0.2081148030831912,1.5553129877300125,5.33,313.5165,12.44,4.19,1
2024-07-01,531.4088745117188,531.9350583633359,528.6609065569018,531.6914448156673,40297800,0.0020580704570902775,0.004790601184615273,0.037410808628715486,0.002915108999174893,0.003919618640536405,525.831396484375,511.888388671875,1.027238374850963,74.08086435920431,5.5651511997190255,5.901460917088799,-0.33630971736977333,0.8678647874681236,5.33,313.569,12.22,4.2,1
2024-07-02,534.9851684570312,534.9851684570312,529.7621076471618,529.8108184673043,40434800,0.006729834816173508,0.007672045931798044,0.04354142736591071,0.003783794470504363,0.004058475944572501,526.9475006103515,512.9689086914062,1.027250368749648,76.4521517587819,5.620708838385326,5.845310501348104,-0.22460166296277784,0.8768590789301768,5.33,313.58490322580644,12.03,4.2,1
2024-07-03,537.3726196289062,537.7331629819162,534.6344052723863,534.6733620352073,32789900,0.004462649270746466,0.010907283440563242,0.04702801009554092,0.003990225518256049,0.004082933434879722,528.1543243408203,514.0085931396484,1.0275204177322552,74.55213238751035,5.790635186226382,5.83437543832376,-0.043740252097378196,0.7124973259539622,5.33,313.6008064516129,12.09,4.2,1
2024-07-05,540.4713134765625,540.8708135451888,537.0412155224441,537.6746345682784,41488400,0.0057663783647854405,0.015136106652616554,0.04069692553591575,0.004262875782955719,0.00351770503009846,529.2110931396485,514.9950524902343,1.027604227614757,76.58480158312858,6.10496747296645,5.888493845252298,0.21647362771415235,0.9075448673996065,5.33,313.63261290322583,12.48,4.2,1
2024-07-08,541.0950317382812,542.0402238948535,540.0328503436032,541.250918262468,36110500,0.0011540265804428351,0.020322899078011547,0.041917142369235716,0.0023796504272664736,0.0034919299484059553,530.299526977539,515.9986492919921,1.0277149517836321,76.85955878879494,6.331422231626789,5.977079522527196,0.3543427090995923,0.7853508752756764,5.33,313.6803225806452,12.37,4.2,1
2024-07-09,541.6212158203125,542.946459442177,541.3288914148972,542.0499781069125,27289700,0.0009724430112412197,0.019217483558168436,0.04419978633371224,0.002640287746143247,0.0034173446183917064,531.4458374023437,517.0500689697266,1.0278421168404486,73.02919185579157,6.478665889752051,6.0773967959721675,0.4012690937798835,0.6039769742589886,5.33,313.69622580645165,12.51,4.2,1
2024-07-10,546.9806518554688,547.3216870432971,542.546897033872,542.83922140572,38701200,0.009895173746174546,0.022422085892650268,0.05128419591589295,0.0036857757810197433,0.003827860006963543,532.7799896240234,518.1160131835937,1.02830249609605,77.15945623969841,6.947730138782845,6.251463464534303,0.6962666742485419,0.8536885037973623,5.33,313.7121290322581,12.85,4.2,0
2024-07-11,542.2642822265625,547.9648752769439,541.6309226493873,547.0975967198616,53054200,-0.008622552942059936,0.009102924896013942,0.0397154575155827,0.006909961313019549,0.004566769924024349,533.8156707763671,519.0526623535156,1.0284422169340435,68.59433905562499,6.8598195926830385,6.373134690164051,0.4866849025189879,1.1491642197868464,5.33,313.72803225806456,12.92,4.2,1
2024-07-12,545.6845703125,549.2705544498172,542.917153831161,543.3848727911708,53084400,0.006307419090731292,0.009645760479688459,0.03775043045681925,0.006990718413864786,0.004447759758057374,534.8081939697265,520.214683227539,1.0280528620446578,73.45416102006962,6.9856127204838,6.495630296228001,0.48998242425579974,1.1626197907786355,5.33,313.743935483871,12.46,4.2,1
2024-07-15,547.1853637695312,550.4108051950651,545.3338767680585,547.6725909303428,40584300,0.0027502948382283066,0.011255568197853671,0.038513363391436295,0.0069822207866041845,0.004452113351320016,535.8228149414062,521.4383843994141,1.0275860599686384,78.6693297909957,7.124281883048411,6.621360613592083,0.5029212694563281,0.8929347587532933,5.33,313.7916451612903,13.12,4.2,1
2024-07-16,550.43017578125,550.7225001410881,547.7406727188134,548.4910214723672,36475300,0.005930005125439397,0.016264060017656234,0.04403669193718596,0.007104501571429571,0.004529167390125873,536.9836517333985,522.6360662841797,1.0274523447094395,79.44687543739457,7.410582818949251,6.779205054663517,0.6313777642857339,0.8057325716618399,5.33,313.8075483870968,13.19,4.2,0
2024-07-17,542.7125854492188,546.1913944708481,542.3909988738491,544.5250561904461,57119000,-0.0140210160554467,-0.00780295681715959,0.02126992192372379,0.009242936774457705,0.005591783572362367,537.5488037109375,523.5577874755859,1.0267229646278617,63.854492337266564,6.934793351143185,6.810322713959451,0.12447063718373386,1.2599674723290901,5.33,313.8234516129032,14.48,4.2,0
2024-07-18,538.5418090820312,545.2266098112565,536.3687953408241,544.2424015949905,56270400,-0.00768505555060095,-0.006864684373543151,0.010853003229791769,0.009071029929290193,0.005908543598513819,537.8379058837891,524.2935205078124,1.0258335929134847,57.04029838189518,6.150283335950803,6.678314838357721,-0.5280315024069182,1.2211879706786757,5.33,313.8393548387097,15.93,4.2,0
2024-07-19,534.9656982421875,539.9256971843263,533.9132708630742,538.3080696139889,65509100,-0.006640358797656565,-0.019642981776402557,0.006875915204359595,0.008141269559972665,0.006085436735198723,538.0205688476562,524.9466595458985,1.0249052147756637,55.163585524576135,5.180276238978308,6.378707118481839,-1.1984308795035306,1.4291609340003715,5.33,313.85525806451614,16.52,4.2,1
2024-07-22,540.4811401367188,541.0852970880696,536.9438660153718,538.8732666357521,43346700,0.010309898209649893,-0.012252198389641644,0.018622390994865956,0.01014752060053331,0.0064601295376480366,538.5146209716797,525.7091345214844,1.0243585009453016,59.17614695663554,4.8012429524357,6.063214285272611,-1.2619713328369109,0.9678225304803578,5.33,313.90296774193547,14.91,4.2,0
2024-07-23,539.6333618164062,542.517708645555,539.1461346384042,540.3738971671513,34439600,-0.0015685622630570162,-0.01961522903339985,0.020341503587036458,0.00910529760546725,0.006413438049877976,539.0525268554687,526.3967651367187,1.0240422482753346,54.976072303200894,4.381935492100411,5.726958526638171,-1.3450230345377605,0.7785880377058921,5.33,313.91887096774195,14.72,4.2,0
2024-07-24,527.4038696289062,535.1410389720269,526.4878802289309,534.8389605250121,74515300,-0.022662594740872843,-0.028207777432765924,-0.006607719847485649,0.011894611428170276,0.008270371002937708,538.8771209716797,526.8267877197266,1.0228734254461713,41.18550547559888,3.0279096379390467,5.1871487488983465,-2.1592391109593,1.6177047810837308,5.33,313.9347741935484,18.04,4.2,0
2024-07-25,524.6559448242188,533.474804346627,523.7205067049787,527.5208430163394,61158300,-0.005210285632945788,-0.025784189869086593,-0.013015370434286577,0.011840089011779265,0.008332646829744982,538.5311889648438,527.2004943847656,1.0214921926302456,35.92856514471717,1.713349401536334,4.492388879425945,-2.7790394778896106,1.2959258886085139,5.33,313.95067741935486,18.46,4.2,1
2024-07-26,530.5318603515625,533.2116094688655,527.6572084941715,528.427065396124,53763800,0.011199559607224963,-0.00828807885289451,-0.0035325950822928665,0.013805266424368542,0.00873440172957644,538.4371490478516,527.6452905273437,1.0204528661853915,41.4049160739348,1.1326319432705532,3.8204374921948663,-2.687805548924313,1.1170802715875672,5.33,313.9665806451613,16.39,4.2,1
2024-07-29,530.8436889648438,533.0751677112492,528.8557642968128,532.0715107948711,39515800,0.0005877660449546962,-0.017831244156710335,0.0009923209641558017,0.012315058864623096,0.008689414257099116,538.4634613037109,527.9704382324219,1.0198742624803356,41.19980025257484,0.6896216081586317,3.1942743153876196,-2.504652707228988,0.8535204711709129,5.33,314.0142903225807,16.6,4.2,0
2024-07-30,528.1541748046875,533.3577863863941,524.7630932312389,532.305359200303,46853600,-0.005066489846381805,-0.02127219668754321,-0.006124661937612186,0.012275009191109491,0.008750123859111735,538.3007263183594,528.2629711914062,1.0190014361678894,33.92675318882402,0.1201266649312629,2.5794447852963485,-2.4593181203650856,1.0048983152142033,5.33,314.0301935483871,17.69,4.2,1
2024-07-31,536.7391967773438,539.3604813512061,533.5917282671721,534.9559286681133,65663400,0.016254764957279733,0.01770052835411695,0.0032786485004272503,0.009742793484694092,0.009387207309981629,538.388427734375,528.7124377441406,1.0183010447636127,45.57520869443655,0.35741726090600423,2.1350392804182796,-1.7776220195122754,1.3712257352754615,5.33,314.0460967741936,16.36,4.2,0
2024-08-01,529.138427734375,540.6954412129795,525.6498647611072,538.4542082657176,76428700,-0.014161009832344695,0.008543661716552187,-0.01532305814207191,0.01225415342155282,0.009854764439138726,537.9767181396485,528.9980419921875,1.0169729855967853,37.5805387575591,-0.06707358910455241,1.6946167065137132,-1.7616902956182656,1.5264801272095068,5.33,314.062,18.59,4.2,0
2024-08-02,519.2866821289062,523.2721666167066,515.0964813658185,522.063852889589,82789100,-0.018618465583101207,-0.02119604695409716,-0.039196587902856184,0.01368562002710307,0.010496850366340101,536.9174865722656,529.061357421875,1.014849183445704,31.392126179143503,-1.184781755342783,1.118737014142414,-2.303518769485197,1.5880174827683173,5.323548387096774,314.0836129032258,23.39,4.196774193548388,0
2024-08-05,504.1631774902344,510.2048061292907,497.2347918573109,498.5698192467497,146267400,-0.029123613524364655,-0.05026057958160324,-0.0682539148980954,0.017108876056721924,0.012089022412932488,535.0708938598633,528.8519232177734,1.0117593798359488,23.361826765787512,-3.2534106686673567,0.2443074775804599,-3.4977181462478164,2.5375378644522653,5.304193548387097,314.1484516129032,38.57,4.187096774193549,1
2024-08-06,508.8113098144531,516.2171383151375,504.640617081017,505.9561065265441,84826300,0.009219499820192212,-0.036623520011722754,-0.060577217153813145,0.019229996357502655,0.012385145456519312,533.4303985595703,528.8106317138672,1.0087361459256796,29.766220235655837,-4.466264239640168,-0.6978068658636657,-3.7684573737765024,1.4016637448229499,5.297741935483871,314.17006451612906,27.71,4.183870967741935,0
2024-08-07,505.4104614257813,518.0102083711349,504.8160585530724,514.9698561147811,70698300,-0.006683908795014792,-0.05836863702085571,-0.07599938003048734,0.014319044807905761,0.012022900324877772,531.3518890380859,528.6337213134766,1.0051418735033695,30.042325458954764,-5.636900792180882,-1.685625651127109,-3.9512751410537725,1.1381262964206114,5.291290322580645,314.19167741935485,27.85,4.180645161290323,1
2024-08-08,517.0941772460938,517.7177827712244,508.5092375881122,510.5263055689688,63276600,0.023117281322891925,-0.022762003016585708,-0.04641667505209657,0.020984089352472125,0.013381331431452068,530.0933837890625,528.6832965087891,1.0026671682074788,40.19251420008265,-5.557793686229957,-2.4600592581476786,-3.097734428082278,1.010335902047078,5.28483870967742,314.21329032258063,23.79,4.17741935483871,1
2024-08-09,519.3743286132812,520.8555180126824,515.0575036936727,516.2755714297688,45619600,0.0044095475592684785,0.00016878246138651853,-0.048215110213124635,0.019567416873372646,0.013323772739507364,528.7778717041016,528.8505487060547,0.9998625755383426,37.990617919856405,-5.250586087475881,-3.0181646240133193,-2.2324214634625617,0.7327739979565032,5.2783870967741935,314.2349032258065,20.37,4.174193548387096,1
2024-08-12,519.6472778320312,522.044397411093,517.3865366569688,520.5632672781688,42542100,0.0005255346745356437,0.030712477692000473,-0.05032679556300912,0.011143139287778924,0.01328789764004139,527.4009674072265,529.0910571289063,0.9968056732411034,38.55341497313939,-4.928286907611891,-3.400189080733034,-1.5280978268788572,0.682268251939894,5.259032258064516,314.2997419354839,20.71,4.164516129032258,1
2024-08-13,528.193115234375,528.4270341942479,522.5803091926349,522.8239227343687,52333100,0.016445457845939204,0.038092324297959834,-0.04039942126231166,0.012075577784692199,0.013835527502280738,526.2891143798828,529.4100122070313,0.9941049512567056,50.47193602896361,-3.9378912684132956,-3.5077295182690866,-0.430161750144209,0.8287528697015732,5.252580645161291,314.3213548387097,18.12,4.161290322580645,1
2024-08-14,529.8594970703125,531.0386081211183,526.3222233938623,528.9824644571885,42446900,0.0031548723144527724,0.04837461333024162,-0.02368304830865009,0.00975165949361265,0.013578724398765509,525.6464599609375,529.7539404296875,0.9922464371564307,53.152280416335444,-2.984133270522989,-3.4030102687198673,0.4188769981968785,0.6800948613358343,5.2461290322580645,314.3429677419355,16.19,4.158064516129032,1
2024-08-15,538.94140625,539.22397656437,534.8584406614526,535.4625975238755,60846800,0.017140221567987446,0.04225000002950874,0.0007419984135490498,0.007850829599863569,0.01407174914280237,525.6664398193359,530.2680456542969,0.9913221136504972,54.903965113944885,-1.4783969755566204,-3.018087610087218,1.5396906345305976,0.9713415235219487,5.239677419354838,314.3645806451613,15.23,4.154838709677419,1
2024-08-16,540.1497802734375,540.8416642629177,537.1777064456791,537.3335929699142,44430700,0.0022421250425819217,0.04000092133091426,0.009690494265864213,0.008174916751243705,0.01398668705654843,525.9256439208984,530.6843225097656,0.9910329391937528,55.3706222864393,-0.18544671437655325,-2.4515594309450854,2.266112716568532,0.721416903475111,5.233225806451613,314.3861935483871,14.8,4.151612903225806,1
2024-08-19,545.3143920898438,545.3143920898438,539.7112794996588,540.5590500378348,39121800,0.009561443890233168,0.04939333919903466,0.008942498811156385,0.007059311267781281,0.013960247455012714,526.1673065185547,531.2040832519531,0.9905181889744447,59.628243825695556,1.2416536831773328,-1.7129168081206019,2.9545704912979347,0.6374030864400688,5.213870967741936,314.4510322580645,14.65,4.141935483870967,0
2024-08-20,544.4276123046875,546.5129587158026,543.0926147134523,544.8661286211883,33732300,-0.0016261807830850739,0.03073591192703984,0.008884273707881585,0.007367475490151662,0.013960711030594269,526.4070190429687,531.7187353515625,0.9900102893589375,54.721702657215786,2.2748621179642896,-0.9153610229036236,3.1902231408679134,0.5499099752948636,5.207419354838709,314.4726451612904,15.88,4.138709677419355,1
2024-08-21,546.298583984375,547.7505114259203,540.55903368272,545.4703215908407,41514600,0.0034365848414028566,0.031025369942328407,0.03582589253424229,0.007340402102196848,0.012854132264172168,527.3517547607422,532.2387548828125,0.9908180302970492,61.33642678692106,3.2076828533654407,-0.09075224764981071,3.2984351010152513,0.6954864230159558,5.200967741935484,314.49425806451615,16.27,4.135483870967742,0
2024-08-22,542.0108642578125,548.7930866218962,540.8025506157201,548.18892980085,56121500,-0.007848674428717062,0.005695346418398417,0.033078667276720486,0.006439271505172875,0.012943526486913383,528.2195007324219,532.647958984375,0.9916859565924235,66.20334465743507,3.5599301994568577,0.639384241771523,2.9205459576853348,0.9441766283162645,5.194516129032258,314.51587096774193,17.55,4.132258064516129,1
2024-08-23,547.77001953125,548.7055171032431,543.053634385247,545.236462053231,50639400,0.010625534750716925,0.01410764113234464,0.03249222236769045,0.007751488219354613,0.012921991230886675,529.0814086914063,533.0866772460937,0.9924866466830902,85.8859522538266,4.254758253683576,1.3624590441539337,2.8922992095296425,0.8541918985753179,5.188064516129032,314.5374838709678,15.86,4.129032258064516,0
2024-08-26,546.464111328125,549.5044034621952,544.7685706544273,548.7930709780707,35788600,-0.002384044684012654,0.0021083603421414576,0.029425653328838397,0.006958288079467872,0.01295225828828471,529.8624298095704,533.4781005859375,0.9932224569810909,82.78985959811529,4.646476920948885,2.019262619512924,2.627214301435961,0.6055903984361992,5.168709677419355,314.6023225806452,16.15,4.119354838709677,1
2024-08-27,547.214599609375,547.7018267996916,544.0573769322793,545.1974719043471,32693900,0.001373353282845935,0.005119114537357028,0.036088751569058664,0.006864215784625952,0.012859325905170997,530.8154510498047,533.8781237792969,0.9942633485189247,88.16687080463048,4.960295717784106,2.607469239167161,2.3528264786169455,0.559931994104032,5.162258064516129,314.623935483871,15.43,4.116129032258065,0
2024-08-28,544.0377807617188,547.3022380940843,540.8610504788411,546.8734758569603,41066000,-0.005805435107038459,-0.004138402128314733,0.013598008172678089,0.007288919498783668,0.012500088168766894,531.1803802490234,534.1306884765625,0.9944764300363383,79.12314683358579,4.896216112439788,3.0652186138216866,1.8309974986181015,0.7184497119754244,5.155806451612903,314.6455483870968,17.11,4.112903225806451,1
2024-08-29,544.0864868164062,549.2803444323956,542.9463920388357,545.9964384879656,38715200,8.952697112185604e-05,0.003829485155128598,0.028249808175971447,0.006147001499392569,0.012001613540199404,531.927783203125,534.3572229003906,0.995453528850833,78.06502414976737,4.794099342103095,3.4109947594779686,1.3831045826251267,0.7004295547722589,5.1493548387096775,314.6671612903226,15.65,4.109677419354838,1
2024-08-30,549.2803955078125,549.7871307787254,542.9074857644326,546.4447596496766,62700100,0.009546108600853476,0.002757317711281404,0.05775945043678332,0.005718809388819925,0.011143020826113608,533.4274688720703,534.71658203125,0.9975891655458249,80.27026386701532,5.0737886131811365,3.7435535302186027,1.3302350829625338,1.1553562932543884,5.142903225806451,314.6887741935484,15.0,4.106451612903226,0
2024-09-03,537.9766235351562,546.483588595878,535.4722694199106,546.1522480402451,60600100,-0.020579237972267017,-0.015531647215296096,0.06706845631457647,0.011213252014518062,0.009951946303831116,535.1181411743164,534.8641125488281,1.0004749404933484,59.46079941639133,4.333372031583849,3.861517230491652,0.471854801092197,1.2123488530068454,5.11,314.79193333333336,20.72,4.1,0
2024-09-04,536.8756103515625,540.2666922950722,535.4236829556569,536.1447696240151,47224900,-0.0020465818316766082,-0.018893847615163994,0.0551565973392838,0.0109758570590804,0.009917918913515381,536.5213562011719,535.0241198730469,1.0027984464111268,56.85969351219745,3.6160603016517143,3.8124258447236645,-0.1963655430719502,0.9816918499655706,5.1,314.8219,21.32,4.1,0
2024-09-05,535.56982421875,539.6527901961324,533.1239343608661,536.817154296066,44264300,-0.002432194921198616,-0.015565015597101661,0.059673008563946306,0.0109221718718931,0.009749548313707784,538.0293243408203,535.1172766113282,1.0054418869596826,46.11246544570119,2.908689992088398,3.6316786741966114,-0.7229886821082134,0.9461433601391931,5.09,314.8518666666667,19.9,4.1,0
2024-09-06,526.5560913085938,537.5089477091443,525.659610039857,535.8913798019039,68493800,-0.016830173214678057,-0.03221986932700249,0.01829824136270819,0.01223509302691854,0.009488351511806544,538.5024200439453,535.0169067382812,1.0065147722656345,36.71696731352559,1.6022907995452442,3.2258010992663384,-1.6235102997210942,1.455927580495904,5.08,314.88183333333336,22.38,4.1,1
2024-09-09,532.45166015625,533.7184985941279,528.8169638832173,530.7366701864748,40445800,0.011196468799752335,-0.030637786254876676,0.025179010248513656,0.012785034455497014,0.00973671162843212,539.1562866210937,535.0176867675781,1.007735444931774,37.60823675374999,1.030800732841044,2.78680102598128,-1.7560002931402359,0.8644833470286417,5.05,314.97173333333336,19.45,4.1,1
2024-09-10,534.7706909179688,535.1215396263949,529.4989199451313,534.3516827554222,36394600,0.004355382723453705,-0.0059592414929121595,0.02910322776832852,0.010380995081355726,0.009758537817966102,539.9124572753906,535.1067517089843,1.008980835227846,40.94650841553168,0.7562989951006784,2.3807006198051597,-1.6244016247044812,0.7830379149856106,5.04,315.0017,19.08,4.1,1
2024-09-11,540.2569580078125,541.1729474655668,526.1663863296421,534.683107736862,75248600,0.01025910204694691,0.0062981956919887505,0.022839833434944445,0.01151274245557967,0.009348670906834345,540.5156494140625,535.2837133789062,1.0097741364147443,44.69547733523108,0.9702656750339429,2.0986136308509162,-1.1283479558169733,1.5800398513412057,5.03,315.0316666666667,17.69,4.1,1
2024-09-12,544.8076171875,545.1096956062142,538.6197974189213,540.8318274541291,51819600,0.008423138494075166,0.017248531472484396,0.028211479080469948,0.011653370342130117,0.00948078671435289,541.2630554199219,535.4801623535157,1.010799453412036,52.44425193792661,1.489861775640179,1.9768632598087688,-0.4870014841685897,1.0774844556800525,5.02,315.06163333333336,17.07,4.1,1
2024-09-13,547.653076171875,548.6470386001909,545.1584755178029,545.4118431545087,39310500,0.005222869311307221,0.040065978176895056,0.016164410121114248,0.003018141514099627,0.008791172647339274,541.6986389160156,535.685771484375,1.011224616653489,49.89231163528941,2.1069624369696385,2.002883095240943,0.1040793417286956,0.8361033824109779,5.01,315.0916,16.56,4.1,1
2024-09-16,548.4618530273438,548.7249152296453,545.5969551700833,547.389917673041,36656100,0.0014768050991735837,0.030068819517616863,0.015388459011680844,0.003455638078197205,0.00878640785187762,542.1142425537109,535.8455822753906,1.0116986320045813,51.85663768819649,2.6309527049777444,2.128497017188303,0.5024556877894413,0.7861462265309258,4.98,315.1815,17.14,4.1,1
2024-09-17,548.6859130859375,552.1062567166426,546.4641290442629,550.6640241107275,49321000,0.00040852441670646833,0.02602091401845974,0.00618271046024077,0.004266007902066387,0.008541023236016677,542.2828186035156,535.9973999023438,1.011726584312381,51.38090404360966,3.029377760598777,2.308673165870398,0.720704594728379,1.04632093164801,4.97,315.21146666666664,17.61,4.1,0
2024-09-18,547.0585327148438,554.1622813962309,546.5030867638941,549.3387219072099,59044900,-0.002965959818324815,0.01258951801770758,0.004832452195102643,0.004410063682051797,0.008562508208502153,542.4143646240234,536.1061462402344,1.0117667339351157,52.92006117189491,3.1771918029428434,2.4823768932848873,0.6948149096579561,1.2198559288724344,4.96,315.2414333333333,18.23,4.1,1
2024-09-19,556.3939208984375,558.2454079377469,553.5680389935643,556.4231830771506,75315500,0.017064697149070662,0.021266779952068715,0.018479522389447167,0.007740804020498684,0.009334705129578826,542.9191314697266,536.2944116210938,1.0123527668852783,60.08627442349497,4.001496542468317,2.7862008231215736,1.2152957193467433,1.5035068618068472,4.95,315.2714,16.33,4.1,0
2024-09-20,555.4320678710938,556.46815521981,552.4215262762143,555.0313424308147,77503100,-0.0017287267010225316,0.014204232638652003,0.024761871944502856,0.008134712708615897,0.009128880079919053,543.5901916503906,536.5577673339844,1.013106555797987,55.417231471100116,4.524989227465539,3.1339585039903666,1.3910307234751729,1.5148478469498048,4.94,315.30136666666664,16.15,4.1,1
2024-09-23,556.820068359375,557.4652143001452,555.2854753286341,556.4975550473902,44116900,0.0024989563415040994,0.015239374052901544,0.016521621310836787,0.008104329534488924,0.008867351375379608,544.0426940917969,536.7804772949219,1.0135292118548584,70.10483157789173,4.994289925859334,3.50602478836416,1.488265137495174,0.8678249297867119,4.91,315.39126666666664,15.89,4.1,1
2024-09-24,558.4132080078125,558.4718522050518,554.7966567556792,557.6116975399481,46805700,0.0028611390626267497,0.017728348204105293,0.021866205725105115,0.007977293870391412,0.00884398023117958,544.6401489257812,537.0050341796875,1.0142179574866683,72.74052478134111,5.432148736432282,3.891249577977785,1.540899158454497,0.9108465696499681,4.9,315.4212333333333,15.39,4.1,0
2024-09-25,557.1817016601562,558.9900073797687,556.0771860686909,558.2569249779147,38428600,-0.00220536751279532,0.018504727263964016,0.018214247313387055,0.0078279266919734,0.008874721285369654,545.1385040283203,537.1400646972656,1.0148907889333532,72.85480262673805,5.615055859587528,4.236010834299734,1.3790450252877946,0.7436771831895741,4.89,315.4512,15.41,4.1,1
2024-09-26,559.3907470703125,561.7464186568862,557.0449191197562,561.4238456875147,48336000,0.0039646768793273335,0.005386159084980413,0.028220404632740337,0.0028368037539248177,0.008751899243269102,545.90615234375,537.4736279296875,1.0156891872937917,90.56051245474328,5.870590067318858,4.5629266809035585,1.3076633864152996,0.9288727991373106,4.88,315.48116666666664,15.37,4.1,0
2024-09-27,558.5794067382812,561.2673753932927,557.5531033653197,560.4561405350975,42100900,-0.0014503999865576045,0.0056664694914914104,0.026637162056122543,0.0027698982485356923,0.008771056241286981,546.6307983398438,537.8743798828125,1.016279671954145,86.91203581547991,5.939171313928455,4.838175607508537,1.1009957064199174,0.8064294614373101,4.87,315.5111333333333,16.96,4.1,1
2024-09-30,560.81787109375,561.4238811603136,555.266000370726,557.5531842584909,63557400,0.0040074237046077155,0.007179703034328799,0.021004710308786922,0.0030260662973620746,0.008584167506394558,547.2076721191406,538.3914233398438,1.0163751657197775,86.88217429706796,6.1037871530025996,5.09129791660735,1.0124892363952496,1.2164231886615382,4.84,315.6010333333333,16.73,4.1,0
2024-10-01,555.7937622070312,561.1110557410046,553.2328657284514,560.4659694617594,72668800,-0.008958539207961302,-0.004690873645568527,0.033118797160357705,0.00535469006328606,0.007345187929756239,548.0985290527344,538.69767578125,1.0174510744971208,72.29149043117928,5.762417233644328,5.225521780014746,0.5368954536295822,1.3749268014875262,4.83,315.631,19.26,4.1,1
2024-10-02,556.0281982421875,557.0447771208477,552.5192113592627,554.9041746123262,38097800,0.00042180400554570063,-0.0020702464106984175,0.03567416273218904,0.005326890230108623,0.00730029957409789,549.0561584472656,539.0255725097657,1.0186087385256999,68.37453923222697,5.447995046254846,5.270016433262766,0.17797861299207973,0.7271058875216748,4.823870967741936,315.6599354838709,18.9,4.103225806451612,0
2024-10-03,555.0118408203125,556.9471593905891,552.7343813129046,554.5621954422553,40846500,-0.0018278882709331645,-0.007827991923237132,0.03630155345276043,0.004736715659931507,0.007283180850866088,550.0282592773438,539.5777319335938,1.0193679737418002,62.81842461151135,5.058490517680411,5.227711250146296,-0.16922073246588454,0.7821163584414197,4.817741935483871,315.68887096774193,20.49,4.106451612903226,1
2024-10-04,560.0553588867188,560.4267920576441,555.2854315259468,559.4395649274686,42939100,0.009087226065216614,0.0026423318343511415,0.06361956139349334,0.006725344461129957,0.005981470724502269,551.70322265625,540.2857202148438,1.0211323416744498,67.59866287666816,5.09800846192752,5.201770692502541,-0.10376223057502099,0.8428046157768715,4.811612903225806,315.7178064516129,19.21,4.109677419354838,0
2024-10-07,554.9921875,559.0583842578297,553.8485957624074,558.4132383947003,49964700,-0.00904048377785971,-0.010387835149383351,0.042333471806877965,0.007529787662264108,0.006246552643554667,552.8302490234375,540.7749267578125,1.022292679762174,58.34655464900234,4.666973139967695,5.094811181995572,-0.42783804202787756,0.9716256952153395,4.793225806451613,315.8046129032258,22.64,4.119354838709677,1
2024-10-08,560.2411499023438,560.8374356454558,556.6833016920415,557.5531808736639,37398700,0.009457723046495614,0.008001866875317454,0.04762874895154279,0.007812792213517642,0.006444829496716549,554.1037719726562,541.3628759765625,1.0235348535362911,65.92130753104148,4.694803171781928,5.014809579952844,-0.32000640817091597,0.7265548717586076,4.787096774193548,315.8335483870968,21.42,4.12258064516129,1
2024-10-09,564.12158203125,564.6787318135322,559.6350914993983,560.2313175326061,37912200,0.006926360424582612,0.014555707452695188,0.044172728679770845,0.00809973822619864,0.006270258872759642,555.2970031738281,542.0822241210938,1.024377812930797,60.74948379384357,4.972655438651259,5.006378751692527,-0.033723313041267744,0.7642479317518425,4.780967741935484,315.8624838709677,20.86,4.125806451612903,0
2024-10-10,563.1343383789062,564.5516429072721,561.5313172618801,562.7824731556751,44138100,-0.0017500547466894334,0.014634818505112612,0.033638885752030445,0.00808839759424085,0.006148792691610484,556.2133392333984,542.610126953125,1.0250699565020256,60.706601417207395,5.054923043690678,5.016087610092158,0.038835433598520375,0.8966943890701778,4.774838709677419,315.8914193548387,20.93,4.129032258064516,1
2024-10-11,566.5064697265625,567.2395520271365,562.9192107150462,563.0560670625003,42268000,0.005988147264049948,0.011518702102355283,0.03442579686847336,0.00760340090475023,0.006174370607601119,557.1560089111329,543.3574877929688,1.025394922179524,62.760760071787416,5.3307736902589795,5.079024826125522,0.2517488641334573,0.8561301168702274,4.768709677419355,315.92035483870967,20.46,4.132258064516129,1
2024-10-14,571.1395874023438,572.0681703246292,567.6305402513053,568.1094778484854,36217200,0.008178402054291656,0.029094823793972324,0.04134787907276638,0.00439702155641635,0.006340555772274367,558.2898956298828,544.3945458984375,1.0255244102574783,65.52230872651096,5.855739866803447,5.234367834261107,0.6213720325423395,0.7338985518567681,4.750322580645161,316.0071612903226,19.7,4.141935483870967,0
2024-10-15,566.7020263671875,571.7065305951428,565.4899467305453,571.4035256005812,54203600,-0.007769661100431091,0.011532313301102493,0.03283502064035715,0.0068439973405679646,0.006705011818177986,559.1907012939453,545.6453228759766,1.024824511179852,60.76962485379835,5.846312602125863,5.356756787834059,0.48955581429180395,1.0929646885958222,4.744193548387097,316.03609677419354,20.64,4.145161290322581,1
2024-10-16,569.1651611328125,569.6832346627543,565.9005342666823,566.7020448464575,30725400,0.0043464371945425295,0.00894058880605475,0.04040998740712798,0.006497888616353023,0.006639802227052283,560.2960327148437,546.8523999023438,1.0245836587987922,60.99385721386067,5.96879130652087,5.479163691571422,0.4896276149494483,0.6377579772676749,4.7380645161290325,316.0650322580645,19.58,4.148387096774194,1
2024-10-17,569.2139282226562,572.8989075595229,569.0282116594574,572.6936230449172,34393700,8.568179005674637e-05,0.010795984953166471,0.023041242620907232,0.006295974501417412,0.005619888067573218,560.9370330810547,548.1284692382812,1.0233678134992206,62.17003799731784,6.000620243837602,5.5834550020246585,0.4171652418129437,0.7455639490218317,4.731935483870967,316.0939677419355,19.11,4.151612903225806,1
2024-10-18,571.403564453125,572.1855071059618,569.4388940141822,570.8952748825009,37416800,0.0038467720516006665,0.00864437563956888,0.02875508546571348,0.006038530796693789,0.005607603515552683,561.7356079101562,549.2146569824218,1.0227979183886475,62.127713134929515,6.131846144805877,5.693133230580902,0.4387129142249746,0.8479381183387286,4.725806451612903,316.12290322580645,18.03,4.154838709677419,0
2024-10-21,570.4652099609375,571.6576620923939,567.5035282712228,570.6802188403536,36439000,-0.0016421922272843448,-0.0011807576576392531,0.02450547740092568,0.004911828098792086,0.00564253430999779,562.4178649902344,550.236474609375,1.0221384639931534,68.54477479520875,6.0899253824292146,5.772491660950565,0.31743372147864957,0.8330264264540242,4.707419354838709,316.20970967741937,18.37,4.164516129032258,0
2024-10-22,570.1622924804688,571.3156685359546,567.2886064919155,567.9434768669773,34183800,-0.0005310007958057028,0.006105970955253337,0.021040126387003033,0.0027027467687182802,0.005641790315743693,563.0053192138672,551.2467749023438,1.02133081742493,67.83468187258268,5.963516263806923,5.810696581521837,0.15281968228508624,0.7929102497772362,4.701290322580645,316.2386451612903,18.2,4.167741935483871,0
2024-10-23,564.952392578125,568.5885123492586,561.4629131521561,568.1486509721636,49314600,-0.009137573583967273,-0.007401662720013968,0.013946421597865744,0.004753711836350321,0.00605086447208306,563.3938537597656,551.9819604492187,1.020674395411871,61.34278089167715,5.380912930638942,5.724739851345258,-0.3438269207063156,1.129614946268123,4.695161290322581,316.2675806451613,19.24,4.170967741935484,1
2024-10-24,566.1741943359375,566.9757049256177,563.5644376745634,566.897492764615,34979900,0.002162663215278915,-0.005340231037933574,0.012126491725420685,0.005008192108010241,0.0060131510174464275,563.7330261230469,552.7082543945312,1.019946819394968,57.649092876228615,4.960602049940803,5.5719122910643675,-0.6113102411235642,0.813707261346166,4.689032258064516,316.2965161290323,19.08,4.174193548387096,0
2024-10-25,565.9786987304688,571.2764839191195,565.0403914237966,568.393014498126,47268200,-0.0003452923277402764,-0.009493930490000135,0.013246625104556431,0.0042791773355330695,0.00599818303376665,564.1029907226563,553.2490002441406,1.0196186355035906,65.63717833557172,4.5591724848558215,5.369364329822659,-0.8101918449668375,1.0929903859660888,4.682903225806451,316.32545161290324,20.33,4.17741935483871,1
2024-10-28,567.7284545898438,569.5660529152336,567.4254495286576,569.4389805032773,30174700,0.003091557797669564,-0.004797409768916738,0.012322331102994522,0.004837365915729739,0.005974855660564467,564.448519897461,553.8005737304687,1.019227040693126,61.83567142002585,4.332287424242395,5.161948948706606,-0.8296615244642114,0.7257451980083478,4.664516129032258,316.4122580645161,19.8,4.187096774193549,1
2024-10-29,568.6470947265625,569.7613345267463,565.3824085036434,566.7703610094676,42899700,0.0016180977530577678,-0.002657485024683881,0.023126082719048924,0.004977563878332741,0.0055333085958698906,565.0911865234375,554.2672277832031,1.0195284119241992,57.89284315228314,4.178439511030092,4.965247061171303,-0.7868075501412113,1.0701092329745117,4.658387096774193,316.4411935483871,19.34,4.190322580645161,0
2024-10-30,566.9268188476562,570.1621533327376,566.2230287475197,568.1779150746601,41435800,-0.003025208244022526,0.0034948542487289735,0.019600841539913594,0.00243267587831259,0.005610601087631092,565.636117553711,554.7172119140625,1.0196837332700972,56.44947001747925,3.873055867762673,4.7468088224895775,-0.8737529547269043,1.0293078159682343,4.652258064516129,316.47012903225806,20.35,4.193548387096774,0
2024-10-31,555.8132934570312,562.6456116079135,555.6177928931281,562.5771834276276,60182500,-0.019603104000644245,-0.018299846553512578,0.001444027996833741,0.009206171861214271,0.007248567405640626,565.6761901855468,554.9075061035156,1.0194062685467122,35.60534977462784,2.7031087557764977,4.338068809146962,-1.634960053370464,1.4599328987597515,4.646129032258064,316.49906451612907,23.16,4.196774193548388,1
2024-11-01,558.1591796875,562.5674583510357,557.7486702212007,558.4328924373011,45667500,0.004220637142155814,-0.013815924628450715,-0.003385699590461866,0.009822120077815385,0.007008607799125254,565.5813812255859,555.2304724121094,1.0186425445428249,31.37976623035503,1.9428150909157011,3.85901806550071,-1.9162029745850089,1.104167742102393,4.64,316.528,21.88,4.2,0
2024-11-04,556.9569091796875,559.5862337823984,555.0802349340614,558.2960015952809,38217000,-0.0021539921792302907,-0.018973058903553053,0.0035400888948324827,0.009310390789523101,0.006711504360980023,565.6796173095703,555.4142102050781,1.0184824351193713,34.59043986503701,1.2290954543940416,3.3330335432793765,-2.103938088885335,0.9373385833646867,4.624,316.6356,21.98,4.19,1
2024-11-05,563.6914672851562,563.7305435334926,557.6508758763042,557.8658847297456,39478300,0.012091704033957873,-0.008714767889193564,0.006158628982205094,0.01170201139264936,0.006925206429864104,565.8521331787109,555.7587573242188,1.0181614337542573,42.37472600165631,1.1931363236021753,2.9050540993439364,-1.7119177757417612,0.9658110666947192,4.618666666666666,316.6714666666667,20.49,4.1866666666666665,1
2024-11-06,577.7080078125,578.57794657906,572.1854895240832,575.9095457320777,68182000,0.02486562479799459,0.01901689707810572,0.024084215555676636,0.016551508337464042,0.008746753245256391,566.5314544677734,556.3686254882813,1.01826635887416,58.51800528584317,2.269494809366961,2.7779422413485415,-0.5084474319815806,1.6084723287415288,4.613333333333333,316.70733333333334,16.27,4.183333333333334,1
2024-11-07,582.1749877929688,583.191567003201,579.6238751058823,579.7020872739936,47233200,0.007732245217411782,0.04742904613161336,0.03381191327965327,0.010118311075354354,0.008833459256584084,567.4834869384765,557.1313696289062,1.018581106492829,60.32994189960092,3.443272711933787,2.9110083354655907,0.5322643764681962,1.1102188332115577,4.608,316.7432,15.2,4.18,1
2024-11-08,584.69677734375,586.1140819812399,582.722322897382,582.722322897382,46444900,0.004331669349693978,0.047544855700676125,0.03210962025900166,0.010104348240045425,0.008798844514322621,568.3930023193359,557.9435754394531,1.018728465278326,63.245977408498966,4.52482809592243,3.233772287556959,1.2910558083654715,1.0863569690844292,4.602666666666667,316.77906666666667,14.94,4.176666666666667,1
2024-11-11,585.2539672851562,586.6321361059588,583.5336575099662,586.2802708315078,37586800,0.0009529553830236459,0.0508065482967901,0.02471266253317772,0.009280134612124043,0.00866259105502827,569.0987213134765,558.663046875,1.01867972921576,63.980346480911884,5.365083755673368,3.660034581180241,1.7050491744931269,0.877757997934209,4.586666666666667,316.88666666666666,14.97,4.166666666666667,0
2024-11-12,583.4358520507812,585.7718958867575,580.9628921945897,585.175669871058,43006100,-0.003106540640482547,0.03502693567585413,0.029528438059177375,0.010788136933057038,0.008467407346722435,569.9354125976563,559.5722314453125,1.0185198274145535,68.2704896174837,5.817228327885118,4.091473330521216,1.725754997363902,1.0176189933650004,4.581333333333333,316.9225333333333,14.71,4.163333333333333,1
2024-11-13,583.7193603515625,585.7133231848053,581.5396809070076,583.8952929846365,47388600,0.000485928829681459,0.010405520535927026,0.025571135081041696,0.004114893204503502,0.008442832358132204,570.6631225585937,560.5091064453125,1.018115702307991,67.67079431898654,6.127795497311126,4.498737763879198,1.629057733431928,1.0996398509281486,4.576,316.9584,14.02,4.16,0
2024-11-14,579.9658813476562,584.3252993650702,579.2817188550297,583.846361756873,38904100,-0.006430280129214205,-0.0037945746410151804,0.01888912514592267,0.004125219803247251,0.008615982814765732,571.2007202148437,561.3970275878906,1.0174630290956042,63.14522697809951,6.001862099856908,4.79936263107474,1.2024994687821673,0.8980596223353207,4.570666666666667,316.99426666666665,14.31,4.156666666666666,0
2024-11-15,572.537353515625,576.886987680586,570.689971552463,576.4177743775998,75988800,-0.012808560073861108,-0.020796119115560563,0.0019842176931204047,0.005674201242713057,0.009113933879367087,571.2574096679688,562.3166528320312,1.015899861387545,54.08355455675327,5.242209928927537,4.8879320906453,0.35427783828223625,1.6793559604652282,4.565333333333333,317.0301333333333,16.14,4.153333333333333,1
2024-11-18,574.88330078125,576.1930413945956,572.1366874944769,572.9967827127789,37001700,0.004097457137459903,-0.0177199422534684,0.007744715616601727,0.006499728799721479,0.009145225103462296,571.4783142089843,563.1652856445312,1.0147612588637083,55.17024661571345,4.77444165746374,4.865234004008989,-0.09079234654524893,0.8172311228836067,4.549333333333333,317.13773333333336,15.58,4.1433333333333335,1
2024-11-19,576.9847412109375,577.7080396739373,570.856212572816,571.5208668268807,49412000,0.0036554208946959488,-0.011057103908112653,0.011965801352432415,0.007273151839856377,0.009170058009149613,571.8194366455078,564.0095666503906,1.0138470523496603,58.28634241170785,4.521183226548828,4.796423848516957,-0.2752406219681287,1.0732798242855082,4.5440000000000005,317.1736,16.35,4.14,1
2024-11-20,577.1802368164062,577.463673880748,571.4426497345274,577.0629483995475,50032600,0.00033882283447983497,-0.011202512678726073,0.021644025937265665,0.007259855860355352,0.00887873890182881,572.4308288574218,564.7480322265625,1.0136039369638339,71.46494003384593,4.286833014427202,4.694505681699006,-0.40767266727180385,1.085913120178703,4.538666666666667,317.2094666666667,17.16,4.136666666666667,1
2024-11-21,580.2787475585938,581.6960522761343,574.1990788649406,580.0148784351488,46750300,0.005368359040285542,0.0005394562352711851,0.02491203831569777,0.007467590932966545,0.008927570603474135,573.1360565185547,565.4574548339843,1.0135794507949758,71.89000605225232,4.301547146592725,4.61591397467775,-0.31436682808502514,1.0018764436036118,4.533333333333333,317.2453333333333,16.87,4.133333333333333,1
2024-11-22,582.0772094726562,582.7027874385594,579.7704578390868,580.2689037579424,38226400,0.003099306879028596,0.01666241669377988,0.028443668954852175,0.0018606795848125845,0.008928017701053345,573.9409820556641,566.1459375,1.0137686134251633,74.56967210668144,4.407521879791943,4.5742355557005885,-0.16671367590864516,0.8272205649563467,4.5280000000000005,317.2812,15.24,4.13,1
2024-11-25,584.0516357421875,587.3064784870423,581.7741764917598,585.9967380709614,42441400,0.003392035003947358,0.015948167129707924,0.028751740414590277,0.00181233785521982,0.008931193473606179,574.7571411132812,566.8577331542969,1.0139354329966144,71.95857124237561,4.597826437220533,4.578953732004578,0.018872705215954966,0.9064029898352308,4.5120000000000005,317.3888,14.6,4.12,1
2024-11-26,587.1013793945312,587.7660337218474,584.5795588155904,585.293073379337,45621300,0.005221702099110326,0.01753363210673764,0.03245296571301859,0.0020383205910803662,0.00897089483719468,575.6798553466797,567.6260424804688,1.014188589429436,63.269867164233155,4.937812960894803,4.650725577782623,0.28708738311217985,0.9714914150991912,4.506666666666667,317.42466666666667,14.1,4.116666666666666,0
2024-11-27,585.3223266601562,587.2967213513849,583.807301635719,586.9155638447446,34000200,-0.0030302308882491635,0.014106667769256731,0.03244776433383589,0.0034238964559117017,0.008971032269631916,576.5996307373047,568.391318359375,1.0144413049826702,54.81160772604274,5.005994059482532,4.721779274122605,0.28421478535992684,0.7298014940880524,4.501333333333334,317.46053333333333,14.1,4.113333333333333,1
2024-11-29,588.9584350585938,589.7403777490892,585.8599565725738,586.1336096679657,30177400,0.006212147107364174,0.014957789745907446,0.059633589177774615,0.003597877167539609,0.007489031303128345,578.2568878173828,569.0426086425781,1.0161925997014263,56.30049791827211,5.292423862986766,4.835908191895438,0.45651567109132785,0.669299590157299,4.490666666666667,317.53226666666666,13.51,4.1066666666666665,1
2024-12-02,590.0139770507812,590.6884151690585,588.8801096579482,589.3688312028335,31746000,0.001792218141985602,0.013635248810575318,0.05707116987866434,0.003634251672719445,0.007486636191583427,579.8496276855469,569.7342468261719,1.0177545599825268,56.93507768482159,5.540724935046455,4.976871540525642,0.5638533945208133,0.7151295769695207,4.475161290322581,317.6477741935484,13.34,4.096774193548387,1
2024-12-03,590.2877197265625,590.5320805361104,588.7531863419945,589.7794898104154,26906600,0.0004639596457520767,0.010677281943488603,0.05984450501918759,0.0037329712545335525,0.007417932746035098,581.5161682128906,570.4035998535156,1.0194819393885817,60.45321052053284,5.693957670083819,5.120288766437278,0.5736689036465412,0.613935402229271,4.470322580645162,317.6915483870968,13.3,4.0935483870967735,1
2024-12-04,593.953125,594.1974858067216,591.3042920365143,591.9689462717889,42787600,0.00620952317140433,0.011670464158225702,0.053684789412530076,0.003956802881460756,0.007147510902918787,583.0292510986328,571.1143981933594,1.020862462832253,64.15228114480956,6.0415204025941875,5.30453509366866,0.7369853089255276,0.9726245058749452,4.465483870967742,317.7353225806452,13.45,4.090322580645161,0
2024-12-05,592.9756469726562,594.7546007001943,592.6237817496434,593.9530901421784,28762200,-0.0016457157748664963,0.013075394468838653,0.026427951410899375,0.00351131528488171,0.004920492898060309,583.7926330566406,571.8302770996094,1.0209194168901055,69.48743453965653,6.167002696224927,5.477028614179913,0.6899740820450138,0.6844735156854052,4.460645161290323,317.77909677419353,13.54,4.087096774193548,1
2024-12-06,594.099853515625,595.3314417096212,593.3276947288156,593.738204240678,31241500,0.0018958730408376034,0.008729679636084509,0.02048330136590648,0.0028764109805503573,0.0046875304660923605,584.3888763427734,572.5244592285156,1.0207229873292143,89.819118767555,6.284716095560157,5.638566110455962,0.646149985104195,0.7578965499046914,4.455806451612904,317.82287096774195,12.77,4.083870967741936,0
2024-12-09,591.0403442382812,594.1486064406603,590.4539021843977,593.982457801793,34742700,-0.0051498233154559925,0.0017395641924118355,0.010849327617897586,0.004212111897940107,0.004813257989406853,584.7060546875,573.1736779785156,1.0201202133874276,79.07080433211728,6.0612575789485845,5.723104404154486,0.33815317479409845,0.8549688990473153,4.441290322580645,317.9541935483871,14.19,4.074193548387097,0
2024-12-10,589.2028198242188,592.135149776554,588.5479495058842,591.7148563090614,37234500,-0.0031089661339965824,-0.0018379171141258421,0.006747246084260139,0.004483299147115683,0.00488061800600468,584.9034973144531,573.741376953125,1.0194549684051113,72.19434422903367,5.670525937986326,5.712588710920855,-0.042062772934528425,0.916685951756092,4.436451612903226,317.9979677419355,14.18,4.070967741935483,1
2024-12-11,593.757568359375,594.7056594686418,591.8417585310408,592.115471217255,28677700,0.007730357666168475,-0.0003292459158709127,0.017691261639669387,0.005055492258595238,0.005074651271754465,585.4195831298828,574.5006530761718,1.0190059488970906,75.99594176820221,5.663117544732245,5.702694477683133,-0.03957693295088838,0.7187000810482034,4.431612903225807,318.04174193548386,13.58,4.067741935483871,0
2024-12-12,590.6983032226562,593.4644247000379,590.6983032226562,592.8975505621333,31543800,-0.005152380870145135,-0.003840535039890125,0.011955990061543353,0.0055502475146038035,0.0052517730887194965,585.7685302734375,575.1940551757813,1.0183841870452306,66.35968812769285,5.348732353416267,5.63190205282976,-0.28316969941349335,0.8065417640630489,4.426774193548387,318.08551612903227,13.92,4.064516129032258,0
2024-12-13,590.5810546875,593.4351725009043,589.2126101649385,592.7216579621548,35904700,-0.00019849140333838555,-0.005922908089107004,0.018303099684377155,0.005376289716884113,0.004990612454241916,586.2992889404297,575.905439453125,1.0180478404530693,64.09601644654973,5.032111794983393,5.511944001260487,-0.4798322062770932,0.9215792517294032,4.421935483870968,318.12929032258063,13.81,4.061290322580645,1
2024-12-16,593.1027221679688,594.0704410234347,591.5584049068509,592.3305635374098,43695200,0.004269807608039633,0.003489402965114685,0.035919697686209506,0.00528523891802641,0.0038485223879803805,587.3275573730468,576.56638671875,1.018664235207222,64.73578669761693,4.927859910949564,5.395127183198302,-0.4672672722487379,1.170032419081496,4.4074193548387095,318.2606129032258,14.69,4.051612903225807,0
2024-12-17,590.6591796875,591.5193345487469,589.2907948870824,590.5614592226143,55773500,-0.004119931319041759,0.0024717462549070923,0.027441880612658398,0.005483393431422498,0.004022042995451315,588.1163513183594,577.2797265625,1.018771878271887,55.90897755863766,4.595096671045781,5.235121080767798,-0.6400244097220176,1.45684032026012,4.402580645161291,318.3043870967742,15.87,4.048387096774193,0
2024-12-18,573.0553588867188,592.7312332463192,572.6741417666346,590.3560537155035,108248700,-0.029803686129274976,-0.03486643467949213,-0.006810201455192733,0.013275783135721076,0.008004728041363407,587.9198822021484,577.5360107421875,1.0179796086595825,36.64596273291925,2.877725559707983,4.763641976555835,-1.8859164168478522,2.6257567637092527,4.397741935483872,318.3481612903226,27.62,4.04516129032258,0
2024-12-19,572.8795166015625,579.6238994978684,572.6351557670356,578.0208781053541,85919500,-0.00030685043325984207,-0.030165630278401467,-0.007451260352512312,0.013616933098420794,0.008003272250556111,587.7048461914062,577.7111694335938,1.0172987424972422,31.070059684890225,1.485384984662005,4.107990578177069,-2.622605593515064,1.9971961917300907,4.392903225806452,318.3919354838709,24.09,4.041935483870968,1
2024-12-20,579.7603149414062,584.27166262691,569.7175591199479,570.561034960996,125716700,0.012010899570405353,-0.01832219245810285,-0.0008934199630241668,0.01583810185750215,0.008381648297777865,587.6789245605469,578.0436889648438,1.0166686978504302,39.38430001693498,0.9264879916116797,3.4716900608639913,-2.5452020692523116,2.6766241458615347,4.388064516129033,318.43570967741937,18.36,4.038709677419354,1
2024-12-23,583.2320556640625,583.8302883719545,576.3374745859168,579.5052825841503,57635800,0.005988234505162948,-0.016642423200868173,0.0019840086033475757,0.016068269350719814,0.00846257252030942,587.7366668701172,578.3782006835937,1.0161805306207299,43.148882604088385,0.7549954422644305,2.9283511371440794,-2.173355694879649,1.2022774847540147,4.373548387096775,318.5670322580645,16.78,4.029032258064516,1
2024-12-24,589.7147216796875,589.7539893082886,583.997031715741,584.5756905048978,33160100,0.011115071527136644,-0.001598989807137463,0.009696207648324684,0.017261378892175588,0.008788993151066684,588.0198211669922,578.7497033691407,1.0160174903656733,46.09795733050428,1.1291669966744848,2.5685143090501605,-1.4393473123756757,0.6984781500326963,4.368709677419355,318.6108064516129,14.27,4.025806451612903,1
2024-12-26,589.7539672851562,590.8719573339298,586.5567683514358,587.9493923534018,41219100,6.65501538725799e-05,0.029139607787418864,0.004518108769154372,0.005852853586498272,0.008719153772236619,588.1524505615234,579.2107421875,1.0154377460960986,46.981853612123814,1.4125840520284783,2.337328257645824,-0.9247442056173458,0.8722756002448435,4.359032258064516,318.6983548387097,14.73,4.019354838709678,0
2024-12-27,583.5458984375,586.2625477535164,579.3777835694219,586.0271215733671,64969300,-0.010526540204950474,0.01861889197786759,-0.003034957222275314,0.009285499475966002,0.009023922053630937,588.0636291503906,579.4983569335938,1.0147804943953938,40.972687728794305,1.1233060642216515,2.09452381896099,-0.9712177547393384,1.331252729077008,4.354193548387097,318.74212903225805,15.95,4.016129032258064,0
2024-12-30,576.8866577148438,580.3388565581548,573.1500678896946,576.5630589676712,56578800,-0.011411682852174976,-0.004956629752853825,-0.020496823927055208,0.009948558766814325,0.009231864074253263,587.4600402832032,579.6518115234375,1.0134705500863426,38.59593042698256,0.3526410752241418,1.7461472702136203,-1.3935061949894785,1.1287946499824433,4.339677419354839,318.87345161290324,17.4,4.006451612903226,0
2024-12-31,574.7880249023438,579.2601650774656,573.1599745686183,578.5441892688881,57052700,-0.0036378598541576546,-0.01447799495880664,-0.025806087212620454,0.009170301517370217,0.00922545338521913,586.6987426757812,579.7195007324219,1.012038998057753,38.43421215012037,-0.42258728667115975,1.3124003588366644,-1.7349876455078241,1.1102223482339009,4.33483870967742,318.9172258064516,17.35,4.003225806451613,0
2025-01-02,573.375732421875,579.740679758371,569.3154835989945,578.0342139844852,50204000,-0.002457066638973049,-0.027706598897979107,-0.028650413585635137,0.0050961762026869705,0.009219751427681217,585.8531433105469,579.7777111816406,1.010478899087935,32.77806887617224,-1.1378056337583757,0.8223591603176564,-1.9601647940760323,0.955294904297828,4.33,318.9841612903226,17.93,4.006451612903226,1
2025-01-03,580.5448608398438,581.1823013188991,575.1311959956543,576.2100381173573,37888500,0.012503369104386763,-0.015615166588374585,-0.022574616742956355,0.009596941932369183,0.009593411005950615,585.182730102539,579.9853625488281,1.0089612046946674,41.97786745161278,-1.1132991585756145,0.4352274965390023,-1.5485266551146166,0.7243284784771867,4.33,319.0073225806452,16.13,4.012903225806451,1
2025-01-06,583.8890991210938,588.1455060566466,582.1629997160619,584.7815995417147,47679400,0.0057605165540730585,0.0005881297161245413,-0.015323644230505029,0.009204629307485217,0.009713306459222436,584.728402709961,580.3640966796875,1.0075199449022467,44.9692809587828,-0.8146349158845396,0.18525501405429393,-0.9998899299388335,0.8953153275293586,4.33,319.0768064516129,16.04,4.032258064516129,0
2025-01-07,577.288818359375,586.2330977215739,575.4744864171694,585.9094391002772,60393100,-0.011303997234498597,0.0006971224575105239,-0.028296649219436087,0.00917087390010252,0.009970771686479273,583.8878509521485,580.5863891601563,1.0056864264364997,38.79869161351238,-1.0978732490028733,-0.07137063855713952,-1.0265026104457338,1.1038386719961601,4.33,319.0999677419355,17.82,4.038709677419355,1
2025-01-08,578.13232421875,579.2013495963691,573.9250009242365,577.357566647636,47304700,0.0014611505238784073,0.005818317660627015,-0.021839490561624486,0.008921273558038621,0.009949007799089507,583.2424499511719,580.8294616699219,1.0041543834128395,40.92118719942247,-1.2399840311938988,-0.3050933170844914,-0.9348907141094074,0.8548013832311859,4.33,319.1231290322581,17.7,4.04516129032258,0
2025-01-10,569.3056640625,574.6604875516765,567.4030397334539,574.5918290616524,73105000,-0.015267543063221312,-0.007098431498283819,-0.033769620735445205,0.011652854282623176,0.010440387887102743,582.247592163086,580.861005859375,1.0023871223747574,46.886273857878045,-2.0413145535663944,-0.652337564380872,-1.3889769891855224,1.2795466898894634,4.33,319.16945161290323,19.54,4.058064516129033,1
2025-01-13,570.1882934570312,570.5413429214275,564.2646286559713,564.6765795569504,47910100,0.0015503611684326568,-0.017839392063225268,-0.03969511490601885,0.009154723239774998,0.01023718912996696,581.0691284179687,580.8918298339844,1.0003052178992344,47.7911509780092,-2.5754655860201865,-1.0369631687087348,-1.5385024173114517,0.8246835126555778,4.33,319.238935483871,19.19,4.077419354838709,1
2025-01-14,570.972900390625,573.7287574980859,567.2068596443902,573.101074063849,48420600,0.001376048829127452,-0.022120979394736118,-0.03339336294757567,0.008198849369090403,0.01023455826632964,580.0828582763672,580.9727514648438,0.9984682703513499,41.98564047298042,-2.90202022260155,-1.409974579487298,-1.492045643114252,0.8215378703141681,4.33,319.26209677419354,18.71,4.083870967741936,1
2025-01-15,581.3589477539062,582.4965717179379,577.8479067851994,578.9561398854404,56900200,0.018190088104314217,0.007050421323070655,-0.015615311159064449,0.011829219529930107,0.01115599200833323,579.6217529296875,581.4836645507812,0.9967979984054547,48.48300005042002,-2.296279818036396,-1.5872356271971177,-0.7090441908392784,0.94851451313788,4.33,319.28525806451614,16.12,4.090322580645162,0
2025-01-16,580.2408447265625,582.8985926554029,579.5445027973688,582.7220679112103,43319700,-0.0019232576219280206,0.0036471244029847583,-0.021685750141884785,0.011925718074832307,0.01109578000427255,578.9786590576172,581.9252978515625,0.9949363968110269,41.59710267320622,-1.8847218529026577,-1.6467328723382257,-0.23798898056443196,0.722356479221477,4.33,319.3084193548387,16.6,4.096774193548387,1
2025-01-17,586.0664672851562,587.8121409710091,584.1343920679883,585.4584175885924,58070600,0.010040007716690669,0.02944078072762024,-0.007775571023502237,0.00819695904256144,0.011337815853866512,578.7490234375,582.5074890136718,0.9935477815357604,47.03381925228836,-1.0760758145435148,-1.5326014607792835,0.45652564623576875,0.9664768960817565,4.33,319.3315806451613,15.97,4.103225806451613,1
2025-01-21,591.4309692382812,591.4407861448484,587.1353543049476,589.0968201243991,42532900,0.009153401964755004,0.03725554527339803,0.032066030038111926,0.007900566761761279,0.0091411059165926,579.6678039550782,583.0622790527344,0.994178194646426,56.429917389430344,-0.0023207760978039005,-1.2265453238429878,1.2242245477451839,0.7488313182758018,4.33,319.4242258064516,15.06,4.129032258064516,1
2025-01-22,594.7557373046875,596.1091536661693,593.6965288784859,594.2457369774064,48196000,0.005621565726746214,0.04165317985808392,0.03818642501463332,0.00730109227746967,0.009171438279418196,580.7616149902344,583.4032336425781,0.9954720534614622,65.40942207101133,1.10419040491729,-0.7603981780909322,1.864588583008222,0.877681395789493,4.33,319.4473870967742,15.1,4.135483870967742,1
2025-01-23,598.0018920898438,598.0018920898438,593.8534110339756,594.1279851220985,41152100,0.005457962961176621,0.02862765663148026,0.031463997583693004,0.0047152922382721705,0.008904980208203198,581.6736938476563,583.7197717285156,0.9964947600202054,69.63000200255584,2.2174842714239276,-0.16482168818796034,2.382305959611888,0.8119245605694901,4.33,319.4705483870968,15.02,4.141935483870968,0
2025-01-24,596.2561645507812,599.0120815203885,595.1087237951253,598.0607394613536,34604700,-0.002919267584524987,0.02760115901831406,0.022330920874864546,0.005119944959035996,0.008896059955987473,582.3248992919922,583.9509594726562,0.9972154165443405,69.2395493854089,2.9251922631900698,0.4531811020876457,2.472011161102424,0.6986179740892349,4.33,319.49370967741936,14.85,4.148387096774194,0
2025-01-27,587.8218994140625,588.1357411390088,583.1830517473746,583.3497595871564,70361100,-0.014145371801854822,0.0029952782267819167,-0.003209725306218658,0.009377928624798153,0.009193868902667197,582.230258178711,584.0023181152344,0.9969656628380476,55.991589552471325,2.7735099408389488,0.9172468698379064,1.8562630710010424,1.3690759835020752,4.33,319.56319354838706,17.9,4.167741935483871,1
2025-01-28,592.8726196289062,593.7062185767892,585.7426729191386,589.0477377122166,44433300,0.008592262758291724,0.0024375632417115156,0.00528805657400877,0.009253007058294353,0.00939838024791569,582.3861907958984,584.1910534667969,0.9969104924490236,57.19446052055309,3.0259700194877723,1.3389914997678796,1.6869785197198928,0.8618814815734386,4.33,319.58635483870967,16.41,4.174193548387097,0
2025-01-29,590.21484375,592.4901511824414,587.6747192887742,592.0880171861997,37177400,-0.004482878431069759,-0.007634888190008793,0.011428313231841347,0.008959413023506802,0.009124945991975018,582.7196380615235,584.3209631347656,0.9972595111689108,61.04956809743739,2.9772660791491035,1.6666464156441243,1.3106196635049792,0.7411135162105998,4.33,319.6095161290322,16.56,4.180645161290323,1
2025-01-30,593.3826904296875,594.9126315608507,589.1459165604987,592.3235418567856,39281300,0.005367277209702426,-0.007724393051689926,0.028594928473796966,0.008941882185187208,0.00872423451766827,583.5444396972656,584.5892993164063,0.9982126603747923,62.53823765556002,3.1578844812046327,1.964894028756226,1.1929904524484067,0.7967911151805794,4.33,319.6326774193548,15.84,4.187096774193549,0
2025-01-31,590.2247314453125,598.2079122989969,589.4695478929073,595.7952876097377,66566900,-0.005321960069459064,-0.01011550649545545,0.026856346816883425,0.009099216266094116,0.008783818129098474,584.316275024414,584.943046875,0.9989284908096019,68.96673469658802,3.01149038171161,2.174213299347303,0.8372770823643072,1.3373539530222753,4.33,319.65583870967737,16.43,4.193548387096774,0
2025-02-03,586.2527465820312,588.7241528776601,579.1129820721995,581.2509726905776,65857200,-0.006729614419163421,-0.0026694358165209042,0.022458247588828417,0.006982402467110356,0.008932305035386268,584.9601257324218,585.1704357910156,0.9996406003349956,63.79252520594462,2.5456216778389944,2.248494975045641,0.2971267027933533,1.3026136057505735,4.33,319.6865714285714,18.62,4.2,1
2025-02-04,590.1854858398438,590.695426254437,585.7721876960313,586.3115788306599,33457800,0.006708265813236913,-0.004532396504909331,0.01660616715485763,0.006394124013745817,0.008633594238737392,585.4421569824219,585.4344506835937,1.0000131633845928,65.64945079092669,2.4653376862219147,2.291863517280896,0.17347416894101864,0.6646865809609604,4.33,319.6903571428571,17.21,4.2,1
2025-02-05,592.5784301757812,592.7255640609287,587.0471418694162,589.0674493379312,30653100,0.004054563172681824,0.004004620437473072,0.014881817570780553,0.006335062399507884,0.008590944258969408,585.8766235351562,585.7424145507813,1.0002291262866423,60.506881887603456,2.565232253078534,2.346537264440424,0.2186949886381102,0.6194436321875223,4.33,319.6941428571428,15.77,4.2,1
2025-02-06,594.6380004882812,594.7655005585997,591.0190935628144,594.3143418590737,35771500,0.003475607966170857,0.002115515128499501,0.030052863622426873,0.006045135631264365,0.008120093189411018,586.7440826416016,586.029599609375,1.0012191927382215,63.24909990619927,2.7785600183868837,2.4329418152297158,0.34561820315716796,0.7413197009728351,4.33,319.6979285714286,15.5,4.2,0
2025-02-07,589.1949462890625,596.4131263461926,588.4887874469584,595.1970270806008,50788500,-0.009153559299522107,-0.0017447339994179911,0.01913510386270434,0.0071072936085233036,0.00846329579824842,587.2972137451172,586.1719543457032,1.001919674578546,52.89942381467944,2.479828901031169,2.4423192323900063,0.0375096686411629,1.0487424630379119,4.33,319.7017142857143,16.54,4.2,1
2025-02-10,593.1963500976562,593.8338505117428,591.1270177676121,592.3922016880001,26048700,0.006791307077217645,0.011844044324069491,0.04196460274903124,0.006618551775059275,0.0076305554648811785,588.491748046875,586.3548486328125,1.0036443791998055,51.678536277368195,2.536720450215512,2.4611994759551075,0.07552097426040438,0.5653520436217456,4.33,319.7130714285714,15.81,4.2,1
2025-02-11,593.6473999023438,594.1867909987916,590.8228845015021,590.9405676549386,30056700,0.0007603718475563959,0.005865806844730592,0.04114273603037466,0.006163969337864139,0.0076355125162853085,589.6647033691406,586.4857690429687,1.0054203093987417,48.88526840359926,2.5883662871273145,2.486632838189549,0.10173344893776548,0.6652285734868898,4.33,319.7168571428571,16.02,4.2,0
2025-02-12,591.7349853515625,592.9020598913557,586.9784547529548,587.6551628450902,45076100,-0.003221465386853972,-0.0014233471575544332,0.03636264513908327,0.006176205865125743,0.007725409804801258,590.7028076171875,586.6140222167969,1.0069701460339104,43.52317356105919,2.446775211857698,2.478661312923179,-0.031886101065480954,1.0013508743362534,4.33,319.7206428571429,15.89,4.2,1
2025-02-13,597.9822998046875,598.1882752794738,591.5781445820884,592.8334516677448,40921300,0.010557622259588673,0.0056240928323789685,0.02859395579100643,0.007838247677849953,0.007031306185270519,591.5339752197266,586.7944995117188,1.008076891845359,51.63209268665968,2.8063198219458627,2.544193014727716,0.26212680721814685,0.9254790281738574,4.33,319.7244285714286,15.1,4.2,0
2025-02-14,597.9529418945312,599.2180659571623,597.335075295313,598.1883082448632,26910400,-4.9094948405437044e-05,0.014864342711405465,0.03052542289799609,0.0055791130230323106,0.006996609335725292,592.419580078125,586.9532788085937,1.0093130091727691,61.38930172623189,3.0536915228066164,2.646092716343496,0.4075988064631204,0.6201141675200503,4.33,319.7282142857143,14.77,4.2,1
2025-02-18,599.7083129882812,599.7083129882812,596.658248231066,599.1100803238464,26749000,0.0029356341791517693,0.010977752795601203,0.023276959977454936,0.005169966015017915,0.006716435952168313,593.1016723632813,587.1416906738282,1.0101508405622044,58.29961494339757,3.3527309594745702,2.787420364969711,0.5653105945048593,0.6394723379026436,4.33,319.7433571428571,15.35,4.2,1
2025-02-19,601.1206665039062,601.4148744301086,597.8156011046507,598.3256014161959,31011100,0.002355067430343638,0.012588729610863103,0.016383479678287127,0.005108030463435224,0.006458345546104616,593.5861572265625,587.2850415039062,1.010729229041013,63.65434257321936,3.6614797335009825,2.9622322386759654,0.6992474948250171,0.7517166334858125,4.33,319.7471428571429,15.27,4.2,0
2025-02-20,598.6196899414062,599.8946306067775,595.324442106828,599.7573136488752,36554000,-0.004160523338925581,0.011634776986784612,0.0064967051082673866,0.005381638915223486,0.006446987006202969,593.7793548583984,587.3979223632813,1.010863900351303,56.66819506508645,3.6621425545073407,3.1022143018422406,0.5599282526651002,0.8987596015992482,4.33,319.7509285714286,15.66,4.2,0
2025-02-21,588.3809814453125,598.5413613568134,587.9200057904889,598.4040443652323,76519800,-0.01710386188114854,-0.01605619156705973,-0.016088428434413382,0.008256404485342468,0.0074073756849126525,593.2983093261719,587.283544921875,1.0102416702397086,48.011024696267775,2.804164969516137,3.04260443537702,-0.23843946586088327,1.8030115225037138,4.33,319.7547142857143,18.21,4.2,0
2025-02-24,585.7035522460938,591.4114252530362,584.997393388531,590.420875386549,50737200,-0.004550502622708619,-0.020485541236116345,-0.01769811858069059,0.008069618428865893,0.0074410229748811604,592.7706787109375,587.1768090820312,1.0095267209848624,49.390524752904454,1.8864199172975304,2.8113675317611224,-0.924947614463592,1.1732061372657563,4.33,319.7660714285714,18.98,4.2,0
2025-02-25,582.7907104492188,586.3704094872951,578.200887648266,585.6446767168586,58266500,-0.004973235667949494,-0.028209718245798432,-0.008559036282688393,0.007056039962662429,0.006837703841163247,592.5191192626953,587.0485668945313,1.0093187389879905,41.60348512611821,0.9135277824204877,2.4317995818929954,-1.5182717994725077,1.366414574963727,4.33,319.7698571428572,19.43,4.2,1
2025-02-26,583.0850219726562,588.0279549899641,580.4566645097497,584.448255315712,43321600,0.0005050038000959933,-0.030003367936332292,-0.01650876989795258,0.006559987686493062,0.006508688388755517,592.0297393798828,586.8351159667968,1.0088519300766927,38.68111811981685,0.16435762411686028,1.9783111903377684,-1.813953566220908,1.0172659966625421,4.33,319.7736428571429,19.1,4.2,0
2025-02-27,573.7777709960938,586.4979078319449,573.3855137517263,585.3504072406853,74196700,-0.01596208207351102,-0.04149866662044488,-0.027849304245673223,0.007726598529911523,0.007306677259393855,591.2078857421875,586.4967053222656,1.0080327483124278,28.793613525466967,-1.1669308413353292,1.3492627840031488,-2.5161936253384782,1.6696952805606644,4.33,319.7774285714286,21.13,4.2,1
2025-02-28,582.73193359375,583.2615078706541,571.2181376161361,574.2780198233005,88744100,0.015605628259372173,-0.00960100348193793,-0.01794922064245752,0.011472140627492472,0.008118288869325368,590.6753479003906,586.3397229003906,1.0073943907101388,43.867521318022504,-1.4823725846391653,0.7829357102746859,-2.265308294913851,1.8917783920456035,4.33,319.7812142857143,19.63,4.2,0
2025-03-03,572.5225219726562,585.8310759519914,568.7270900553181,584.6933921520208,74249200,-0.017519911013167855,-0.02250461043456209,-0.029992320771289882,0.013512983395180941,0.008891427103432043,589.7902374267578,585.9281188964844,1.006591454490266,32.45094117915251,-2.527046415011341,0.12093928521748043,-2.647985700228822,1.5699322490288252,4.33,319.8183548387097,22.78,4.2,0
2025-03-04,565.7454833984375,574.1111625415701,561.2243197583733,568.5406076692278,109648200,-0.011837156293639128,-0.029247595655124137,-0.034980242400833306,0.013919561599976978,0.009120427433743906,588.7648742675781,585.4298449707031,1.0056967189587709,28.612318952457684,-3.8573432747562038,-0.6747172267772565,-3.182626047978947,2.2158280214392208,4.33,319.83503225806453,23.51,4.2,1
2025-03-05,571.8262329101562,573.611174316589,562.0385358294819,565.5789679172403,71230500,0.010748206906030733,-0.01930900064009533,-0.031107598153760074,0.015723998947161425,0.009358982886875767,587.8469116210938,585.4052624511719,1.0041708698683343,35.65595577855858,-4.3705662861598285,-1.413887038653771,-2.9566792475060577,1.3865435559074069,4.33,319.85170967741936,21.93,4.2,0
2025-03-06,561.675537109375,568.991765926103,559.1354126670572,564.3921264239905,80094900,-0.01775136434213942,-0.0210921971858703,-0.052149878383590975,0.016086371693629056,0.009926255912656888,586.3017669677735,585.1811828613281,1.0019149353042525,25.234354573598736,-5.532599179075078,-2.2376294667380323,-3.2949697123370454,1.4875141146405966,4.33,319.8683870967742,24.87,4.2,1
2025-03-07,564.82373046875,566.2654391000913,554.7320094861279,559.9004915315724,81158800,0.005605003514265405,-0.030731460029243318,-0.050138521243259904,0.013415846754508938,0.01000626036393656,584.8110534667969,584.882451171875,0.9998779281119906,28.324109844839327,-6.128836315180138,-3.015870836426454,-3.112965478753684,1.4463157386374723,4.33,319.88506451612903,23.37,4.2,0
2025-03-10,549.7792358398438,558.56656383442,544.885388513382,556.6541826711317,99326600,-0.026635733977431797,-0.0397247012300046,-0.06689757048574752,0.015761436425077564,0.011296552375984405,582.8402679443359,584.2133947753906,0.9976496142619553,22.17152701141528,-7.726260009703083,-3.95794867108178,-3.7683113386213027,1.6966994282817174,4.33,319.9350967741936,27.86,4.2,0
2025-03-11,545.2090454101562,553.1530182295099,541.3842228164132,548.6220367842027,88102100,-0.008312773804027063,-0.03629978248331511,-0.08089615635632275,0.015623696117882372,0.011082573232740945,580.4409027099609,583.32328125,0.995058694496365,19.89676140501234,-9.254327838723725,-5.017224504610169,-4.237103334113556,1.4292140613142552,4.33,319.95177419354843,26.92,4.2,1
2025-03-12,548.1022338867188,552.2605321303586,543.022044250635,551.3386407379146,69588200,0.005306567271615936,-0.04148812638885169,-0.07672090541138943,0.01417743597856785,0.011234179582747167,578.1636444091797,582.4902465820312,0.9925722324137797,22.915409535652344,-10.115273890809362,-6.036834381850008,-4.078439508959354,1.0938047068770407,4.33,319.96845161290327,24.23,4.2,0
2025-03-13,540.795654296875,548.3374917904981,539.0891888323793,547.7294422539348,74079400,-0.01333068748512689,-0.037174278445447184,-0.08608470399028945,0.013570000095767127,0.01142672923913409,575.6166778564453,581.6352416992188,0.9896523397977218,23.659276577629726,-11.257391546866074,-7.080945814853223,-4.176445732012851,1.1384486482964318,4.33,319.9851290322581,24.66,4.2,1
2025-03-14,551.96630859375,552.9666753566005,540.8644044287432,545.3953858640715,62660300,0.020655961652278343,-0.022763600715447252,-0.07695209578271334,0.018107273747847367,0.012312548990299267,573.3158782958984,581.1368347167969,0.9865419709203086,32.92991069526016,-11.132817384232453,-7.8913201287290695,-3.2414972555033836,0.9471392706760223,4.33,320.00180645161294,21.77,4.2,1
2025-03-17,556.2228393554688,558.733513867482,551.5152722686421,551.9467972562945,49008700,0.00771157712970405,0.011720347178593826,-0.06978827197813664,0.01352921823563119,0.012560864202834244,571.2293731689454,580.7655310058594,0.9835800209761109,36.737741898922536,-10.568794519305698,-8.426815006844397,-2.141979512461301,0.7286201514383717,4.33,320.05183870967744,20.51,4.2,0
2025-03-18,550.2108154296875,554.1337472059147,548.2885573100283,553.9179548314441,66041400,-0.010808660666914993,0.009174040786077642,-0.08253595370714994,0.014059239687891472,0.012564172143111339,568.7544982910156,580.3022326660156,0.9801004826020614,34.475894894789306,-10.486045812723887,-8.838661168020295,-1.6473846447035925,0.9539837547406563,4.33,320.0685161290323,21.7,4.2,1
2025-03-19,556.203125,559.9495323368723,550.8090933649922,551.9859849662871,66556000,0.010890933806222636,0.014779890707315557,-0.07472300322852798,0.014607929373072438,0.012938765532635843,566.5086212158203,579.8153979492188,0.9770499769746303,41.43253721484487,-9.823696110360288,-9.035668156488294,-0.7880279538719943,0.9373528696397017,4.33,320.0851935483871,19.9,4.2,0
2025-03-20,554.5946655273438,559.5768056668136,551.7603329396793,552.4763086964069,62958200,-0.0028918562308621887,0.025516128173052266,-0.07354423042511637,0.01224027951924516,0.012939993566325922,564.3073699951171,579.2295092773437,0.9742379505131848,35.22520772800084,-9.321120362904253,-9.092758597771486,-0.2283617651327674,0.8704971294619438,4.33,320.10187096774195,19.8,4.2,1
2025-03-21,554.777587890625,555.6727731535583,548.9247213465745,550.1543252489805,83763000,0.00032983072981296324,0.00509320814170211,-0.05711162429510108,0.00862996565898711,0.012573857435685424,562.6272003173829,578.7792846679688,0.9720928430259006,39.58557663995117,-8.806548744175302,-9.03551662705225,0.22896788287694747,1.1523860387983587,4.33,320.1185483870968,19.28,4.2,1
2025-03-24,564.7129516601562,565.7655000443008,560.8962554773906,561.4864414688424,58766800,0.017908733132691035,0.015263868550463577,-0.035838267508266575,0.01136907250225613,0.013391340075925745,561.577670288086,578.5108972167968,0.9707296318700716,49.41567390756201,-7.51047018100121,-8.730507337842042,1.2200371568408315,0.8040547252177715,4.33,320.1685806451613,17.48,4.2,1
2025-03-25,566.0704345703125,567.0048857087957,564.3292958517305,565.9130116144462,38355700,0.0024038458940343066,0.028824622664386235,-0.02869001783851044,0.00850761861694238,0.0133991278644115,560.7416564941407,578.4461926269531,0.9693929420601609,46.558734296759766,-6.3011453745020845,-8.24463494517405,1.9434895706719661,0.5320343913626545,4.33,320.1852580645162,17.15,4.2,0
2025-03-26,559.3124389648438,566.926137079624,557.9352585138073,565.8047238585734,51848300,-0.011938435913188994,0.0055902490027248675,-0.04077035442856447,0.010848305490899983,0.013594999807256094,559.55302734375,578.2286755371093,0.9677019681253066,48.52741494896139,-5.82096011429644,-7.759899978998529,1.938939864702089,0.7149630258227326,4.33,320.201935483871,18.33,4.2,0
2025-03-27,557.8271484375,561.5848258877031,555.7220517439531,557.925492752828,42164200,-0.002655564982771863,0.005828550310851943,-0.027799303780805307,0.010826721725580702,0.013195008777626046,558.7554962158204,577.9657604980468,0.9667622797141606,45.54774621935949,-5.496895577977057,-7.3072990987942354,1.8104035208171787,0.5945550890806085,4.33,320.21861290322585,18.69,4.2,0
2025-03-28,546.5933227539062,557.0302460332103,546.0129833491962,556.3023301483869,71662700,-0.020138542405223947,-0.014752335558177343,-0.062015840829203084,0.014491836419195844,0.013201716627828033,556.9485656738282,577.2704479980468,0.9647966002855434,47.86931980530878,-6.076501815415554,-7.0611396421184995,0.9846378267029454,1.022829972270734,4.33,320.2352903225807,21.65,4.2,1
2025-03-31,550.2625732421875,551.5610423029548,537.9468400615768,540.8585640195936,95328200,0.006712944222945216,-0.025588891445622375,-0.0388804769701826,0.010894355196865312,0.01291887585424737,555.8355682373046,576.6708825683594,0.9638696612558986,53.42093107235202,-6.168657639808771,-6.882643241656554,0.7139856018477833,1.340439733841828,4.33,320.2853225806452,22.28,4.2,1
2025-04-01,551.8167114257812,553.7545984642982,544.6456828297712,548.3541875419536,54609600,0.0028243574234689817,-0.025180122956520168,-0.02462020887729588,0.010968360659477226,0.012740143827332613,555.1391296386719,575.9858874511718,0.963806825363812,52.56090232904173,-6.046584568607386,-6.715431507046721,0.6688469384393345,0.7987926017308812,4.33,320.302,21.77,4.2,1
2025-04-02,555.308837890625,558.1614830372098,545.7572527723408,545.9933271249679,76014500,0.006328417375800033,-0.007158076229501487,-0.02888533975692298,0.011136672348523995,0.012559615919327761,554.3132598876953,575.2634448242187,0.9635815814041077,60.561437233836536,-5.603462135928112,-6.493037632822999,0.8895754968948868,1.1080123455674404,4.33,320.31260000000003,21.51,4.203333333333333,0
2025-04-03,527.94287109375,539.0289417295002,527.94287109375,536.2156217305293,125986000,-0.049280625355840435,-0.053572647777106686,-0.06005721059034874,0.02425714344674051,0.016178761272733936,552.6266265869141,573.9271875,0.9628863009507005,35.85253568856025,-7.375469408811227,-6.669523988020645,-0.7059454207905826,1.7769801478682297,4.33,320.32320000000004,30.02,4.206666666666667,0
2025-04-04,497.035400390625,517.2894320138223,496.81898890573984,515.1253171649706,217965100,-0.058543210630145226,-0.09066690041801662,-0.12001678828520024,0.03262559567548893,0.020239282445568715,549.2372100830078,571.9078576660156,0.9603596151388304,23.471544461897977,-11.145296480307252,-7.564678486477966,-3.5806179938292857,2.8037973095958604,4.33,320.3338,45.31,4.21,0
2025-04-07,496.1501159667969,514.6335008889374,473.9385334512268,481.20796639726615,256611400,-0.0017811295194112287,-0.09833933817551144,-0.09754664486577591,0.031180752502621503,0.019671816956731068,546.5557540893554,569.9057366943359,0.9590283425809696,24.60219261811494,-14.0424737526929,-8.860237539720954,-5.1822362129719455,2.99767451070044,4.33,320.36560000000003,46.98,4.22,0
2025-04-08,488.3790283203125,516.413968489066,481.1784603514281,513.344881818952,165816600,-0.01566277502796032,-0.11496151129884913,-0.10423527923512532,0.0287885343415414,0.01980652381427527,543.7142532348632,567.916879272461,0.9573835064233293,18.65992651413707,-16.77222961878067,-10.442635955532898,-6.329593663247772,1.8529227237047503,4.33,320.37620000000004,52.33,4.223333333333334,1
2025-04-09,539.6682739257812,539.6682739257812,485.0049911405844,485.3886419991045,241867300,0.10501934487618847,-0.028165523214533028,-0.015387567208274944,0.06529059232227802,0.03163440865093321,543.2925552368164,566.8527923583985,0.9584367627024304,45.27309121441395,-14.628340922900065,-11.279776949006333,-3.3485639738937323,2.4654381708562525,4.33,320.3868,33.62,4.226666666666667,0
2025-04-10,516.0205688476562,524.7950065034121,501.0095530572283,523.4866909882965,162331200,-0.04381896476163283,-0.022582561293789327,-0.04581228649374136,0.06438407687283317,0.032999885576385134,542.0538009643554,565.3689068603516,0.9587612519664881,39.31443572203852,-14.668377923266917,-11.95749714385845,-2.710880779408466,1.5834755553682673,4.33,320.3974,40.72,4.23,1
2025-04-11,525.227783203125,527.6771446389012,511.58410272380377,514.47613358467,97866300,0.017842727424663973,0.05672107618560629,-0.04844231427593293,0.05647373277695376,0.03290482358265112,540.7168746948242,564.0058087158203,0.9587079890648247,39.06979416053214,-13.798106303479699,-12.325618975782701,-1.4724873276969976,0.9385308574182799,4.33,320.408,37.56,4.233333333333333,1
2025-04-14,530.3232421875,535.3990807406135,525.149059337469,535.172792794898,68034000,0.009701426975740057,0.06887658618019965,-0.046563347161328816,0.055988344514628405,0.03293865226155703,539.4218948364257,562.8077789306641,0.9584478307341957,40.30516574918526,-12.552550827075379,-12.371005346041237,-0.18154548103414214,0.6465430913500843,4.33,320.4398,30.89,4.243333333333333,0
2025-04-15,528.8378295898438,534.3661235223595,528.0508951584542,530.8642142693149,56892900,-0.0028009570003554307,0.0828430356821046,-0.03884508490287042,0.0545257524827434,0.03287298377877764,538.3532455444335,561.6594805908203,0.9585046886026557,41.49179231695705,-11.55213371429727,-12.207231019692443,0.6550973053951736,0.5430271480644727,4.33,320.4504,30.12,4.246666666666667,0
2025-04-16,517.0829467773438,529.1134345891107,511.8005721602226,523.0047395671859,83484800,-0.02222776464689913,-0.041850388914178804,-0.07033433733882066,0.02496650160784601,0.033050824309060964,536.3972366333007,560.1974298095703,0.9575146333956583,39.24155000920238,-11.574394335034754,-12.080663682760907,0.5062693477261533,0.79045344688142,4.33,320.461,32.64,4.25,1
2025-04-17,517.8206176757812,522.5029590498531,515.3614098145464,519.0305887702018,79868100,0.0014266007089094312,0.0034883276690786946,-0.0663079725380975,0.015110648171502395,0.033066588048251064,534.5585342407227,558.7022735595704,0.9567860371051928,41.95677173441984,-11.401087520808005,-11.944748450370328,0.5436609295623231,0.7502040519966615,4.33,320.4716,29.65,4.253333333333333,0
2025-04-21,505.4951477050781,513.1875578394483,500.1635713405903,512.656330465215,69368100,-0.023802586359008893,-0.03756967191968885,-0.08883278860079502,0.014835155916269408,0.033380666701583836,532.0944122314453,556.9194165039063,0.9554244231089996,38.063238012657244,-12.118607279167122,-11.979520216129687,-0.1390870630374348,0.6560121896588199,4.33,320.514,33.82,4.266666666666667,1
2025-04-22,518.64697265625,520.6635112296127,510.71848838241135,511.6529994400941,75948100,0.026017707609816698,-0.022017269096272774,-0.0815741499614635,0.020346729137747707,0.03370998951175139,529.79111328125,555.50845703125,0.9537048564707029,41.67078437803656,-11.493514418196582,-11.882319056543068,0.3888046383464854,0.7124510048695063,4.33,320.5246,30.57,4.27,1
2025-04-23,526.68359375,536.5302712837308,525.1687433752924,531.6118557355538,90590700,0.015495359112173146,-0.0040735282525354854,-0.06957939933784019,0.02223616775914654,0.03396130035174042,527.8217712402344,554.1782019042969,0.9524405135866133,42.97234135711989,-10.231691098923875,-11.552193465019231,1.320502366095356,0.8294871379897825,4.33,320.53520000000003,28.45,4.273333333333333,1
2025-04-24,537.769775390625,538.4976913582739,526.7131857388315,527.9624225863133,64150400,0.021049035459204557,0.04000678951454373,-0.03851633197017601,0.020035609995945728,0.03430690296099723,526.7446380615235,553.0606494140625,0.9524174945723957,52.6221645903222,-8.242114850681219,-10.890177742151629,2.64806289147041,0.5840987194432459,4.33,320.5458,26.47,4.276666666666666,1
2025-04-25,541.6553344726562,542.0586181694788,534.8187241892716,537.7304480905381,61119600,0.007225320685248393,0.04602890650406355,-0.028990725908808468,0.019722680444780077,0.03435919936441688,525.9360473632812,552.0590563964844,0.9526807707789113,63.912459483613034,-6.279443676987967,-9.968030929118898,3.6885872521309313,0.5517415449478216,4.33,320.5564,24.84,4.28,1
2025-04-28,541.86181640625,544.5177728075638,536.1269871108482,542.393043710064,47613800,0.0003812053910532409,0.07194266624768741,-0.008656355924396286,0.010340605099498345,0.03406020375651146,525.6994720458985,550.9366467285156,0.9541922381956682,64.31346025100045,-4.653706236491644,-8.905165990593447,4.251459754101804,0.43453820220038025,4.33,320.58820000000003,25.15,4.29,1
2025-04-29,545.2752685546875,546.3868353532918,539.5993973829874,539.9535089190233,47775100,0.006299488255282926,0.05134185159138349,-0.009063499736343017,0.008157104647424446,0.03405610741685733,525.4501068115235,549.8830932617187,0.9555669436838526,68.31543746794954,-3.054648455184747,-7.735062483511708,4.680414028326961,0.4456812065560851,4.33,320.5988,24.17,4.293333333333333,1
2025-04-30,545.49169921875,547.4394329210733,532.6841838633078,538.6354556420874,93101500,0.0003969200081936908,0.035710444927353535,-0.011462161395382031,0.008445430929730753,0.03405015455812535,525.1338562011719,548.7987609863281,0.9568787204573411,52.792999921547406,-1.7497494743474817,-6.537999881678863,4.788250407331382,0.853200745690936,4.33,320.6094,24.7,4.296666666666667,1
2025-05-01,549.3574829101562,554.8661444027258,548.7574506167018,551.2265048528457,63186100,0.007086787382727833,0.021547710655761998,-0.01071719838473184,0.0035675688732293514,0.03405803724224131,524.8362884521484,547.7634973144532,0.9581439636362936,69.73335375824374,-0.399070953016917,-5.310214095946475,4.911143142929558,0.5824738839656816,4.33,320.62,24.6,4.3,1
2025-05-02,557.5122680664062,559.105829955879,553.203731094349,555.5153624660799,60717300,0.014844223315300997,0.029274951402791904,0.0560087058499279,0.005963637296115197,0.03213873372895901,526.3147583007812,546.9413488769532,0.9622873812365349,69.35149061087827,1.314224948843389,-3.985326286988502,5.299551235831891,0.5770760597638636,4.33,320.6462903225806,22.68,4.293548387096774,0
2025-05-05,554.3153686523438,557.4041485271615,552.5349043366007,553.3907039776933,38659200,-0.0057342225403400615,0.022982893182414088,0.11524323663204239,0.007721337945595973,0.028793673590648935,529.1787567138672,546.2600366210937,0.9687304969023851,64.71594406034222,2.3865505603034762,-2.7109509175301065,5.097501477833583,0.40165350434609826,4.33,320.7251612903226,23.64,4.274193548387097,0
2025-05-06,549.68212890625,554.157875203981,547.872185543118,548.8263293740373,48264700,-0.008358490505789407,0.008081900290918043,0.1078947907432024,0.009485686275002923,0.028922667606269048,531.8553573608399,545.5396081542968,0.9749161186668841,62.30982672460777,2.8298913808722546,-1.6027824578496344,4.432673838721889,0.5623107439476219,4.33,320.7514516129032,24.76,4.267741935483871,1
2025-05-07,551.9938354492188,554.6202527049248,546.9671688153295,551.0101522781708,55588000,0.0042055333826633845,0.01191977117118559,0.13025704102753433,0.00951308218658534,0.028494886593377605,535.0360977172852,544.9236706542969,0.9818551230759722,73.20520528805076,3.3293983419437154,-0.6163462978909644,3.94574463983468,0.6920699549908019,4.33,320.7777419354839,23.55,4.261290322580645,1
2025-05-08,555.8400268554688,561.0043636579312,552.5348657113146,556.0170826268422,65130800,0.0069678158690302805,0.011800228716230432,0.029966099011244696,0.009498593996099826,0.01661182772592071,535.8446853637695,544.3787707519531,0.9843232582776962,74.26854630273911,3.98962677585223,0.3048483168576745,3.6847784589945554,0.9111173486684917,4.33,320.8040322580645,22.48,4.254838709677419,0
2025-05-09,555.1317749023438,558.2401872369107,553.577538715433,557.2368112120467,37603400,-0.0012742010630860667,-0.004269848935017473,0.07579388965449207,0.006463146134067447,0.01276743508892781,537.8002456665039,544.0058508300781,0.9885927602541309,87.2013869669932,4.404935201874764,1.1248656938610926,3.2800695080136713,0.5763137020983509,4.33,320.83032258064515,21.9,4.248387096774193,1
2025-05-12,573.4774780273438,573.487324465949,567.6245507869492,571.9822603015932,78993600,0.033047474409526156,0.03456896643798113,0.09186432318939008,0.015736841403397494,0.014040750448411157,540.2127304077148,543.82076171875,0.9933654035207632,88.12583341892102,6.14359549774008,2.12861165463689,4.01498384310319,1.2284301676507605,4.33,320.9091935483871,18.39,4.229032258064516,1
2025-05-13,577.2646484375,579.4680890959,573.3299158219985,573.890562385163,67947200,0.006603869472230128,0.050179036357127504,0.08851470672183637,0.013346881296187486,0.013997341765883568,542.5598007202149,543.9156042480469,0.9975073273918913,87.38004124470233,7.737891711006,3.250467665910712,4.487424045095288,1.0567188236049765,4.33,320.93548387096774,18.22,4.22258064516129,1
2025-05-14,578.00244140625,579.3697154326957,575.9858428026291,578.2188228927168,66283500,0.0012780844466173669,0.04711756597039729,0.09296727477786026,0.013718715071210318,0.013917266914284323,545.0180313110352,544.1607434082031,1.0015754313651197,85.10125053516771,8.957658363225733,4.3919058053737166,4.565752557852016,1.0233720397037505,4.33,320.9617741935484,18.62,4.216129032258064,1
2025-05-15,580.8256225585938,581.3272505737436,575.553034807254,576.0055507079343,71268100,0.004884375826294196,0.044951055152459896,0.12327359890423462,0.013839306553777847,0.012410989487491478,548.2051651000977,544.3407312011718,1.0070992921848754,84.81984738788479,10.036445452038151,5.5208137347066035,4.515631717331548,1.1108067451006185,4.33,320.98806451612904,17.83,4.209677419354838,1
2025-05-16,584.5045776367188,584.7996705930015,579.664873035907,581.6027001482121,76052100,0.0063340096153452485,0.05291140601624211,0.12877810902981413,0.012820667548226625,0.01236628203039661,551.5393630981446,544.7973120117188,1.0123753383832423,85.70251777054408,11.06075146287219,6.6288012803397205,4.43195018253247,1.1889073086703499,4.33,321.01435483870966,17.24,4.203225806451613,1
2025-05-19,585.1439819335938,585.8227258062999,578.5041197159628,578.5041197159628,68168500,0.0010939252169079872,0.020343438675884284,0.1575659718794873,0.0026859078955975926,0.010267779256802891,555.5218048095703,545.2037170410156,1.0189251970337878,85.00602897121635,11.788228578086887,7.6606867398891545,4.1275418381977325,1.0666647263800817,4.33,321.09322580645164,18.14,4.183870967741935,0
2025-05-20,583.1765747070312,584.3570065824167,579.9796042324612,583.4127091135157,60614500,-0.003362261746350459,0.010241275445384002,0.12441912409185174,0.0037811651280551034,0.009538589106044416,558.7482849121094,545.8716638183594,1.0235890996863226,82.10148250514983,12.066906327454376,8.5419306574022,3.524975670052177,0.959980222169589,4.33,321.11951612903226,18.09,4.177419354838709,0
2025-05-21,573.3495483398438,582.910979810613,572.3265394745135,578.8385171464103,95197700,-0.016850859230970072,-0.00804995400207309,0.08860339517618354,0.009326644325992277,0.01052172546230061,561.0815826416016,546.4344738769531,1.0268048768239808,68.55313436893496,11.363806662169395,9.106305858355638,2.257500803813757,1.5022102512388997,4.33,321.1458064516129,20.87,4.170967741935484,1
2025-05-22,573.5758056640625,577.0481757894836,571.9231652201731,573.1527690961759,70860400,0.0003946237070804326,-0.01248191645298824,0.06658245203057156,0.008746758419904407,0.00977930887093459,562.8718841552734,546.9439453125,1.0291217024692958,64.15808902244443,10.701492048141063,9.425343096312723,1.2761489518283398,1.1122814819128528,4.33,321.1720967741936,20.28,4.164516129032258,0
2025-05-23,569.6608276367188,572.3167845833995,566.2080896099602,566.5818940711587,76029000,-0.006825563401878787,-0.025395438407029403,0.05170353060646593,0.007291006318068528,0.009983029346573307,564.2721588134766,547.5212487792969,1.0305940820954913,63.35612654268521,9.748324322169651,9.48993934148411,0.25838498068554117,1.1796087752690052,4.33,321.1983870967742,22.29,4.158064516129032,1
2025-05-27,581.5043334960938,581.6616963869777,568.9918522772189,576.5072061511252,72588500,0.020790451589428605,-0.006220090353613261,0.07315982763421469,0.013850904608815107,0.01076030178262451,566.2542846679687,548.1120092773438,1.033099576516385,74.60827357178796,9.83522957040816,9.55899738726892,0.27623218313923914,1.1048232413708918,4.33,321.3035483870968,18.96,4.132258064516129,0
2025-05-28,578.14013671875,583.0979387188073,577.4122207207761,581.9076603733905,68445500,-0.005785333975273588,-0.008636214496117955,0.060272068181589145,0.013988457529658643,0.010938049898400791,567.8975280761719,548.5503552246093,1.0352696387255835,69.8952157407674,9.522866365901905,9.551771182995518,-0.028904817093613033,1.0256315353657108,4.33,321.3298387096774,19.31,4.125806451612903,1
2025-05-29,580.4222412109375,583.5208672055215,576.5072014152614,583.3831371525944,69973300,0.003947320636030538,0.012335743337677618,0.06403496522901242,0.011143167919292598,0.010922603838949295,569.6440551757812,549.1545837402343,1.0373109358315744,69.16116300511814,9.351662887492921,9.511749523894999,-0.16008663640207743,1.0670147275245556,4.33,321.3561290322581,19.18,4.119354838709677,0
2025-05-30,579.7730102539062,581.4846092815853,573.7233350319688,579.3204944032111,90601200,-0.0011185494127116113,0.010804508364276044,0.05536563765842839,0.011234958049143005,0.010921620310828842,571.1648315429687,549.6259814453125,1.0391881949266972,69.22485714285715,9.059166947580252,9.42123300863205,-0.3620660610517987,1.3532802608540115,4.33,321.3824193548387,18.57,4.112903225806451,1
2025-06-02,583.038818359375,583.1174697772985,575.5136188023458,578.1695751189003,61630500,0.005632908134234338,0.023484133143147456,0.045786526602367594,0.010051579496733189,0.010573622244472095,572.4411590576171,550.1948645019531,1.0404334827367059,59.75507235366427,8.987285396830544,9.334443486271748,-0.34715808944120496,0.9199270661826404,4.33,321.4594666666667,18.36,4.1066666666666665,1
2025-06-03,586.3637084960938,587.3375451970118,582.1928415555221,582.6748967264019,63606200,0.005702690853543357,0.008356558532908398,0.05781607665265742,0.0050127654435782485,0.010424832000286113,574.0435760498046,550.8265869140625,1.0421493618632542,59.371829254033095,9.093782136957657,9.28631121640893,-0.19252907945127262,0.9320636522768454,4.33,321.4839333333333,17.69,4.113333333333333,0
2025-06-04,586.2063598632812,588.1934192676081,585.7735368258813,587.2195824432733,57314200,-0.00026834647256068767,0.013952020681890831,0.0664460949998622,0.0032609409950605547,0.010118866153259022,575.8697875976562,551.256455078125,1.0446495134756164,58.55211001632634,9.061034881312025,9.241255949389549,-0.18022106807752358,0.834330861385307,4.33,321.5084,17.61,4.119999999999999,0
2025-06-05,583.3733520507812,589.2262795230108,581.4059855081334,587.8786382444381,92278700,-0.004832782457632745,0.005084420668799439,0.056847585219906405,0.004574241934782754,0.010275497321277924,577.4387634277343,551.6025134277344,1.0468385284168666,52.65531648532839,8.706123617557637,9.134229483023168,-0.42810586546553075,1.3083731317794034,4.33,321.5328666666667,18.48,4.126666666666666,1
2025-06-06,589.3639526367188,591.0263796061765,587.1211261759919,588.8917438854173,66588700,0.0102688965220612,0.016542581688327118,0.06031218365273827,0.00588761724342536,0.010371725746435818,579.1149597167969,552.2035437011718,1.0487345949199274,54.83175988794512,8.806726820986455,9.068728950615826,-0.2620021296293711,0.9431527951521085,4.33,321.5573333333333,16.77,4.133333333333333,1
2025-06-09,589.8951416015625,591.4395314497265,588.7245561772476,589.9344673159251,53016400,0.0009012919138797759,0.011759634223807991,0.06262182831334795,0.005798625282637232,0.010336074165690299,580.8531280517578,552.8449035644531,1.0506619927338072,54.734347878444346,8.827559483877167,9.020495057268095,-0.19293557339092793,0.7428086490542838,4.33,321.6307333333333,17.16,4.153333333333333,1
2025-06-10,593.2396850585938,593.6232758793388,589.3147986704665,590.426305457828,66247000,0.005669725381956647,0.01172647021442641,0.034460301909725155,0.0057938832139121065,0.007614670690036565,581.8412384033203,553.7778308105469,1.050676292966979,59.75964634793151,9.0100835897357,9.018412763761617,-0.008329174025917041,0.9365445046310512,4.33,321.6552,16.95,4.16,0
2025-06-11,591.5476684570312,595.1873080200999,589.4918043518763,594.3315085062023,73658200,-0.0028521635422879,0.009111652413658078,0.024742585672258954,0.00618741231870703,0.00758918188065873,582.5553894042969,554.6035327148437,1.050399709054549,70.95607460345127,8.91543210799307,8.997816632607908,-0.08238452461483803,1.037131072719083,4.33,321.67966666666666,17.26,4.166666666666666,1
2025-06-12,593.8987426757812,593.8987426757812,589.7377818775473,590.2197770479303,64129000,0.003974445922308334,0.018042289021257485,0.027502135165478503,0.004944979969940199,0.00761361519509216,583.3502044677734,555.4451733398438,1.0502390379236517,72.31107972248765,8.927224678402695,8.983698241766865,-0.056473563364169976,0.9043285692820897,4.33,321.70413333333335,18.02,4.173333333333333,0
2025-06-13,587.2588500976562,592.0296894370186,585.7636324727854,588.7343748466453,89506000,-0.011180176183248514,-0.003571820993877539,0.011076005067964356,0.006698019263466179,0.008059346325303508,583.6718658447265,556.0841735839844,1.0496106409267836,68.22895987335082,8.305051077153735,8.84796880884424,-0.5429177316905047,1.2461629108859722,4.33,321.7286,20.82,4.18,1
2025-06-16,592.84619140625,594.5873299052357,590.4263090889528,590.6034249017806,79984100,0.009514273488879121,0.005002668434724633,0.01427125481764091,0.008159950858383714,0.008208802141788998,584.0889465332032,557.3822399902343,1.0479145272792272,63.49795524046807,8.168662507320391,8.712107548539471,-0.5434450412190799,1.1105527931234231,4.33,321.802,19.11,4.199999999999999,0
2025-06-17,587.7802124023438,591.9313264126861,587.0227571759267,590.4164759991057,82209400,-0.008545182675272933,-0.009202810927442906,0.004505268019742159,0.008601564912385541,0.008465912910335403,584.2207580566406,559.1971362304688,1.04474919523883,61.026043419195304,7.564591513466212,8.48260434152482,-0.9180128280586075,1.1304312851650953,4.33,321.82646666666665,21.6,4.206666666666666,0
2025-06-18,587.6917724609375,591.4100642366768,586.7375684081719,588.6754557932543,76605000,-0.00015046430543275147,-0.006518318305862469,0.007742419619948704,0.008605197956617442,0.00842396882167911,584.4465179443359,561.0279693603516,1.0417422122656108,58.75396524402972,6.998055309126812,8.185694535045219,-1.1876392259184065,1.0419124782637377,4.33,321.85093333333333,20.14,4.213333333333333,0
2025-06-20,586.3114624023438,591.421997724495,584.9104595060545,590.3564623402502,94051400,-0.0023486972649179316,-0.01277537689211694,0.022607350263084136,0.008089604893901998,0.0074239576184859405,585.094613647461,562.9866180419922,1.039269131622272,57.73736609154889,6.3643277904076285,7.821421186117702,-1.4570933957100731,1.2802007346650264,4.33,321.89986666666664,20.62,4.226666666666667,1
2025-06-23,592.102783203125,592.4875080391681,583.9535295622766,587.0612559769497,87426000,0.009877550026144766,0.008248378214586793,0.03230083514002602,0.0079484350317027,0.007672218989769817,586.020962524414,564.0353082275391,1.0389792163294955,60.121012701017655,6.257275379047087,7.508592024703579,-1.251316645656492,1.1767506346203815,4.33,321.97326666666663,19.83,4.246666666666666,1
2025-06-24,598.643798828125,599.6993983536543,595.3189312980566,596.2266384998721,67735300,0.011047094880410446,0.009779277502184547,0.050877592043048425,0.008346247613283017,0.00767777530112222,587.4701110839844,565.6877728271485,1.0385059379098367,62.79333871695906,6.623884845883595,7.331650588939583,-0.7077657430559885,0.9168319916707871,4.33,321.9977333333333,17.48,4.253333333333333,1
2025-06-25,598.979248046875,600.4492593088346,597.4204170810242,599.7586334214261,62114800,0.0005603486069791774,0.01905310081596512,0.0300512198176055,0.006192030075258171,0.006363013004135488,588.3438568115234,567.1628021240234,1.037345634460118,63.257535923208394,6.862388099791133,7.237798091109894,-0.37540999131876074,0.8467577552742926,4.33,322.0222,16.76,4.26,1
2025-06-26,603.6655883789062,604.0996909412141,600.2125189749694,600.8242007377552,78548400,0.007823877617316954,0.0271806015780669,0.044150976621389226,0.0059430113413538495,0.006269833165412205,589.6201293945312,568.6296490478516,1.036914150329353,70.28188741584495,7.3448848853247455,7.2592154499528645,0.08566943537188099,1.063459714093423,4.33,322.0466666666666,16.59,4.266666666666667,1
2025-06-27,606.664794921875,608.1249909093486,602.6395460052738,604.6620460106875,86258400,0.00496832451725937,0.0347141985526529,0.045212867198520135,0.004208039078861713,0.006289097093386788,590.9322570800781,570.1861883544922,1.036384726865197,68.39180023020813,7.878459984138317,7.383064356789955,0.49539562734836196,1.1551106257217483,4.33,322.0711333333333,16.32,4.273333333333333,1
2025-06-30,609.5653686523438,610.9169938229498,606.7930496988761,609.1016996773074,92502500,0.004781180241128613,0.02949249006186161,0.0513862457746872,0.003898883501253847,0.0062619608172054236,592.421875,572.0358367919922,1.0356376941737317,69.90772484733027,8.43810493197384,7.594072471826733,0.8440324601471065,1.2371521874065057,4.33,322.1445333333333,16.73,4.293333333333333,0
2025-07-01,609.3680419921875,610.5322123119217,607.2665980456669,608.0953008822769,70030100,-0.0003237169798416817,0.017914230774720652,0.0451586117488727,0.00338143673110284,0.006248113910761518,593.7383361816406,573.8667852783203,1.0346274630508243,67.43369184140141,8.76467129790683,7.828192237042753,0.9364790608640767,0.9313691133014295,4.33,322.169,16.83,4.3,1
2025-07-02,612.1305541992188,612.1699961712587,608.3420172970813,608.9635746030316,66510400,0.004533405129024892,0.021956196638242442,0.0439434523825013,0.00293739325023779,0.006219307670513387,595.0266784667969,575.9994934082031,1.0330333364461997,71.74549459506166,9.141017187470538,8.09075722712831,1.0502599603422276,0.8828536802604874,4.33,322.20519354838706,16.64,4.3,1
2025-07-03,616.9549560546875,617.882354174148,614.0839419945853,614.1036930875782,51065800,0.00788132829242616,0.022014452921639505,0.05245353564328026,0.0029544098458642015,0.006317283965732267,596.5641082763672,577.9656530761719,1.0321791703385947,73.1487575451175,9.716556511781732,8.415917084058997,1.3006394277227358,0.6806660545899886,4.33,322.2413870967742,16.38,4.3,0
2025-07-07,612.3574829101562,615.6625999062851,609.5851637565357,615.0015403770067,74814500,-0.007451878130506073,0.00938358058013633,0.049683672998577455,0.005987770500045764,0.006503405887686281,598.013314819336,579.679130859375,1.031628159414296,76.27705882202586,9.689997651643921,8.670733197575982,1.0192644540679385,1.0089606119050192,4.33,322.38616129032255,17.79,4.3,0
2025-07-08,612.0220336914062,613.7682592313246,611.2130216520668,613.0184402574613,59024600,-0.0005477996564291487,0.004030191289399854,0.03844497267489633,0.005814951679462976,0.006264093268129049,599.1462188720703,581.1641760253906,1.0309414165368207,72.55673700308006,9.532002622386017,8.84298708253799,0.6890155398480271,0.8000963510953668,4.33,322.4223548387097,16.81,4.3,1
2025-07-09,615.692138671875,616.3432624074327,612.5843521193799,614.4194576258184,66113300,0.005996687665528189,0.010378123307898335,0.04373149607619031,0.006180150748587391,0.006324380784649169,600.436068725586,582.644912109375,1.030535161719341,83.94791736261126,9.592362439815247,8.99286215399344,0.5995002858218061,0.8883007189220107,4.33,322.4585483870968,15.94,4.3,1
2025-07-10,617.4285278320312,618.4644365752275,614.6562088976586,615.8302548644143,57529000,0.002820223048327186,0.008654973349179196,0.04077414809336033,0.006056542646827624,0.00627307453359722,601.6455108642579,584.1562463378906,1.0299393606351186,84.77342640372852,9.66885359798664,9.128060442792082,0.5407931551945584,0.7775154779357057,4.33,322.49474193548383,15.78,4.3,0
2025-07-11,615.2579956054688,616.48135905139,613.1960537313187,614.38979053738,63670200,-0.0035154388382148127,-0.002750541887321045,0.0400818537756773,0.005259437715502321,0.006301869027004956,602.8310272216797,585.5559008789063,1.029502095900398,83.235130877431,9.44544833234977,9.19153802070362,0.2539103116461501,0.8663624769207721,4.33,322.53093548387096,16.4,4.3,1
2025-07-14,616.43212890625,616.7774117864018,613.4624793566222,614.8042291186631,51898500,0.0019083592723176945,0.00665403152539179,0.03794146141637822,0.0035825137153416235,0.006284463856106167,603.9576965332031,586.9747094726563,1.0289330814198188,81.24682524253579,9.25643833531933,9.204518083626763,0.05192025169256809,0.7121100698773056,4.33,322.63951612903224,17.2,4.3,0
2025-07-15,613.7978515625,619.4411242116038,613.7189074073614,619.1057169315715,74317300,-0.004273426416666615,0.002901558723928499,0.04519131803706422,0.00437183442982343,0.005690585387110973,605.2846466064453,588.2635168457032,1.028934532353817,71.63370719160179,8.792725320647946,9.122159531030999,-0.3294342103830523,1.0304608470967667,4.33,322.6757096774193,17.38,4.3,1
2025-07-16,615.8499755859375,616.3531467698953,609.7627242916457,615.3764310442137,88987500,0.0033433222651619854,0.00025635687732350476,0.03880228044498657,0.003653004182676513,0.005436330858808232,606.4348358154297,589.4302709960938,1.028849154269935,72.95909044092484,8.492917606514197,8.996311146127638,-0.503393539613441,1.2262193708693683,4.33,322.71190322580645,17.16,4.3,1
2025-07-17,619.6187744140625,619.9739930445255,615.8105464724214,616.0276278697462,68885700,0.006119670337795036,0.0035473686156384243,0.05416746147610163,0.004481172988490059,0.0049145664923398846,608.0267639160156,590.7363391113281,1.0292692757494795,72.26649219922682,8.46188505772409,8.88942592844693,-0.4275408707228401,0.958017401847327,4.33,322.7480967741935,16.52,4.3,0
2025-07-18,619.1649169921875,621.0295285799061,618.0599396747441,620.8618249379944,65621600,-0.0007324784861533207,0.006350053822338442,0.053553828734844044,0.003967521863952759,0.004933723067781764,609.6004211425782,592.1259948730469,1.029511331069459,68.78138606742891,8.304934918234949,8.772527726404533,-0.4675928081695844,0.9196462237229446,4.33,322.78429032258066,16.41,4.3,1
2025-07-21,620.3389892578125,623.0718060276608,619.9147622533486,620.3389892578125,63375000,0.0018962189772129268,0.00633785970646028,0.05803660517917364,0.003967039580896847,0.004798009155824577,611.3017974853516,593.4928979492188,1.0300069294808252,67.07309759952335,8.180983338192277,8.654218848762081,-0.47323551056980406,0.9076724207011184,4.33,322.89287096774194,16.65,4.3,1
2025-07-22,620.427734375,621.2860639110608,617.7935527028395,620.6645066309135,60046300,0.00014305906725886608,0.010801410913418463,0.047837895675214126,0.0027195183953941052,0.004532458818337232,612.7180450439453,594.7846520996094,1.0301510687625015,67.58696327354608,7.997719080120305,8.522918895033726,-0.5251998149134209,0.8771971087671648,4.33,322.929064516129,16.5,4.3,1
2025-07-23,625.7060546875,625.7060546875,621.2860849659141,623.0816882564411,70511000,0.008507550549488707,0.016004026130203464,0.045205940347750495,0.00397500996609335,0.004305861890511194,614.071157836914,596.1961376953125,1.029981777826841,69.98826339599445,8.184056463196612,8.455146408666304,-0.2710899454696918,1.0279883387449813,4.33,322.9652580645161,15.37,4.3,1
2025-07-24,625.9132690429688,627.6201130303268,625.4890419873703,626.0908482604223,71307100,0.00033116885143824604,0.010158657046598574,0.04496653445660925,0.003743474829911792,0.004310818639956042,615.4178588867187,597.244853515625,1.030428065246808,65.26560592098284,8.253311609767366,8.414779448886517,-0.16146783911915108,1.0326750456113074,4.33,323.0014516129032,15.39,4.3,1
2025-07-25,628.5572509765625,629.0308557161836,626.3276053702117,626.5742531786653,56865400,0.004224198566099124,0.01516935751140669,0.041234191706207346,0.003476089401843335,0.004135704281716891,616.6624420166015,598.2707055664063,1.030741495913264,79.57457239957658,8.424432444549325,8.416710048019079,0.0077223965302462005,0.8366654793206851,4.33,323.0376451612903,14.93,4.3,0
2025-07-28,628.3994140625,629.4846403177779,627.0181622678288,628.9321516432593,54917100,-0.0002511098453120697,0.01299358083929425,0.03582640582172547,0.003769938592353185,0.00410512986056444,617.7491729736328,599.2786450195313,1.0308212683825895,80.09398517322208,8.449905567606606,8.423349151936584,0.026556415670022204,0.8270691808668555,4.33,323.1462258064516,15.03,4.3,0
2025-07-29,626.741943359375,630.1061928990167,625.8342963044605,629.7904764849706,60556300,-0.002637607015591792,0.01017718685760527,0.02817839659265098,0.004377473471640096,0.004153569011304134,618.6080017089844,600.1969714355469,1.030674980297555,71.9261699447728,8.241348037358193,8.386948929020907,-0.1456008916627134,0.9344771295663961,4.33,323.1824193548387,15.98,4.3,0
2025-07-30,625.9526977539062,629.129492632239,623.0718079865017,627.3930824208583,80418900,-0.0012592832087132688,0.0003941836019620837,0.02721615611396211,0.0025751775582290473,0.004179176156710358,619.4372344970703,601.0259338378906,1.0306331218382094,67.5751657345931,7.9210700033955845,8.293773143895843,-0.3727031405002581,1.2311193319532423,4.33,323.2186129032258,15.48,4.3,0
2025-07-31,623.6046752929688,631.2704491095576,622.312243037441,630.8857242490737,103385200,-0.0037511180467195704,-0.0036883604553229477,0.01874456521576562,0.00307488026226124,0.004257070836286764,620.0109405517578,601.7951477050781,1.0302690922586282,67.08417659845588,7.392564680718806,8.113531451260435,-0.7209667705416294,1.5392601396713774,4.33,323.2548064516129,16.72,4.3,0
2025-08-01,613.3834838867188,617.9415908673775,610.9860743719428,617.9020886786027,140103600,-0.01639049835771056,-0.024140628504832118,-0.005788870213163766,0.006582705569257513,0.00546241264150363,619.8323669433594,602.3992858886719,1.028939411886868,45.446406919776756,6.0788821113912945,7.7066015832866075,-1.627719471895313,1.9562786448350091,4.33,323.291,20.38,4.3,1
2025-08-04,622.706787109375,622.7561046288977,617.191775701563,617.2805351933534,73218000,0.015199795018246753,-0.009058931032928763,0.016900755666501954,0.01125468004868449,0.006195386999977429,620.3498321533203,603.3864306640625,1.0281136608766437,61.09064660740065,5.724107909749591,7.310102848579204,-1.5859949388296126,1.02349003139329,4.319354838709677,323.38332258064514,17.52,4.309677419354839,0
2025-08-05,619.5496215820312,624.1274190145356,618.6320990296246,623.3184070376644,68051400,-0.005070067634880604,-0.011475730727055655,0.012299537396100568,0.011353816615422849,0.006330393926568639,620.7262115478516,604.3059069824219,1.0271721728609668,54.48233023493135,5.129065254888815,6.873895329841126,-1.7448300749523113,0.9453038050855603,4.315806451612903,323.4140967741935,17.85,4.312903225806451,1
2025-08-06,624.2952270507812,624.9463507668227,619.7075537473198,620.615200817688,64357500,0.007659766552083447,-0.0026479168618850357,0.013973035935563871,0.012217039381987364,0.006414950930752847,621.1563659667969,605.3985949707031,1.0260287538276436,55.53478319287909,4.982979676594709,6.495712199191843,-1.5127325225971333,0.895083290067903,4.312258064516129,323.4448709677419,16.77,4.316129032258065,0
2025-08-07,623.7722778320312,628.4388348760696,620.6743670535704,627.7087670325432,74205800,-0.0008376633299287395,0.00026876408356590886,0.010274468564442252,0.012090269595229599,0.006403863864426755,621.4735534667968,606.2439538574218,1.0251212395809834,55.444106443037626,4.770022323710691,6.150574224095613,-1.3805519003849218,1.0202217722781766,4.308709677419355,323.47564516129034,16.57,4.319354838709677,1
2025-08-08,628.6361694335938,629.0998986072367,625.2422933193634,625.5580097272857,64051600,0.007797543710129862,0.024866475781555097,0.021744006455307607,0.007975093103121974,0.006526126043568071,622.1424621582031,607.2538745117188,1.024517896503264,59.01770492673251,4.936818914895298,5.90782316225555,-0.971004247360252,0.8803854741262478,4.30516129032258,323.5064193548387,15.15,4.32258064516129,0
2025-08-11,627.3931274414062,630.3825280073482,626.1500127592028,628.912516593768,58742300,-0.001977363143624844,0.007525757594172733,0.017781355028662515,0.00588054527076846,0.006558440398850335,622.6905120849609,608.1932922363281,1.0238365336048454,57.38497159800533,4.912079915279833,5.708674512860407,-0.7965945975805742,0.8036296810382697,4.294516129032258,323.5987419354839,16.25,4.332258064516129,1
2025-08-12,634.072265625,634.2300937128912,628.251353780633,629.7312404986845,64730800,0.01064585806164664,0.023440647104076895,0.03303109323515696,0.005677854790777166,0.006783399410313792,623.704232788086,609.27927734375,1.0236754407719624,58.61429246563634,5.369528133471476,5.640845236982621,-0.27131710351114435,0.8914012515405332,4.290967741935484,323.62951612903225,14.73,4.335483870967742,1
2025-08-13,636.2428588867188,637.5254154950222,634.0624705008762,636.2625497647373,60092800,0.003423258482342151,0.019137791413813998,0.033113394672751095,0.0054284752769852545,0.0067844743098005745,624.723876953125,610.3433581542969,1.0235613587117838,60.22257229008814,5.8398892696450275,5.680654043515102,0.15923522612992524,0.8443300239405375,4.287419354838709,323.66029032258064,14.49,4.338709677419355,1
2025-08-14,636.3019409179688,636.9629400931691,633.7269526033184,634.1708704241781,59327500,9.286081631376675e-05,0.020086918786268226,0.026924888645736278,0.005242040191271847,0.006709019845725913,625.5580352783203,611.3421228027344,1.023253611922588,58.077728618264,6.146567481166926,5.773836731045467,0.37273075012145895,0.8392124056465122,4.283870967741936,323.691064516129,14.83,4.341935483870968,0
2025-08-15,634.8123168945312,637.4268079608856,633.9046697471923,637.328112699525,68592500,-0.0023410647173077725,0.009824677231827561,0.025271780543310696,0.005363605860331776,0.006744854294265141,626.3404052734375,612.3142419433593,1.0229068056388204,56.507875552031905,6.197965673723957,5.8586625195811655,0.3393031541427911,0.9682352357448297,4.280322580645161,323.7218387096774,15.09,4.345161290322581,0
2025-08-18,634.6741333007812,635.3647592128409,633.5691559281859,634.2400307460651,43804900,-0.00021767629592628346,0.011605173121783885,0.023108565302528694,0.005090740709172554,0.0067510891745441535,627.057162475586,613.3402575683593,1.022364266388788,58.305777570994174,6.156579632793182,5.918245942223569,0.23833369056961295,0.6269997695532625,4.269677419354839,323.8141612903226,14.99,4.354838709677419,0
2025-08-19,631.2308959960938,635.4732259966958,629.9187128752989,634.4965103700933,69750700,-0.005425205036764469,-0.0044811447889232525,0.017412441485995966,0.003267102816850815,0.006908417382429443,627.5973205566406,614.1775964355469,1.021849908233346,55.23578531330676,5.779320019350507,5.890460757648957,-0.11114073829844973,0.9914879305502013,4.266129032258064,323.844935483871,15.57,4.358064516129033,0
2025-08-20,629.5537719726562,631.0829764734092,624.4629872631401,630.8265133126017,88890300,-0.0026569105442644236,-0.010513417668477909,0.006149400755084411,0.002223542806900163,0.006708337467604213,627.7897064208985,614.9707690429688,1.020844791367692,55.98089941142108,5.284097379947752,5.769188082108717,-0.4850907021609645,1.2472595706222744,4.26258064516129,323.87570967741937,15.69,4.361290322580645,0
2025-08-21,627.0280151367188,629.4155489420286,625.3113561107211,627.7482676486437,54805800,-0.004011979513716901,-0.01457472496134593,0.001780991311231439,0.0019477454099939857,0.006778160828319173,627.8454437255859,615.6465356445312,1.019814792051552,66.22853757901859,4.634399924785839,5.5422304506441415,-0.9078305258583024,0.7780116297590322,4.259032258064516,323.90648387096775,16.6,4.364516129032258,1
2025-08-22,636.6571655273438,637.8312114652382,628.70524285572,629.2084140029245,84083200,0.0153568104744497,0.00290613238545423,0.012886518353255383,0.0084648177957838,0.007547220299929124,628.250439453125,616.5487255859375,1.0189793821340993,66.47246289492384,4.840701380822452,5.401924636679804,-0.5612232558573522,1.1710049160001677,4.255483870967741,323.93725806451613,14.22,4.367741935483871,0
2025-08-25,633.8552856445312,636.6374803454853,633.736899505491,635.404241216521,51274300,-0.004400924130794515,-0.0012901859604571575,0.008682171656972049,0.008768247548264826,0.0076303876422398305,628.5232330322266,617.3478564453125,1.0181022359926248,67.03490941228458,4.723657102098855,5.266271129763615,-0.5426140276647597,0.7158998393933051,4.24483870967742,324.0295806451613,14.79,4.37741935483871,1
2025-08-26,636.5092163085938,636.8545593934813,632.9673872646679,633.5889446007113,51581600,0.004186966211639165,0.00836194860863193,0.015584201843689582,0.008389338358716383,0.007637169720764051,629.0115966796875,618.3328637695313,1.0172702011098935,65.30667817073133,4.789834462601448,5.170983796331181,-0.38114933372973336,0.7247310741711427,4.241290322580645,324.06035483870966,14.62,4.380645161290323,1
2025-08-27,637.9595336914062,638.6896016147832,635.7791452521487,635.9271580330511,48341100,0.0022785489128085423,0.01335193607435814,0.01918169852224283,0.008032055971962871,0.00762790009728292,629.6119384765625,619.2351306152344,1.0167574598860667,67.37571687427864,4.9027926478051995,5.117345566625985,-0.2145529188207851,0.6948600856883569,4.237741935483871,324.0911290322581,14.85,4.383870967741935,1
2025-08-28,640.21875,640.7712386679527,636.6867968305069,638.5612839961418,61519500,0.003541316007178885,0.02103691469097302,0.02664199831283498,0.007116460613107684,0.00756396827786641,630.4426422119141,620.2839013671875,1.0163775665019443,65.1524031421221,5.1156427531626605,5.11700500393332,-0.0013622507706596565,0.9117206555312936,4.234193548387097,324.1219032258065,14.43,4.387096774193549,0
2025-08-29,636.4005737304688,639.1532014239915,634.5162112345507,638.7881073194712,74522200,-0.005963861991750918,-0.00040302977924144834,0.03752479557796651,0.004747987652014458,0.006571642221189938,631.5934967041015,621.2580773925781,1.0166362735353096,61.03977905181391,4.919523871150545,5.0775087773767655,-0.1579849062262202,1.1608327404984549,4.230645161290322,324.15267741935486,15.36,4.390322580645162,0
2025-09-02,631.6847534179688,631.9017745733,626.406454480519,628.9518765829083,81983500,-0.007410144659136142,-0.0034243340328943273,0.014417646466115652,0.005555936235204756,0.006083407233667009,632.0423950195312,622.1655432128906,1.015874957902098,46.92585170340681,4.333615732153476,4.928730168332108,-0.5951144361786325,1.2683980845500222,4.2156666666666665,324.2584098360656,17.17,4.401639344262295,1
2025-09-03,635.108154296875,635.5718834333111,631.8721667546157,634.0524945785448,70820900,0.005419476820332614,-0.0022011653183030555,0.02511264985541395,0.005845296572603897,0.0060084344689930545,632.8203216552735,623.0256506347656,1.0157211360568037,48.58462339608162,4.098276767642346,4.762639488194156,-0.6643627205518099,1.0933548275741756,4.211333333333333,324.2718196721312,16.35,4.403278688524591,1
2025-09-04,640.416015625,640.4456422622957,634.881253957531,635.7790253710294,65219200,0.008357413288137217,0.003850529389191726,0.025822379982583854,0.007055575043537683,0.006049441714634052,633.6263610839844,623.8610949707031,1.0156529493376083,54.53754777871873,4.290609516577888,4.668233493870902,-0.37762397729301433,1.006204774131488,4.207,324.2852295081967,15.3,4.4049180327868855,0
2025-09-05,638.561279296875,643.4646688785257,634.7037341963564,642.7444163544111,85178900,-0.0028961429490718116,-0.0025889130912285507,0.02370897519884041,0.0070149724697234055,0.006104855347564395,634.3658111572265,624.6527355957031,1.0155495605926714,54.10181788070183,4.244445558468101,4.583475906790342,-0.33903034832224144,1.3031134993164608,4.2026666666666666,324.2986393442623,15.18,4.406557377049181,1
2025-09-08,640.1300048828125,641.1264716601992,638.5514227841185,639.922799046398,63133100,0.002456656294075321,0.005860194516297268,0.018283764135898828,0.006354597833652584,0.00591445061804177,634.9405029296875,625.3820239257813,1.0152842241033788,55.78819089652886,4.285047967847504,4.523790319001774,-0.23874235115427034,0.9665238334099692,4.189666666666667,324.33886885245903,15.11,4.411475409836066,1
2025-09-09,641.6099853515625,642.1328474672615,638.5416404125504,640.2681753176894,66133900,0.0023119998398153374,0.015712318335830533,0.02266020663652224,0.004183433654775746,0.005881424740717113,635.6513458251953,626.080927734375,1.0152862316465272,61.48991690551769,4.386087636887396,4.496249782578899,-0.11016214569150318,1.0067676891538024,4.185333333333333,324.3522786885246,15.04,4.413114754098361,1
2025-09-10,643.4647216796875,645.7733115580726,641.9058905935132,644.855788891868,78034500,0.002890753527017953,0.01315770759086532,0.014812911025889886,0.003985615118094724,0.0054622522669527844,636.1209686279296,626.7589147949219,1.0149372487762236,65.33945519719052,4.563222040379969,4.509644234139113,0.05357780624085606,1.1760238790062831,4.181,324.3656885245901,15.35,4.414754098360656,1
2025-09-11,648.81201171875,649.502637640468,644.8262047273438,645.4082598463015,69934400,0.008310152614278588,0.013110221932154609,0.01975527529538712,0.0039686389744868385,0.005692595109148701,636.7494262695312,627.5477941894532,1.014662838695757,72.6138234202086,5.07656447312263,4.623028281935817,0.45353619118681365,1.046192326909671,4.176666666666667,324.37909836065575,14.71,4.416393442622951,0
2025-09-12,648.5949096679688,650.2721267910674,648.0917987261137,648.7823644090812,72780100,-0.00033461472176832263,0.015712870003865342,0.019319395336536926,0.0031629592886048665,0.005696957314011907,637.3640747070312,628.2770812988281,1.0144633533176441,65.40227929920054,5.403584569105192,4.779139539369692,0.6244450297355,1.0779166172363044,4.172333333333333,324.39250819672134,14.76,4.418032786885246,1
2025-09-15,652.0480346679688,652.1762963553084,650.4991393056443,650.7951046545995,63772400,0.005324008789658441,0.01861813958765768,0.027150887458759154,0.0032691914470400637,0.005720085466577571,638.2258605957031,628.9789428710938,1.0147014742375955,73.08465587157413,5.873680546651599,4.998047740826074,0.8756328058255249,0.9478906436666544,4.1593333333333335,324.43273770491805,15.69,4.422950819672131,0
2025-09-16,651.1502075195312,652.9063688014267,650.3708221309846,652.6004677140577,61169000,-0.001376934061145807,0.014869192166236722,0.02595989556571654,0.003996276801990581,0.005742698180956947,639.0496643066406,629.7547973632812,1.0147595016064601,69.44441742457403,6.103431291615607,5.219124450983981,0.8843068406316261,0.8976112174915105,4.154999999999999,324.4461475409836,16.36,4.424590163934426,0
2025-09-17,650.3412475585938,652.8471677889224,645.5266771850337,651.1601352003632,101952200,-0.0012423553760646522,0.010686717775227672,0.030274740485165097,0.0044198837202597905,0.005558167376902265,640.0051818847656,630.521181640625,1.015041525202156,66.72889982550527,6.149348245440137,5.405169209875212,0.7441790355649252,1.4615439807369937,4.150666666666666,324.4595573770492,15.72,4.426229508196721,1
2025-09-18,653.3799438476562,655.9746837040749,651.4166368558095,653.0149098952402,90459200,0.004672464341558991,0.007040455550145319,0.03784612678968258,0.003309410762165904,0.005510598027307826,641.1964904785157,631.2749377441406,1.0157166903692227,67.41523486778239,6.357648146903784,5.595664997280927,0.7619831496228571,1.2953284852355447,4.146333333333333,324.4729672131148,15.7,4.427868852459016,1
2025-09-19,656.615966796875,657.4568701129051,653.321492861841,655.2605944120114,97945600,0.00495274300916293,0.01236682096844155,0.04718760716569381,0.003454729791111946,0.005369465461672215,642.6758880615234,632.0586865234375,1.0167978097041663,77.16809803873318,6.706538525516294,5.817839702928001,0.8886988225882924,1.360507856851753,4.142,324.4863770491803,15.45,4.429508196721312,1
2025-09-22,659.7225341796875,660.1676828141602,655.1023357778903,655.1320445581616,69452200,0.004731178557790816,0.011769837655636328,0.036228868378852974,0.003340402088727567,0.004460579734106172,643.8291564941406,632.9479772949219,1.017191269408463,89.38440196917294,7.151275239861434,6.084526810314689,1.0667484295467453,0.9746255949483297,4.129,324.526606557377,16.1,4.434426229508197,0
2025-09-23,656.1312866210938,660.2172101260659,654.914373896894,659.6037721086419,81708900,-0.005443572672652719,0.007649662157887205,0.035143669984405435,0.0046945282630622715,0.004542096913600484,644.9429565429688,633.7419604492187,1.0176743797835486,79.39239408880447,7.13173838471846,6.293969125195443,0.8377692595230171,1.1226507279535138,4.124666666666666,324.5400163934426,16.64,4.436065573770492,0
2025-09-24,654.043701171875,657.5162467217733,652.6289715744526,657.4173382288552,68082200,-0.0031816581403536492,0.005693093629199231,0.02754788841074718,0.005048065003108452,0.004631002346196784,645.8196807861328,634.5468774414062,1.017765123027916,70.93822325752376,6.86862732693703,6.408900765543761,0.4597265613932695,0.9249400363959208,4.120333333333333,324.5534262295082,16.18,4.437704918032787,0
2025-09-25,651.0263061523438,652.3717757310584,647.4251431178142,650.91749472694,89622100,-0.0046134455757694814,-0.0036022496825541817,0.020482133694796678,0.005133852586921838,0.0048126854266117855,646.4730194091796,635.2504040527343,1.0176664434762228,68.49121828523415,6.343507353305881,6.395822083096185,-0.052314729790303716,1.184362082271723,4.116,324.5668360655738,16.74,4.439344262295082,1
2025-09-26,654.7560424804688,655.3001599546333,650.8580938277397,652.4707007820219,69179200,0.005729010168833648,-0.0028325907538913064,0.022706758401669358,0.0053549258017191815,0.004897003680376355,647.1998840332031,635.9531494140625,1.0176848477431126,70.38968199539508,6.157326712353438,6.348123008947636,-0.19079629659419783,0.9096041197469935,4.111666666666666,324.58024590163933,15.29,4.440983606557377,1
2025-09-29,656.59619140625,658.1791500054463,654.7956099654933,657.2689261670223,73499000,0.002810434431135711,-0.004738875226272032,0.031734128643847725,0.004933124146280032,0.004612352473291285,648.2096649169922,636.7017749023438,1.0180742232364806,70.68407201609344,6.0880822303322475,6.296114853224559,-0.20803262289231128,0.9670536139844433,4.0986666666666665,324.62047540983605,16.12,4.445901639344262,1
2025-09-30,659.0695190429688,659.5345338964465,654.5482897020846,655.8542079251938,86288000,0.0037668930601342243,0.004478116623589434,0.04335194965023992,0.004534483564751393,0.004117125877294429,649.5789031982422,637.4763854980469,1.0189850447412885,71.17625718729965,6.161753490591423,6.269242580697932,-0.10748909010650909,1.132117307862618,4.094333333333333,324.63388524590164,16.28,4.447540983606557,1
2025-10-01,661.3153686523438,662.2255322042525,655.9828838603935,656.0916952927918,72545400,0.0034076065490575846,0.011118014694491807,0.04126417552374617,0.0039736957301919115,0.004056716127019965,650.8892639160156,638.2941381835938,1.0197324790859963,68.5270097946116,6.328409820139655,6.281076028586277,0.04733379155337758,0.9507358513376837,4.09,324.64729508196723,16.29,4.449180327868852,1
2025-10-02,662.0770263671875,663.4126533220159,659.6631277666079,663.2939389771905,56896000,0.001151731459675398,0.016974306737549627,0.03382334328576708,0.0016551168484362213,0.003775576339186131,651.972314453125,639.0215576171875,1.0202665413733911,69.66002524133242,6.447621408062105,6.314385104481444,0.1332363035806612,0.7497333416877157,4.083225806451613,324.6607049180328,16.63,4.450819672131148,0
2025-10-03,662.0671997070312,665.5001336306916,661.0283585893458,662.838842966907,70494400,-1.48421705706836e-05,0.011166231011576544,0.03681075125012101,0.0016037083761078702,0.003644828642516295,653.1476104736328,639.7446362304687,1.0209505066304856,66.24122905956523,6.46675974014795,6.344860031614745,0.12189970853320453,0.9379981847960637,4.0764516129032256,324.67411475409835,16.65,4.452459016393443,1
2025-10-06,664.4415283203125,665.3319462864663,662.314512664693,664.451431246289,54623300,0.0035862350745239358,0.011948495919935187,0.03797904058871704,0.001708680933858116,0.0036639895349748026,654.3631866455078,640.4623217773437,1.0217044225639813,70.56120917075344,6.597464023722978,6.395380830036392,0.2020831936865859,0.730955751880806,4.056129032258064,324.71434426229507,16.37,4.457377049180328,0
2025-10-07,661.9780883789062,665.8067767881695,660.5435529952065,665.3615678230638,72020100,-0.0037075345781497626,0.004413144974692473,0.03174530243039042,0.002984646106892938,0.0038675172394942825,655.381591796875,641.1338952636719,1.0222226537053445,67.12517515179823,6.428169161981941,6.401938496425502,0.02623066555643927,0.9599747597100672,4.049354838709677,324.72775409836066,17.24,4.459016393442624,1
2025-10-08,665.925537109375,666.0245059882836,662.2749199573431,663.0960778489103,60702200,0.005963110863889121,0.006971210220663826,0.03490605572137073,0.003665782281024424,0.003982022483955942,656.5046325683594,641.9175671386719,1.0227242035059252,67.9815728835148,6.537171443538682,6.428985085848138,0.10818635769054374,0.8185711004035463,4.04258064516129,324.7411639344262,16.3,4.460655737704919,0
2025-10-09,663.9963989257812,666.7467557943302,662.0672604073742,666.3411584665431,66501900,-0.002896927773588187,0.002899017005808746,0.023403369439487953,0.004148522872913668,0.00379043870126206,657.2638519287109,642.6784411621094,1.0226947254372307,60.99008065263743,6.394183046140711,6.422024677906654,-0.02784163176594312,0.8988605342160748,4.035806451612904,324.7545737704918,16.43,4.462295081967214,0
2025-10-10,646.050048828125,666.7566464602573,645.8719772935636,664.9560648769805,159422600,-0.027027782269135825,-0.02419263616441647,-0.0039236521932410895,0.013086840613343434,0.007362404474006874,657.1366088867187,643.1273486328125,1.0217830267732941,35.880631107615045,4.77766924499133,6.09315359132359,-1.3154843463322603,2.0356119016361687,4.029032258064516,324.7679836065574,21.66,4.463934426229509,1
2025-10-13,655.9630126953125,658.030731623523,652.7279561413051,653.5985682812151,79560500,0.015343956532730907,-0.012760363799706242,0.006004125185865128,0.015757956023013355,0.00806350908251702,657.3323577880859,643.9789392089843,1.0207358001420108,49.84629485296823,4.247501199365274,5.724023112931927,-1.4765219135666525,1.0057429126920518,4.008709677419355,324.8082131147541,19.03,4.468852459016394,0
2025-10-14,655.1616821289062,658.7232938317348,646.1983862715207,650.1556923521978,88779600,-0.0012216093756775015,-0.0102970270008369,0.0061605979128167565,0.01574816696923554,0.008061852657222587,657.5329315185547,644.628037109375,1.0200191329980737,51.045761858381105,3.719798996504892,5.3231782896465205,-1.6033792931416286,1.103034003245007,4.001935483870968,324.8216229508197,20.81,4.470491803278689,1
2025-10-15,658.0703125,663.076302337462,651.8969246006144,659.70272543157,81702600,0.004439561180749063,-0.011795950405315114,0.011884629754642662,0.015570080181383292,0.008103227969184902,657.919384765625,645.3984509277344,1.019400315913204,56.602413525997406,3.495993721912214,4.957741376099659,-1.4617476541874455,1.028038641446758,3.9951612903225806,324.8350327868852,20.64,4.472131147540984,0
2025-10-16,653.5887451171875,661.5726180936518,650.0963932050812,659.7027763115389,110563300,-0.006810164959101583,-0.015674262428879593,0.0003195709808625491,0.01570705990426172,0.008207284040668708,657.9298248291016,645.9843212890624,1.0184919403557688,48.92108734087096,2.9233033739938037,4.550853775678489,-1.627550401684685,1.3738077624904392,3.9883870967741935,324.8484426229508,25.31,4.473770491803279,1
2025-10-17,657.298583984375,658.6539563270334,651.1152939599514,652.46076337718,96500900,0.00567610580032607,0.01741124418557627,0.0010395988249112253,0.008283863432118822,0.008231592757716677,657.9639556884765,646.6548474121093,1.0174886314107532,50.62752060653782,2.7372419184601995,4.188131404234831,-1.4508894857746313,1.200152175389225,3.9816129032258063,324.8618524590164,20.78,4.475409836065574,1
2025-10-20,664.1348876953125,665.0352086527322,660.1479331778372,660.197387427611,60493400,0.010400606174286287,0.012457828935235726,0.006688195850565348,0.006648282172926439,0.008493488352232771,658.1845733642579,647.3648217773438,1.0167135303355046,54.19814351114146,3.1056197986900997,3.971629083125885,-0.8660092844357852,0.7565525852659003,3.961290322580645,324.9020819672131,18.23,4.480327868852459,0
2025-10-21,664.1249389648438,665.8068060270512,662.8289237149189,664.2733620876278,56249000,-1.4979984718554995e-05,0.013680984527074225,0.012183007435775828,0.006499801192264595,0.008384031188129042,658.5842559814453,648.0994580078125,1.0161777607496572,52.418175399667156,3.3580496374801214,3.848913193996732,-0.4908635565166106,0.714851387379643,3.954516129032258,324.91549180327866,17.87,4.481967213114754,0
2025-10-22,660.6722412109375,664.8274246920023,656.2202718491607,664.8274246920023,80564000,-0.005198867790280337,0.00395387644984746,0.010134705107909259,0.007254528053106219,0.008444333782036798,658.9156829833985,648.6314575195313,1.015855267802144,48.84444140972524,3.242125050608365,3.727555565319059,-0.48543051471069365,1.0158065700735874,3.947741935483871,324.92890163934425,18.6,4.483606557377049,1
2025-10-23,664.5899658203125,665.5298380529869,660.6722112216523,660.988802941274,65604500,0.005929906487662118,0.016832022866539065,0.020834272808624155,0.006045320463614553,0.008434878237493733,659.5938659667969,649.1983996582031,1.0160127725423644,51.94983720300517,3.426878690124795,3.667420190280206,-0.2405415001554112,0.8399042907651624,3.940967741935484,324.94231147540984,17.3,4.485245901639344,1
2025-10-24,670.0213012695312,671.2282504877203,668.4384031904034,669.2397551553117,74356500,0.008172460808244075,0.01935606982147209,0.023314422164371074,0.006378477327918211,0.00852321193057717,660.35712890625,649.8727868652344,1.0161329143994295,54.117991522484346,3.9658448687137025,3.7271051259669052,0.2387397427467972,0.9488076565593564,3.9341935483870967,324.9557213114754,16.37,4.48688524590164,1
2025-10-27,677.926025390625,678.2228112394536,674.8393317954225,675.442806418656,63339800,0.011797720618905938,0.020765567282831077,0.032485467115933586,0.006756172416627891,0.00884413777997262,661.4236206054687,650.7350610351563,1.0164253629630924,60.89488760742029,4.973493287596057,3.9763827582927354,0.9971105293033213,0.8135046827398781,3.913870967741935,324.99595081967215,15.79,4.491803278688525,1
2025-10-28,679.7266235351562,681.5568533012904,677.520444889974,679.7167206093349,61738100,0.0026560392684344958,0.023492092609306958,0.03134283090831391,0.00644417520018427,0.008833540563976677,662.4564758300781,651.6361108398437,1.016604919233664,59.7131715480884,5.849920894687557,4.3510903855717,1.498830509115857,0.8056343420623295,3.907096774193549,325.0093606557377,16.42,4.49344262295082,1
2025-10-29,680.0531005859375,682.338442194909,675.5813258562629,681.3688612448931,85657100,0.00048030640477669806,0.02933505930183644,0.028334033687706706,0.004466583206211984,0.008825941218733065,663.3933624267578,652.6125549316406,1.0165194607637398,61.56148343211337,6.495958688970404,4.780064046251441,1.715894642718963,1.1082775714728028,3.900322580645162,325.02277049180327,16.92,4.495081967213115,0
2025-10-30,672.5739135742188,678.6186845559015,672.5739135742188,676.6004800474726,76335800,-0.010997945609357074,0.01201334381275454,0.015854480353483247,0.008730575937237747,0.00925421896898064,663.9182067871094,653.4729577636718,1.01598421005696,72.48801772683004,6.331455333824579,5.090342303766069,1.2411130300585098,0.9754067442469047,3.893548387096774,325.03618032786886,16.91,4.49672131147541,1
2025-10-31,674.780029296875,677.7678146457715,671.9901213244605,677.7282029402567,87164100,0.0032801089636860237,0.0071023533405984995,0.01920172090607908,0.008181848492511872,0.009267748141552568,664.5538482666016,654.427998046875,1.0154728255055512,68.35216381927496,6.306404041043834,5.333554651221622,0.9728493898222119,1.1020322473402364,3.886774193548387,325.0495901639344,17.44,4.498360655737705,1
2025-11-03,676.0463256835938,678.480029971011,672.6825917853487,678.3514127088982,57315000,0.001876606200154285,-0.0027727209704748734,0.01746549074471271,0.0059383821825084145,0.009250433985747241,665.1340881347656,655.21578125,1.0151374664173134,70.18563702263418,6.31592420386221,5.53002856174974,0.7858956421124699,0.7234134664839884,3.869333333333333,325.1275333333333,17.17,4.493333333333333,0
2025-11-04,668.0327758789062,672.702428076588,667.3798469971412,668.8934850512616,78427000,-0.011853551302988707,-0.017203751113104904,0.009146356361774854,0.0073604570804667695,0.009635625950725932,665.4368225097656,655.8993310546875,1.0145410903830956,58.764163070080016,5.612149142404519,5.546452677880696,0.06569646452382294,0.9858967871269614,3.864,325.1598,19.0,4.49,1
2025-11-05,670.3478393554688,673.5927987432043,666.9742023136038,667.7755543304748,74402400,0.0034654938502332033,-0.014271328550824358,0.006640835948850787,0.007862209812938947,0.00957709932199352,665.6579376220703,656.576103515625,1.0138321118569755,65.32754426371899,5.181479737484892,5.473458089801536,-0.2919783523166437,0.927318694010967,3.8586666666666662,325.1920666666667,18.01,4.486666666666666,0
2025-11-06,663.1553955078125,670.1499405995044,661.5823399185376,669.2496197351962,85035300,-0.010729420496934372,-0.014003692198458872,-0.001266578281643338,0.007793217827864557,0.009873485832629949,665.6158874511718,657.0800207519532,1.0129906045377097,55.03573790106741,4.211256281538567,5.221017728148943,-1.0097614466103755,1.0477414680711663,3.8533333333333335,325.22433333333333,19.5,4.483333333333333,1
2025-11-07,663.808349609375,663.9172214121945,654.1525740278607,660.781013040124,100592400,0.000984617038458202,-0.016259639009963855,0.027487500099198092,0.007403964282990902,0.007554720143064657,666.5038024902344,657.5518127441406,1.0136141207013554,49.68583448233744,3.455205681345774,4.86785531878831,-1.4126496374425361,1.2860342935574594,3.848,325.2566,19.08,4.48,1
2025-11-10,674.1665649414062,674.898656794851,667.8250094695628,670.0113821047929,75842900,0.015604225734922705,-0.0027805206104577485,0.027750882128698695,0.011300656204912376,0.0075802140585700395,667.4139801025391,658.3071325683594,1.0138337366916408,58.05684186607745,3.6497791614555126,4.62424008732175,-0.9744609258662376,0.9719313648417657,3.832,325.3534,17.6,4.47,1
2025-11-11,675.7100219726562,676.2739453424548,671.4855783543771,672.6925881240425,58953400,0.002289429810842236,0.011492319495326253,0.031363769286658405,0.009352196611924563,0.007557001566387941,668.4413970947265,659.1876379394531,1.0140381260549722,62.44681614222912,3.883754623732898,4.47614299460398,-0.592388370871082,0.7702110772697951,3.826666666666666,325.3856666666667,17.28,4.466666666666667,1
2025-11-12,676.0859985351562,677.6491514285055,673.6819422079296,677.4809224347684,62312500,0.0005564170284204639,0.008559972663154447,0.027376536660216333,0.00935382999620727,0.007529293490348512,669.3421813964844,660.0071948242188,1.0141437648641873,60.10793185352781,4.052801852739549,4.391474766231093,-0.3386729134915445,0.824540768008202,3.8213333333333335,325.41793333333334,17.51,4.463333333333334,0
2025-11-13,664.8670043945312,673.5928719621189,663.3632690735044,673.2367288900627,103457800,-0.016594034139048364,0.002581007254578882,0.017255895793189646,0.011442907460203303,0.008361193925130385,669.9060943603515,660.4962145996094,1.0142466823469176,45.886701138989444,3.2440979912818193,4.161999411241239,-0.9179014199594198,1.3754559385735383,3.816,325.4502,20.0,4.46,0
2025-11-14,664.7581176757812,668.4482860302248,656.1905771441307,658.2780414721369,96846700,-0.000163772180045485,0.001430786562062858,0.01134877492993902,0.011443982991882123,0.008286860807402338,670.2790710449219,661.0201513671875,1.0140070157597831,37.998235419121336,2.5648422021337183,3.8425679694197354,-1.2777257672860172,1.2872664540289656,3.810666666666666,325.48246666666665,19.83,4.456666666666667,0
2025-11-17,658.5648803710938,666.5191031831638,655.1022380100518,662.551894702408,90456100,-0.009316527530857655,-0.02314218085209918,-0.008386861505721876,0.00805954469209071,0.008231841067649957,670.0005706787109,661.3888488769531,1.0130206637387078,32.1422464321989,1.509385349268996,3.375931445389588,-1.866546096120592,1.1788495933666716,3.794666666666666,325.5792666666667,22.38,4.446666666666667,0
2025-11-18,653.03466796875,658.0208519047019,648.8596786437042,655.0330664835586,114467500,-0.008397369138827382,-0.03355781809733738,-0.01669907323971287,0.007123246443454663,0.008422980317684485,669.4460571289062,661.6173425292968,1.0118326925495649,29.040722559335777,0.2241029469884097,2.7455657457093525,-2.521462798720943,1.4372494811092111,3.789333333333333,325.61153333333334,24.69,4.443333333333333,1
2025-11-19,655.557373046875,660.217122241199,651.718781691756,653.7271433162842,94703000,0.003863049240512506,-0.030363926383270234,-0.00774191474230479,0.008066094107438103,0.008418078116112282,669.1903137207031,661.8591955566407,1.011076552555709,35.69993137173438,-0.5841971391301968,2.0796131687414428,-2.6638103078716395,1.1786251953086229,3.784,325.6438,23.66,4.44,0
2025-11-20,645.5652465820312,668.3494043558474,644.9320631333248,665.7276649913678,165293500,-0.015242184552669569,-0.029031005727344517,-0.02862625109724426,0.007638644127604892,0.00890339985195045,668.2390777587891,661.7942602539063,1.0097384004243406,28.28998632961502,-2.007915874576838,1.2621073600777866,-3.2700232346546247,1.9369988894923287,3.7786666666666666,325.67606666666666,26.42,4.4366666666666665,1
2025-11-21,651.995849609375,657.4568906385811,643.9031059831046,648.0582892153691,123956200,0.00996119766575232,-0.019198363625896664,-0.0269028038750444,0.010375221384815723,0.009013069090642627,667.3378051757812,661.8622790527344,1.008272908573795,33.40165712576717,-2.587500216411172,0.49218584477999483,-3.079686061191167,1.411563399940534,3.773333333333333,325.7083333333333,23.43,4.433333333333334,1
2025-11-24,661.59228515625,662.9081062970187,654.5285399004904,655.6167748873626,80437900,0.014718553120582678,0.004596972713531766,-0.02409369108519388,0.012538102406271175,0.009257230888909484,666.5211181640625,662.0531640625,1.0067486334090547,45.6501575937256,-2.2465757087937845,-0.055566465934761056,-2.1910092428590233,0.9071629682890109,3.757333333333333,325.80513333333334,20.52,4.423333333333334,1
2025-11-25,667.815185546875,668.9924864834618,657.3876457131933,661.4933747936815,81077100,0.009405944613086525,0.022633587928952537,-0.017523865589274212,0.011709641584363382,0.009523575400211653,665.9255462646485,662.3864636230469,1.005342927182183,48.37523640222248,-1.4574539043281902,-0.3359439536134469,-1.1215099507147432,0.9045080147709612,3.752,325.8374,18.56,4.42,1
2025-11-26,672.4254150390625,674.4238738525114,669.4969869185696,670.3973078307199,71879600,0.006903451122352244,0.02573084017618288,-0.01121630875633528,0.011744505908856933,0.009677515868780526,665.5441619873047,662.8281469726562,1.0040976156897583,56.150740939927815,-0.4548193241953413,-0.35971902772982584,-0.09510029646551549,0.8081098342949646,3.746666666666667,325.86966666666666,17.19,4.416666666666667,1
2025-11-28,676.0958251953125,676.3728052050843,673.2366572287348,673.5928002628821,49212000,0.005458464350335035,0.0472927853147711,0.005236467769583086,0.0035464566218013035,0.009436275077680849,665.7202575683593,663.2824645996094,1.0036753466266013,57.83896094186838,0.6286999669964644,-0.16203522878456783,0.7907351957810322,0.5618345681927107,3.736,325.9342,16.35,4.41,0
2025-12-01,673.0091552734375,675.7000943604489,671.4954567492206,671.5647168500374,61201200,-0.0045654326011898005,0.0322292015764396,-0.0026243723088289483,0.007064231111157333,0.00946904009428694,665.6317138671875,663.6103283691406,1.0030460428532126,49.186101709173535,1.2242163413475282,0.11521508524185137,1.1090012561056768,0.7092216416131115,3.72,326.031,17.24,4.4,1
2025-12-02,674.2556762695312,676.5212120744054,672.0791460292079,674.6414676887413,62953800,0.0018521605335179991,0.019140778085540155,-0.0026487081521401334,0.00542177261366258,0.00946877462490874,665.5421813964844,663.9009912109375,1.0024720405712204,48.97300540305702,1.7762753882757352,0.4474271458486282,1.328848242427107,0.7271556249542668,3.71741935483871,326.0489677419355,16.59,4.396774193548388,1
2025-12-03,676.5905151367188,677.5995871066391,672.4353317565424,673.3059439079583,57238500,0.0034628390228845785,0.013140356463529068,0.012810358363859242,0.004453515570521222,0.009078624430643365,665.970068359375,664.31017578125,1.0024986710103798,50.34667641912534,2.374812780393654,0.8329042727576335,1.5419085076360206,0.6693309637180135,3.7148387096774194,326.06693548387096,16.08,4.393548387096774,1
2025-12-04,677.0851440429688,678.05466464181,674.0677104452674,677.9854045442221,61970300,0.0007310609522068745,0.006929733617572431,0.010050460808492812,0.0037737252974923566,0.0090549611781,666.30693359375,664.7710046386719,1.0023104632187034,59.84692120770903,2.856146515680848,1.2375527213422766,1.6185937943385715,0.7299693613423314,3.712258064516129,326.08490322580644,15.78,4.390322580645162,1
2025-12-05,678.371337890625,681.0425317051524,677.273199890512,678.153654645799,79241000,0.0018996042949284142,0.003365665946325258,0.02294476149313529,0.003087178332277514,0.008659494562726102,667.0677307128906,665.3179052734375,1.0026300591425297,60.76693516541976,3.30331352102462,1.6507048812787453,1.6526086397458748,0.936603144956419,3.709677419354839,326.1028709677419,15.41,4.387096774193549,0
2025-12-08,676.3333129882812,679.3111955598065,674.2953027143022,679.2617413091358,55231500,-0.003004290995962333,0.0049392459059389715,0.018868342626718437,0.002434493207048865,0.008709793367088076,667.693978881836,665.7494506835938,1.0029208108189134,65.04205935846561,3.4534359572635367,2.0112510964757035,1.4421848607878331,0.6708011167569717,3.701935483870968,326.1567741935484,16.66,4.37741935483871,0
2025-12-09,675.7495727539062,678.0745263345831,675.3044241214166,675.8584445640498,58310100,-0.0008630954932499213,0.0022156231485366273,0.0023480959970738624,0.0024956852183142014,0.0080033811120595,667.7731292724609,666.1325183105469,1.0024628897656505,70.9872247605277,3.4851316825460117,2.3060272136897653,1.1791044688562464,0.7158128006038793,3.6993548387096777,326.1747419354839,16.93,4.374193548387097,1
2025-12-10,680.2312622070312,681.616283144729,674.0380683519487,675.2747265375898,85671300,0.006632175045054867,0.005381019965343237,0.006691095421636373,0.003608226929264434,0.008122567254344135,667.9991912841797,666.5557531738282,1.0021655174431825,72.00078804179233,3.8277616039418945,2.610374091740191,1.2173875122017033,1.034729022748475,3.696774193548387,326.1927096774194,15.77,4.370967741935484,1
2025-12-11,681.8140869140625,681.8932499368323,674.8888018222121,677.8271327535609,86173700,0.002326892036534245,0.0069842661778938275,0.008472425684479479,0.00364018386208177,0.00813440336787213,668.285595703125,666.9657275390625,1.0019789145222384,88.02402187065836,4.178847853984621,2.9240688441890774,1.2547790097955436,1.0260124725946058,3.694193548387097,326.21067741935485,14.85,4.367741935483871,0
2025-12-12,674.4832153320312,681.5272148787925,671.9208332382598,680.8247713558317,113160300,-0.01075200956203659,-0.005731554889514823,0.014463360151639737,0.006487848553449683,0.007575727078710931,668.76640625,667.2138513183594,1.0023269225130338,73.15135634437385,3.8214943583975582,3.103553947030774,0.7179404113667842,1.3395862978773425,3.691612903225807,326.2286451612904,15.74,4.364516129032258,0
2025-12-15,673.4641723632812,678.4405133715769,671.999988545765,678.4207075198718,90811000,-0.001510850004248554,-0.0042421991788680335,0.013096575214364137,0.006414064477414415,0.0075902114206635165,669.201708984375,667.4417907714844,1.002636811535065,64.8440946131785,3.416675578212221,3.1661782732670636,0.2504973049451573,1.078870621064322,3.683870967741936,326.2825483870968,16.5,4.354838709677419,0
2025-12-16,671.6240844726562,673.8105178026394,667.7755898483048,671.9802275249427,122030600,-0.0027322728752857683,-0.006105054960578449,0.01982979124881945,0.006470452994080621,0.007269924517699666,669.8546691894531,667.5854418945313,1.0033991563514058,55.3487096414766,2.913785755416484,3.115699769696948,-0.2019140142804643,1.4230806974215637,3.6812903225806455,326.30051612903225,16.48,4.351612903225806,0
2025-12-17,664.2338256835938,673.1773153631458,664.035948310003,672.6331978735437,110625200,-0.01100356428531768,-0.023517643795925136,0.01714940762590511,0.005911338226104887,0.007468030761750518,670.4146270751953,667.630556640625,1.0041700764095929,39.32992321672473,1.8970419081678074,2.87196819739112,-0.9749262892233128,1.2929714258798823,3.678709677419355,326.3184838709678,17.62,4.348387096774194,1
2025-12-18,669.2496948242188,673.47413846835,667.6965052957117,670.3676386439364,108650100,0.007551360600256851,-0.018427885740394556,0.020886534634955156,0.007671282883014589,0.0075901874989210295,671.0992431640625,667.6970397949219,1.005095429762854,41.3844539654693,1.4789553278585572,2.593365623484608,-1.1144102956260507,1.2596201005504006,3.6761290322580646,326.33645161290326,16.87,4.345161290322581,1
2025-12-19,675.3153686523438,675.8114935895343,671.2272434527378,671.3463691548195,103599500,0.009063394238406408,0.0012337643122859454,0.04608383463612031,0.00821005861710719,0.006740646912717452,672.5867492675782,667.9234191894532,1.006981833461962,52.69983494458853,1.6184118415083049,2.3983748670893474,-0.7799630255810426,1.2456123064685163,3.6735483870967744,326.35441935483874,14.91,4.341935483870968,1
2025-12-22,679.5225219726562,680.0483829319917,675.3153920494597,678.6394050189502,69556700,0.006229909040435855,0.00899580090224461,0.042219091394175345,0.008513658524638807,0.006566144895743348,673.9630828857422,668.5928686523438,1.0080321141387927,55.76608505997818,2.0448425732929536,2.327668408330069,-0.28282583503711534,0.8645785284239947,3.665806451612904,326.4083225806452,14.08,4.332258064516129,1
2025-12-23,682.6282348632812,682.8663651395233,678.5699062922599,678.6195066727895,64840000,0.004570434077165064,0.016384389191857585,0.0317959416683089,0.008155972287782485,0.005896913809580997,675.0148803710938,669.1261730957032,1.0088005932396078,56.500311472436664,2.603386852167773,2.38281209709761,0.22057475507016333,0.8138400504319759,3.663225806451613,326.42629032258066,14.0,4.329032258064516,1
2025-12-24,685.0294799804688,685.4760045408373,682.4694583215327,682.6183200290311,39445600,0.0035176469336466454,0.03130773154389299,0.025777033535853144,0.0022291082862122176,0.005626566673695535,675.8755950927734,669.7235290527344,1.0091859786511317,58.21571944353271,3.2028768594702797,2.546825049572144,0.6560518098981358,0.5083844459538008,3.6606451612903226,326.44425806451613,13.47,4.325806451612904,0
2025-12-26,684.9600219726562,686.2995351048382,683.9281038851597,685.2874813951044,41613300,-0.00010139418790333643,0.02347453763511065,0.018640888124173083,0.0033851987508198146,0.005474611485690269,676.5023254394531,670.2613232421875,1.0093112969238276,56.98965948161433,3.6305219316969897,2.7635644259971133,0.8669575056998764,0.5469907804332163,3.655483870967742,326.4801935483871,13.6,4.319354838709677,0
2025-12-29,682.51904296875,683.8586166189733,680.7528697076866,682.2114479341877,62559500,-0.0035636809822511273,0.01066712628024713,0.00950045471968708,0.003939786101029038,0.005454208228465034,676.823486328125,670.8399291992188,1.0089195005670708,56.50655425541887,3.7294760485806364,2.956746750513818,0.7727292980668183,0.8151695190878367,3.647741935483871,326.5340967741936,14.2,4.309677419354839,0
2025-12-30,681.685546875,683.2235219572843,681.2588867271484,682.1221392108215,47160700,-0.0012212056239845337,0.0031831541007125708,0.012891936957436068,0.003369489901255796,0.005341253366228386,677.2573059082031,671.3276684570312,1.0088327023148032,56.21120987509245,3.698013334402958,3.1050000672916465,0.5930132671113117,0.6201916871481844,3.645161290322581,326.55206451612906,14.33,4.306451612903226,0
2025-12-31,676.635009765625,682.0328514439952,676.4266760541103,681.8145855439083,74144800,-0.0074088956888227475,-0.008779632589994701,0.0035288297597402263,0.004063804140841458,0.005625795092298128,677.3762725830078,671.5776708984375,1.0086342979164464,46.28126818468126,3.2283286084800693,3.129665775529331,0.09866283295073819,0.9679264888233202,3.6425806451612894,326.57003225806454,14.95,4.3032258064516125,1
2026-01-02,677.8753051757812,681.5466416904673,674.5512924418268,680.3956585252009,89377200,0.0018330346379591411,-0.010443601354048981,0.0018989181939728095,0.0035553450963118232,0.005587585078457362,677.4405120849609,671.8526782226562,1.008317052299452,45.89801514606405,2.9224928746386922,3.088231195351203,-0.16573832071251093,1.1428049746946052,3.64,326.6161290322581,14.51,4.3032258064516125,1
2026-01-05,682.3900756835938,684.0868448237256,681.0604947255163,681.2192280630002,71927200,0.006660178462529753,-0.0037519653799080732,0.00783495500868403,0.005339991837800652,0.005776384958543217,677.7057586669922,672.2870349121093,1.0080601342484483,58.747575857430704,3.009725854450039,3.07253012717097,-0.06280427272093103,0.9138664784398588,3.64,326.7005161290323,14.9,4.312903225806451,1
2026-01-06,686.4484252929688,686.9544824498945,682.4496895461597,682.5984906991714,69273800,0.005947257666825578,0.005757176103288186,0.011906587072884278,0.0057601837374482495,0.005901025711558564,678.1096130371094,672.7242041015625,1.0080053741231731,63.459679297045035,3.367514900298602,3.131527081796497,0.23598781850210493,0.8857624155450384,3.64,326.7286451612904,14.75,4.316129032258065,0
2026-01-07,684.2356567382812,688.5817158514149,683.9776620917838,686.8254142672773,75588300,-0.0032235029947706995,0.0037408888525971573,0.011684096581143777,0.006030553274337858,0.00590828852422235,678.5047302246094,673.0084912109374,1.0081666711274067,62.97311551163404,3.4329405654721086,3.1918097785316193,0.24113078694048928,0.9540851800505503,3.64,326.7567741935484,15.38,4.319354838709677,0
2026-01-08,684.1661987304688,685.2675815209567,682.1618346683338,683.4815439165204,64019200,-0.00010151182144413351,0.01113035662676154,0.012455244244198305,0.00414663932900309,0.00590082836443963,678.9255615234375,673.1332946777344,1.0086049329181914,74.1395215441157,3.4395373502072744,3.241355292866751,0.19818205734052352,0.805157499427755,3.64,326.7849032258065,15.45,4.32258064516129,1
2026-01-09,688.69091796875,689.9212981952004,683.8388012635544,685.2775757782119,80125500,0.0066134796584182975,0.015955165663047888,0.012436440710283048,0.004564299145770959,0.005899829838831135,679.3485443115235,673.3125805664063,1.008964578888515,73.8281723393464,3.766455028478731,3.346375239989147,0.42007978848958416,1.0112500790379295,3.64,326.81303225806454,14.49,4.325806451612904,1
2026-01-12,689.7723999023438,690.6952455853734,685.2775394384523,685.3271398200249,63976000,0.0015703444104990805,0.0108183346766213,0.011672262484779594,0.004141890518496331,0.0058908278467564275,679.7464599609375,673.5069665527344,1.009264185402772,70.18550649545438,4.065936611246116,3.490287514240541,0.5756490970055745,0.818900923497161,3.64,326.8974193548387,15.12,4.335483870967742,0
2026-01-13,688.3931884765625,690.6952153647912,685.9919002674054,690.0998291255927,78309700,-0.001999516689819014,0.0028330798235334242,0.020623156853034175,0.0038395418726691866,0.005298700901923671,680.4419586181641,673.8233520507813,1.00982246540913,63.447542030219196,4.144215155104007,3.6210730424132347,0.5231421126907723,1.025241715308884,3.64,326.9255483870968,15.98,4.338709677419355,0
2026-01-14,685.009521484375,686.3589666067269,680.7229953056234,685.6445758579941,94676700,-0.004915311552799784,0.0011309915501667156,0.017143226907794462,0.004304072207904549,0.0054376395135300876,681.0192260742188,674.0279418945313,1.0103723951859276,53.579758468379026,3.888394822224427,3.6745373983754734,0.21385742384895368,1.2363920956949646,3.64,326.95367741935485,16.75,4.341935483870968,1
2026-01-15,686.875,690.0601436981007,685.8926823763012,689.1869590187856,77862000,0.0027232884465351326,0.003959273747457415,0.022707517315014636,0.004432580586798715,0.00538429876382073,681.781771850586,674.2445153808594,1.011178817621481,52.81976868888263,3.7924666957477484,3.698123257849929,0.09434343789781963,1.0470029872301458,3.64,326.9818064516129,15.84,4.345161290322581,0
2026-01-16,686.299560546875,688.8695145151978,684.7516530771834,688.28406040864,79289200,-0.0008377644449499844,-0.00347232315612378,0.03321983014124941,0.0030145316729113044,0.004600687798946607,682.88505859375,674.6098510742188,1.0122666568037129,52.015516547861985,3.6281863360567286,3.684135873491289,-0.05594953743456044,1.0891411028197213,3.64,327.00993548387095,15.86,4.348387096774194,0
2026-01-20,672.3286743164062,679.4629532027941,671.3264922720098,676.2083446056304,111623300,-0.020356834003122604,-0.02528910346138402,0.004600643849372643,0.00896919717035215,0.0065390870454229665,683.0390075683594,674.6494677734376,1.0124354056375529,38.61679918511721,2.343643148842034,3.4160373285614383,-1.0723941797194043,1.5301676897412844,3.64,327.1224516129032,20.09,4.361290322580645,1
2026-01-21,680.088134765625,683.4022156585446,672.8744583042852,674.3826975966588,127844500,0.011541171372927428,-0.012064404253210093,0.007067462603147501,0.011745369578894244,0.006735379306001382,683.2776458740234,674.9881225585938,1.0122809913810151,48.45471120600072,1.9295147827415349,3.118732819397458,-1.189218036655923,1.723885682786534,3.64,327.1505806451613,16.9,4.364516129032258,1
2026-01-22,683.6402587890625,685.7736201181282,681.5962265907631,684.5035112839386,77112200,0.005223034841890906,-0.0019988958581851346,0.00605975031475392,0.01206663508201544,0.00669293359738269,683.4835327148437,675.3847607421875,1.0119913454424947,56.97899260837522,1.8664267851563636,2.8682716125492393,-1.0018448273928757,1.0345293672988976,3.64,327.17870967741936,15.64,4.367741935483871,1
2026-01-23,683.8883056640625,685.6049389887335,681.8343413244536,682.8167194920136,63059600,0.00036283245729173963,-0.004348235611919882,0.0018459107555572896,0.011962482062689333,0.006618124441367437,683.5465362548828,675.5791955566406,1.0117933482123846,56.11128687075463,1.8155162610067919,2.6577205422407504,-0.8422042812339585,0.8470126998311538,3.64,327.2068387096774,16.09,4.370967741935484,1
2026-01-26,687.3612060546875,688.7503800429489,684.5729864520383,685.138576123168,60473800,0.005078168996109245,0.001546912702328651,0.003403833181435001,0.012248628198226119,0.006669376040373506,683.6631225585937,675.8122192382813,1.0116169893009057,55.161701237713174,2.0319799412127395,2.5325724220351487,-0.5005924808224091,0.8009687311363817,3.64,327.2912258064516,16.15,4.380645161290323,1
2026-01-27,690.099853515625,691.1318321418594,688.1947507195304,688.8000086063018,55506100,0.0039842915730679,0.02643227914871793,0.007503841652197751,0.004034066887191498,0.006722306102617055,683.9201141357422,676.0924963378907,1.0115777321006378,53.89824235371083,2.396885129811267,2.505434963590372,-0.10854983377910532,0.7284698636592086,3.64,327.31935483870967,16.35,4.383870967741935,0
2026-01-28,690.0303955078125,692.4316838253299,688.5618850633444,691.6477676593287,61172200,-0.00010064921396324422,0.014619076901869255,0.011005337677305604,0.002586370983728507,0.0066592650265287195,684.2956817626953,676.5957641601562,1.0113803810346,56.48311907535607,2.6499237683483443,2.534332724541967,0.11559104380637741,0.8035640864302782,3.64,327.3474838709677,16.35,4.387096774193549,0
2026-01-29,688.6610717773438,691.657685737667,679.5224893166136,690.9928952881424,97486200,-0.001984439728138443,0.007344232472755063,0.010232760448451783,0.0029566213480586054,0.006672235781624413,684.6444580078125,677.0738232421875,1.0111814022426282,54.886704162099186,2.7087410506026117,2.569214389754096,0.1395266608485155,1.2396141393237425,3.64,327.3756129032258,16.88,4.390322580645162,0
2026-01-30,686.6071166992188,688.8298072906449,681.7947290319643,686.4285189892349,101835100,-0.0029825340247910948,0.003975519120064774,0.014737793329742122,0.0035816991326206773,0.006465227806442901,685.1430633544921,677.63466796875,1.0110802999619972,47.60593128228287,2.560105854676749,2.567392682738627,-0.007286828061877859,1.272511027230972,3.64,327.4037419354839,17.44,4.393548387096774,1
2026-02-02,690.0203857421875,691.5286247721026,684.0768193112581,684.2356131892069,79286500,0.004971211279279464,0.0038686787442705484,0.017916393286014243,0.003549930965160928,0.00653060207153418,685.7503173828125,678.3743823242188,1.0108729563656613,50.27042065286986,2.686762352981077,2.591266616787117,0.09549573619396012,0.9970341044351616,3.64,327.56117857142857,16.34,4.396428571428571,0
2026-02-03,684.18603515625,691.5584439188771,678.7286612443456,690.8142565672537,107904600,-0.00845533075035465,-0.008569511106614192,0.0026318663425126676,0.004858568216151298,0.006702344146496796,685.8401153564453,678.9469555664062,1.0101527221434972,45.818521529184814,2.289957997469628,2.5310048929236197,-0.24104689545399172,1.3268934401812074,3.64,327.6623571428571,18.0,4.392857142857143,0
2026-02-04,680.8719482421875,686.0911923060062,676.4762885369656,684.9996810996682,105204600,-0.00484383887388995,-0.013272527304953097,-0.008123665005715819,0.004928255296336139,0.006645445670674042,685.5612915039062,679.6530895996094,1.0086929670367237,45.88198131431557,1.6886034010328785,2.362524594545472,-0.6739211935125935,1.2657294141631454,3.64,327.7635357142857,18.64,4.389285714285714,0
2026-02-05,672.3682861328125,678.3912495205631,670.5524520913757,675.6625626456348,113610800,-0.012489370624430896,-0.023658641837386973,-0.017343981548754606,0.006543346368876446,0.0071569323428542185,684.9679229736328,680.0605383300781,1.0072160996954844,37.24698181037721,0.5198584816974972,1.993991371975877,-1.47413289027838,1.336300673885533,3.64,327.8647142857143,21.77,4.385714285714286,1
2026-02-06,685.2676391601562,686.944543957853,675.5733380016845,676.1786564838608,89127600,0.019184951600759614,-0.0019508646305647082,0.001609901850941009,0.01268051803023535,0.008446273569542716,685.0229949951172,680.5340454101563,1.0065962160383253,49.254386932036184,0.627259045861706,1.720644906753043,-1.093385860891337,1.033072301592444,3.64,327.9658928571428,17.76,4.382142857142857,1
2026-02-09,688.5718383789062,690.4769412520913,683.0053309088385,684.0769172088077,73885200,0.004821764563112119,-0.0020992819824057207,-0.00017290715869311413,0.012665075737438698,0.008382977091830479,685.017041015625,680.9491784667969,1.0059738122571602,63.87525782010882,0.9678393794421254,1.5700838012908596,-0.6022444218487342,0.8595070664411647,3.64,328.26942857142853,17.36,4.371428571428572,0
2026-02-10,686.7559814453125,691.1417089533321,686.2995246985826,689.5640655604284,65185700,-0.0026371350560441265,0.0037562097982248854,-0.004373063429992663,0.011983894997099113,0.008394934615950967,684.8662200927735,681.2357897949219,1.0053291831583666,56.339554932441374,1.07879163037137,1.4718253671069617,-0.3930337367355916,0.7577725342054744,3.64,328.3706071428571,17.79,4.367857142857143,0
2026-02-11,686.5972290039062,691.7370759669038,683.8387453470867,690.9928885783248,76353900,-0.00023116280847257364,0.00840874818899473,-0.0026089152285639905,0.011611878319539722,0.008384129892693883,684.7764221191406,681.4458178710937,1.0048875554896677,53.005303805713226,1.1407620979630337,1.4056127132781762,-0.2648506153151424,0.8886111013804017,3.64,328.4717857142857,17.65,4.364285714285715,0
2026-02-12,675.9900512695312,689.9608850687785,675.0970022106213,688.859502308346,118829000,-0.015448908452140975,0.0053865793664207295,-0.013166926782709698,0.012555022569431475,0.009010205704131585,684.3254486083985,681.5054357910157,1.0041379168371705,43.36894016801452,0.3301576923601033,1.1905217090945617,-0.8603640167344584,1.3637719198226657,3.64,328.57296428571425,20.82,4.360714285714286,1
2026-02-13,676.4663696289062,680.961290747747,672.2691719299015,676.4068370573647,96267500,0.0007046233276368774,-0.012843550502452672,-0.015153601996132804,0.007692554683677782,0.008981999642271631,683.8050170898438,681.5496496582032,1.0033091755424886,40.36850903196773,-0.2706968040722586,0.8982780064611977,-1.1689748105334563,1.0932918945978825,3.64,328.67414285714284,20.6,4.357142857142858,1
2026-02-17,677.5578002929688,679.6316291710169,670.5426469985775,674.8688419019007,81354700,0.0016134293041962788,-0.015995481476366646,-0.012737528561056366,0.007028188855207178,0.008997087691280983,683.3679290771485,681.5689953613281,1.0026394007474866,38.57969355260013,-0.6513011935561508,0.5883621664577281,-1.239663360013879,0.9228476446142643,3.64,329.07885714285715,20.29,4.342857142857143,1
2026-02-18,680.9711303710938,683.8090109802145,677.53798463666,678.7187643851827,73570300,0.005037695790158558,-0.008423444761331722,0.012854510576207012,0.007958350417800235,0.007770811592928733,683.8000518798829,681.6467150878906,1.0031590217400441,42.22448297502962,-0.6697848406967069,0.33673276502684113,-1.0065176057235479,0.8529543234214076,3.64,329.18003571428574,19.62,4.339285714285714,0
2026-02-19,679.1751098632812,680.86194660128,676.2678252760687,678.5401160314528,58649400,-0.002637440014283343,-0.010810004507872506,-0.0013425096773058698,0.007922653181802979,0.0073626322384780455,683.7544006347656,681.6627905273438,1.0030683941334158,41.917453158900905,-0.8199057461658867,0.10540506278829553,-0.9253108089541823,0.708379557635691,3.64,329.28121428571427,20.23,4.335714285714285,1
2026-02-20,684.0867919921875,684.7119142291095,676.4464562003476,677.0319102464942,100034000,0.007231834702975171,0.011977603379591528,0.000653169846837276,0.0038461788165205886,0.007451396135412996,683.7767272949219,681.8178601074219,1.0028730065639397,47.95227038976933,-0.5363630863652133,-0.022948567042406234,-0.5134145193228071,1.1917344612522491,3.64,329.38239285714286,19.09,4.332142857142857,0
2026-02-23,677.1013793945312,684.6523861034582,675.0970153480879,682.4992209190492,90558100,-0.010211295817177612,0.0009387159423361879,-0.009924027378916955,0.006915448185358514,0.007795878902034186,683.4373809814454,681.8448962402343,1.0023355527774602,40.079340900590466,-0.8653427699655367,-0.19142740762703234,-0.6739153623385044,1.0614587053014797,3.64,329.6859285714286,21.01,4.321428571428571,1
2026-02-24,682.02294921875,683.0151991255567,674.7299366285719,676.6152356763558,73798700,0.007268586321031556,0.006590063495469423,-0.007766305093908299,0.007628683498155557,0.00789270544982098,683.1704681396484,681.8807299804688,1.0018914424509644,48.31532352063159,-0.7206250686325575,-0.2972669398281374,-0.4233581288044201,0.858313946300468,3.64,329.7871071428572,19.55,4.317857142857143,1
2026-02-25,687.7779541015625,688.3038149887374,684.7515438454409,684.8309407846423,56369500,0.008438139639442843,0.009995759624581213,-0.003364584707899687,0.008173122413114058,0.00808229187206553,683.0543731689453,682.0000073242187,1.0015459909580695,55.18159486951217,-0.13994129410298228,-0.2658018106831064,0.1258605165801241,0.6552750633600924,3.64,329.8882857142857,17.93,4.314285714285714,0
2026-02-26,683.957763671875,687.926762805978,679.0461151309984,687.9069589925494,71671000,-0.005554395000458845,0.007041856715798156,-0.008800528028143573,0.008677065093887111,0.008172481727191361,682.7507415771485,682.1894982910156,1.000822708774525,59.35294534879598,0.011860617979095878,-0.21026932495066594,0.22212994292976182,0.8280962302100818,3.64,329.9894642857143,18.63,4.310714285714286,0
2026-02-27,680.6734619140625,681.5367144347911,676.35719931042,677.795973699009,83308900,-0.004801907270092998,-0.0049896155255164665,-0.011598753277379692,0.008329002215618662,0.008225159600052606,682.3513610839843,682.3336840820313,1.0000259066822663,45.61132236965619,-0.1313370055768246,-0.19448286107589768,0.06314585549907309,0.9705108634637677,3.64,330.0906428571429,19.86,4.307142857142857,1
2026-03-02,681.0604858398438,683.2831159083878,672.765291276125,673.4400139353526,87477200,0.0005685897092166936,0.005847139831339332,-0.008078318334420631,0.006543327044904368,0.008208220341073472,682.0740295410156,682.522412109375,0.9993430507769355,42.401119338473926,-0.21115845439067016,-0.19781797973885218,-0.01334047465181798,1.0276641766041261,3.64,330.3611935483871,21.44,4.3,0
2026-03-03,675.057373046875,677.3196712649806,664.4700232973693,669.8281968363514,105003100,-0.008814360718000014,-0.010213111127498009,-0.02168488497512755,0.006754016537284558,0.008313916331983143,681.32587890625,682.7388830566406,0.9979303886369199,39.089424933513065,-0.7501710549871632,-0.3082885947885144,-0.4418824601986488,1.2151984667194162,3.64,330.4293870967742,23.57,4.3,1
2026-03-04,679.8201904296875,681.7650220692323,674.3528836974749,676.3473157204403,79182200,0.007055426061514547,-0.011570251160885392,-0.0063810783942198634,0.0062257507758318046,0.008311466610186407,681.1075866699218,682.95029296875,0.9973018441930555,44.17934139301594,-0.7839855684497934,-0.4034279895207702,-0.3805575789290232,0.9318614928411183,3.64,330.4975806451613,21.15,4.3,0
2026-03-05,676.0297241210938,680.2170498641997,670.3738880206191,676.7937758642711,106606500,-0.0055756895160732345,-0.011591416856238324,-0.0071117985306854425,0.006228532288078378,0.008334163657980374,680.8654754638671,682.964580078125,0.9969264809984469,50.03859325793596,-1.1039174931478328,-0.5435258902461828,-0.56039160290165,1.2535722720605713,3.64,330.5657741935484,23.75,4.3,0
2026-03-06,667.1690063476562,670.8700791710008,664.5693164010845,668.1909922733983,100687000,-0.013106994348447198,-0.019839844392392725,-0.007732785576577972,0.007932361653898901,0.008382617451122315,680.6055114746093,682.717509765625,0.9969064828998736,42.22408487717026,-2.0488340372379525,-0.8445875196445368,-1.2042465175934156,1.193030828780638,3.64,330.63396774193546,29.49,4.3,1
2026-03-09,673.0133056640625,674.650481531912,657.2563736570586,661.2253729422058,102667700,0.008759848345474275,-0.011815661520662046,-0.017882550985644508,0.00974417516205601,0.007366138175359179,679.9927947998046,682.5252111816407,0.9962896368656453,46.479098355616884,-2.2995928196210116,-1.1355885796398317,-1.1640042399811799,1.2068191334075755,3.64,330.83854838709675,25.5,4.3,0
2026-03-10,671.9317016601562,678.0637980596332,669.5304741395607,672.4674947413112,81505300,-0.0016071064194473905,-0.004630230720406803,-0.02416615927529886,0.009055027981070034,0.007243667776636299,679.1607879638672,682.2632556152344,0.9954526824860742,42.73407159271317,-2.556131868014859,-1.4196972373148373,-1.1364346307000215,0.9537916809848014,3.64,330.90674193548386,24.93,4.3,0
2026-03-11,671.08837890625,674.8093159596237,668.1215614523004,672.3286912573745,68441700,-0.0012550721328115078,-0.012844295662825855,-0.02281392949223282,0.007922803127790062,0.0072357982470436415,678.377407836914,681.9858227539063,0.9947089590478271,43.39875142619414,-2.7952679020479536,-1.6948113702614607,-1.100456531786493,0.7993958194062064,3.64,330.974935483871,24.23,4.3,0
2026-03-12,660.89794921875,666.4446526664856,660.7094193200438,665.9583993556241,108882200,-0.015184929448649576,-0.022383298193014434,-0.037429920628197055,0.009784781562077894,0.007881963856402573,677.0924438476562,681.5534008789062,0.9934547211920631,32.57271346162315,-3.763682058745758,-2.1085855079583204,-1.6550965507874373,1.2480307920846554,3.64,331.04312903225804,27.29,4.3,0
2026-03-13,657.1571655273438,667.1293254881115,656.2343803863124,664.0831110227487,97200200,-0.005660153274538393,-0.015006453724703439,-0.02785970844810326,0.008643311386986012,0.007275360883428258,676.1507995605468,681.0628332519532,0.9927876938050602,34.24270305302872,-4.77793023030199,-2.6424544524270543,-2.135475777874936,1.128112981907519,3.64,331.11132258064515,27.19,4.3,1
2026-03-16,663.8449096679688,666.8613272435379,661.9496786440191,663.199923076128,82023100,0.01017678036768932,-0.013622904508622247,-0.018657926731614705,0.009134132286195426,0.007713755044347564,675.5197265625,680.80703125,0.9922337689759281,36.02803128890824,-4.984624504715953,-3.110888462884834,-1.8737360418311186,0.959901012925289,3.64,331.31590322580644,23.51,4.3,1
2026-03-17,665.5912475585938,669.2129836950214,664.5097291491037,667.1788836379297,87128000,0.002630641382033616,-0.00943615859453717,-0.01766130170621727,0.009452655427530009,0.0077346147240787465,674.9213989257812,680.5613500976563,0.9917127953694905,31.827030658983674,-4.950450620121842,-3.478800894332236,-1.471649725789606,1.0162097515337531,3.64,331.38409677419355,22.37,4.3,0
2026-03-18,656.3038330078125,664.5295627375546,656.0657027257738,663.1801174312507,82062600,-0.013953630828001051,-0.02203069873230945,-0.03622370503407224,0.010852269122739757,0.008127952014657554,673.6880340576172,680.0396252441407,0.9906599689918905,29.21081466010098,-5.608137191854098,-3.9046681538366084,-1.7034690380174897,0.9524131173979682,3.64,331.45229032258067,25.09,4.3,0
2026-03-19,654.6864624023438,657.8418097710767,650.0923405870744,651.8783782687178,111272500,-0.0024643625774001254,-0.009398556651218026,-0.03605645599389984,0.00902928701331127,0.008127118619619181,672.4636016845703,679.4043859863282,0.989784016051528,29.961737395224944,-6.188529315535106,-4.361440386176309,-1.8270889293587977,1.2531537190445636,3.64,331.5204838709677,24.06,4.3,0
2026-03-20,645.3009643554688,653.3800315656541,641.4703334037762,653.2009461223761,163617500,-0.014335866992629342,-0.018041652429310218,-0.056697232121332486,0.01063445084770427,0.00829437730793835,670.5243103027344,678.6256921386719,0.9880620761492154,25.78643540476068,-7.321428637650911,-4.95343803647123,-2.367990601179681,1.7789702755641184,3.64,331.58867741935484,26.78,4.3,1
2026-03-23,652.07666015625,659.2801583045331,650.6439158314106,654.7531040433624,134802700,0.010500055284356824,-0.017727407923644134,-0.03695860029211362,0.010739532504960002,0.008617682740939865,669.2730743408204,677.9839013671875,0.9871518674576176,34.60037104780103,-7.585081391523772,-5.479766707481739,-2.1053146840420336,1.4312486715029444,3.64,331.7932580645161,26.15,4.3,0
2026-03-24,649.8877563476562,653.7183875512989,646.604401549905,648.0371459178807,96457500,-0.0033568197458091475,-0.023593295838156392,-0.04711746563353081,0.010201973548739836,0.00834956795000966,667.6663146972656,677.2078381347657,0.9859104946809532,29.22529871313796,-7.879820674684993,-5.95977750092239,-1.9200431737626031,1.0119513226838242,3.64,331.86145161290324,26.95,4.3,1
2026-03-25,653.5094604492188,657.5589538580906,650.9424473291369,655.3501116680137,90653800,0.005572814791767078,-0.004257742249938246,-0.049824937609563746,0.009497759285939088,0.008177027196458662,665.9528900146485,676.4825793457031,0.9844346482044829,34.33303780397911,-7.732032370772799,-6.314228474892472,-1.4178038958803274,0.9342618947345857,3.64,331.9296451612903,25.33,4.3,0
2026-03-26,641.838623046875,651.5493793651953,641.5699644768796,648.7734634761676,96494400,-0.017858712243157604,-0.01962441579794416,-0.061581493568960255,0.012259116324533201,0.008852301677900158,663.8469329833985,675.5514880371094,0.9826740740550808,33.04116006273348,-8.459136456831743,-6.743210071280327,-1.7159263855514162,0.9818943938258967,3.64,331.9978387096774,27.44,4.3,0
2026-03-27,630.89404296875,639.420794428861,629.9189411370072,639.2616275919053,103649400,-0.01705191879256185,-0.022325894710398364,-0.0731325984200003,0.012881744053485428,0.009381635304962457,661.3579620361328,674.4691784667968,0.9805606885395883,23.603605395546964,-9.805476399926988,-7.35566333700966,-2.449813062917328,1.0438980557399467,3.64,332.0660322580645,31.05,4.3,0
2026-03-30,628.78466796875,637.1423539459004,626.108284608157,636.8836547011163,99275900,-0.003343469515220132,-0.03571971458374046,-0.07675649807612939,0.010043104845151122,0.009327524224879221,658.7441711425781,673.3073718261719,0.9783706501770583,23.303406140978296,-10.916827051640439,-8.067896079935815,-2.8489309717046236,0.9939451244142197,3.64,332.2706129032258,30.61,4.3,1
2026-03-31,647.0621337890625,648.2560368761451,634.7643854444117,635.7195686416,152534100,0.02906792539862124,-0.004347862428542459,-0.04147090362328143,0.019327891782055184,0.011803969746096741,657.3444091796875,672.5226232910156,0.9774309241270533,37.77217401244508,-10.205103627269864,-8.495337589402626,-1.7097660378672384,1.4916707833281007,3.64,332.33880645161287,25.25,4.3,1
2026-04-01,651.9373779296875,655.2008748639518,649.7086779392242,650.6041659517412,97841500,0.00753442967227369,-0.0024056002470883575,-0.04101498145028082,0.019506707761250467,0.011823885170196462,655.9502685546875,672.1147973632812,0.975949750143863,45.17880552862702,-9.142279718014947,-8.624726015125091,-0.517553702889856,0.9481667732336546,3.64,332.407,24.54,4.3,1
2026-04-02,652.5244750976562,654.8825248659317,641.858474913505,643.1618697673937,68358700,0.0009005422726844348,0.016648814307955506,-0.03476954959931189,0.016925840035848246,0.011810216793093941,654.7750061035156,671.5635241699218,0.9750008488219227,47.41984039464864,-8.158563437045473,-8.531493499509168,0.37293006246369487,0.6749623979749163,3.639666666666667,332.4594,23.87,4.3,1
2026-04-06,655.6087646484375,656.3947609217337,652.2159789115307,652.554231190157,39105800,0.004726703240241825,0.03917412433217682,-0.017327306258580588,0.012585876686536143,0.01157467368748655,654.1969940185547,671.0028942871094,0.9749540569621392,45.22109107341559,-7.048830279106255,-8.234960855428586,1.1861305763223307,0.39823121948725815,3.6383333333333336,332.669,24.17,4.3,1
2026-04-07,655.8972778320312,656.285326673986,647.7784337275787,653.3402849463747,69980400,0.0004400691374961685,0.04311906960274148,-0.025431930822144566,0.011841855169197191,0.01136014773137263,653.3411926269531,670.4430737304688,0.9744916730836555,44.27841268514663,-6.076037376854629,-7.803176159713795,1.727138782859166,0.7247021196690933,3.638,332.7214,25.78,4.3,1
2026-04-08,672.6027221679688,673.6673363432215,668.0756676404139,672.980811715349,93606100,0.0254696046172882,0.03947161647266517,0.000998643918949771,0.010289566183778184,0.012830605794342113,653.3747436523438,670.1479040527344,0.9749709574573695,58.84539887948984,-3.912007066219644,-7.024942341014965,3.112935274795321,0.9633289408327652,3.6376666666666666,332.7738,21.04,4.3,1
2026-04-09,676.4830322265625,677.7267318686964,670.3740257373166,671.4386399182858,57134400,0.005769096571727417,0.037650325211944446,0.008038662998612445,0.01033176935239564,0.012886774865405612,653.6444763183594,669.8755676269532,0.975769990587815,61.54540993051061,-1.8624200424872015,-5.992437881309413,4.130017838822211,0.5914286814505895,3.637333333333333,332.8262,19.49,4.3,0
2026-04-10,676.0353393554688,678.5923930707559,675.0304203424645,677.885949822129,42253500,-0.0006617946789001516,0.03603062437511473,0.022904277664369754,0.010599934847575956,0.012355924980854983,654.4013458251953,669.5956665039063,0.977308215332331,67.98233021219458,-0.27110747466440444,-4.848171799980411,4.577064325316006,0.4530108277773522,3.637,332.8786,19.23,4.3,1
2026-04-13,682.6417846679688,682.840788741459,673.1698101905051,673.9955829678383,54185800,0.009772337225445238,0.04123346342696843,0.038780097787071366,0.010551775129975788,0.012386466777215893,655.6755767822266,669.4752807617188,0.9793872837787363,67.91879240594923,1.505746812514758,-3.577388077481377,5.083134889996135,0.5946518775374324,3.636,333.0358,19.12,4.3,1
2026-04-14,690.959716796875,691.0791070995066,684.193942434314,684.2238203737314,63480500,0.012184915010662545,0.05345721067899123,0.04084509308426898,0.00967502414004925,0.012464330677251426,657.0313171386719,669.5623327636719,0.9812847661646718,72.46408839779005,3.5442483547758457,-2.1530607910299326,5.697309145805779,0.7038158704461251,3.635666666666667,333.0882,18.36,4.3,1
2026-04-15,696.412109375,696.7504224001667,690.7010502942645,691.7557051691649,58240400,0.00789104262604634,0.035398886180965095,0.0463059902447005,0.004888276305164694,0.012531944195288297,658.5723602294922,669.6901672363281,0.9833985810890479,73.00468853602868,5.535923348764754,-0.6152639630709953,6.151187311835749,0.6562270863644238,3.6353333333333335,333.1406,18.17,4.3,1
2026-04-16,698.1234130859375,699.2378238459212,695.0092450197437,697.5264615426626,49972400,0.0024573146961406334,0.03198953976443186,0.06371984738603098,0.0053021091576745194,0.011931831427502137,660.6633392333985,669.9689147949218,0.9861104368336674,83.7892205142636,7.169779285682694,0.9417446866797425,6.228034599002951,0.5734339776190184,3.635,333.193,17.94,4.3,1
2026-04-17,706.5607299804688,708.7993894133457,702.2028014262665,702.5808909886877,70661900,0.012085709684531931,0.0451535427927523,0.07923528369255517,0.004007000488579978,0.01201409873215238,663.2570526123047,670.4826904296875,0.9892232298901674,96.83456074855329,9.04122127587243,2.56164000451828,6.479581271354151,0.8301900004270676,3.6346666666666665,333.2454,17.48,4.3,0
2026-04-20,705.1477661132812,706.3317705126415,702.5808139687996,705.20752199003,43546800,-0.0019997769579219726,0.03296894791791738,0.09274246446785939,0.006205644240871189,0.011326205116379169,666.2493927001954,671.1382800292969,0.992715529013055,97.6766305693989,10.291701828343776,4.107652369283379,6.184049459060397,0.5504463303830781,3.6336666666666666,333.4026,18.87,4.3,0
2026-04-21,700.53125,707.6949720613851,699.098505587723,706.7000123508461,58941400,-0.006546877598048839,0.013852519865407364,0.07430811866834697,0.007460898020187813,0.011491527898494612,668.6721221923829,671.4435522460938,0.9958724303116174,90.24866716531193,10.785869615934416,5.443295818613587,5.34257379732083,0.782559611496396,3.633333333333333,333.455,19.5,4.3,1
2026-04-22,707.6253051757812,707.8640857857167,704.6503246823615,705.5756906371417,42518500,0.010126679110719516,0.016101379700081075,0.08884233971818123,0.007898141817488042,0.01145411675601841,671.5589996337891,671.8246215820312,0.9996046260590797,90.5638718339728,11.616029752816416,6.677842605454153,4.938187147362264,0.5854785860744128,3.633,333.5074,18.92,4.3,0
2026-04-23,704.8792114257812,708.7694771316526,698.7403270820959,705.9239069650033,56174000,-0.0038807172806204493,0.009677083182156654,0.078605979079861,0.008535006997527812,0.011594195339358291,674.1274871826172,672.1870861816407,1.0028866978269382,86.9730208757181,11.915002099344179,7.725274504232158,4.1897275951120205,0.792323654071329,3.6326666666666663,333.5598,19.31,4.3,1
2026-04-24,710.3414916992188,710.8687887329964,705.4363479344694,707.1675680011435,45182000,0.0077492429694283604,0.005350936668748307,0.10672911568822929,0.007392288841028569,0.01042521406573517,677.5526306152344,672.6619714355469,1.0072706045344741,87.39633802041587,12.449193650780217,8.67005833354177,3.779135317238447,0.6612112083363364,3.632333333333333,333.6122,18.71,4.3,1
2026-04-27,711.5653686523438,712.0230720129201,708.7098389427747,709.5754490929214,33135900,0.0017229416659827468,0.009101074763997019,0.12786826343134394,0.007187977162651272,0.009080898039594264,681.5861968994141,673.3734777832032,1.0121963804443974,87.55540256313546,12.823479852288187,9.500742637291054,3.322737214997133,0.5113051931519215,3.631333333333333,333.7694,18.02,4.3,0
2026-04-28,708.1029052734375,709.2869098023077,705.6752010599358,708.2322548988411,43117400,-0.004865980739709008,0.010808447550965772,0.12614531070059343,0.006722216140871488,0.009169939090017492,685.5521087646484,674.0062084960938,1.0171302580347397,79.15986928982745,12.694379599855552,10.139470029803954,2.5549095700515974,0.6954579197989631,3.631,333.8218,17.83,4.3,0
2026-04-29,707.993408203125,708.6102783309316,704.7995658491443,707.4163145996059,41859200,-0.0001546344034137892,0.0005201948328463768,0.09416603326370154,0.00504271174825971,0.007471190060490228,688.5986724853516,674.6149206542968,1.0207284947351773,77.59187207388246,12.439832574820912,10.599542538807345,1.8402900360135668,0.7413322593904914,3.6306666666666665,333.8742,18.81,4.3,1
2026-04-30,715.0377197265625,716.1620290590424,706.8691393587039,711.0280636665188,67240900,0.009949685183250345,0.014411700807906325,0.09678896153685557,0.0060049559311746836,0.007541396166807385,691.7536895751953,675.2962524414063,1.0243706922321725,80.61533950608411,12.660576051950443,11.011749241435965,1.6488268105144783,1.2240128297545454,3.630333333333333,333.9266,16.89,4.3,1
2026-05-01,717.0177001953125,721.216400793299,716.8385540170647,717.6146516977453,43049800,0.00276905737155686,0.009398590078306457,0.09883648439087933,0.005375472393237826,0.0075038936570453905,694.9783508300782,676.0531042480469,1.0279937278049796,79.09712456564709,12.847190311573854,11.378837455463543,1.468352856110311,0.8021300051025394,3.63,333.979,16.99,4.3,0
2026-05-04,714.3909912109375,718.4802608161392,711.3861936216806,716.4406056700121,51950600,-0.0036633809509297732,0.0039709950527038185,0.08966052580767636,0.005927269998106726,0.007736205431331179,697.9174621582031,676.6591882324219,1.031416515574572,71.94771397274559,12.637453299003027,11.63056062417144,1.0068926748315867,0.9565287117787648,3.63,333.84245161290323,18.29,4.290322580645161,1
2026-05-05,720.1220092773438,721.3855668152729,717.8534719876392,718.1320898558575,36933200,0.008022242913074518,0.016973668536587994,0.09791888702084206,0.0056388647710942956,0.007721276903277,701.1286987304687,677.5196008300782,1.0348463688304594,72.09337772525164,12.786288097311854,11.861706118799525,0.9245819785123288,0.7013622586807423,3.63,333.7969354838709,17.38,4.287096774193548,1
2026-05-06,730.1312866210938,730.8874657022126,724.1515691652952,724.489821452625,53288900,0.013899418730159985,0.03126848097944057,0.08553126913863185,0.006813943471050284,0.006405306952516815,704.005126953125,678.481767578125,1.0376183422969596,75.83098297397382,13.555644743382118,12.200493843716043,1.355150899666075,1.0522383233739852,3.63,333.7514193548387,17.39,4.283870967741936,0
2026-05-07,727.8926391601562,732.4196936796947,726.0718458933673,731.3451201928577,51724600,-0.0030660889376450395,0.017977959873934468,0.07599541227868678,0.007475256993074761,0.006588461409593438,706.5756072998047,679.2840612792969,1.0401769268207317,69.12911834699091,13.825355198622901,12.525466114697414,1.2998890839254873,1.026834178745172,3.63,333.7059032258064,17.08,4.280645161290322,1
2026-05-08,733.9021606445312,734.359863963193,730.8675457398152,731.2257166531052,47227100,0.008256054754597786,0.023548178022131827,0.08559733185580609,0.007722853601438684,0.0065802364182573755,709.4689483642578,680.28294921875,1.04290273507373,73.821350991663,14.358504930700633,12.892073877898058,1.4664310528025748,0.9329442896520485,3.63,333.6603870967742,17.19,4.27741935483871,1
2026-05-11,735.5736694335938,737.0561496205491,732.7380586745534,732.7380586745534,44024000,0.0022775635209937306,0.02965137926326622,0.07753976676269625,0.0064721702342347915,0.006454535397376542,712.1155426025391,681.3809533691406,1.0451063228014064,80.51984226971709,14.74592488139092,13.26284407859663,1.483080802794289,0.8784862753979843,3.63,333.5238387096774,18.38,4.267741935483871,0
2026-05-12,734.4593505859375,735.1160580011854,728.1413807257971,733.1758744234386,54185300,-0.0015148976832113359,0.019909600212027367,0.06295538326129413,0.007060782750635138,0.006236734846090068,714.2905242919921,682.4489306640625,1.0466578408979936,76.08818199404003,14.792522770792289,13.568779817035763,1.2237429537565259,1.0913736639508194,3.63,333.4783225806452,17.99,4.264516129032258,1
2026-05-13,738.5685424804688,740.1604537310201,731.7629913201908,734.7478704606156,44200200,0.005594852718878274,0.01155580648847554,0.060533745088525714,0.004734951159763894,0.006164138596693643,716.3983459472656,683.7191540527343,1.047796221154294,81.90724593446588,14.988254114237066,13.852674676476024,1.1355794377610415,0.903027078125075,3.63,333.43280645161286,17.87,4.2612903225806456,1
2026-05-14,744.3989868164062,745.7521781705404,739.8122371427646,739.9018102364839,45307600,0.007894249484761584,0.022676898718601013,0.06628566362774646,0.004121461669234249,0.006259904118515212,718.712124633789,685.0107299804688,1.0491983456292446,82.03254702142169,15.435905237874067,14.169320788755634,1.266584449118433,0.930083704782651,3.63,333.3872903225806,17.26,4.258064516129032,0
2026-05-15,735.4443969726562,739.712813256131,734.2405345152865,738.0511867146383,60410800,-0.012029288059682064,0.0021014195226929377,0.040879241891897955,0.007823356859835194,0.006766872383054628,720.1563079833984,686.1990234375,1.049486057814233,69.60785689513114,14.896395045349095,14.314735640074327,0.5816594052747686,1.2533124374622804,3.63,333.3417741935484,18.43,4.254838709677419,0
2026-05-18,734.927001953125,737.682999009625,729.6935042484962,736.1010471042457,47843900,-0.0007035134425675826,-0.0008791335352810181,0.0422311992903055,0.007762088561957971,0.006732393749360559,721.6452697753906,687.5541833496094,1.0495831270485434,73.14560656587255,14.26266871009932,14.304322254079326,-0.04165354398000609,0.9881884547316354,3.63,333.2052258064516,17.82,4.245161290322581,0
2026-05-19,730.03173828125,733.9320239063612,727.8428755921286,731.0764945153984,54255900,-0.006660884222331576,-0.006028396671858283,0.04211159499487005,0.0083098557684901,0.006740136941667523,723.1202941894531,688.6945520019531,1.0499869529785426,67.56541130410079,13.213116573784305,14.086081118020322,-0.8729645442360177,1.1260735191045357,3.63,333.15970967741936,18.06,4.241935483870968,1
2026-05-20,737.5138549804688,738.1307251173267,730.1909663879147,732.0018002736176,45768000,0.010249029332388027,-0.0014280157349483291,0.04223781934602089,0.009442128397598807,0.006747869920645485,724.6147216796875,690.0061950683594,1.0501568346178392,67.79020210110949,12.837105074628653,13.83628590934199,-0.9991808347133375,0.9467158930799325,3.63,333.1141935483871,17.44,4.238709677419354,1
2026-05-21,738.9764404296875,741.1156280791548,733.3151780259534,734.9170485709385,43332200,0.0019831294549137457,-0.007284462341773934,0.04837315167081857,0.008489463941946067,0.006600468813845035,726.3195831298829,691.3639562988282,1.0505603835904136,67.52420847540185,12.512890858138007,13.571606899101194,-1.058716040963187,0.9083961584319274,3.63,333.0686774193548,16.76,4.235483870967742,1
2026-05-22,741.8817749023438,745.1651298094138,740.7275876279662,742.4787264390759,41762000,0.003931565762728351,0.008753045038055962,0.04440157807433853,0.006200993732835419,0.00649148824139516,727.896597290039,692.9836328125,1.0503806480044031,71.84193043115613,12.348044397360013,13.326894398752959,-0.9788500013929458,0.8786288912207065,3.63,333.02316129032255,16.7,4.232258064516129,1
2026-05-26,746.8068237304688,748.3390397979183,744.5979816306177,746.2297301040182,41123600,0.006638589859918387,0.016164628249842883,0.04952665859058025,0.006339592145574708,0.006565330824946194,729.6586700439453,694.7766259765625,1.0502061277872632,71.47662743402826,12.471054120676627,13.155726343137694,-0.6846722224610673,0.8579882520979439,3.63,332.84109677419355,17.01,4.219354838709678,0
2026-05-27,746.6774291992188,747.5927750592914,744.4486686067338,747.0952952420212,42106300,-0.000173263723814987,0.02280132499055254,0.054475872981887496,0.00406567099913523,0.0063714632863509715,731.5873962402344,696.4332763671875,1.0504773695714564,65.83503507058509,12.414986914278757,13.007578457365907,-0.5925915430871509,0.8794185344291491,3.63,332.7955806451613,16.29,4.216129032258064,1
2026-05-28,750.7965698242188,751.3438462445121,745.4536410614309,746.4685193943138,41562600,0.005516626676954184,0.018010122459464428,0.06045700584942937,0.002732493146091129,0.006365100096531712,733.7275543212891,698.1373828125,1.0509787505797372,71.15803147954776,12.558170697992296,12.917696905491187,-0.35952620749889164,0.8683319448760703,3.63,332.75006451612904,15.74,4.212903225806452,1
2026-05-29,752.6671142578125,754.2590862562773,750.8861582097875,752.0900813404212,55075700,0.002491413132097442,0.018526536272474914,0.05262574755586291,0.0026669323222646775,0.006148753629580678,735.6090240478516,700.0646484375,1.050772990308373,68.76987979022815,12.67645588850462,12.869448702093873,-0.19299281358925313,1.1654601160070395,3.63,332.70454838709674,15.32,4.209677419354839,1
2026-06-01,754.7166748046875,756.4479556154175,750.886104424133,751.5527103892452,43634900,0.0027230637662387647,0.017300465298575762,0.052577467193774874,0.0026931785238400777,0.006148690013884838,737.4939727783203,702.0652526855469,1.0504635715230901,69.0043008850201,12.788166142491605,12.85319219017342,-0.06502604768181541,0.9227894083369937,3.63,332.568,16.05,4.2,1
2026-06-02,755.7415771484375,756.5674107365072,752.9357833937803,753.2144012702464,31581900,0.0013579961566574372,0.011963941857598082,0.05788228917529903,0.0020935693138523677,0.005980410043487178,739.5615020751953,704.2740649414062,1.050104694877164,71.16559873936828,12.811712925686606,12.844896337276058,-0.033183411589451595,0.6825945721866795,3.63,332.57616666666667,15.77,4.196666666666667,0
2026-06-03,750.4384155273438,754.9754294579049,749.7718095132926,754.3287420712209,51402500,-0.00701716271996522,0.005036962657567479,0.04209898580995053,0.004743290069981374,0.006233909641980933,741.0773223876953,706.2413000488282,1.0493259489872069,61.53098155289608,12.261114601712961,12.72813999016344,-0.4670253884504785,1.0938820069417696,3.63,332.5843333333333,16.06,4.193333333333333,1
2026-06-04,753.2740478515625,754.4878695071194,747.6823186029123,748.3091480570178,49923000,0.003778634283035931,0.003299799342348919,0.031696712159218654,0.004380695765840948,0.005603031060804613,742.2344604492188,708.3090258789063,1.0478963747895433,59.1543283946669,11.916210634700178,12.565754119070789,-0.6495434843706107,1.0662157733428117,3.63,332.5925,15.4,4.19,0
2026-06-05,733.83251953125,749.0255736853693,731.82274221843,748.5181345185488,93989400,-0.025809369612244448,-0.025023804507700365,0.008160379775164595,0.01239186061591036,0.008268676680729134,742.5314544677734,709.9154870605469,1.0459434510187617,48.633112739084936,9.959298308671464,12.044462956990923,-2.0851646483194592,1.9206657205980606,3.63,332.60066666666665,21.51,4.1866666666666665,1
2026-06-08,735.4940795898438,741.5832888174093,734.4693026781229,739.6132273185567,49319100,0.002264222440912178,-0.02546994899750743,0.0021691160357322214,0.012321931982983973,0.008076873698979128,742.611050415039,711.7885961914062,1.043302821074341,50.471733079603126,8.445154715361014,11.324601308664942,-2.8794465933039284,1.0056821466444688,3.63,332.62516666666664,18.92,4.176666666666667,0
2026-06-09,733.3350830078125,743.1354731343894,718.9480036644643,739.881935268434,87683500,-0.002935437064612745,-0.02964835443508229,-0.003043320497734814,0.01190315684886245,0.008088355414266798,742.49912109375,713.8374169921875,1.0401515855281598,52.879007428117916,6.990391150350547,10.457759277002065,-3.467368126651518,1.7117853513100063,3.63,332.6333333333333,19.87,4.173333333333334,0
2026-06-10,721.7736206054688,734.6583610930755,721.6741489247238,729.69352181897,60341300,-0.015765592933211114,-0.03819739811924716,-0.0172722016138106,0.012715627002287686,0.008812861302550505,741.8648345947265,715.6971960449218,1.0365624438581176,37.192409846063384,4.8486746482282115,9.335942351247295,-4.487267703019084,1.1709658727272516,3.63,332.6415,22.22,4.17,1
2026-06-11,734.04150390625,736.2702039965386,720.7587550057447,725.0868662900759,86330500,0.016996857394830034,-0.025531934891645736,-0.006129476566947734,0.016506123907707327,0.009585523353902137,741.6384826660156,717.4367834472656,1.0337335633983826,46.58501518822246,4.09407064750269,8.287568010498376,-4.193497362995686,1.6095105432770418,3.63,332.64966666666663,19.44,4.166666666666667,1
2026-06-12,738.0113525390625,740.6877965432628,731.3252525489901,736.9766163198905,57079500,0.005408207317551872,0.005694532330730917,-0.008580928225953022,0.011972001331784459,0.009489810279385542,741.3191009521485,719.1582629394532,1.0308149668226243,47.360547694782035,3.772883692885216,7.384631146975744,-3.611747454090528,1.052615952434915,3.63,332.6578333333333,17.68,4.163333333333333,1
2026-06-15,751.0254516601562,752.8661028247,747.9709180763429,748.0604304424444,60176400,0.017634009390668393,0.021116923305451785,0.021185904402341027,0.014099720218223241,0.009884429138968556,742.0981536865235,721.1282824707031,1.0290792522295398,52.59104922536182,4.516407419663665,6.810986401513328,-2.2945789818496634,1.1099664832044351,3.63,332.6823333333333,16.2,4.153333333333333,0
2026-06-16,746.5481567382812,751.6323864215939,746.100412710964,750.7468576807364,67093100,-0.005961575485861181,0.01801778482528693,0.015812665413397653,0.014544150712000584,0.010003997530009377,742.6792114257812,722.9470703125,1.0272940328878457,49.92462740743904,4.69030809593994,6.386850740398651,-1.6965426444587104,1.215959818091102,3.63,332.6905,16.41,4.15,0
2026-06-17,737.225341796875,748.3589429763433,735.4940609532621,747.5032315039188,85945200,-0.01248789492983049,0.021407988253220323,0.009853822975643745,0.013484860580078846,0.010313771607908879,743.0388916015625,724.5736315917969,1.0254843113310648,42.539943916466534,4.029403922814026,5.915361376881726,-1.8859574540676993,1.5141450984368199,3.63,332.69866666666667,18.44,4.1466666666666665,1
2026-06-18,744.8902587890625,746.3765582049119,742.0173878962117,745.907751654771,80875700,0.010396979807429707,0.014779484300383672,0.010001715572908187,0.012194811468793375,0.010321151444582519,743.4077117919921,726.0193823242188,1.0239502276263035,45.98110536634847,4.077128744695528,5.547714850444486,-1.470586105748958,1.382090855089434,3.63,332.7068333333333,16.4,4.1433333333333335,0
2026-06-22,742.546142578125,748.321778689857,741.2892538871644,745.8479411927095,46628100,-0.0031469282666526377,0.006144607428410165,0.004830603457888216,0.012370991723107346,0.010347335894014152,743.5861968994141,727.34064453125,1.0223355486735295,43.72964671284586,3.881061955898872,5.214384271535364,-1.333322315636492,0.7945933413841092,3.63,332.7395,17.28,4.13,0
2026-06-23,731.7628784179688,737.7978798883457,730.4860198600484,731.9922892059834,66846800,-0.014522012225013592,-0.025648362781324097,-0.013639500021020212,0.009849602583117753,0.010817781101282212,743.0802520751953,728.4551953125,1.0200768102922533,38.77470900081661,2.823016339867422,4.736110685201775,-1.9130943453343532,1.1153038272269125,3.63,332.74766666666665,19.49,4.126666666666666,0
2026-06-24,731.4237060546875,738.1171068570358,729.0296875445486,733.3489180103626,57439500,-0.0004635003677893046,-0.020259176246142596,-0.02059852318828459,0.010040601483858592,0.01068232119394729,742.3110961914062,729.4308337402343,1.017657962695554,40.6646573841731,1.9348356106935398,4.175855670300129,-2.241020059606589,0.94547893682075,3.63,332.7558333333333,18.63,4.123333333333333,1
2026-06-25,732.4810791015625,737.5385276888334,727.7927091295785,737.0796452204372,53934400,0.0014456368287247834,-0.006435295189051837,-0.01901269482978918,0.008990015383392077,0.010694927862093698,741.6012786865234,730.2612609863281,1.0155287132236466,39.61019949324592,1.3012669564113821,3.6009379275223794,-2.2996709711109973,0.8792244220239406,3.63,332.764,18.89,4.12,0
2026-06-26,727.1842651367188,734.7056273477464,714.8050317832251,727.144386135875,71034000,-0.007231332133985857,-0.02376993583071907,-0.03144967043872915,0.006343764890103509,0.010671933540604913,740.4206634521485,730.8767041015625,1.0130582344423167,46.131119615090356,0.3675141394058983,2.9542531698990833,-2.586739030493185,1.1308134895603041,3.63,332.77216666666664,18.41,4.116666666666666,1
2026-06-29,739.1644897460938,739.7231001504891,730.27658724538,734.7055914816465,58035200,0.01647481275894025,-0.004554131572605202,-0.017939703031975007,0.01154570650859889,0.011384381694309444,739.7455322265625,731.6975256347656,1.0109990895278962,51.90693875065958,0.5874406574354225,2.480890667406351,-1.8934500099709286,0.9217101010566238,3.63,332.7966666666667,17.65,4.1066666666666665,1
2026-06-30,744.9202270507812,746.1671307285668,739.0547872797607,739.4537599262709,55626000,0.007786815227913024,0.017980344481614008,-0.012980298542418556,0.008968852576102705,0.011523326002568368,739.2557098388672,732.4647155761719,1.0092714285320261,55.80214428466886,1.2122004134457711,2.2271526166142355,-1.0149522031684644,0.8751144806149305,3.63,332.8048333333333,16.45,4.103333333333333,0
2026-07-01,743.9127197265625,747.5835968507926,740.541087308444,743.1545925484338,47100900,-0.0013525036475483532,0.01707493695992013,-0.015651987107163867,0.009077759619644956,0.011515148136974684,738.6642669677734,733.2400146484375,1.00739764907939,62.39854086155071,1.6074993484057813,2.103221962972545,-0.4957226145667635,0.7320601480831465,3.63,332.813,16.59,4.1,0
2026-07-02,742.9351806640625,749.4489739445169,738.1969465958291,745.5486859530862,57447800,-0.0013140507435593918,0.014272179665477003,-0.009998468505918123,0.009309117748007086,0.011421373221543768,738.2891052246093,734.0880932617188,1.0057227627058007,55.701753012991084,1.820907086213083,2.0467589876206524,-0.2258519014075695,0.8887005710023147,3.63,332.85551612903225,16.15,4.1,1
2026-07-06,749.4190673828125,750.5462122974698,745.5585975722108,746.885320136641,50673300,0.008727392224116226,0.030576572283110837,-0.005117633455904769,0.007547962153179296,0.011570218676320762,738.0963562011718,734.9239685058594,1.0043166202644909,57.085118158591044,2.484588931447206,2.1343249763859635,0.3502639550612425,0.7834463783502733,3.63,333.02558064516126,15.57,4.1,0
2026-07-07,745.85791015625,749.0998597580657,743.364102770238,748.3616416292718,43721500,-0.004751890339538711,0.009055386863153325,0.01638710510223973,0.006049622794083244,0.009962914096812514,738.6976257324219,735.7435424804687,1.0040150991227104,46.36354030923115,2.6921722629851956,2.24589443370581,0.4462778292793854,0.7032957735014901,3.63,333.0680967741935,16.13,4.1,0
2026-07-08,743.5536499023438,744.3017921335774,737.6782249675691,741.3191472958572,43767400,-0.0030894091522385425,-0.0018345281800816737,0.0109580356064789,0.0052729088858075625,0.009995071412031067,739.1006042480469,736.4077856445313,1.003656694912804,47.8262487705027,2.640313117719188,2.324778170508486,0.3155349472107023,0.7071918509596333,3.63,333.1106129032258,16.9,4.1,1
2026-07-09,749.8480224609375,750.1073272936331,743.7431866839036,745.4987759890873,41441700,0.008465256756416295,0.007978493413254961,0.022517590983641922,0.0064953820678097405,0.010107746848879643,739.9262512207031,737.1734387207031,1.0037342806392717,59.58436989059146,3.0717088847322884,2.4741643133532465,0.5975445713790419,0.6955999651878584,3.63,333.15312903225805,15.84,4.1,1
2026-07-10,753.0799560546875,753.5487626123848,746.2468873823584,750.187115173852,42191300,0.004310118179872147,0.013654993941136562,0.04337417516444697,0.006348283954086093,0.009302974318897516,741.491567993164,738.0729797363281,1.0046317753808807,56.66724968248826,3.632509856284173,2.705833421939432,0.9266764343447411,0.7191361972843943,3.63,333.1956451612903,15.03,4.1,0
2026-07-13,747.3142700195312,752.0425191788765,746.1471851864706,750.6060836597362,44013600,-0.007656140611366324,-0.002808571939104554,0.018081765189910115,0.006698827559579832,0.008857067324884355,742.1552062988281,738.8593969726562,1.0044606718675786,53.67690180275076,3.5705469467890225,2.87877612690935,0.6917708198796726,0.7782638655702903,3.63,333.32319354838705,17.16,4.1,1
2026-07-14,749.9677124023438,751.4739818301254,746.8055207475287,749.0499474324819,35143100,0.0035506379166867497,0.00551016780827962,0.016200780410960514,0.006418281401678215,0.008817325758838273,742.7530242919922,739.5579968261719,1.0043201851369763,66.05106756701488,3.692981131462716,3.041617127820023,0.6513640036426929,0.6337028405018325,3.63,333.3657096774193,16.5,4.1,1
2026-07-15,752.9403076171875,753.7084197839658,748.3417413555546,752.3717122204262,43844800,0.003963630921285599,0.012624049005847127,0.0025496552118153826,0.006025995747586909,0.007932456670854448,742.8487670898437,740.2764489746094,1.003474807443621,68.12915780422682,3.9839501977734244,3.2300837418107036,0.7538664559627208,0.8024279573068678,3.63,333.4082258064516,15.67,4.1,0
2026-07-16,748.8604125976562,752.7009125511715,746.0274814662645,750.8953984161742,46409800,-0.005418616825605738,-0.0013170800398192295,0.0030972628336227714,0.005799994192815945,0.007911314632807693,742.9643798828125,740.9658374023437,1.0026972127183018,63.13182075751451,3.8410545621536585,3.3522779058792946,0.48877665627436384,0.8657574836998205,3.63,333.45074193548385,16.73,4.1,0
2026-07-17,741.4487915039062,745.438883195828,738.9649691671198,740.241827732839,62651000,-0.009897199757215702,-0.015444793686603675,0.005728844991596871,0.006451004461128341,0.007711595348908825,743.1755523681641,741.392373046875,1.00240517624151,61.06122649885748,3.094086161387054,3.3006395569808467,-0.20655339559379282,1.1946882699979091,3.63,333.4932580645161,18.77,4.1,0
2026-07-20,740.2518310546875,746.8753371556621,739.6732506975046,745.2094908804986,50422300,-0.0016143534967409945,-0.00945042701333565,-0.006226994754791826,0.005926796542119492,0.0073439593722201095,742.9436309814453,741.5947839355468,1.0018188464578193,51.01248628895216,2.3781102427701626,3.1161336941387097,-0.7380234513685471,0.9902525843932353,3.63,333.6208064516129,18.65,4.1,1
2026-07-21,746.426513671875,747.1845799829406,742.3366329839115,744.4413918284653,34324300,0.008341327043244195,-0.004721801581464513,0.005225764260625265,0.007261743902984466,0.007554725161557796,743.1376495361328,741.9654614257812,1.0015798418811828,51.39173205478278,2.2826267518599934,2.9494323056829663,-0.6668055538229729,0.6823450525794114,3.63,333.6633225806451,17.05,4.1,0
2026-07-22,745.55859375,748.1621748950539,744.5211918106933,744.7705725456777,32836200,-0.001162766737217713,-0.00980385004297113,0.018852712728277377,0.006742275084158932,0.00672096309001592,743.8274353027343,742.1985900878906,1.002194621812271,51.524636396326315,2.1125691312896606,2.7820596708043053,-0.6694905395146447,0.675601592127055,3.63,333.7058387096774,16.64,4.1,0
2026-07-23,736.3515014648438,740.7206569606348,733.3888874570794,737.5385562389782,55437300,-0.012349253784127878,-0.016703928959766245,0.006737265102790824,0.008190467956612005,0.0073491836263286075,744.0738250732422,742.2141467285156,1.0025055819171913,44.70812176515319,1.2207893416418756,2.4698056049718193,-1.2490162633299438,1.1429712452653502,3.63,333.74835483870964,18.7,4.1,1
2026-07-24,737.099609375,741.8777222786117,735.4636571620507,736.6806667930385,44782000,0.0010159657563921787,-0.005865788950960016,0.006305323653004624,0.007423201741194983,0.007346474844644731,744.3047515869141,742.2669519042969,1.0027453730458957,39.09198011240813,0.5678674668973827,2.0894179773569324,-1.5215505104595497,0.9320811090811929,3.63,333.7908709677419,18.58,4.1,1
2026-07-27,737.25927734375,743.6833276942111,734.0472217265344,743.0648074406847,41461200,0.00021661654234961247,-0.004042615749661582,0.013854827022607541,0.0074399461954492,0.007128005842959672,744.8085021972656,742.2407666015625,1.003459437572339,41.89851288716114,0.06258461134939353,1.6840513041554246,-1.621466692806031,0.890364722219508,3.63,333.9184193548387,18.67,4.1,1
2026-07-28,739.0248413085938,740.9500533043114,734.156924420905,737.3589950224286,47322200,0.0023947666975516757,-0.009916143421634938,-0.0001889274166132493,0.005939881437340012,0.006112209205820744,744.8015197753906,742.1332836914063,1.0035953596781326,45.689274543249006,-0.19316277527593684,1.3086084882691524,-1.5017712635450893,1.0280532299129161,3.63,333.96093548387097,18.21,4.1,0
2026-07-29,727.6531372070312,740.8403618199718,727.2939826612791,738.1370526174048,70697200,-0.015387445003102407,-0.024016162771202332,-0.023179783843583213,0.008364200499154612,0.0067258146338168194,743.9381652832031,741.9774584960937,1.0026425422560459,30.735905050798294,-1.2984778609300065,0.7871912184293208,-2.0856690793593273,1.511126187347098,3.63,334.0034516129032,20.66,4.1,1
2026-07-30,739.852783203125,740.6109103701467,732.7703947650456,734.2267392747757,66811300,0.01676574369337569,0.004754905410413457,-0.005457544165839545,0.011398095676946942,0.007827175108631814,743.7351684570312,742.0759741210937,1.0022358820306811,40.0658991270291,-1.176476861558399,0.3944576024317769,-1.5709344639901759,1.3986047509140942,3.63,334.04596774193544,17.09,4.1,1
2026-07-31,745.1796264648438,747.0449895804718,735.8527500027326,742.835410914187,62445900,0.007199869193782904,0.010961906623034201,0.003021051982994072,0.011730754037081797,0.007995652783860272,743.8473907470703,742.3789318847656,1.0019780449029938,48.386164966111956,-0.6425515236621777,0.18705577721298602,-0.8296073008751638,1.30041793116058,3.63,334.0884838709677,15.99,4.1,1
2026-08-03,755.793212890625,756.7009928898597,746.9451890027125,747.5836183167282,59927500,0.014242990614400597,0.025138965512445433,0.008505448800592674,0.012758632902886976,0.008391267799494893,744.1660980224609,742.7445190429687,1.0019139541834976,53.93105527489174,0.6297564362749881,0.27559590902538644,0.3541605272496017,1.236062519775144,3.637741935483871,334.131,15.86,4.106451612903226,1
2026-08-04,769.4193725585938,771.494176400126,758.6361522059436,758.7458651152236,69154800,0.01802895214665101,0.041127888470136265,0.031589746628024384,0.013819020686427813,0.009158105705046018,745.3441711425781,743.3533776855469,1.0026781252588501,59.722225222986815,2.706389296505222,0.7617545865213536,1.9446347099838683,1.3899276333104844,3.6416129032258064,334.131,16.5,4.109677419354838,0
2026-08-05,767.8831787109375,774.9256883846499,767.6039039413469,773.928165423025,44689100,-0.0019965624761277834,0.05528738824424262,0.03272060975262403,0.008312691634031534,0.009131901159937594,746.5606475830078,743.8734057617188,1.0036124988478885,61.57021633296433,4.179993432239826,1.4454023556650482,2.7345910765747776,0.8973655395456215,3.645483870967742,334.131,15.81,4.112903225806451,0
2026-08-06,766.65625,769.9081846177485,765.5589990885744,768.3021872511085,38416900,-0.0015978064697251826,0.036228108355329525,0.022415512257936365,0.009067043032584474,0.009013123879784566,747.4010589599609,744.2703942871094,1.004206353896221,66.57926069967058,5.189016679225119,2.1941252203770625,2.994891458848057,0.7737684618187363,3.6493548387096775,334.131,15.15,4.116129032258065,1
2026-08-07,771.3446044921875,772.0029428489042,767.703621378493,769.1101628301597,43586300,0.0061153280785064545,0.03511230996943815,0.024253265925688217,0.009079278295309134,0.009055401926087656,748.3142913818359,744.7637377929688,1.0047673556172174,69.55214119250928,6.294427653542357,3.0141857070101215,3.2802419465322354,0.8766556098251689,3.653225806451613,334.131,14.9,4.119354838709677,0
2026-08-10,771.1151733398438,773.1301282404592,769.7086319253093,770.6861849056471,39249500,-0.0002974431285415191,0.020272688597742228,0.031848586699261716,0.008471062203539808,0.008821484778338225,749.5043365478516,745.1701098632813,1.005816425843175,66.77966523551738,7.070456813250075,3.8254399282581124,3.245016884991963,0.7932295129195492,3.664838709677419,334.131,15.46,4.129032258064516,0
2026-08-11,768.6513061523438,772.6912620504304,767.2946895097219,772.6115040483734,36740600,-0.003195199981383512,-0.0009982415749371087,0.024912530821028955,0.003675779717589185,0.00887202604833726,750.4385162353516,745.4897937011718,1.0066382163458074,65.3617253484242,7.401334050904211,4.540618752787332,2.8607152981168786,0.741328125961577,3.6687096774193546,334.131,15.28,4.132258064516129,1
2026-08-12,770.5764770507812,772.9805414027246,769.369513273419,772.7910096110111,33179100,0.0025046088948632583,0.0035074323992421164,0.02342306455794163,0.0036752417546999237,0.008854679590990806,751.3203247070312,745.8069897460938,1.0073924420617382,75.20945614233847,7.7297975532048895,5.178454512870844,2.5513430403340456,0.6767484800536845,3.67258064516129,334.131,14.55,4.135483870967742,1
2026-08-13,775.9531860351562,777.4394855444215,772.1925048911166,772.9506321027081,35634500,0.006977515074108265,0.01212660307035418,0.03617866959146676,0.004282187387487389,0.008801029272721883,752.6749633789062,746.2112219238281,1.0086620802062098,76.7919387273243,8.32796315002065,5.808356240300805,2.5196069097198457,0.7349068211281612,3.6764516129032256,334.131,14.63,4.138709677419355,0
2026-08-14,774.4169921875,776.8708596736758,773.509212209858,776.6114939657781,31367900,-0.0019797506799419384,0.003983158341186899,0.04446456864097548,0.004060799896395822,0.00841611844162786,754.323373413086,746.6907934570313,1.010221875002258,75.14518146237177,8.579160468510395,6.362517085942723,2.216643382567672,0.6684787339951013,3.680322580645161,334.131,14.25,4.141935483870967,0
2026-08-17,770.7560424804688,774.8559080861019,770.5964655970525,774.2573577843602,34356600,-0.004727362317670902,-0.000465729208542931,0.04120788378506246,0.004780171040954148,0.008518753027031277,755.848583984375,747.0404333496094,1.0117907281072742,70.93591536137009,8.386157701883008,6.767245209130779,1.6189124927522283,0.7449228139360318,3.691935483870968,334.131,15.19,4.151612903225806,0
2026-08-18,765.5490112304688,767.5939211307613,765.0202948350139,766.7959149360092,43920900,-0.00675574496080833,-0.004036023743203221,0.025618727642088945,0.005560957447226101,0.008600931366956803,756.8047088623047,747.6747631835938,1.0122111192302863,77.21737392228341,7.724000247096569,6.958596216723938,0.7654040303726308,0.9424913923243889,3.695806451612903,334.131,15.84,4.154838709677419,1
2026-08-19,767.1549682617188,770.5564946026684,766.1973243479778,768.4517358705159,40306000,0.0020977847370853286,-0.004440193661448877,0.02896670321120376,0.005503265878690785,0.008582662518668571,757.8845275878906,748.3079809570313,1.0127976005529322,73.1282812792452,7.245303653992096,7.015937704177571,0.2293659498145253,0.8580429230086043,3.699677419354839,334.131,14.89,4.158064516129032,0
2026-08-20,760.7109985351562,766.2472997692572,760.1523881029335,764.0627220124634,45520300,-0.008399827926766523,-0.019643179220491525,0.03308134365429205,0.004145328808922656,0.008288519592769853,759.1025024414063,748.8554992675781,1.013683552012171,62.912572487522105,6.273640035577728,6.867478170457602,-0.5938381348798742,0.9793842269832777,3.7035483870967743,334.131,16.01,4.161290322580645,1
2026-08-21,763.8232421875,765.9479709365374,762.2770937955632,764.1524418077088,39188700,0.004091229991858514,-0.013679645600331858,0.0362551173173995,0.005526737864791583,0.008304430484523883,760.4386840820313,749.6964916992188,1.014328721691714,57.6274291544919,5.689140796430593,6.6318106956522005,-0.9426698992216078,0.8482618334990122,3.7074193548387098,334.131,15.13,4.164516129032258,0
2026-08-24,761.5787963867188,763.3244615010249,760.1922857963137,762.8856098637509,32430900,-0.0029384361156037375,-0.011906810440584503,0.03298638591648362,0.005422745888749017,0.008366127844237434,761.6546600341796,750.2472375488281,1.0152048843560175,40.49798657320974,4.987322174285055,6.302912991378771,-1.3155908170937165,0.70891381373025,3.719032258064516,334.131,15.85,4.174193548387096,1
2026-08-25,764.0127563476562,764.8806573052586,761.159855395616,764.262137078792,27422300,0.003195939766817757,-0.0020067361596395328,0.03381200961366382,0.005238829234913931,0.008371761720608722,762.9040557861329,750.767265625,1.0161658488813163,45.40931934307361,4.574790747273937,5.957288542557805,-1.382497795283868,0.6127571277597594,3.7229032258064514,334.131,15.45,4.17741935483871,1
2026-08-26,764.182373046875,765.449185749943,762.0376744224566,762.8356805789958,28751600,0.00022200767959623668,-0.0038748301683808606,0.050201440730476055,0.005080861551194969,0.007361883485495015,764.730517578125,751.0304040527344,1.0182417561945052,46.9902635784171,4.21297867365854,5.608426568777952,-1.3954478951194123,0.6740493824468787,3.726774193548387,334.131,15.21,4.180645161290323,1
2026-08-27,769.18994140625,770.4468300957561,765.2596984507333,766.5964060257239,34557100,0.006552844629756693,0.01114607635149345,0.03965269695426765,0.0036684065992003503,0.0066371859872218246,766.1973754882813,751.4832397460938,1.0195801249634777,47.39882519032447,4.280960665463681,5.342933388115098,-1.0619727226514168,0.8419869001086074,3.7306451612903215,334.131,14.51,4.183870967741935,0
2026-08-28,767.4442749023438,773.3795487683207,766.4068729286823,769.8483393622295,36744300,-0.0022694869107554583,0.0047406684097142104,0.029878230223663316,0.003951299927590392,0.0065817725651476635,767.3106079101562,752.0876184082031,1.0202409787494875,45.724886980751194,4.14618158562098,5.103583027616274,-0.9574014419952945,0.9242164541330768,3.734516129032258,334.131,14.43,4.187096774193549,0
2026-08-31,765.1499633789062,766.097622354185,762.8257178677422,765.4292990280279,38810800,-0.002989548034258882,0.0046891628405763,0.012380040371750889,0.003963928871059936,0.005919538500321864,767.7784454345704,752.4928125,1.0203133274905138,45.90618318627772,3.810313505975728,4.844929123288165,-1.0346156173124372,1.002826512005635,3.746129032258065,334.131,14.92,4.196774193548388,0
2026-09-01,759.89306640625,762.7758614763637,757.5987149009983,760.1224772031874,41126300,-0.006870413937474118,-0.005392174289209906,-0.012381162331103535,0.004963498645582441,0.004521345567304765,767.3021301269531,752.8397509765625,1.0192104350648732,38.41166056917835,3.0843930183383463,4.492821902298202,-1.4084288839598553,1.10258221283467,3.75,334.131,16.34,4.2,1
2026-09-02,763.2646484375,764.5315220914426,759.8431519587122,760.5614001563074,29566200,0.004436916429827686,-0.0012009235514238714,-0.00601462618466353,0.005560053471859373,0.004644900349179293,767.0712036132812,753.4697863769532,1.0180517088836836,35.610768338416094,2.7494602283136373,4.144149567501289,-1.3946893391876518,0.8090611167299332,3.75,334.131,15.2,4.2,1
2026-09-03,771.2548217773438,772.112737807933,765.5490195828438,765.99791709853,43531600,0.010468417941536634,0.0026844869647133507,0.0059982185984184255,0.006874289954496424,0.005214921849769823,767.3011322021484,754.2664086914062,1.0172813257498188,46.8718867698966,3.093108363201395,3.933941326641311,-0.8408329634399156,1.1829375746866642,3.75,334.131,14.32,4.2,0
2026-09-04,768.2822265625,770.9555808433835,767.0951717806925,770.0977256925568,34054200,-0.0038542322600894074,0.0010918729705331476,-0.003970181306581666,0.0070708084769998195,0.005106350210618885,767.1480133056641,754.982431640625,1.0161137281547101,47.519039813133766,3.0899691541577567,3.7651468921446,-0.6751777379868433,0.9375389732722847,3.75,334.131,14.53,4.2,0
2026-09-08,764.0626831054688,767.7934091111229,763.2447069992287,767.1649647963771,44746100,-0.005492178930014524,-0.0014210028432022348,-0.009145832526974318,0.007435585440795551,0.00524258875106864,766.7953887939453,755.72,1.014655413107957,48.47925841366269,2.7156945789427027,3.5552564295042206,-0.8395618505615179,1.222644530545552,3.75,334.131,15.72,4.2,0
2026-09-09,760.5115356445312,762.5763546117217,759.055130192088,762.1873669257697,32812400,-0.004647717444469568,0.0008138898295337871,-0.010589678886461451,0.006995147524939091,0.005292497787835477,766.3884002685547,756.1469409179688,1.013544271353069,43.46295397654385,2.10822900798496,3.265850945200369,-1.157621937215409,0.9014051386499252,3.75,334.131,16.46,4.2,0
2026-09-10,755.9528198242188,758.2271404471661,754.7657651010062,756.1523365872063,42740400,-0.005994275703456675,-0.009579676758578404,-0.018977554677676478,0.006964436451851104,0.005377473412089697,765.6572174072265,756.3675927734375,1.0122818914011453,45.13761719666086,1.2446107999676315,2.8616029161538217,-1.6169921161861902,1.1589216814619414,3.75,334.131,17.84,4.2,1
2026-09-11,762.3967895507812,764.4816392943262,761.7084962835214,762.8257171109622,45512700,0.008524301461116268,-0.01148522119595874,-0.017470637054334825,0.006101850924354505,0.0055069588529958755,764.9793975830078,756.7372741699219,1.0108916577713538,48.63523978926248,1.067852116033464,2.5028527561297502,-1.4350006400962863,1.2177843766543366,3.75,334.131,15.84,4.2,0
2026-09-14,758.9952392578125,761.6287143614769,756.0525344863368,757.119891309806,43992400,-0.004461653484890693,-0.01208798926175858,-0.01991401671872617,0.006146592072920206,0.005561064105850758,764.2083099365234,757.0584753417969,1.0094442303040045,47.58172234797284,0.6458479714490295,2.131451799193606,-1.4856038277445767,1.1575549163929937,3.75,334.131,17.1,4.2,0
2026-09-15,755.513916015625,758.4665449596201,754.2769973083872,758.2371341657202,46195000,-0.004586752409134642,-0.011188567743026012,-0.01977555234700612,0.006045755463497923,0.005556178016325602,763.4462036132812,757.1803723144532,1.0082752162205095,42.19783963449279,0.030145457409844312,1.711190530836854,-1.6810450734270097,1.196869872431471,3.75,334.131,17.2,4.2,0
2026-09-16,752.1821899414062,759.7833101686804,747.7432005092232,757.6187023523285,59217700,-0.0044098804847823025,-0.010952293703297866,-0.017460438316781235,0.006022901625053684,0.005451689645428018,762.7778625488281,757.3068579101563,1.0072242903672752,39.58801343420639,-0.7183648083125718,1.225279463006969,-1.9436442713195408,1.5044631345215547,3.75,334.131,17.71,4.2,1
2026-09-17,760.7109985351562,761.6786274833105,758.0775841455181,761.2596848801362,49652800,0.011338753705953053,0.006294279994939256,-0.008399827926766523,0.007959562389510485,0.006072389115976581,762.4556640625,757.6500048828125,1.006342848477155,43.06686935855603,-0.6162571821456595,0.8569721339764433,-1.4732293161221028,1.2466591293863796,3.75,334.131,15.44,4.2,1
2026-09-18,761.6900024414062,762.0,757.969970703125,761.3099975585938,65395100,0.0012869590529585029,-0.0009270593988092157,0.0012869590529585029,0.00690066407698837,0.005780377583392176,762.5046142578125,757.8868444824219,1.0060929541250239,45.235057940660354,-0.4511382781585098,0.5953500515494528,-1.0464883297079626,1.6019404038417115,3.75,334.131,14.81,4.2,1
2026-09-21,773.5,774.8900146484375,766.030029296875,766.25,50484700,0.015504992215651825,0.019110476577390623,0.01266884441063465,0.009190908326859926,0.006689213884433094,762.9884521484375,758.2952453613282,1.0061891549707305,55.973097984357224,0.625477628820704,0.6013755670037031,0.02410206181700092,1.2198134545365804,3.75,334.131,14.87,4.2,0
2026-09-22,773.3800048828125,775.1400146484375,772.5700073242188,774.030029296875,34802300,-0.00015513266604716414,0.023647597335345383,0.015495715679170852,0.008352112436736885,0.006639378074192714,763.5785125732422,758.8165600585937,1.006275498935185,60.412994920030535,1.452279909797312,0.7715564355624249,0.6807234742348871,0.8384924516573588,3.75,334.131,14.21,4.2,0
2026-09-23,767.8099975585938,773.0499877929688,766.5,772.7899780273438,54931700,-0.007202161019229769,0.020776625432203932,0.00497012802389607,0.009168105706577256,0.006844995885186857,763.7683746337891,759.1734057617188,1.006052594620935,53.39415103609776,1.6391782076641448,0.9450807899827689,0.6940974176813759,1.2810184959540611,3.75,334.131,15.18,4.2,0
2026-09-24,767.1799926757812,768.9500122070312,763.25,764.0700073242188,43983700,-0.000820521854125067,0.00850387880953729,0.003922649533192546,0.00836344465431643,0.006849349486683925,763.9182556152343,759.4581994628907,1.0058726815452095,46.58142678655552,1.71667160471236,1.0993989529286872,0.6172726517836729,1.0078094076066253,3.75,334.131,15.67,4.2,1
2026-09-25,771.3499755859375,772.280029296875,766.2899780273438,768.780029296875,36666700,0.005435468794763754,0.012682289531920743,0.0028081934817536514,0.008513820034899186,0.006799331976175931,764.0262573242187,759.9079907226562,1.0054194279463309,52.522995187123904,2.0904708048657312,1.297613323316096,0.7928574815496352,0.8381275135945112,3.75,334.131,14.87,4.2,0
2026-09-28,765.6099853515625,769.5399780273438,763.719970703125,768.3499755859375,42694500,-0.007441486246259066,-0.010200406785310312,-0.002390127349656268,0.005402462246487727,0.006992295556706666,763.9345428466797,760.3912145996094,1.004659875310285,51.241492317742896,1.9016194380856177,1.4184145462700004,0.4832048918156173,0.9693191404005802,3.75,334.131,16.07,4.2,0
2026-09-29,764.2000122070312,766.97998046875,762.3499755859375,766.8300170898438,36910500,-0.0018416336927525867,-0.011869963818333051,-0.0012415228613225082,0.005307425617766909,0.006971980168143914,763.8870452880859,760.8701782226562,1.0039650220915175,53.06478900668217,1.619511598587792,1.4586339567335587,0.16087764185423326,0.8398131094165414,3.75,334.131,16.04,4.2,0
2026-09-30,762.6300048828125,769.4099731445312,762.1799926757812,766.4500122070312,62110000,-0.002054445562863161,-0.006746451195285386,0.003601741610179676,0.0045871269834801085,0.006804784860337038,764.023892211914,761.194248046875,1.0037173746022117,55.83809439441759,1.2547882158688708,1.4178648085606211,-0.16307659269175034,1.3802211487168843,3.75,334.131,16.34,4.2,1
2026-10-01,763.989990234375,765.6500244140625,758.7899780273438,764.3599853515625,47708100,0.0017832832997064507,-0.004158088677834404,0.0009503149377609876,0.00480415378477762,0.006743453091836825,764.0601593017578,761.5628759765625,1.0032791558044278,51.52891424421159,1.0632255569872768,1.3469369582459525,-0.28371140125867567,1.0392307251618649,3.75,334.131,16.39,4.2,1
2026-10-02,769.6400146484375,772.6500244140625,767.1500244140625,770.5800170898438,46306400,0.0073954168068735004,-0.0022168418897026143,-0.002093740075666539,0.005475587363418466,0.006525518279555168,763.9794189453125,762.2286462402344,1.0022969127619565,59.79265208583197,1.3517385204442007,1.3478972706856023,0.003841249758598453,1.0056580535887367,3.75,334.131,15.31,4.2,1
2026-10-05,774.8300170898438,776.60498046875,769.6900024414062,769.6900024414062,44092056,0.00674341554834168,0.012042726603216147,0.008522636995834665,0.00452860887209251,0.00663270405884983,764.3068084716797,762.9832543945313,1.0017347092082627,67.22821098794856,1.9763943017211432,1.4735966768927105,0.5027976248284327,0.9472432904981634,3.75,334.131,15.31,4.2,0
