Date,close,high,low,open,volume,return_1d,return_5d,return_20d,volatility_5d,volatility_20d,sma_20,sma_50,sma_ratio,rsi_14,macd,macd_signal,macd_hist,volume_ratio,fed_rate,inflation,vix,unemployment,target
2021-12-15,145.0606231689453,145.33798264479324,140.342519317884,142.05720547693662,36370000,0.017608612113433786,-0.011779198959169346,-0.009704108949190937,0.013158735067368622,0.01509459590069172,144.18158340454102,142.92948455810546,1.0087602558024096,50.56577769861681,0.34047732862291014,0.33021175055345703,0.010265578069453107,1.19039826137048,0.08,281.61183870967744,19.29,3.945161290322581,0
2021-12-16,143.08346557617188,146.2849953541412,142.25335200656264,145.78326939220364,33650000,-0.01362987108135294,-0.021630489604289593,-0.024330256462547162,0.014136246666147788,0.015374923666797158,144.00317993164063,143.06578765869142,1.0065521763678786,54.279875187187166,0.21673430109660785,0.30751626066208726,-0.09078195956547941,1.0766070720126952,0.08,281.6666129032258,20.57,3.9483870967741934,0
2021-12-17,140.38909912109375,142.4787119667157,139.9681021693179,141.15678788642228,50416000,-0.018830732427596586,-0.04240821032643849,-0.05414836970964576,0.014788679252913679,0.015530120456212685,143.6013282775879,143.11531646728517,1.0033959454676105,42.62458547140724,-0.09762048669915657,0.2264889111898385,-0.32410939788899507,1.575696962120265,0.08,281.7213870967742,21.57,3.9516129032258074,0
2021-12-20,140.27220153808594,140.43813355928052,138.0077539378615,138.6803545036419,27192000,-0.0008326685172826975,-0.02893531967071461,-0.04914839065755572,0.014645454416489739,0.015513625468394396,143.23880310058593,143.15140258789063,1.0006105459752073,49.34816435977428,-0.35212252949474987,0.11076662305292083,-0.4628891525476707,0.8585636929100295,0.08,281.88570967741936,22.87,3.961290322580645,1
2021-12-21,142.12010192871094,142.5128640742821,139.17809655875658,140.71447143074917,28756000,0.013173674971681981,-0.0030193134586216086,-0.019340217126937453,0.015995398791994034,0.015451647930899865,143.09866104125976,143.24171295166016,0.9990013250508344,55.19457426344701,-0.40009506713948895,0.008594285014438874,-0.4086893521539278,0.9105878478511444,0.08,281.94048387096774,21.01,3.964516129032258,1
2021-12-22,145.03485107421875,145.11905649477936,141.71891688502382,141.71891688502382,26322000,0.020509056114875968,-0.00017766430450627535,0.004341861553460946,0.01684636433792489,0.016152020053051497,143.13001098632813,143.43915313720703,0.997844785443043,57.08757828307768,-0.2006052993604044,-0.033245631860529784,-0.1673596674998746,0.8346969062749724,0.08,281.9952580645161,18.63,3.967741935483871,1
2021-12-23,145.53167724609375,146.84616490784407,145.07154761613486,145.11909928211776,26384000,0.0034255640502622864,0.01711037442421004,0.00545116913551813,0.01500272090314711,0.016161049834974666,143.16946182250976,143.62408325195312,0.9968346434723915,60.29626923804219,-0.002390939960974947,-0.02707469348061882,0.024683753519643872,0.8257386079118678,0.08,282.0500322580645,17.96,3.970967741935484,1
2021-12-27,146.51234436035156,146.9457205351442,145.7822917221511,145.86797843863056,15976000,0.006738513104604049,0.04361624426392363,0.04025449734801989,0.008395820932525003,0.01486513927741556,143.45293960571288,143.75792053222656,0.9978785104473926,60.022367308638316,0.2311623130131295,0.024572707818130847,0.20658960519499867,0.5116036288760155,0.08,282.2691290322581,17.68,3.983870967741936,0
2021-12-28,145.3043212890625,146.90112605445643,144.67779110911528,146.83871638730724,18200000,-0.008245196516123543,0.035873962879311216,0.007946791910653062,0.010791170661792247,0.014130734469603591,143.5102195739746,143.8632977294922,0.9975457384816697,48.60035709104045,0.31514478970751725,0.08268712419600813,0.23245766551150912,0.5965746128001311,0.08,282.3239032258065,17.54,3.987096774193549,0
2021-12-29,145.27261352539062,146.02743941952565,144.27461818483408,145.26221443419607,17788000,-0.00021821624705020692,0.02218202459678098,0.03352765786434664,0.010572842304348616,0.012805908773027272,143.74585189819337,143.94010681152344,0.9986504462332765,46.15671858148462,0.37482223856596875,0.14111414707000025,0.2337080914959685,0.6072336866540359,0.08,282.37867741935486,16.95,3.990322580645161,0
2021-12-30,144.82241821289062,145.91155689259517,144.61836625158207,145.31126625234555,15688000,-0.0030989689080063165,-0.0014647021716139852,0.03650449714131021,0.005796237767553686,0.012731205521997765,144.0008758544922,143.9988180541992,1.0000142903971074,46.374381114095605,0.38139357968219656,0.1891700335924395,0.19222354608975706,0.5528440386370604,0.08,282.43345161290324,17.33,3.9935483870967743,0
2021-12-31,143.4866485595703,145.31574030133416,143.4866485595703,144.67335443030515,18136000,-0.009223500545037955,-0.01405212064632022,0.013192072839610436,0.0064932522203132595,0.012648591567332204,144.09428787231445,144.0598974609375,1.0002387230033,42.43520099217757,0.2756385773895147,0.20646374235185455,0.06917483503766014,0.651811385853939,0.08,282.4882258064516,17.22,3.996774193548387,1
2022-01-03,143.6248016357422,144.47619703135243,142.35834947327606,143.68769497903742,28646000,0.0009628287897081034,-0.0197085285694929,0.02105616224090512,0.004610959888280163,0.01252558884758489,144.24237899780275,144.1214224243164,1.00083926852408,47.7769184018451,0.20066167195579965,0.20530332827264358,-0.004641656316843934,1.0533631429538,0.08,282.66925806451616,16.6,3.9935483870967743,0
2022-01-04,143.0383758544922,145.1042126846341,142.36181523730556,144.02547327559515,28400000,-0.004083039799332666,-0.015594480704139047,0.00869318290644494,0.003977112805110914,0.012463440327984677,144.30401611328125,144.25679412841797,1.0003273466955134,51.410927506224354,0.09285193532591052,0.18281304968329698,-0.08996111435738646,1.0485934448140777,0.08,282.7323870967742,16.91,3.990322580645161,0
2022-01-05,136.476318359375,143.13743534952337,136.39014797936144,143.05868641427153,54618000,-0.04587620249402535,-0.06055026444800771,-0.064470403159674,0.019137004061110213,0.014558640274784042,143.8337646484375,144.26329162597656,0.9970226176548593,29.887665996709558,-0.5161414982291035,0.0430221401008169,-0.5591636383299203,1.9366162225027301,0.08,282.79551612903225,19.73,3.987096774193549,0
2022-01-06,136.44911193847656,138.6209506250798,135.27132385500752,135.7071789046073,37348000,-0.0001993490242518936,-0.057817749335639546,-0.07044484054016997,0.019524182769675397,0.014409224362278265,143.31673583984374,144.23236602783203,0.9936517009794348,32.89316614272056,-0.9895614640976476,-0.163494580738876,-0.8260668833587715,1.2942574861297376,0.08,282.8586451612903,19.61,3.983870967741936,0
2022-01-07,135.72549438476562,137.1435045219938,134.48677792389836,136.8433516114243,29760000,-0.005303204567848052,-0.05408973066635214,-0.07194248507527934,0.019725367197946098,0.014414585792786185,142.79066772460936,144.05009063720703,0.9912570488013815,36.614373932466165,-1.4069219662667933,-0.41218005784445944,-0.9947419084223339,1.0198346880868505,0.08,282.9217741935484,18.76,3.9806451612903215,1
2022-01-10,137.36239624023438,137.51099140949978,131.90929663777965,133.8047579348391,44408000,0.01206038602319115,-0.04360253468889297,-0.06305330205106208,0.021898500653124382,0.014783096861309868,142.328466796875,143.90785400390624,0.9890250103584454,42.31844126757784,-1.5873014485412114,-0.6472043359838099,-0.9400971125574015,1.471501423189203,0.08,283.11116129032257,19.4,3.970967741935484,1
2022-01-11,138.41883850097656,138.89432489527653,135.4040389194939,136.70614733101905,28730000,0.007690913158609813,-0.032295790034800986,-0.04176562649865778,0.023115652295519453,0.014709918736723232,142.02681045532228,143.74321990966797,0.9880591971195279,39.80297562796579,-1.626260903044141,-0.8430156493958761,-0.7832452536482649,0.949384866018763,0.08,283.17429032258065,18.41,3.967741935483871,1
2022-01-12,140.09735107421875,141.26375722339816,139.36829621800032,139.81949281195844,26108000,0.012126330428862353,0.026532315337732815,-0.017209027005445243,0.007757024842626999,0.0147889739999057,141.90415267944337,143.70227966308593,0.9874871366838556,35.40281384148729,-1.5043533655094734,-0.9752831926185956,-0.5290701728908778,0.8806940846286702,0.08,283.2374193548387,17.62,3.964516129032258,0
2022-01-13,137.2806854248047,141.50350289892145,137.10435430356105,140.20583825361632,31436000,-0.02010506000161194,0.006094385478324416,-0.053632319882423896,0.013924958038188178,0.014727526481500858,141.51515579223633,143.56666076660156,0.9857104360900307,28.549179593005775,-1.6163894108072725,-1.103504436256331,-0.5128849745509414,1.069320806446675,0.08,283.3005483870968,20.31,3.961290322580645,1
2022-01-14,138.16575622558594,139.41537040651573,135.7071568754875,135.78688828807677,29662000,0.006447161871624196,0.01797939180020558,-0.03436951523911713,0.01351886234796933,0.014623456788959738,141.26927032470704,143.42565185546874,0.9849651613720068,28.192251938769488,-1.6151426085046978,-1.2058320707060046,-0.4093105377986932,1.015867144770144,0.08,283.3636774193548,19.19,3.958064516129032,0
2022-01-18,134.71607971191406,135.8388944592343,134.1618595013737,134.89141323912568,34872000,-0.024967666431322644,-0.019265218143778906,-0.040409258586995955,0.01735375426388611,0.01506091102522039,140.98561935424806,143.18257537841797,0.9846562612918258,25.236125633897302,-1.8709474555576548,-1.3388551476763348,-0.53209230788132,1.2269584645426876,0.08,283.6161935483871,22.79,3.945161290322581,0
2022-01-19,133.84291076660156,136.65911532585005,133.74286483474455,135.2366462750776,28648000,-0.0064815495461250094,-0.03305856185422851,-0.04583438985762789,0.016129752452156507,0.015091772355906105,140.66415481567384,142.91045471191407,0.9842817665035883,24.28043930748572,-2.11969752275445,-1.495023622691958,-0.6246739000624919,1.005394061268394,0.08,283.6793225806452,23.85,3.941935483870968,0
2022-01-20,132.05091857910156,136.32872359744084,131.71114945131728,134.9656869674604,29908000,-0.013388771786537967,-0.057434579836234456,-0.07084981795650691,0.01230934261099931,0.014831079929874733,140.16069564819335,142.59894866943358,0.9829013254025282,22.89770920585414,-2.4333820231478853,-1.6826953027831435,-0.7506867203647418,1.0474959634910461,0.08,283.7424516129032,25.59,3.938709677419354,0
2022-01-21,129.12281799316406,133.59426174993882,128.86031646787782,131.34368942250475,55652000,-0.02217402663642587,-0.05942472829587586,-0.10971178970571716,0.012691405976109982,0.014244481890816195,139.36509399414064,142.23110900878908,0.9798495910309514,21.448208423213458,-2.8849960571133124,-1.9231554536491775,-0.9618406034641349,1.8539295898515578,0.08,283.8055806451613,28.85,3.935483870967742,1
2022-01-24,129.571044921875,129.96628601137778,123.3264654551232,124.79053071235748,76622000,0.003471322386525477,-0.062205799313096,-0.10967119067300624,0.011628711123336882,0.0142460276179997,138.5670623779297,141.93216400146486,0.9762907749120175,22.40472719232173,-3.170191273945619,-2.172562617708466,-0.9976286562371532,2.3554040386962307,0.08,283.9949677419355,29.9,3.925806451612903,0
2022-01-25,125.73851013183594,128.17928897797395,125.30811164753264,127.52650408806734,46960000,-0.0295786361246827,-0.06664066828010706,-0.14178896883542969,0.01295157468379411,0.01487853378437938,137.52837066650392,141.55908416748048,0.9715262815898995,19.87154207966836,-3.6632365550116504,-2.470697405169103,-1.1925391498425473,1.377954488768908,0.08,284.0580967741936,31.16,3.92258064516129,1
2022-01-26,128.0148468017578,131.7463372318321,125.94355325697116,129.88307087009878,49130000,0.01810373502545204,-0.043544061702355474,-0.11898802687987309,0.019403813026431203,0.01593872014779622,136.66389694213868,141.1738494873047,0.9680539096897575,32.67827880758253,-3.8261911969356106,-2.741796163522405,-1.0843950334132058,1.3790490091506202,0.08,284.1212258064516,31.96,3.9193548387096775,0
2022-01-27,127.78900146484376,131.40211160207753,127.71717517752968,130.06632706054074,31950000,-0.0017642120625570579,-0.03227480096402968,-0.12035036498803742,0.01939996763877215,0.01591195115405552,135.78971633911132,140.78857543945313,0.9644938583635887,32.41465725640285,-3.928275046436852,-2.9790919401052944,-0.9491831063315574,0.8793392433003707,0.08,284.1843548387097,30.49,3.916129032258064,1
2022-01-28,132.09402465820312,132.09948115838165,127.27389448111536,128.43682430725084,34362000,0.03368852674338907,0.023010701835800784,-0.08788966315958502,0.02365523183393951,0.018251904026660364,135.15329666137694,140.5008139038086,0.9619395995378879,43.56225079933564,-3.6200679496078862,-3.107287142005813,-0.5127808076020735,0.9220292048363466,0.08,284.24748387096776,27.66,3.9129032258064513,1
2022-01-31,134.02813720703125,134.19604930787796,130.96330681145255,132.8974020956584,39986000,0.014641938224175588,0.03439882952123807,-0.06591910430336823,0.02402486199678933,0.018696716498529428,134.68037109375,140.24834594726562,0.9602991763224844,44.150773493913974,-3.1830526368056553,-3.1224402409657817,-0.060612395839873656,1.0423797519831701,0.08,284.4368709677419,24.83,3.903225806451613,1
2022-02-01,136.34657287597656,136.49417046627246,133.1019500878879,136.2975399437779,68644000,0.017298126477457876,0.08436606042984085,-0.050675291989084825,0.01260586846359964,0.01923876165046317,134.31645965576172,140.00675476074218,0.9593569959199139,46.5188040155973,-2.619441182964323,-3.0218404293654904,0.4023992464011674,1.7007844361524471,0.08,284.5,21.96,3.9,1
2022-02-02,146.60494995117188,150.1180141843333,144.15080955105117,149.82431540618072,123200000,0.07523751319020344,0.14521833688714603,0.024934386141994835,0.029336227179541974,0.025900367682826057,134.4947883605957,139.98839965820312,0.9607566676165977,58.485907029532605,-1.3296820016432775,-2.683408743821048,1.3537267421777703,2.731695203125485,0.0842857142857142,284.6133571428571,22.09,3.892857142857143,0
2022-02-03,141.74124145507812,148.26417842133202,141.32074324186965,144.33209690892662,71518000,-0.033175608993513905,0.10918185313524642,0.03857755806277918,0.039020456883395734,0.024809168747037237,134.75803451538087,139.924765625,0.9630749346869301,55.52177357417099,-0.6920219874574229,-2.285131392548323,1.5931094050909,1.556593507047526,0.0885714285714285,284.7267142857143,24.35,3.8857142857142857,1
2022-02-04,141.9423370361328,143.50942602373587,139.19052224423842,142.09241348974794,57998000,0.0014187513739141178,0.07455532075286864,0.04025841590037671,0.0391767526854627,0.024803634071948563,135.03269577026367,139.87545532226562,0.9653780604978587,54.75560426621332,-0.168502705062906,-1.8618056550512396,1.6933029499883336,1.2345857715469255,0.0928571428571428,284.84007142857143,23.22,3.878571428571429,0
2022-02-07,137.8888702392578,142.8902734635897,137.59069748325538,142.8902734635897,54974000,-0.028557137225683094,0.028805392007074992,0.01593934775701955,0.04379042608191391,0.02570556821719074,135.14086456298827,139.73837951660155,0.9670991250255119,53.9354466527165,-0.07977124305079997,-1.5053987726511517,1.4256275296003518,1.1396314968987362,0.1057142857142857,285.18014285714287,22.86,3.857142857142857,1
2022-02-08,138.08502197265625,138.68035486899515,135.72250851145188,137.71603558970185,54284000,0.0014225349229279871,0.012750222172881465,0.0052607245665550195,0.04338033044838385,0.025576568029636905,135.17699584960937,139.6832241821289,0.9677396597987745,55.35168619569842,0.006304214387057527,-1.20305817524351,1.2093623896305676,1.113924674034827,0.11,285.2935,21.44,3.85,1
2022-02-09,140.25735473632812,141.18107530667282,138.8655994195183,139.6347846354997,40144000,0.015731849353668892,-0.0432972775950462,0.013282268911240624,0.02118435901132811,0.025756996075402744,135.26892166137696,139.6051968383789,0.9689390131943151,60.25452067446607,0.24696191045734395,-0.9130541581033393,1.1600160685606833,0.8142320228627525,0.1142857142857143,285.4068571428571,19.96,3.842857142857143,0
2022-02-10,137.3133544921875,140.15085547320035,136.65660953339068,138.38665259987917,39330000,-0.02098998836585142,-0.031239228028731136,-0.019871871671266583,0.01813656274426202,0.02606465724105412,135.12972183227538,139.54026458740233,0.9683923291376277,60.23058775634363,0.1978479843649268,-0.6908737296096862,0.888721713974613,0.7871667600672484,0.1185714285714285,285.5202142857143,23.91,3.835714285714286,0
2022-02-11,133.01675415039062,137.8448048052889,132.1425653416151,137.29356222530336,39958000,-0.03129047686356923,-0.06288175235180249,-0.031059950358053978,0.020454754182425743,0.02661740416031322,134.9165252685547,139.40616088867188,0.9677945681059064,53.92646378656207,-0.1856350104589808,-0.5898259857795451,0.40419097532056436,0.7929732229148185,0.1228571428571428,285.63357142857143,27.36,3.8285714285714287,1
2022-02-14,134.24851989746094,135.01522615488605,132.00041169653696,132.00041169653696,34302000,0.009260230073556475,-0.026400610400827307,-0.028351716337941646,0.020131639627183385,0.026667577967236424,134.72066345214844,139.2587631225586,0.9674124660548918,60.30835304268236,-0.3857086361477684,-0.5490025158531898,0.16329387970542142,0.6776091865015478,0.1357142857142857,285.97364285714286,28.33,3.8071428571428574,1
2022-02-15,135.3208465576172,136.80670770122907,134.54126220495533,136.27376928506482,26680000,0.007987623706952496,-0.02001792356296561,0.004489195699551196,0.020869923023590118,0.02612818573769055,134.7509017944336,139.1519204711914,0.9683725624349615,59.11580815157793,-0.4525242088983532,-0.5297068544622225,0.07718264556386933,0.5313417973612148,0.14,286.087,25.7,3.8,1
2022-02-16,136.43968200683594,136.7843937626377,133.6521963761595,135.35846364202985,25022000,0.00826801987779735,-0.027219055547347826,0.01940163453828858,0.019328211426262044,0.0261276333678195,134.8807403564453,139.0446014404297,0.9700537738189836,60.55830626390484,-0.41046379035898894,-0.5058582416415759,0.09539445128258695,0.500127920177809,0.1442857142857143,286.2003571428571,24.29,3.792857142857143,0
2022-02-17,131.28968811035156,135.82106231860794,131.22975729540616,134.95876898649715,38950000,-0.03774557240778642,-0.043868030200796326,-0.005764673785998764,0.023679818347390243,0.027384781201318657,134.84267883300782,138.75276824951172,0.9718197376107655,49.03813273706188,-0.7836585448940809,-0.5614183022920769,-0.22224024260200403,0.7715422723950296,0.1485714285714285,286.3137142857143,28.11,3.7857142857142856,0
2022-02-18,129.17384338378906,132.80628624167994,128.96929259881463,132.20895804605414,45620000,-0.016115848525621423,-0.028890426556768323,0.00039516943184825237,0.0208666536981013,0.02715844021337056,134.84523010253906,138.40045135498048,0.9743120689446113,44.220106546068045,-1.235902350196966,-0.6963151118730547,-0.5395872383239112,0.9127340606662039,0.1528571428571428,286.4270714285714,27.75,3.778571428571429,0
2022-02-22,128.5898895263672,130.93456750573523,127.01486532309563,128.61414903757367,44990000,-0.004520681913031677,-0.04215041160540034,-0.00757233528601553,0.019249155476599448,0.02716913284019352,134.79617233276366,138.04731201171876,0.9764490910284503,40.366391775553005,-1.6227232763089887,-0.8815967447602415,-0.7411265315487472,0.9295435340009628,0.17,286.8805,28.81,3.75,0
2022-02-23,126.38533782958984,130.80626652257473,126.32540702149346,130.40756416293632,32786000,-0.01714405156499732,-0.06603201912591317,0.005144229059782068,0.017047233643797913,0.02659363828656218,134.82851371765136,137.64289047241212,0.9795530539565003,18.60759868518464,-2.0831572053270406,-1.1219088368736014,-0.9612483684534392,0.6874614710409005,0.1742857142857143,286.9938571428571,31.02,3.742857142857143,1
2022-02-24,131.4402618408203,131.746354920063,123.77569929866216,123.77569929866216,54456000,0.03999612690869414,-0.03664198048896905,0.026757951320810935,0.028922385257536924,0.02777679489077028,134.9997844696045,137.38265640258788,0.9826552201320042,34.101386938119546,-2.016914553886039,-1.300909980276089,-0.7160045736099501,1.1355006599565867,0.1785714285714285,287.1072142857143,30.32,3.7357142857142858,1
2022-02-25,133.1920623779297,133.99640480515075,130.50958076102134,132.29311543596697,36406000,0.013327731644592111,0.014489898597208395,0.04228111066798168,0.023995184683753792,0.027883029302444184,135.2699375152588,137.19548751831056,0.9859649173753271,37.111687263256826,-1.8022854872168637,-1.401185081664244,-0.4011004055526197,0.7556168989528959,0.1828571428571428,287.2205714285714,27.59,3.7285714285714286,1
2022-02-28,133.78395080566406,134.47189303756042,131.34267336042723,131.79586516819953,38864000,0.004443871632942464,0.03568917128352278,0.01279335800263226,0.021510092912028198,0.026907648203961045,135.35443382263185,136.96995407104492,0.9882052946621044,43.267306116585566,-1.5663737742269461,-1.4342228201767844,-0.13215095405016175,0.8028823111375544,0.1957142857142857,287.56064285714285,30.15,3.707142857142857,0
2022-03-01,132.7978515625,134.97117152488107,131.96281035792023,133.6071519863644,26496000,-0.007370833625600426,0.032723894947199295,-0.00917930868971828,0.021932646590844762,0.026769029261701587,135.29291954040528,136.76424179077148,0.9892419083299778,41.54726724247707,-1.4423554341684337,-1.4358493429751145,-0.006506091193319241,0.5551097711973955,0.2,287.674,33.32,3.7,1
2022-03-02,133.3030242919922,133.98750520472257,131.81716337457922,133.35899498471252,23520000,0.0038040730595285677,0.05473488128606907,-0.02232214950318434,0.017876784751474327,0.02647519333739776,135.14074211120607,136.62252029418946,0.9891542171832822,38.255898089749714,-1.288454289785136,-1.4063703323371188,0.11791604255198274,0.5172083940811305,0.2041935483870967,287.70261290322577,30.74,3.7,0
2022-03-03,132.63735961914062,135.15341075297445,131.7715899019404,134.72795489655672,24604000,-0.00499362018519145,0.009107542556253012,-0.09527366120095726,0.008278639751298214,0.019509400458028448,134.4423625946045,136.46982345581054,0.9851435225028884,41.445126659561005,-1.2062946857261352,-1.3663552030149222,0.160060517288787,0.6068304184722692,0.2083870967741935,287.7312258064516,30.48,3.7,0
2022-03-04,130.66314697265625,132.58982070864644,129.1089360838298,131.67453429885822,30430000,-0.014884287897114379,-0.018986982858615775,-0.07815717125585386,0.008105867729342218,0.01851308351834689,133.8884578704834,136.24068435668946,0.9827347719419278,45.29410975061338,-1.2856647263028549,-1.350217107672509,0.06455238136965402,0.790580581802877,0.2125806451612903,287.7598387096774,31.98,3.7,0
2022-03-07,125.187255859375,130.49326412434095,125.10453924382728,130.24859827584922,45112000,-0.041908458813005534,-0.06425804361822673,-0.118041463361933,0.01744556602135103,0.02030640521818696,133.05070381164552,135.84373245239257,0.9794394000346988,34.511273841890784,-1.7700210038676971,-1.4341778869115465,-0.33584311695615066,1.191975987148051,0.2251612903225806,287.84567741935484,36.45,3.7,1
2022-03-08,125.90641021728516,130.01283483137684,124.48988912406124,125.05996493303869,40428000,0.00574462913955065,-0.05189422316799652,-0.08689939950324699,0.019394033889636834,0.019747511395145478,132.4515808105469,135.4512271118164,0.9778544176732097,33.710913460535735,-2.0719627995753456,-1.5617348694443063,-0.5102279301310393,1.0891427863283323,0.2293548387096774,287.87429032258063,35.13,3.7,1
2022-03-09,132.16236877441406,132.47490076693822,128.6760431854183,130.01282521138089,37026000,0.049687371328692276,-0.008556861508855151,-0.042891351383606224,0.03352818675311846,0.023146501561615858,132.15544815063475,135.16422760009766,0.97773982433899,43.71632239046861,-1.7858639477852876,-1.6065606851125027,-0.17930326267278485,1.0212322306253827,0.2335483870967742,287.9029032258064,32.45,3.7,0
2022-03-10,131.1812286376953,132.01578605372748,129.67852951814072,130.0286978025834,27102000,-0.007423748119961715,-0.010978286853918773,-0.06471051814498541,0.03361314901828558,0.02279268280002881,131.70164184570314,134.88176574707032,0.9764228775939178,49.818424729795666,-1.6196282890807652,-1.6091742059061553,-0.01045408317460983,0.76120446802475,0.237741935483871,287.9315161290322,30.23,3.7,0
2022-03-11,128.6463623046875,132.53436897182246,128.40961664837604,132.23025592802583,31526000,-0.01932339222106827,-0.015434992304224848,-0.06311834868175992,0.03410163985875534,0.022726760567867748,131.26829223632814,134.54924072265624,0.9756152582600518,49.129146059807255,-1.6731409330242002,-1.6219675513297642,-0.05117338169443597,0.8952714695049399,0.2419354838709677,287.96012903225807,30.75,3.7,0
2022-03-14,124.76377868652344,129.17975763176182,124.09415576058076,129.022259756083,38812000,-0.030180282975810102,-0.0033827498649483534,-0.062044631269052464,0.03098686568203113,0.022655294135378572,130.85564346313475,134.1480679321289,0.9754567880123334,44.303654549956725,-2.0057214306337414,-1.6987183271905597,-0.3070031034431817,1.1039747870954528,0.254516129032258,288.04596774193544,31.77,3.7,1
2022-03-15,127.98019409179688,128.63051531681785,124.53547165916196,125.77913826126164,30920000,0.025780041604501758,0.016470836321461624,-0.04669195467072418,0.03318152413342454,0.02341256472751085,130.54222717285157,133.83793884277344,0.9753753554603563,52.30498725669236,-1.986852825996806,-1.756345226951809,-0.23050759904499696,0.8837441943551269,0.2587096774193548,288.0745806451613,29.83,3.7,1
2022-03-16,132.02420043945312,132.07619590093205,127.52104583130304,129.50071256727475,35576000,0.031598688971791855,-0.0010454438448873615,-0.024361701851757234,0.027397089068892176,0.024518662920205447,130.37739486694335,133.60592681884765,0.9758354136768066,50.869348124071735,-1.6268287367844891,-1.730441928918345,0.10361319213385589,1.0040556215656335,0.2629032258064516,288.1031935483871,26.67,3.7,1
2022-03-17,132.5774383544922,132.81666282246127,130.93902206243152,131.89393987458052,28264000,0.00419042806695713,0.01064336514680031,-0.028307334021419384,0.027091397004032947,0.024454865825143775,130.18428268432618,133.39670806884766,0.9759182559223013,49.05110465740827,-1.2820862835035314,-1.6407707998353824,0.35868451633185106,0.7940574921897826,0.2670967741935484,288.1318064516129,25.67,3.7,1
2022-03-18,134.8424072265625,134.95979002346905,131.01185257108665,132.1668624121389,44566000,0.01708412004472537,0.04816339001642511,0.02706015352268043,0.024563375952780044,0.02317656323756536,130.3619186401367,133.3640298461914,0.9774893484433769,51.553840191925595,-0.8166969723803277,-1.4759560343443716,0.6592590619640439,1.2422509142806173,0.2712903225806451,288.16041935483867,23.87,3.7,0
2022-03-21,134.81863403320312,135.75819522062406,132.8285678332029,134.88004612606667,26832000,-0.0001763035372056576,0.08059114153590308,0.04369917702798998,0.013608990522143016,0.022806786658957325,130.64415817260743,133.33142028808595,0.9798452449567235,53.0528139534026,-0.4446650662995637,-1.26969784073541,0.8250327744358463,0.7680373714069808,0.2838709677419355,288.2462580645161,23.53,3.7,1
2022-03-22,138.54962158203125,139.72048699983432,134.81862924241636,134.81862924241636,35496000,0.027674123651996396,0.08258643116803843,0.07745346148401366,0.01398115540319207,0.023421499044685812,131.14214477539062,133.38790283203124,0.9831637051864546,57.22216971125268,0.1495089673317409,-0.9858564791219799,1.1353654464537208,1.0300309624475132,0.2880645161290323,288.2748709677419,22.94,3.7,0
2022-03-23,136.97210693359375,138.27273404848066,136.5357682945328,137.3950839488176,25154000,-0.011385918131169293,0.03747726914967964,0.08376580136438339,0.015210233803874498,0.023182123292971347,131.6714832305908,133.38009704589842,0.9871898892477214,55.820841942550935,0.48748450357967954,-0.691188282581648,1.1786727861613275,0.7380976833580305,0.292258064516129,288.30348387096774,23.57,3.7,1
2022-03-24,140.237548828125,140.28410290416335,136.45206761789734,137.88789810464644,26396000,0.02384019613653443,0.057778386494018896,0.06692992591538327,0.016621698225162945,0.022129821634526363,132.11134757995606,133.4164712524414,0.9902176720742684,62.42591598028545,1.0072158639806617,-0.3515074532691861,1.3587233172498476,0.8077976527473872,0.2964516129032258,288.3320967741936,21.67,3.7,1
2022-03-25,140.33758544921875,140.6961727306353,138.42032850640626,140.57829116733367,24126000,0.0007133369196030692,0.040752596573148114,0.05364826509716325,0.016834901354980048,0.022013729307889585,132.4686237335205,133.4212759399414,0.9928598178985356,72.85111694968617,1.4109146846215879,0.0009769743089687033,1.4099377103126192,0.75246783625731,0.3006451612903226,288.3607096774193,20.81,3.7,0
2022-03-28,140.12213134765625,140.66397236778508,138.49361552555405,139.5723549744933,35050000,-0.0015352558680045147,0.03933801401034054,0.0473762398540547,0.01701262139541745,0.022031475602446116,132.78553276062013,133.47810485839844,0.9948113430400212,71.77227439789466,1.6939369128097042,0.3395689620091158,1.3543679508005884,1.0997182462239345,0.3132258064516129,288.44654838709675,19.63,3.7,1
2022-03-29,141.16224670410156,142.4381156620189,140.6996533281546,141.30292164446877,34318000,0.00742291989453614,0.018856963247088077,0.06298592216053245,0.013070376354910727,0.021929082317756515,133.2037525177002,133.53803466796876,0.9974967270478428,66.40484889480265,1.9793460156044773,0.6675243727281881,1.3118216428762892,1.0636985515871171,0.3174193548387097,288.47516129032255,18.9,3.7,0
2022-03-30,140.6005859375,141.3752124596819,140.2652756920692,141.1171698835011,19884000,-0.003978831307345887,0.026490641672507698,0.05474415666311483,0.011203797233719007,0.021988389052930615,133.5686305999756,133.65572479248047,0.9993483691578486,67.43611021824125,2.1355956387990602,0.9611386259423625,1.1744570128566978,0.6198041837717535,0.3216129032258065,288.50377419354834,19.33,3.7,0
2022-03-31,137.75665283203125,140.7684898968639,137.71405887609035,140.71400046777697,37524000,-0.0202270359437402,-0.01769066856077417,0.038596163460961064,0.010258452831938675,0.02253320460165348,133.82459526062013,133.73399963378907,1.0006774315213718,66.67321994669501,2.006809703956293,1.1702728415451487,0.8365368624111442,1.1465727180226783,0.3258064516129032,288.5323870967742,20.56,3.7,1
2022-04-01,138.82940673828125,139.14688127874518,137.00377698105137,138.18504103962775,25942000,0.00778731106045405,-0.010746791076031714,0.06249856944999155,0.011411431851223843,0.022199721778389164,134.23290824890137,133.86956939697265,1.0027141257984575,78.69330084473268,1.9686152266839656,1.329941318572912,0.6386739081110535,0.7981490768459236,0.33,288.561,19.63,3.7,1
2022-04-04,141.6238555908203,142.35738462904985,138.98794249570614,139.03549416177395,25942000,0.02012865226606575,0.010717252362070884,0.13129611012409148,0.015174648826952448,0.019754434257555856,135.05473823547362,134.1195901489258,1.0069724943649876,78.32006147012675,2.1391754139046952,1.491788137639269,0.6473872762654262,0.822401582541323,0.374,288.8347,18.57,3.69,0
2022-04-05,139.26577758789062,141.6426500916848,139.05924680061253,141.5223047954093,21418000,-0.016650288138904012,-0.01343467648390606,0.10610553781614707,0.016841253799990404,0.02041545968477591,135.72270660400392,134.31348480224608,1.0104920351358069,66.16249955727017,2.060318336263805,1.6054941773641764,0.45482415889962846,0.700078774388191,0.3886666666666666,288.9259333333333,21.03,3.686666666666667,0
2022-04-06,135.26089477539062,138.0468839879228,134.23960723680352,137.44213448492033,32468000,-0.02875712096586336,-0.03797773050876885,0.023444843110109526,0.020582791157549928,0.01890886909751522,135.87763290405275,134.5039324951172,1.010213087331,55.18962494046463,1.655578483140431,1.6155110385194273,0.040067444621003645,1.0692291986379414,0.4033333333333333,289.01716666666664,22.1,3.6833333333333336,0
2022-04-07,134.6076202392578,135.87159364235194,132.96226616904812,134.72796554964043,26234000,-0.0048297369111568456,-0.02285938666507159,0.0261195266818679,0.019324131780331856,0.018854489693705703,136.04895248413087,134.6357879638672,1.0104962026934692,49.515750462471374,1.2674945499404373,1.5459077408036295,-0.27841319086319216,0.8651689839854365,0.418,289.1084,21.55,3.68,0
2022-04-08,132.03114318847656,134.39117797517184,131.71217218120978,134.30549126521612,25142000,-0.01914064780434943,-0.04896846935765309,0.02631073917016402,0.018801342449662174,0.018843929531387225,136.21819152832032,134.72063079833984,1.0111160460065107,44.79849844052616,0.7434648711608247,1.3854191668750686,-0.6419542957142439,0.8379772824232082,0.4326666666666667,289.19963333333334,21.16,3.6766666666666663,0
2022-04-11,127.60922241210938,130.84740631992602,127.45568463788922,130.58094467179382,36884000,-0.033491498063110914,-0.0989567267480842,0.02280664913760977,0.011170911537879653,0.019148703233484592,136.3604637145996,134.63093475341796,1.0128464454647763,30.098227857096063,-0.028318043048045638,1.1026717248904458,-1.1309897679384915,1.233298112803777,0.4766666666666667,289.4733333333333,24.37,3.666666666666667,0
2022-04-12,126.51066589355467,130.35954686473357,125.59389066736168,130.35954686473357,32710000,-0.008608754898662085,-0.09158827039389628,-0.011482465772697181,0.012389442126328903,0.01836290260341711,136.2869873046875,134.48058532714845,1.0134324369063732,30.632006974275285,-0.7203026919220861,0.7380768415279395,-1.4583795334500256,1.090467824365005,0.4913333333333333,289.5645666666667,24.26,3.6633333333333336,1
2022-04-13,128.6696319580078,129.1054869891877,126.53692599863578,126.7934873559408,27928000,0.017065486527987117,-0.04872999567486247,-0.025408739233256927,0.018684296367683033,0.017285219725412544,136.11925888061523,134.32704650878907,1.0133421557192424,27.66859567378475,-1.0820221160473693,0.3740570500128778,-1.4560791660602472,0.9430706526327164,0.506,289.6558,21.82,3.66,0
2022-04-14,125.5354461669922,129.24960742552614,125.40765674024802,129.24960742552614,31598000,-0.02435839555396002,-0.06739718045783971,-0.05311606767262134,0.0194122458081427,0.017986124281381483,135.76715927124025,133.90565643310546,1.0139015997361152,24.421481174835833,-1.6031103078385627,-0.02137642155741032,-1.5817338862811523,1.0610263057158016,0.5206666666666666,289.7470333333333,22.7,3.6566666666666663,1
2022-04-18,126.47301483154295,127.00395800091285,124.99260283196492,125.80289311850134,20808000,0.007468557233656137,-0.0420971009014085,-0.0620679544896976,0.021122252591826925,0.017556458069602918,135.34868965148925,133.60029190063477,1.0130867809192725,26.98823491277348,-1.9183094215246115,-0.4007630215508506,-1.5175463999737608,0.7277381989109108,0.5793333333333334,290.11196666666666,22.17,3.6433333333333335,1
2022-04-19,128.78353881835938,129.10447476049856,125.80240017548964,126.4878787188869,26490000,0.01826890890435351,0.009202441516786175,-0.04476454800274443,0.018226743428113857,0.01818856486196502,135.04693489074708,133.3371159362793,1.0128232783682294,29.987364611142326,-1.9590839142502432,-0.7124272000907292,-1.246656714159514,0.9270146558602445,0.5940000000000001,290.2032,21.37,3.64,0
2022-04-20,126.83308410644533,130.16043076840108,126.29818081475312,129.65820601853372,31696000,-0.015145217547291034,0.002548545694652571,-0.08456564039511938,0.019373274957722855,0.016975392368619873,134.46110801696778,133.11600021362304,1.0101047792991535,28.69864575753958,-2.1242958281423796,-0.9948009257010594,-1.1294949024413201,1.1166225128234035,0.6086666666666667,290.2944333333333,20.32,3.6366666666666663,0
2022-04-21,123.63800811767578,128.8721982001855,123.35272078585082,128.03170056259026,36446000,-0.025191187388363567,-0.039104983544012484,-0.09734900860057993,0.019642444923589672,0.017550869055978417,133.79440307617188,132.82705993652343,1.0072827264272108,28.390160941166357,-2.4844047190065623,-1.29272168436216,-1.1916830346444023,1.2589204910501481,0.6233333333333333,290.3856666666667,22.68,3.633333333333333,0
2022-04-22,118.50780487060548,124.21995176709888,117.80400705459354,123.82174062602672,56884000,-0.04149373906272813,-0.055981330460547984,-0.1549495419671908,0.024217548367839778,0.01798294834906044,132.7079158782959,132.392068939209,1.0023856938079267,22.33245228228786,-3.147475992595133,-1.6636725460087547,-1.4838034465863785,1.8666036633786827,0.638,290.4769,28.21,3.63,1
2022-04-25,121.91390228271484,122.11548294345008,117.39391716093655,117.9783521947152,46128000,0.028741545046998107,-0.03604810524126956,-0.13128117537101658,0.029593289776764068,0.01972420635353991,131.7867317199707,132.08407989501953,0.9977487962570117,23.60481423304347,-3.359396131419672,-2.002817263090938,-1.3565788683287336,1.4609164932683445,0.6819999999999999,290.7506,27.02,3.62,0
2022-04-26,117.5316162109375,121.35523276783128,117.39392647415148,121.14176417431584,73054000,-0.03594574523268845,-0.08737081393059065,-0.16122017927824372,0.027921559954453466,0.020714336015435333,130.65720596313477,131.77437713623047,0.9915220910364027,22.390879261632335,-3.836730785724029,-2.3695999676175568,-1.4671308181064724,2.182351552954602,0.6966666666666667,290.84183333333334,33.52,3.6166666666666663,0
2022-04-27,113.21717071533205,116.13688235648152,111.67385763846296,113.39051664375936,91820000,-0.036708807678286215,-0.10735301035245703,-0.19796423364773175,0.0290501947569752,0.021266828736397902,129.25995216369628,131.35375015258788,0.9840598537425896,22.216153415501964,-4.5111597904754746,-2.7979119321891406,-1.713247858286334,2.525997248968363,0.7113333333333334,290.93306666666666,31.6,3.613333333333333,1
2022-04-28,117.40530395507812,118.52167974527936,113.03934791722725,115.31767110037896,48884000,0.03699203233294468,-0.05041090727266906,-0.1649728685535683,0.03900978560845893,0.023778669201054637,128.1001880645752,130.9954393005371,0.9778980760595837,30.092167477315698,-4.654053256093306,-3.1691401969699737,-1.4849130591233322,1.2932275132275133,0.726,291.0243,29.99,3.61,0
2022-04-29,113.03389739990234,116.80848059659871,112.7416798928777,115.63415406821376,42676000,-0.03723346738106803,-0.046190269718352384,-0.17946687091964797,0.038178947591396735,0.02450535883122153,126.86405029296876,130.52732360839843,0.9719348162962412,28.891866813309832,-5.061685374513402,-3.5476492324786597,-1.5140361420347426,1.121352896661902,0.7406666666666667,291.11553333333336,33.4,3.606666666666667,1
2022-05-02,115.48409271240234,115.64505948132708,111.53863464466028,112.336047043813,35534000,0.021676641864621038,-0.052740577160773294,-0.16815827838182063,0.03653617122281462,0.025209393171878768,125.6967845916748,130.21121170043946,0.9653299662155788,35.91021917702801,-5.127915067725567,-3.8637023995280417,-1.2642126681975254,0.922070103692017,0.7841935483870968,291.4160322580645,32.34,3.6,1
2022-05-03,116.22801208496094,117.32556979563245,114.94076162538524,115.33302506917498,24968000,0.006441747560949507,-0.011091518758977514,-0.17931896713243745,0.03390446393220448,0.024558388032960347,124.42699241638184,129.95229507446288,0.9574820694400584,37.951933886567055,-5.062022654423032,-4.10336645050704,-0.958656203915992,0.6487132520103408,0.7983870967741936,291.53406451612904,29.25,3.6,1
2022-05-04,121.10855865478516,121.69646251835692,114.0309038197323,115.92835256217168,49916000,0.04199113864441406,0.06970133496176878,-0.13037818226122677,0.0318318241059825,0.02704063201757061,123.51913146972656,129.80266845703125,0.9515916193249545,41.671917350179875,-4.563379326129649,-4.195369025631562,-0.3680103004980868,1.2506075653790456,0.8125806451612904,291.6520967741935,25.42,3.6,0
2022-05-05,115.40731811523438,119.89808593817084,113.92145713876644,119.07095756816793,45840000,-0.04707545530123869,-0.017017849897209225,-0.14677987080541188,0.03819925935926355,0.028118913967953192,122.52645263671874,129.58310806274415,0.9455434004360462,39.44152919722423,-4.5754998461359975,-4.271395189732449,-0.3041046564035481,1.1295648316987827,0.8267741935483871,291.77012903225807,31.2,3.6,0
2022-05-06,114.6554718017578,116.46327388916288,112.9407929813182,114.09877271953016,39710000,-0.006514719566794391,0.014345912501968261,-0.14822450914767038,0.0334611375166445,0.02811292500185521,121.52884521484376,129.2474122619629,0.9402806840613962,37.63244064134573,-4.59282987575007,-4.335682126935974,-0.25714774881409586,0.9625313289282962,0.8409677419354838,291.88816129032256,30.19,3.6,0
2022-05-09,111.4504623413086,113.99227685907525,110.94477629686784,112.1824948860931,40802000,-0.02795339297884314,-0.03492801715244853,-0.15587747216419023,0.03400522250486981,0.028370995937944517,120.49981117248535,128.81258026123047,0.935466170525527,32.19357910093868,-4.809737863024864,-4.430493274153752,-0.3792445888711118,0.9705795598351998,0.8835483870967742,292.24225806451614,34.75,3.6,1
2022-05-10,113.3166961669922,115.15421404762353,111.8362842829126,114.41871263624596,39900000,0.016744962618175707,-0.02504831551141573,-0.11200229869718958,0.0352829478403604,0.028223789348218918,119.78518486022949,128.40323516845703,0.9328829192121117,36.09042721911553,-4.775994837182495,-4.499593586759501,-0.27640125042299335,0.9457307014050856,0.8977419354838709,292.3602903225806,32.99,3.6,0
2022-05-11,112.53166961669922,115.2676356890926,112.1691222384398,112.1691222384398,37534000,-0.006927721834883993,-0.07081984240712502,-0.1104965828621699,0.024183600569299562,0.028216677603519393,119.08623504638672,127.99791152954101,0.9303763914843443,37.974059464766206,-4.757753902575132,-4.551225649922628,-0.20652825265250385,0.8845932671549912,0.9119354838709678,292.4783225806452,32.56,3.6,0
2022-05-12,111.78033447265624,113.21765378291164,108.7892955470922,110.3276583632924,53836000,-0.006676655083872385,-0.03142767462074281,-0.13126094501353291,0.015815465440654413,0.02771417815390953,118.24177017211915,127.5674577331543,0.926896030329752,41.952348001126545,-4.749178721395296,-4.590816264217162,-0.1583624571781339,1.231206919421308,0.9261290322580644,292.59635483870966,31.77,3.6,1
2022-05-13,114.95661163330078,116.76391499760273,112.53416717091297,113.45341371338584,35038000,0.028415348510354654,0.0026264758830145674,-0.08426970116168653,0.02213138820400265,0.028441669359465672,117.71282844543457,127.2138427734375,0.9253146189057126,41.63141464961747,-4.434960344734094,-4.559645080320549,0.1246847355864551,0.7981648450278144,0.9403225806451612,292.7143870967742,28.87,3.6,0
2022-05-16,113.3662567138672,115.07499558729728,112.81599652972464,113.87194287567664,25990000,-0.013834392792531514,0.017189649395007667,-0.10363284322061461,0.018089891340725247,0.028388166999881455,117.05749053955078,126.86790496826171,0.9226722122418182,44.62894229626536,-4.265102916766509,-4.500736647609741,0.23563373084323214,0.5885776530720854,0.9829032258064516,293.0684838709677,27.47,3.6,1
2022-05-17,115.3751220703125,115.798099091998,113.78723513362914,115.73915830811926,23054000,0.017720134850316205,0.018165248131544853,-0.10411592095600475,0.01827213224208848,0.028364675455671534,116.38706970214844,126.67166229248046,0.9188090500732101,52.958497751266805,-3.923167206400066,-4.385222759367807,0.46205555296774037,0.5241272692137181,0.9970967741935484,293.18651612903227,26.1,3.6,0
2022-05-18,110.8447265625,114.31223414484674,110.50396737393191,113.91600305749868,35126000,-0.03926665841403454,-0.014990829336712141,-0.1260582572487713,0.026749073679460042,0.02931135850920612,115.58765182495117,126.37042861938477,0.9146732593041188,41.08923572280663,-3.9719594714780726,-4.302570101789859,0.33061063031178684,0.795479765382612,1.011290322580645,293.3045483870968,30.96,3.6,0
2022-05-19,109.3435287475586,111.94477566233904,108.96314565159634,110.38115567097562,34144000,-0.013543249746707176,-0.021799950202275875,-0.11561557475523254,0.027175326083200824,0.029030725650766833,114.87292785644532,125.91405181884765,0.9123122177158814,44.5637846984336,-4.084676206033322,-4.258991322638552,0.17431511660523036,0.7752617393890817,1.025483870967742,293.4225806451613,29.35,3.6,0
2022-05-20,107.88143920898438,111.1260696305812,104.79927194524409,110.89575541298444,48962000,-0.013371523265448548,-0.061546459344899995,-0.08966806594066667,0.02020724332646,0.027864580367336,114.34160957336425,125.44805603027343,0.9114657746930016,38.46486692221196,-4.243071944661921,-4.255807447043226,0.012735502381305608,1.121803243381952,1.0396774193548386,293.5406129032258,29.43,3.6,1
2022-05-23,110.43711853027344,111.0904022364091,107.71600998566916,108.55453508974904,37184000,0.023689703623051228,-0.02583783101339243,-0.09413843325125526,0.025770945774854264,0.027570483717647316,113.76777038574218,125.08387115478516,0.9095318951630474,41.671637192436386,-4.114945219158017,-4.227635001466185,0.11268978230816806,0.8607686360206118,1.082258064516129,293.89470967741937,28.48,3.6,0
2022-05-24,104.97113037109376,105.45502825992726,100.92413760249048,104.77499864935818,76780000,-0.049494121468601326,-0.0901753472718172,-0.1068689961456929,0.028384320212014005,0.02853168897662277,113.13974609375,124.68801818847656,0.9073826638476974,27.175777263322672,-4.403700313365491,-4.262848063846047,-0.14085224951944397,1.769740163052122,1.0964516129032258,294.01274193548386,29.45,3.6,0
2022-05-25,104.80768585205078,105.49613450260898,102.87755077701198,103.99590668358864,40258000,-0.001557042574136136,-0.054463941566450846,-0.07427746878100039,0.026392848673006567,0.02755762935177789,112.71927185058594,124.22456802368164,0.9073830856799407,32.22358049280061,-4.592786627287978,-4.328835776534433,-0.2639508507535453,0.9865512610643324,1.1106451612903223,294.1307741935484,28.37,3.6,1
2022-05-26,106.77645111083984,107.62536770750384,104.23314753165975,104.6808904254116,37948000,0.018784550415207324,-0.02347717936417948,-0.09053128339333905,0.029362411019079087,0.026427520792697008,112.18782920837403,123.71961303710937,0.9067909804626012,37.304459449392255,-4.531539227212306,-4.369376466670008,-0.16216276054229795,0.9425732737208147,1.1248387096774193,294.2488064516129,27.5,3.6,1
2022-05-27,111.25780487060548,111.25929369416936,108.1097592407956,108.45101725108992,37914000,0.04196949526926819,0.031297002397979945,-0.015712919488330312,0.03501635123981255,0.02717213737059905,112.09902458190918,123.29322036743164,0.9092067207575393,49.70183330247604,-4.074424990166449,-4.310386171369297,0.23596118120284792,0.9473313360934889,1.1390322580645162,294.36683870967744,25.72,3.6,1
2022-05-31,112.6896743774414,114.64407635149765,111.02204096124584,111.68374363227105,50012000,0.012869834242201783,0.02039672781348867,-0.024197430739834158,0.03402248316162146,0.02686449459974121,111.95930366516113,122.85016571044922,0.9113484138803913,49.016363658559854,-3.5556316530163485,-4.159435267698708,0.6038036146823593,1.2274148501195215,1.1958064516129032,294.8389677419355,26.19,3.6,1
2022-06-01,112.81845092773438,115.997701285549,112.18250412043044,113.77237869617002,36606000,0.0011427537705153146,0.07475694058831972,-0.02933510688227403,0.017404969995356345,0.02681457406183024,111.7888256072998,122.41016204833984,0.913231579279785,50.45934409441794,-3.098376844650133,-3.947223583088993,0.8488467384388598,0.8857497513774054,1.21,294.957,25.69,3.6,1
2022-06-02,116.51377868652344,116.7881680860526,111.8818601072899,112.92542707356598,37992000,0.03275464011783047,0.11169116786909394,-0.03793934978087676,0.01613953199250155,0.02610264329744329,111.55908660888672,121.96944519042968,0.914647815563239,56.92826529267647,-2.4100356568284695,-3.6397859978368885,1.229750341008419,0.9327424720425224,1.225666666666667,294.95553333333334,24.72,3.5966666666666667,0
2022-06-03,113.46133422851562,115.22505349151253,112.44847324423242,114.96849217131312,26136000,-0.02619814147664301,0.06260634295418299,-0.016861875992783104,0.026950748009310504,0.024560481766737124,111.46178741455078,121.49922973632812,0.9173867822573022,47.80342411603592,-2.0867720543952686,-3.3291832091485647,1.242411154753296,0.6575706417955886,1.2413333333333334,294.9540666666667,24.79,3.5933333333333333,1
2022-06-06,115.71935272216795,118.2220348400012,115.06903914035703,115.60444124136708,33542000,0.01990121576663806,0.04010098758241121,0.009278937181904645,0.022330679003720516,0.024931023414836617,111.51498146057129,121.00886581420899,0.9215438944100663,53.390216347300566,-1.6295951406944766,-2.9892655954577476,1.359670454763271,0.850501674784915,1.288333333333333,294.94966666666664,25.07,3.583333333333333,1
2022-06-07,116.04524993896484,116.58164964382146,113.96752484797211,114.39198315815538,31590000,0.002816272379083662,0.02977713424110462,0.041227173949131446,0.022245612545706388,0.023997901724654862,111.74472084045411,120.52301910400391,0.9271649654247819,51.01469192111846,-1.2268397164756664,-2.636780419661332,1.4099407031856654,0.810471736113071,1.304,294.9482,24.02,3.58,1
2022-06-08,116.08934020996094,117.4528684081378,115.50093744683772,115.66091419510433,26108000,0.0003799403337860774,0.02899250304652501,0.024468098142243377,0.022290536787522647,0.023757133309801417,111.88335304260254,120.04236328125,0.9320322424881662,59.18980934362744,-0.8937923429315902,-2.2881828043153836,1.3943904613837934,0.6818900064511579,1.3196666666666663,294.9467333333333,23.96,3.5766666666666667,0
2022-06-09,113.75305938720705,117.18391328926909,113.69411860375492,115.23099254159976,25798000,-0.020124852277810024,-0.02369435898859673,0.01085374254792515,0.018625258745360022,0.024182381705655013,111.94442253112793,119.4941795349121,0.9368190397794363,57.50685527905846,-0.8090421034465862,-1.9923546641416243,1.183312560695038,0.684280746613476,1.3353333333333333,294.94526666666667,26.09,3.5733333333333333,0
2022-06-10,110.11368560791016,112.21122625756998,109.3256823347158,111.38508794278528,41452000,-0.031993634271485605,-0.029504752816172375,-0.014910036480108912,0.020397868053818543,0.025235098582067357,111.86109008789063,118.88444152832031,0.9409228714023391,53.537934625386555,-1.023742905578061,-1.7986323124289119,0.774889406850851,1.1178559774767607,1.351,294.9438,27.75,3.5700000000000003,0
2022-06-13,105.38964080810548,107.76602221273735,105.11872028376786,105.77992416332314,47252000,-0.04290152285544169,-0.08926520647642411,-0.08322244966399062,0.019943023801606532,0.025970066065671638,111.38274154663085,118.2371012878418,0.9420286892476806,42.51464241903649,-1.5571360775392549,-1.7503330654509806,0.19319698791172568,1.2536214197026456,1.398,294.9394,34.02,3.56,1
2022-06-14,105.70960235595705,106.90720599069174,104.8027349790205,105.53080749276522,33706000,0.0030359867003830754,-0.08906566695701834,-0.06753909478757247,0.0200015184731598,0.025908172385609097,110.99990882873536,117.57470520019531,0.9440798396197124,51.292406482688385,-1.9317675722381864,-1.786619966808422,-0.14514760542976446,0.8851783960376278,1.4136666666666666,294.9379333333333,32.69,3.556666666666666,1
2022-06-15,108.72986602783205,110.37322494977526,106.65461223598332,107.52185574417724,39698000,0.028571327529024693,-0.06339491781776374,-0.057596957847036334,0.028681208859430474,0.026476053029942853,110.66764602661132,116.91682540893555,0.9465502132779716,56.24024976147878,-1.9623351162289424,-1.8217629966925262,-0.14057211953641624,1.0202413750565402,1.4293333333333331,294.93646666666666,29.62,3.553333333333333,0
2022-06-16,105.03402709960938,107.62437594926033,104.14696791638478,106.21033370451282,51684000,-0.03399101887310918,-0.0766487717742933,-0.05242197480287214,0.030210329930127153,0.026115622633723586,110.37711105346679,116.23219039916992,0.9496260087193114,47.37219022616725,-2.258746011165641,-1.9091595995871493,-0.3495864115784919,1.3006092359260462,1.4449999999999998,294.935,32.95,3.55,1
2022-06-17,106.13356018066406,107.674892989038,104.05582771449916,105.03402250297012,51376000,0.010468351175490387,-0.03614560175034387,-0.029356731062753494,0.0303669697216805,0.02612651953004229,110.21661262512207,115.64964370727539,0.9530216357959127,41.39410733171389,-2.377524033369042,-2.002832486343528,-0.3746915470255141,1.2654218360143745,1.4606666666666666,294.93353333333334,31.13,3.546666666666667,1
2022-06-21,110.49259185791016,111.42918283752849,107.57634157870834,107.90273403913127,47416000,0.04107119058124509,0.04841985427292772,0.024203910033750553,0.028697112849925734,0.02758309674396821,110.34717025756837,115.16734313964844,0.9581463568519135,46.64043185248027,-2.0957604237096774,-2.0214180738167578,-0.07434234989291966,1.170112480443012,1.5233333333333332,294.92766666666665,30.19,3.533333333333333,0
2022-06-22,110.4366226196289,112.27809328975262,109.34203501668972,109.51439846102454,30774000,-0.0005065429033760394,0.04471703760415746,-4.490434476478455e-06,0.028949443061236257,0.027087556787403676,110.34714546203614,114.73545272827148,0.9617528221496786,46.34980877450826,-1.8555869317459042,-1.988251845402587,0.13266491365668287,0.7654824001731253,1.539,294.9262,28.95,3.53,1
2022-06-23,111.18401336669922,111.67979920345893,109.45893530681374,111.17361427351028,28362000,0.006767598730762714,0.022571050885310306,0.05918658752784389,0.02685375302793265,0.024429777353904652,110.65778961181641,114.40694854736329,0.9672296221239153,41.02072173765731,-1.5866496128427912,-1.907931398890628,0.32128178604783675,0.7506908197727971,1.5546666666666666,294.92473333333334,29.05,3.526666666666667,1
2022-06-24,116.86295318603516,116.96597674004626,111.88779672935264,111.92989944497734,41164000,0.051076945753038006,0.11261994244215523,0.11502274128065282,0.022806120610593106,0.026630428632934414,111.26055297851562,114.21399429321289,0.9741411607835453,55.26490866232443,-0.9048414188509497,-1.7073134028826924,0.8024719840317427,1.0882317951700526,1.5703333333333331,294.9232666666667,27.23,3.523333333333333,0
2022-06-27,114.7416534423828,117.46176417834404,114.0938111747087,117.15815754971578,36420000,-0.01815202924296666,0.08110623300552389,0.07459699445596524,0.02908181470953537,0.02696089797915638,111.65881309509277,113.9354347229004,0.9800183179768037,48.480319179339865,-0.5295701191333251,-1.471764746132819,0.9421946269994939,0.9647656562499172,1.6173333333333333,294.9188666666667,26.95,3.513333333333333,0
2022-06-28,110.95171356201172,116.20373868185764,110.79371689299164,114.71093996164036,35792000,-0.033030201035704865,0.004155226123141231,-0.002751189536318366,0.03188974367953224,0.02660767546807239,111.64350852966308,113.64376007080078,0.9823989320672641,42.852572996639225,-0.5318505429267901,-1.2837819054916133,0.7519313625648232,0.9508022526830305,1.633,294.9174,28.36,3.51,0
2022-06-29,110.64860534667967,112.0938524988512,109.82741711494369,110.50051652384064,24716000,-0.0027318930514996786,0.00191949664904989,-0.018112298593794818,0.03193555512157201,0.026444813177349126,111.541455078125,113.32727188110351,0.9842419501207785,42.42046960420481,-0.5517557976299088,-1.1373766839192725,0.5856208862893637,0.6793992171350662,1.6486666666666667,294.9159333333333,28.16,3.506666666666667,0
2022-06-30,107.9359130859375,109.84277107418012,105.74377534571845,108.9631408714663,43170000,-0.024516280636731724,-0.02921373480240419,-0.043277830901298,0.033497065745403995,0.026973848130532635,111.29732818603516,112.91031936645508,0.9857144042327531,41.980196645138584,-0.7774603707171366,-1.0653934212788454,0.2879330505617088,1.1760571437911702,1.6643333333333332,294.91446666666667,28.71,3.5033333333333334,0
2022-07-01,107.71253967285156,108.22020580753812,105.72445397417482,106.91561856393405,35476000,-0.002069500379434319,-0.07830037889438723,-0.0755381819462857,0.013576059018240565,0.025716120540041337,110.85726623535156,112.5279084777832,0.9851535297773576,46.34544207629676,-0.9632534524337331,-1.044965427509823,0.08171197507608996,0.969777155728563,1.68,294.913,26.7,3.5,1
2022-07-05,112.19539642333984,112.30832030044596,104.73488572604592,106.09098495373748,39342000,0.04161870812909774,-0.02219121777185784,-0.011157438027532218,0.028939443074413797,0.02701852912525874,110.79396934509278,112.29905624389649,0.9865975107080607,60.43501086965674,-0.7402337790680917,-0.9840190978214768,0.24378531875338505,1.056390785647349,1.7638709677419355,294.9367419354839,27.54,3.5129032258064514,1
2022-07-06,113.4920425415039,114.49995339678294,110.42522478314434,112.2340168911837,37432000,0.011557034954192913,0.022895806634589455,-0.019247516757301852,0.024313753924275542,0.026754681356684157,110.68260383605957,112.19874099731446,0.9864870394464482,61.585534834063985,-0.45363139559110266,-0.877941557375402,0.42431016178429937,0.9998824673312605,1.7848387096774192,294.9426774193548,26.73,3.5161290322580645,1
2022-07-07,117.66334533691406,118.06601541008106,113.75107996208602,113.99525457205868,40936000,0.03675414330378901,0.06339655134609323,0.013943659036455891,0.027474463981550703,0.028030752480473296,110.76350860595703,112.11372985839844,0.9879566824317881,62.858395987497914,0.10883771925225005,-0.6805857020498717,0.7894234213021217,1.0800001055305946,1.805806451612903,294.9486129032258,26.08,3.5193548387096776,1
2022-07-08,118.22846221923828,118.55683468561054,115.79957157263496,116.14478965989431,38238000,0.004802828618428956,0.09535796602847069,0.01842651534937234,0.01953589452043226,0.028042514484132662,110.8704647064209,112.12766677856445,0.9887877621263061,70.87251458487566,0.5933588828134759,-0.42579678507720214,1.0191556678906781,0.9929317427590613,1.826774193548387,294.9545483870968,24.64,3.52258064516129,0
2022-07-11,114.58612823486328,116.88574836577106,114.24338897628644,116.88574836577106,31196000,-0.030807589949201852,0.06381419083505446,0.007323485206850888,0.029032048721138314,0.028568590921377583,110.91211814880371,112.15504592895508,0.988917772090801,62.37564813546766,0.6756509992966357,-0.20550722820243458,0.8811582274990704,0.8044332015647201,1.889677419354839,294.9723548387097,26.17,3.532258064516129,0
2022-07-12,112.94573974609376,115.87139882340728,112.61835728538988,115.1195505184911,29960000,-0.014315768531835471,0.006687826298350963,0.025719365604271127,0.025733140133131115,0.027764315939897456,111.0537208557129,112.06585464477538,0.9909684016396365,53.90238923474148,0.6015679518611137,-0.044092192189724946,0.6456601440508386,0.7841802881784037,1.9106451612903224,294.9782903225806,27.29,3.535483870967742,0
2022-07-13,110.30388641357422,113.11959190510474,110.15331873670166,110.64810696160988,43722000,-0.02339046464663941,-0.028091450788400252,0.04662930405481358,0.027063640326422053,0.02642767891725542,111.29943313598633,112.01125442504883,0.9936450913551833,49.804898638798505,0.3259240682065325,0.029911059889526546,0.296013008317006,1.149701543558863,1.9316129032258065,294.9842258064516,26.82,3.5387096774193547,0
2022-07-14,109.3271713256836,110.04583472550598,107.35147235760216,109.17165351215849,37004000,-0.008854765862269964,-0.07084767127231417,0.03422176310478475,0.013688305127692542,0.026551070143213045,111.48031158447266,111.88811599731446,0.9963552481940836,47.2890099417078,0.028334932198617935,0.029595834351344826,-0.0012609021527268914,0.9688458104566436,1.9525806451612904,294.9901612903226,26.4,3.541935483870968,1
2022-07-15,110.72389221191406,112.07405123227753,109.8546685831436,110.94479736923232,46770000,0.012775606185489563,-0.06347515535986614,0.018339268288729338,0.016645832585724746,0.02594765878212752,111.58001289367675,111.77803359985352,0.9982284470409845,39.75605775397857,-0.09372252454359398,0.004932162572357065,-0.09865468711595105,1.2133082560477333,1.9735483870967745,294.9960967741935,24.23,3.545161290322581,0
2022-07-18,108.00228118896484,112.60845176541036,107.34850628382924,111.57825390635205,43164600,-0.024580160330169187,-0.05745762726535053,0.02825992843767211,0.01513732786073734,0.025353941073150577,111.72842559814453,111.5159080505371,1.0019057150797814,38.975220977836464,-0.40539209476727933,-0.07713268889557022,-0.3282594058717091,1.1322892863953782,2.036451612903226,295.0139032258065,25.3,3.554838709677419,1
2022-07-19,112.73721313476562,112.94523274685736,108.52727405998375,109.80511529781504,36530900,0.04384103644548376,-0.00184625477505318,0.06222021519734766,0.028787796336191707,0.027005973938865023,112.05860824584961,111.46250595092773,1.0053480072947967,52.83325823304559,-0.2672424336562358,-0.11515463784770334,-0.15208779580853243,0.9773035993876286,2.05741935483871,295.0198387096774,24.5,3.5580645161290323,1
2022-07-20,112.82637786865234,114.31223883911534,111.41976463040918,112.10325553773596,35600400,0.0007909077349652627,0.022868563720595203,0.021121651429295563,0.02575622227465559,0.025506360284999495,112.17529754638672,111.42592407226563,1.0067253063446444,53.47934698052729,-0.14884716559642186,-0.12189314339744706,-0.026954022198974803,0.9677047131175114,2.0783870967741938,295.0257741935484,23.88,3.5612903225806454,1
2022-07-21,113.26223754882812,113.47026475780744,110.0626874780626,113.20280552196576,32676200,0.003863100884823112,0.035993487944749214,0.02558585061887797,0.02467664650317437,0.02550832184125961,112.31657829284669,111.46215957641601,1.0076655496329667,59.177344815202176,-0.019621643021608293,-0.1014388433222793,0.08181720030067101,0.88592750085031,2.0993548387096777,295.03170967741937,23.11,3.564516129032258,0
2022-07-22,106.8829345703125,111.2810779278078,105.49612947881336,109.95371241453788,48901200,-0.056323299950395755,-0.034689510681672586,-0.038684327594842305,0.03709455109551635,0.028551344852240555,112.10152435302734,111.33348434448243,1.00689855359389,48.82073957494656,-0.4270432331021965,-0.16655972127826274,-0.26048351182393376,1.2899095542363983,2.120322580645161,295.0376451612903,23.03,3.567741935483871,0
2022-07-25,106.49662017822266,108.8343755835524,105.29802646271146,107.38813835101456,34690900,-0.0036143692502726976,-0.013941011191308306,-0.08870504060692563,0.03569585624783555,0.025720903939593018,111.58320770263671,111.21278335571289,1.003330771299366,40.83157194445058,-0.7721986955473881,-0.2876875161320878,-0.48451117941530025,0.9229516339598014,2.183225806451613,295.0554516129032,23.36,3.57741935483871,0
2022-07-26,104.03009033203124,106.18954220710675,103.08904794486877,105.59519924903144,47991000,-0.023160639671603422,-0.07723379495221272,-0.0933537454707356,0.02503318021870478,0.02588652564318574,111.04762954711914,111.0577784729004,0.9999086158041264,35.329463292695294,-1.230579872423732,-0.4762659873904167,-0.7543138850333153,1.2574458685942735,2.2041935483870967,295.0613870967742,24.69,3.5806451612903225,1
2022-07-27,111.99430084228516,112.83629483954816,106.99190637211716,108.2301239475271,59858500,0.07655679702703977,-0.0073748448021246915,0.009396765915568484,0.048980161685136706,0.030696432347991697,111.09975891113281,110.99853225708007,1.0009119638971287,42.135295862190574,-0.9403650857120311,-0.5690858070547397,-0.3712792786572915,1.520455863700137,2.2251612903225806,295.0673225806452,23.24,3.583870967741936,1
2022-07-28,113.14337921142578,113.26224327115584,110.40939247542086,111.31081856827196,32816600,0.010260150387105815,-0.00104940834628231,0.022546817078530568,0.04920681155811101,0.03075272895264626,111.22449760437011,110.99407470703125,1.002075992776615,43.057910048798945,-0.6106080457561802,-0.5773902547950278,-0.033217790961152405,0.8250805209407245,2.2461290322580645,295.0732580645161,22.33,3.5870967741935487,1
2022-07-29,115.22356414794922,115.60988739252208,111.99429088237235,112.01410659400564,37223400,0.01838538808918111,0.07803518504771101,0.06751831576399758,0.037495153474574765,0.030331522401659417,111.5888801574707,110.99104354858399,1.0053863500132334,50.9089900255888,-0.17935221557516456,-0.4977826469510552,0.3184304313758906,0.9429258962645737,2.2670967741935484,295.0791935483871,21.33,3.5903225806451613,0
2022-08-01,113.77732849121094,115.61979670741562,113.26222578696031,114.21318346288768,26034300,-0.012551561544141165,0.06836562794954415,0.05630531818096185,0.038834319637172,0.030526476558935322,111.89211959838867,111.0496955871582,1.007586009189636,51.19245688259355,0.045200957568454214,-0.3891859260471533,0.4343868836156075,0.667470849442627,2.33,295.097,22.84,3.6,1
2022-08-02,114.04478454589844,115.25328606314042,112.64807910337518,112.92543862061498,20236000,0.0023506972631033296,0.0962672836474856,0.01648363641927353,0.03414032776693293,0.029156142340295683,111.98458900451661,111.143720703125,1.0075655943140291,55.756234599134324,0.24195334593161988,-0.26295807165139873,0.5049114175830186,0.531839123658641,2.3374193548387097,295.13738709677415,23.93,3.596774193548387,1
2022-08-03,116.96697998046876,117.5018908484944,114.39148908653324,114.61931687482496,28499000,0.025623227280457295,0.044401180245647875,0.03061833553391269,0.01478609519232861,0.02958519198642227,112.15833587646485,111.3254315185547,1.0074817078770661,61.0915415344788,0.6264563817837967,-0.08507518096435965,0.7115315627481563,0.7579027430393498,2.3448387096774197,295.1777741935484,21.95,3.5935483870967744,1
2022-08-04,117.07593536376952,117.66037035567156,115.78818623003248,116.37262877941384,21602900,0.0009315054840173254,0.03475728036189496,-0.0049922936617394775,0.015142194848320514,0.028427010395473164,112.12896537780762,111.45820785522461,1.006018018192561,59.580171969595646,0.9292576925092533,0.11779139373036293,0.8114662987788903,0.5896664723667113,2.3522580645161293,295.21816129032254,21.44,3.5903225806451613,0
2022-08-05,116.36272430419922,116.99669103407604,114.90657937362975,115.1344147097478,19159500,-0.006091867277030594,0.009886520736221094,-0.015780784762126965,0.014461449328479741,0.02843712004889894,112.03567848205566,111.68603973388672,1.0031305501475567,63.42239625208657,1.0990110258753276,0.31403532015935587,0.7849757057159717,0.5369533603479862,2.359677419354839,295.2585483870968,21.15,3.5870967741935487,0
2022-08-08,116.19434356689452,119.01747820672088,115.77829670617234,117.27406569542369,19138300,-0.0014470333030749405,0.021243380449649907,0.014034991467160252,0.01235761195104771,0.02752894651691947,112.11608924865723,111.91377288818359,1.0018077878642853,56.5039697018324,1.2060522279483763,0.49243870171716,0.7136135262312163,0.5455773592080843,2.381935483870968,295.3797096774193,21.29,3.57741935483871,0
2022-08-09,115.5306396484375,116.21413810759836,114.6193134078761,116.0358344903164,19086500,-0.0057120157322883,0.01302869840523968,0.022886209857535977,0.013170526264368352,0.02734274665664755,112.24533424377441,112.08885665893554,1.0013960137475129,54.97992731854434,1.223227190744666,0.6385963995226611,0.5846307912220048,0.5526662421735898,2.3893548387096777,295.42009677419355,21.77,3.574193548387097,1
2022-08-10,118.57169342041016,119.7801947938587,117.2938597333812,117.6603672414906,30930400,0.02632248710148799,0.013719371400452873,0.07495481143643978,0.013475493281135505,0.027221963537964855,112.65872459411621,112.23513442993163,1.0037741315706181,58.92141215321444,1.4653346312610154,0.803944045870332,0.6613905853906834,0.9125161192870016,2.3967741935483877,295.4604838709677,19.74,3.570967741935484,0
2022-08-11,117.71980285644533,120.34482529677572,117.44244336372742,120.13680567723728,24293700,-0.007184603166156656,0.005499571629944633,0.07676620028666292,0.014224911672234724,0.027183090305187868,113.0783561706543,112.33573699951172,1.0066107117020633,72.36305480578731,1.5703638957223802,0.9572280158407417,0.6131358798816385,0.7304131978701881,2.404193548387097,295.50087096774195,20.2,3.567741935483871,1
2022-08-12,120.53304290771484,120.53304290771484,118.33396744979994,119.1264296615191,19096300,0.02389776386815856,0.035838956405089384,0.08859109357379791,0.01652944289014078,0.027483067187911676,113.56881370544434,112.49002883911133,1.009590048802245,76.32850186238983,1.859173905920457,1.1376171938566848,0.7215567120637723,0.59907085244222,2.4116129032258065,295.5412580645161,19.53,3.564516129032258,1
2022-08-15,120.92927551269533,121.14720300149364,119.47313052616089,119.98822567992796,19494800,0.0032873359488969633,0.040750107108913136,0.11969186374047913,0.01604040620138982,0.026618190433328137,114.21516342163086,112.57833877563476,1.0145394279556588,84.36745548542464,2.0958706868898105,1.32926789246331,0.7666027944265006,0.6351537677597267,2.433870967741936,295.6624193548387,19.95,3.554838709677419,0
2022-08-16,120.5528564453125,121.27597881260756,119.50285039175542,120.37455281758773,19041200,-0.0031127207682916103,0.043470864630869466,0.06932620643375387,0.015513423304937764,0.025134391904564044,114.6059455871582,112.7201692199707,1.0167297155445842,75.17483223690564,2.227404584702626,1.5088952309111732,0.7185093537914526,0.6385688374235439,2.4412903225806453,295.7028064516129,19.69,3.5516129032258066,0
2022-08-17,118.42313385009766,120.14673062684432,118.25473051343378,118.98776077131538,22847000,-0.017666297241002882,-0.0012529092401991626,0.04960503108555714,0.01545310719468779,0.025579930125081946,114.88578338623047,112.7742448425293,1.018723588410187,64.68321191176173,2.135182279556446,1.6341526406402278,0.5010296389162181,0.7829440402510068,2.448709677419355,295.74319354838707,19.9,3.548387096774193,1
2022-08-18,119.03727722167967,119.68115184104836,117.60094792710956,118.30425456881134,17987700,0.005186008439528544,0.011191612059025857,0.050988218119581985,0.015030936070340015,0.025584722390743483,115.17453536987304,112.8340853881836,1.0207424022061913,61.54771986872859,2.087587269217053,1.7248395663555929,0.3627477028614603,0.6323352712428892,2.4561290322580644,295.7835806451613,19.56,3.545161290322581,0
2022-08-19,116.10517120361328,118.02688707558907,115.65941595128956,117.93773149063666,21809500,-0.024631830351815043,-0.03673574977686178,0.08628352758441493,0.013165671047261284,0.022529402354810667,115.63564720153809,112.83440200805664,1.0248261624436263,56.46669297583388,1.7926073677183183,1.738393126628138,0.05421424109018025,0.8050199552448843,2.4635483870967745,295.82396774193546,20.6,3.541935483870968,0
2022-08-22,113.16316986083984,114.54006709454625,112.77684661152536,114.11411997895851,21456600,-0.025339106882793838,-0.06422022805420835,0.0625986972305852,0.013580804029111696,0.023440500656018923,115.96897468566894,112.8226042175293,1.027887766728671,47.86774108429577,1.3063796184856074,1.651990424999632,-0.34561080651402465,0.8118225542334969,2.4858064516129037,295.945129032258,23.8,3.532258064516129,0
2022-08-23,112.7867660522461,113.92592776280064,112.36081889290764,112.41035062020671,15870400,-0.003326204179828318,-0.06442062529301751,0.08417445079847874,0.013541784547509383,0.022669184129670495,116.40680847167968,112.87606582641601,1.0312798166680734,38.46994300933113,0.8805179200424078,1.497695924008187,-0.6171780039657793,0.6393134422032112,2.493225806451613,295.98551612903225,24.11,3.5290322580645164,0
2022-08-24,112.61835479736328,113.6980767753064,111.80608446063744,112.43014332846406,17734600,-0.0014931827622826077,-0.04901727275755241,0.0055721938561583695,0.014114422488093503,0.014990924598835218,116.4380111694336,113.02064010620117,1.0302366988898775,37.74509228138651,0.5233966838920594,1.3028360759849615,-0.7794393920929021,0.7806431350384619,2.5006451612903224,296.0259032258064,22.82,3.5258064516129037,1
2022-08-25,115.55045318603516,115.61979306048023,113.03439443727451,113.16316633053552,16956800,0.026035706115114854,-0.02929186652304816,0.02127454554907171,0.021062899931185895,0.01592390459939088,116.55836486816406,113.21745712280273,1.029508768614522,48.009706015411474,0.4715357955897872,1.1365760199059267,-0.6650402243161395,0.7734021681696351,2.5080645161290325,296.06629032258064,21.78,3.52258064516129,0
2022-08-26,109.29993438720705,114.03488457916195,109.15135432931017,113.63865345731683,37245700,-0.054093416568127495,-0.058612693524838,-0.05140988134281388,0.029922792263779,0.019619166846641146,116.26218338012696,113.22885848999023,1.0267893267722459,36.98576081533995,-0.07308646604175806,0.8946435227163898,-0.9677299887581479,1.698695524868581,2.515483870967742,296.1066774193548,25.56,3.5193548387096776,0
2022-08-29,108.38860321044922,109.9041801925072,107.77445217888464,108.95323007744102,21191200,-0.008337893173195665,-0.042191877942815204,-0.04736203031149555,0.028926779595175194,0.019527398840211124,115.99274711608886,113.29595001220703,1.0238031200902704,36.643195402200426,-0.5716507083030962,0.6013846765124926,-1.1730353848155888,0.977277847325009,2.537741935483871,296.2278387096774,26.21,3.509677419354839,0
2022-08-30,107.9131317138672,109.4584247030461,106.78387798216264,109.13153347611065,27513300,-0.004386729623767072,-0.04321104779368601,-0.05376530681737135,0.02888557300897066,0.019502132318458553,115.6861644744873,113.3315414428711,1.0207764140647742,27.95083599825631,-0.9936785307901346,0.2823720350519672,-1.2760505658421017,1.247894911821014,2.545161290322581,296.2682258064516,26.21,3.5064516129032257,0
2022-08-31,107.19991302490234,109.80511976711225,107.110757440389,109.60700800205056,28627000,-0.006609192761229177,-0.048113309612899835,-0.08350277109999193,0.02866709633755311,0.018346651926997137,115.19781112670898,113.26568786621094,1.0170583280505943,28.1121253095005,-1.3698980759519372,-0.048081987148813676,-1.3218160888031236,1.29803116598811,2.5525806451612905,296.3086129032258,25.87,3.503225806451613,1
2022-09-01,108.7055892944336,109.40889593174482,106.34802588101796,107.25935215267644,28360900,0.014045498984514015,-0.059237014679478506,-0.07149501768513078,0.02525163856003594,0.018768759332527685,114.77929382324218,113.23106719970703,1.013673161101666,23.97557385591422,-1.5289346772875803,-0.344252525176567,-1.1846821521110131,1.2665599919971668,2.56,296.349,25.56,3.5,0
2022-09-02,106.83338928222656,109.69614713283325,106.2489543324562,109.5475595423476,24160700,-0.017222665590231112,-0.022566757416728866,-0.08189336472615372,0.011456359330901006,0.01901208429031284,114.30282707214356,113.14405471801757,1.0102415664438924,20.875933902202604,-1.785461534837296,-0.6324943271087129,-1.152967207728583,1.0670683367686697,2.5773333333333333,296.4042666666667,25.47,3.5033333333333334,0
2022-09-06,105.80320739746094,107.01170889666186,104.7829173782116,106.28859410286454,25068300,-0.009642883106929734,-0.023853022701735838,-0.08942893303107546,0.011579790226152645,0.019040439004534827,113.78327026367188,112.9228598022461,1.0076194533412681,20.32679927161007,-2.0482767270317623,-0.9156508070933228,-1.1326259199384396,1.092842074701061,2.6466666666666665,296.62533333333334,26.91,3.5166666666666666,1
2022-09-07,108.41831970214844,108.94333026280532,105.89236057332784,106.05084848113616,23167000,0.02471675830075326,0.004681432002369812,-0.06156219655609996,0.017577609703112857,0.02012334810093442,113.42765426635742,112.7963931274414,1.005596465644099,30.25797471228165,-2.022230933339756,-1.1369668323426094,-0.8852641009971467,1.0010519536328049,2.664,296.6806,24.64,3.52,0
2022-09-08,107.35840606689452,108.56690754109272,106.14991215017608,107.02161453866474,24238300,-0.009776148884854119,0.001478481068873272,-0.09456968210580907,0.01797549248001639,0.01894117179428737,112.86698989868164,112.72452697753906,1.0012638147611919,27.35305039434614,-2.0633308330219364,-1.3222396324784749,-0.7410912005434616,1.06270812278998,2.6813333333333333,296.73586666666665,23.61,3.523333333333333,1
2022-09-09,109.60702514648438,109.9438167112651,107.99238453450448,108.04191626225722,23197700,0.0209449745201018,0.008292451730418371,-0.06891599809977733,0.019484072874204592,0.01977927101685824,112.46135101318359,112.70369537353515,0.9978497212576006,37.056083188781734,-1.892640846845282,-1.4363198753518365,-0.4563209714934455,1.0195334732400865,2.6986666666666665,296.79113333333333,22.79,3.526666666666667,1
2022-09-12,109.81503295898438,110.5678713062652,108.89379884747014,109.94380485678408,22966800,0.001897759858202619,0.02790928657033498,-0.08892175697361782,0.01645746614092916,0.018768558141228114,111.92545051574707,112.74127777099609,0.9927637217585368,42.51550887212886,-1.7207476037228986,-1.493205421026049,-0.22754218269684956,1.0008726716499377,2.7506666666666666,296.9569333333333,23.87,3.536666666666666,0
2022-09-13,103.33667755126952,107.2791653268789,103.10884221000528,106.78387833563288,38172900,-0.05899333846336419,-0.023312429810616653,-0.1454784036937269,0.03368614658254817,0.02225547486054342,111.04582061767579,112.65376052856445,0.9857267089589881,33.40291206977133,-2.0832556354678076,-1.6112154639144007,-0.47204017155340683,1.5984846327659012,2.768,297.0122,27.27,3.54,1
2022-09-14,104.0102767944336,104.28763632335524,102.68291117531426,103.58432964430956,26395100,0.006518491392660364,-0.04065773127479577,-0.1372226269759379,0.030618495366881337,0.022460711048232575,110.21869163513183,112.49005813598633,0.9798082911637516,35.145324036527214,-2.2897966821327316,-1.746931707558067,-0.5428649745746645,1.088530674735936,2.785333333333333,297.0674666666667,26.16,3.543333333333333,0
2022-09-15,101.93997955322266,104.2777273684342,101.38525294374102,103.04941765722538,34188300,-0.019904737349201396,-0.050470444860141295,-0.139188634525917,0.03110633709450629,0.022521583245310457,109.39453392028808,112.2590168762207,0.9744832706036339,25.79284632223198,-2.5906739580821068,-1.915680157662875,-0.6749938004192317,1.3777027528022876,2.802666666666666,297.1227333333333,26.27,3.546666666666667,0
2022-09-16,101.8310089111328,102.15789258323696,99.9885406902704,101.10788657515744,42797200,-0.0010689686477027838,-0.07094450583764422,-0.14454521064442816,0.026924636797457824,0.02238323484619479,108.53422050476074,111.94237014770508,0.9695544266353537,33.00272903075482,-2.8055734823905567,-2.0936588226084116,-0.7119146597821451,1.6425138015686649,2.8200000000000003,297.178,26.3,3.55,1
2022-09-19,102.09847259521484,102.35602397834498,100.59280328245238,100.79091508025668,23036800,0.0026265445755866423,-0.07026870689600073,-0.12063802553492586,0.02703605617984272,0.02211559299426332,107.83388557434083,111.6197703552246,0.9660823098915597,35.25318882844009,-2.9206335738463025,-2.25905377285599,-0.6615798009903124,0.8820520360466327,2.872,297.3438,25.76,3.56,0
2022-09-20,100.18665313720705,101.40506247498008,99.57249454030392,101.11779510985504,26517100,-0.018725250333445298,-0.030483120695453114,-0.11467084864793387,0.012355740765992605,0.021861872470370823,107.18505973815918,111.33178085327148,0.9627534825785512,33.028751036063625,-3.130006609969257,-2.4332443402786437,-0.6967622696906135,1.0055666781252626,2.889333333333333,297.39906666666667,27.16,3.563333333333333,0
2022-09-21,98.3441925048828,101.9102576469996,98.33428464808382,100.71166392865516,31487300,-0.01839028028814349,-0.0544761966238132,-0.1280520228824814,0.010929951586299731,0.022029573009952678,106.46293106079102,111.03974990844726,0.9587821581782213,31.467709946894047,-3.405352639026276,-2.6276660000281704,-0.7776866389981056,1.159704100931268,2.9066666666666667,297.4543333333333,27.99,3.566666666666667,1
2022-09-22,99.19607543945312,100.28570528054816,97.85880210913288,97.88851811864318,34298600,0.008662259690911833,-0.026916859565750073,-0.119183763446564,0.012522359008191378,0.022269044779418455,105.79181709289551,110.81759368896485,0.9546482067624087,29.539650298246926,-3.514315673973897,-2.804995934817316,-0.7093197391565811,1.225854067374689,2.924,297.5096,27.35,3.5700000000000003,0
2022-09-23,97.80926513671876,98.72059887182064,96.5512396042916,98.69087530642672,31625400,-0.013980495665686266,-0.03949429370697666,-0.1535362913787386,0.012740704087127618,0.02099225041407066,104.90475769042969,110.58723556518555,0.9486154270362755,30.169805917891594,-3.670265133778045,-2.978049774609462,-0.6922153591685833,1.1014398466466848,2.9413333333333336,297.56486666666666,29.92,3.5733333333333333,0
2022-09-26,97.2446517944336,98.93853249770274,96.87814423603862,97.17531191386048,27072700,-0.005772595689129689,-0.04754058192452082,-0.11029542387524482,0.011487804393876335,0.017983530417171177,104.30199356079102,110.31765075683593,0.9454696763865582,30.80001766323008,-3.7956617562709596,-3.1415721709417617,-0.6540895853291979,0.9598842439032865,2.993333333333333,297.73066666666665,32.26,3.583333333333333,0
2022-09-27,96.5809555053711,99.05739026191908,95.95689666741347,98.49276343972532,30072800,-0.006825015842161664,-0.03598980022716092,-0.10893809270843902,0.010307377579209588,0.01797489734861819,103.71161117553712,110.08922424316407,0.9420686891794229,20.89627382297158,-3.9035960020094933,-3.2939769371553083,-0.609619064854185,1.0497270161032748,3.010666666666667,297.78593333333333,32.6,3.586666666666667,1
2022-09-28,99.10692596435548,99.7507929809595,96.19463615518136,96.7295469909978,32466300,0.02615391870754391,0.007755754966769501,-0.08160457962485479,0.015975348232383498,0.019329138638490402,103.27130088806152,109.81661849975586,0.940397749437997,31.076814759811,-3.742172528272988,-3.3836160553788446,-0.3585564728941435,1.123562337303683,3.028,297.8412,30.18,3.59,0
2022-09-29,96.501708984375,97.71021036985752,95.05547197538944,97.71021036985752,31047200,-0.0262869315603379,-0.027162026755007118,-0.09979676045112251,0.01941450108198913,0.019955988144536904,102.73639068603515,109.49012512207031,0.9383164972320067,20.42912830880671,-3.7808788816884373,-3.4630686206407635,-0.31781026104767385,1.0699706756793548,3.045333333333333,297.8964666666667,31.84,3.5933333333333333,0
2022-09-30,94.7484130859375,97.96777887388244,94.65925748807376,96.13521832147144,32941500,-0.018168547654647038,-0.03129409107105319,-0.1283942831190814,0.01996295503049312,0.01963091591411654,102.03853187561035,109.1198486328125,0.935105144976596,18.219852654820414,-3.9079814937076662,-3.552051195254144,-0.3559302984535222,1.1263630115674335,3.062666666666667,297.9517333333333,31.62,3.5966666666666667,1
2022-10-03,97.71021270751952,98.35408727916216,95.61019323680982,95.84793642347994,27982000,0.03125962245822156,0.004787522033294689,-0.08539630387093622,0.02608327215410339,0.021189701700217594,101.582373046875,108.93639419555664,0.932492522788297,36.064757217123734,-3.726758994921809,-3.5869927551876772,-0.13976623973413194,0.9505735390859757,3.1251612903225805,298.05725806451613,30.1,3.6,1
2022-10-04,100.68193817138672,100.8800499433102,99.43381284732564,99.49325242488644,28850800,0.030413662825221843,0.04246160792836173,-0.04840372378160174,0.028421206603369498,0.022504202839255597,101.3263095855713,108.82010055541993,0.9311359672376687,42.59909448957824,-3.305244646961455,-3.530643133542433,0.22539848658097794,0.9738308362662774,3.147741935483871,298.0823870967742,29.07,3.6,0
2022-10-05,100.47393798828124,100.96922507142224,97.86873065165284,98.88902083372628,22176900,-0.0020659135777800763,0.013793304661849914,-0.07327527059718653,0.026840295299767752,0.021594485171911308,100.92909049987793,108.74897750854493,0.928092316931876,46.4457402782561,-2.9539243644828588,-3.4152993797305182,0.46137501524765945,0.7498127319296667,3.1703225806451614,298.10751612903226,28.55,3.6,0
2022-10-06,100.46400451660156,101.95977324242656,99.64182635441148,99.73098193653628,22324000,-9.886615254228737e-05,0.041059330181065556,-0.06421855356158213,0.021764250252268424,0.02155658695198726,100.58437042236328,108.51837158203125,0.9268879449258,46.66985352827217,-2.6458028888916374,-3.2614000815627424,0.615597192671105,0.7572368115323598,3.192903225806452,298.1326451612903,30.52,3.6,0
2022-10-07,97.74983978271484,99.58240011798392,97.37342439434228,98.9088095152522,27502800,-0.027016290530587073,0.03167785716954463,-0.10817906377737185,0.024622976072779957,0.021409291920593536,99.9915111541748,108.21050079345703,0.9240462840573122,40.534676273520354,-2.5907601401898717,-3.1272720932881684,0.5365119530982967,0.9261410369198001,3.215483870967742,298.1577741935484,31.36,3.6,0
2022-10-10,96.93756103515624,98.16587053702548,96.09557474401588,98.06681465997583,18225100,-0.008309770628414315,-0.007907583567299148,-0.11726511003860318,0.020725489209744836,0.021345523395725183,99.3476375579834,107.84478073120117,0.9212095094857066,42.57243387806625,-2.582908312491554,-3.018399337128846,0.4354910246372916,0.6186589922821654,3.283225806451613,298.2331612903226,32.45,3.6,0
2022-10-11,96.26397705078124,98.31446483110562,95.40217499101496,96.5116205390208,26507100,-0.006948637630058707,-0.04388037418474178,-0.06844327365740233,0.010683165846974553,0.01734180581659179,98.99400253295899,107.49451370239258,0.9209214416935922,44.976046403643906,-2.6010549384046584,-2.9349304573840085,0.3338755189793501,0.9179709617932001,3.305806451612903,298.25829032258065,33.63,3.6,1
2022-10-12,96.64038848876952,97.81917386308255,95.8281181827879,96.38284471289478,21876400,0.0039102003627973225,-0.03815466554081759,-0.07085730884295172,0.01190198686451903,0.017272990142394726,98.62550811767578,107.14642578125,0.9204740839328555,43.68264285005725,-2.5556036053813216,-2.8590650869834713,0.3034614816021497,0.763579101645159,3.3283870967741933,298.2834193548387,33.57,3.6,1
2022-10-13,98.12625885009766,98.83947334531618,93.49037218865716,94.2531184072858,34574500,0.015375252361498948,-0.02326948520270855,-0.037411432882756945,0.015757559868009058,0.017313798538106353,98.43482208251953,106.76961135864258,0.9219366899433002,50.779752447505686,-2.3723389298254034,-2.761719855551858,0.38938092572645466,1.2059837891808696,3.350967741935484,298.3085483870968,31.94,3.6,0
2022-10-14,95.64982604980467,99.74090163611204,95.4616221229326,99.0474952796714,25410700,-0.025237207953439866,-0.02148355166185667,-0.060700398900323194,0.01513246809940967,0.018088882547233936,98.12576293945312,106.34108917236328,0.9227455135465622,46.41424934361498,-2.399270487976466,-2.6892299820367795,0.2899594940603136,0.9140605328095885,3.373548387096774,298.33367741935484,32.02,3.6,1
2022-10-17,99.02767944335938,99.9786295328087,97.89842573979584,97.92814174923495,28419200,0.03531478867296478,0.02156149160226062,-0.03007677856288904,0.022822913668794534,0.01999737220002721,97.97222328186035,105.99438827514649,0.9243151913621905,54.90275575058726,-2.1235702074069565,-2.5760980271108154,0.4525278197038589,1.0124792831359382,3.4412903225806453,298.40906451612904,31.37,3.6,1
2022-10-18,99.82013702392578,102.49469131471892,99.0276823713602,102.15789223033175,24060700,0.008002384636506266,0.036941752066493194,-0.0036583327399839494,0.021911996044207085,0.01966448456029078,97.95389747619629,105.66690414428712,0.9270064100907244,51.53583337385863,-1.8201494944664915,-2.4249083205819506,0.6047588261154591,0.8609680778355477,3.4638709677419355,298.4341935483871,30.5,3.6,0
2022-10-19,98.6908721923828,100.06776927050232,97.9875656498345,99.06729510070366,23811100,-0.01131299620709103,0.021217668261459544,0.0035251668519500345,0.023528789800210108,0.01937772754838928,97.97123146057129,105.33010879516601,0.9301351017408951,55.0341625062984,-1.651768073516962,-2.270280271168953,0.6185121976519912,0.8639013666861498,3.4864516129032257,298.4593225806452,30.76,3.6,1
2022-10-20,99.02767944335938,101.35552672500424,98.45314473593804,99.05739545279847,25323200,0.003412749765956402,0.009186334053953527,-0.0016976074441225064,0.022732105780598897,0.019294634117102624,97.9628116607666,104.939228515625,0.9335194573703233,60.52628023087953,-1.4741539251336633,-2.111055001961895,0.6369010768282317,0.9339694735320239,3.509032258064516,298.48445161290323,29.98,3.6,1
2022-10-21,100.17674255371094,100.35504617005536,96.79888925641042,96.92766115141708,32458700,0.011603453870781655,0.047328016065069534,0.02420504247407318,0.016906064768260506,0.019160237956181127,98.08118553161621,104.58836730957032,0.9377829299247635,56.661310854030276,-1.2265349120402647,-1.934150983977569,0.7076160719373044,1.1953039539226118,3.531612903225806,298.5095806451613,29.69,3.6,1
2022-10-24,101.55362701416016,101.78146232324,99.03757610463404,100.84042019579762,27176400,0.01374455213205783,0.025507490279478295,0.044310665319007514,0.009970955208975056,0.0192739805566983,98.29663429260253,104.20877899169922,0.9432663470745817,52.57606393916326,-0.9087168689023031,-1.729064160962516,0.8203472920602128,1.0005901981453125,3.599354838709677,298.5849677419355,29.85,3.6,1
2022-10-25,103.49517822265624,103.83196976605646,101.751765809669,101.93006943778678,40611400,0.019118482181097907,0.03681663147636827,0.071589918334372,0.011845694925364697,0.019496011086363212,98.6423454284668,103.86009704589844,0.949761729809228,58.09872923575807,-0.494476802872569,-1.4821466893445265,0.9876698864719575,1.4667880219450795,3.621935483870968,298.61009677419355,28.46,3.6,0
2022-10-26,94.03518676757812,97.38332404744,93.79745113215374,95.5210477145698,88114100,-0.09140514193546467,-0.04717442780046699,-0.051174417402487515,0.04657444359733785,0.028152069779177804,98.38875846862793,103.32974365234375,0.9521823532211603,38.56188709221154,-0.9189378723099395,-1.369504925937609,0.4505670536276696,2.8918607311068802,3.644516129032258,298.6352258064516,27.28,3.6,0
2022-10-27,91.35074615478516,94.53048815913598,90.93470684000596,93.62906208630032,60710900,-0.028547192865453264,-0.07752310598134515,-0.05337690786827265,0.04668856605421325,0.02825804343985397,98.13121032714844,102.7882958984375,0.9546924527682548,38.60271716532097,-1.4551640254844216,-1.3866367458469715,-0.06852727963745009,1.9000136920386663,3.667096774193548,298.6603548387097,27.39,3.6,1
2022-10-28,95.3823699951172,95.63992134750748,91.2615785867917,91.40025834019885,43697300,0.0441334527634929,-0.04785913812303466,0.006690950154539355,0.053157765070225106,0.029813414114397464,98.16290817260742,102.31519775390625,0.9594166881122965,47.5150528972561,-1.5370901465435338,-1.416727425986284,-0.12036272055724972,1.3449186096991244,3.6896774193548394,298.68548387096774,25.75,3.6,0
2022-10-31,93.61914825439452,95.12481736726046,93.09414525818129,94.52056663945436,31675000,-0.018485824380469307,-0.0781309244490036,-0.041869363905398194,0.051706508890333694,0.029204476103662117,97.95835494995117,101.86547729492187,0.9616442935455084,45.91618942515911,-1.7244164469575196,-1.4782652301805312,-0.24615121677698837,0.9693862170877312,3.7574193548387096,298.76087096774194,25.88,3.6,0
2022-11-01,89.61723327636719,95.12482243853582,89.5181773853351,94.55028769007764,47161400,-0.04274675696848673,-0.13409267160671468,-0.10989761516295549,0.0488108442270926,0.029547584760506226,97.40511970520019,101.39455856323242,0.9606543101073387,40.247616355680734,-2.1707716783272843,-1.616766519809882,-0.5540051585174024,1.403995642265028,3.78,298.786,25.81,3.6,0
2022-11-02,86.15021514892578,90.32053045090788,86.06105956611515,90.0827948258783,57038300,-0.03868695786166043,-0.0838512889663442,-0.14256157493325383,0.0353764579782252,0.030452378595746215,96.68893356323242,100.86182754516602,0.9586276187582962,34.23728799943447,-2.772313300782372,-1.84787587600438,-0.9244374247779918,1.614264934978193,3.790666666666666,298.78753333333333,25.86,3.5966666666666667,0
2022-11-03,82.6435775756836,85.70444718044135,82.55442199825052,85.50633543111263,61288000,-0.04070375874488941,-0.09531579046270833,-0.1773812125712465,0.036770202701005755,0.031295287647919674,95.79791221618652,100.26233200073243,0.9554726117430293,33.333326815613546,-3.4917450529841005,-2.1766497114003243,-1.3150953415837763,1.6438981533102401,3.801333333333333,298.78906666666666,25.3,3.5933333333333333,1
2022-11-04,85.7638931274414,85.8233251451628,82.92094321259124,84.5950155815513,51124900,0.03775629810919412,-0.10084124422750429,-0.12261858108326962,0.0340283034191193,0.03267969829203509,95.19861488342285,99.66660079956054,0.9551706802449974,32.89037885392149,-3.766696381173034,-2.4946590453548665,-1.2720373358181676,1.3291892878443354,3.812,298.7906,24.55,3.59,1
2022-11-07,87.65589141845703,88.06203038731945,86.03135065796711,86.45729778160043,34078900,0.022060545784741814,-0.06369697809825536,-0.09574894929874533,0.03910305444059379,0.033267077664846004,94.73453140258789,99.23371994018555,0.9546606885209019,34.741568104587785,-3.7882601349588754,-2.7533792632756686,-1.0348808716832067,0.8681215134230744,3.844,298.7952,24.35,3.58,1
2022-11-08,88.0620346069336,89.46864794494398,86.7643774616038,88.0620346069336,30429000,0.004633381532083147,-0.017353790254130863,-0.0852026136373002,0.035505305874128944,0.033322642903708254,94.32443428039551,98.82718856811523,0.9544381019741721,36.42119791143789,-3.7295848713518183,-2.9486203848908987,-0.7809644864609195,0.7712915984878335,3.854666666666666,298.7967333333333,25.54,3.5766666666666667,0
2022-11-09,86.4969253540039,88.59694505123552,86.4573014852848,87.616271304768,31769100,-0.017772803682263083,0.004024484494655978,-0.10496091016795084,0.031221809478385838,0.033407680454488026,93.81726112365723,98.39886444091798,0.953438453347074,34.478545093303694,-3.765963851707042,-3.1120890782541273,-0.6538747734529147,0.7952884147452702,3.865333333333333,298.7982666666667,26.09,3.5733333333333333,1
2022-11-10,93.05451965332033,93.50027490961016,90.74648052680033,91.38044725273583,51620100,0.07581303349776092,0.12597400043702822,-0.05168585102714618,0.035342538906602876,0.03779222762849416,93.56367416381836,98.11595657348633,0.9536030369712757,42.22030658620997,-3.2284359993138736,-3.135358462466077,-0.09307753684779652,1.2652320208476107,3.876,298.7998,23.53,3.5700000000000003,1
2022-11-11,95.50123596191406,96.01633107883713,93.03470144146593,93.79744759770196,33090500,0.02629336347884137,0.1135366233900248,-0.0015534799594224546,0.03463215052527564,0.03787861137898326,93.55624465942383,97.85186950683594,0.9561007380946154,43.53988201576782,-2.575325002031832,-3.0233517703792283,0.4480267683473964,0.8035007725291875,3.8866666666666654,298.80133333333333,22.52,3.566666666666667,0
2022-11-14,94.79793548583984,95.87766515214165,93.61915748150425,94.19368469847872,30179500,-0.007364307581890328,0.08147819789188704,-0.04271274436900041,0.03707671692649421,0.03701293777286901,93.34475746154786,97.6111604309082,0.9562918527909499,40.46480963411684,-2.0903836603491754,-2.836758148373218,0.7463744880240424,0.7312532975696571,3.9186666666666654,298.8059333333333,23.73,3.556666666666666,1
2022-11-15,97.5121078491211,99.19608064116606,95.79841148852762,97.33380422522976,41640800,0.028631133677870846,0.10731154786927255,-0.023121879448547378,0.03673729266239509,0.03757549800797381,93.22935600280762,97.44533843994141,0.9567348987172718,54.47362660339629,-1.470106652440336,-2.5634278491866413,1.0933211967463055,0.9879209763812182,3.929333333333333,298.80746666666664,24.54,3.553333333333333,1
2022-11-16,97.9182357788086,98.7007901248497,96.71964217765084,96.97719352688098,29105200,0.004164897453718286,0.1320429642794927,-0.007828853838357741,0.03192602303109338,0.03750019977006624,93.1907241821289,97.23533676147461,0.9584038816128396,58.97642101065682,-0.9349836159276776,-2.2377390025348487,1.302755386607171,0.6862065416807194,3.94,298.809,24.11,3.55,0
2022-11-17,97.43285369873048,98.34417991306272,95.87765290955151,96.0559565217017,26052600,-0.004957014147748295,0.04705127769958817,-0.016104848195913513,0.017101049943904205,0.037510130734691914,93.11098289489746,97.03682571411133,0.9595427530700547,53.10344063081042,-0.5437925297097195,-1.8989497079698228,1.3551571782601033,0.6137084064125068,3.9506666666666654,298.8105333333333,23.93,3.546666666666667,0
2022-11-18,96.51162719726562,97.96777221776902,95.46162115308442,97.8389927582132,28342300,-0.009454988399635322,0.010579876010761824,-0.03658648966830014,0.01566048496491433,0.03745878442954225,92.9277271270752,96.77491775512695,0.9602459943413599,54.492311870525015,-0.3045948750437333,-1.580078741384605,1.2754838663408716,0.6708985393281167,3.961333333333333,298.8120666666667,23.12,3.543333333333333,0
2022-11-21,94.6988754272461,97.47248572459458,94.4611397769671,96.37294795051916,21647400,-0.018782729321456193,-0.0010449600836354156,-0.06749883572310289,0.018054196947564785,0.037482410970230876,92.58498954772949,96.47259460449219,0.9597024929960609,58.46813513905922,-0.25832511728653174,-1.3157280165649905,1.0574028992784588,0.5157970193835497,3.993333333333333,298.81666666666666,22.36,3.533333333333333,1
2022-11-22,96.13521575927734,96.30361153605568,93.16349357268427,95.04557824487564,23438500,0.015167448668751415,-0.014120216660419183,-0.07111406144491972,0.012997350094002552,0.03737097146470756,92.21699142456055,96.32856536865235,0.9573171890564686,67.84704782435095,-0.10455015104935228,-1.073492443461863,0.9689422924125106,0.5701384498587819,4.004,298.8182,21.29,3.53,1
2022-11-23,97.53190612792967,97.8290813234833,96.17481715253768,96.17481715253768,18868100,0.014528394799150801,-0.003945431081413875,0.0371852226868461,0.015045240328855384,0.03117739593088811,92.39182739257812,96.19899795532227,0.9604240101907058,78.78209891419807,0.12853716132012494,-0.8330865225054654,0.9616236838255904,0.5011728412933634,4.014666666666666,298.8197333333333,20.35,3.526666666666667,0
2022-11-25,96.54132843017578,97.71020589867383,96.48189641638942,97.31397483931404,9701400,-0.010156447639345645,-0.00915015043397338,0.05682035991907153,0.015583121869999855,0.030483699128523688,92.65135650634765,96.09102493286133,0.9642040614207522,72.70450804916939,0.23067017191617367,-0.6203351836211377,0.8510053555373114,0.27641351934323366,4.036,298.8228,20.5,3.52,0
2022-11-28,95.1446304321289,96.66020735865295,94.70877547797264,96.12529652150104,26237500,-0.014467358392080243,-0.014164062971839031,-0.002492489576432888,0.016346084763827904,0.02912871607556433,92.63946952819825,95.95729736328126,0.9654239132796523,66.11255564748062,0.1966426883860919,-0.4569396092196918,0.6535822976057837,0.7666308491669327,4.068,298.8274,22.21,3.51,0
2022-11-29,94.29273986816406,95.21397397473142,93.22291815263816,94.827650725927,20061700,-0.008953637846883411,-0.004288705195808262,0.007195019676307757,0.014411262161923885,0.02888256168994384,92.67314910888672,95.80118270874023,0.9673486953771383,63.1535070553427,0.09978495472417137,-0.34559469643091917,0.44537965115509054,0.5962977978680147,4.078666666666666,298.82893333333334,21.89,3.506666666666667,1
2022-11-30,100.0380630493164,100.08759477077614,93.52999237293704,93.92622347217592,43647500,0.06093070568513759,0.040597477825522255,0.11628153862787549,0.03148585411301967,0.02994919002493841,93.19419059753417,95.79821090698242,0.9728176519708006,74.29793439410959,0.48107849459978524,-0.18026005822477825,0.6613385528245634,1.3041536760490933,4.089333333333333,298.83046666666667,20.58,3.5033333333333334,0
2022-12-01,100.0380630493164,101.28618836680111,99.30504042808616,100.0677790592004,28687100,0.0,0.025695764810537813,0.16120502863960406,0.031446526943301266,0.028108321692004324,93.88858299255371,95.8320883178711,0.9797196809604016,66.38775670237904,0.7743303734812486,0.010658028116427104,0.7636723453648214,0.8950592198157252,4.1,298.832,19.84,3.5,0
2022-12-02,99.4932632446289,99.82014694810282,97.96777825098889,98.11636587483002,21480700,-0.005445925161694953,0.030576902788199467,0.20388378822921416,0.030927592183862943,0.025922297478454426,94.73106727600097,95.8380320739746,0.988449629296236,60.28593007479098,0.9518020278038222,0.19888682805390612,0.752915199749916,0.714590816942303,4.10741935483871,298.8832258064516,19.06,3.5,0
2022-12-05,98.54228973388672,100.42437399928627,98.06681096151,98.46304201224414,24405100,-0.009558169867280197,0.035710468224284364,0.14899506237965632,0.030167594759896887,0.0253736523189369,95.36998710632324,95.85269256591796,0.9949640907660182,59.52618682335697,1.0041388897032988,0.35993724038378466,0.6442016493195142,0.8496369779436467,4.129677419354838,299.03690322580644,20.75,3.5,0
2022-12-06,96.06587982177734,98.8394827753294,95.51115318508242,98.36401143814018,24910700,-0.025130427949227818,0.0188046286075938,0.09594321918617199,0.033085532235566026,0.026108955433431946,95.79048652648926,95.82911712646484,0.999596880351881,46.275524719544414,0.8361520062972687,0.4551801935664815,0.38097181273078723,0.8813036559453247,4.137096774193548,299.08812903225805,22.17,3.5,0
2022-12-07,94.04510498046876,95.96681354446216,93.8271774750463,95.501250078082,31045400,-0.021035302493013663,-0.059906778341892286,0.06794154143997133,0.01056751581885098,0.026746177872410796,96.08964004516602,95.7784001159668,1.003249583714307,40.79134443443551,0.5338081415722229,0.47090578316762977,0.06290235840459313,1.097143963789238,4.144516129032258,299.13935483870966,22.68,3.5,0
2022-12-08,92.82669830322266,94.67907459688467,92.56914692029817,94.48095524175793,32213300,-0.012955556565109272,-0.07208620925155973,0.07317916704337213,0.008123593193100817,0.026564435362400423,96.40612869262695,95.65279556274415,1.0078757042640605,39.41739567579616,0.19365092696089903,0.41545481192628364,-0.2218038849653846,1.1375246876894725,4.151935483870967,299.1905806451613,22.29,3.5,0
2022-12-09,91.9549789428711,93.3714999528572,91.87573121535932,92.88611328995704,28225400,-0.00939082587537532,-0.07576678114600655,-0.0118160914112031,0.007113740540248149,0.020575467750441064,96.3511516571045,95.56186096191406,1.0082594738868156,39.507268589426666,-0.14459972778496422,0.3034439039840341,-0.4480436317689983,1.0396465288729415,4.159354838709677,299.2418064516129,22.83,3.5,1
2022-12-12,92.43045806884766,92.67810157031386,90.74648528186952,91.83611517682478,29420000,0.005170781739529007,-0.0620224238907382,-0.032154326194176575,0.011772516235035524,0.019654878834403745,96.19761276245117,95.51550186157226,1.0071413633136481,44.433627609488624,-0.37003310561010494,0.1687485020652063,-0.5387816076753112,1.091023310888613,4.181612903225807,299.3954838709677,25.0,3.5,1
2022-12-13,94.72858428955078,98.59182421305074,94.13424142996912,96.83851164366295,40593700,0.0248633001363181,-0.013920608802079681,-0.0007315686352623585,0.018081807041163724,0.020449735523585623,96.19414520263672,95.45586929321288,1.0077342117869783,46.68838843405695,-0.3591114882305817,0.0631765040060487,-0.4222879922366304,1.4768745938874097,4.189032258064516,299.44670967741934,22.55,3.5,0
2022-12-14,94.17386627197266,95.95690242669572,92.71772133852876,94.3026381663495,28733600,-0.005855867283760419,0.0013691440030891844,-0.034234123851713316,0.015285408023982679,0.019346766523360665,96.0272331237793,95.3257078552246,1.0073592453110354,41.76785441084552,-0.39071323683427295,-0.02760144416201564,-0.3631117926722573,1.070517114578296,4.196451612903226,299.49793548387095,21.14,3.5,0
2022-12-15,90.00355529785156,92.75734984088064,89.16156889949431,92.25215497887432,40107000,-0.04428310251250911,-0.030413049876547027,-0.08082948408951951,0.02527050262362121,0.021504226682589524,95.63149909973144,95.11630020141601,1.0054165153314885,36.13446792261104,-0.7436942487831857,-0.17082000508624967,-0.5728742436969361,1.464242751711788,4.203870967741936,299.54916129032256,22.83,3.5,0
2022-12-16,89.40921020507812,90.46912406913404,88.67618001312934,89.904497198702,58011800,-0.006603573501141713,-0.027684947210684263,-0.0823504925603642,0.025204879626415773,0.021511281141539194,95.23031692504883,94.89520431518555,1.0035313966841806,37.407565112720896,-1.0591833196905327,-0.3484926680071063,-0.7106906516834264,2.0011721723928217,4.211290322580645,299.60038709677417,22.62,3.5,0
2022-12-19,87.60636138916016,89.70637329839354,87.37852605840477,89.40920565184058,29493000,-0.020164016791813344,-0.05219163445121333,-0.09227142953359901,0.02510957296683575,0.021783914875957978,94.78505363464356,94.69233474731445,1.000979159375218,35.90812658803448,-1.4381079010764495,-0.566415714620975,-0.8716921864554745,1.0153738262978482,4.233548387096774,299.75406451612906,22.42,3.5,1
2022-12-20,88.18089294433594,88.33938840975075,86.61579178950325,87.27947454659835,23453800,0.006558103156728778,-0.06912054470486895,-0.06882850987937761,0.01935656700193484,0.021652513539285902,94.45915451049805,94.51720138549804,0.9993858591436363,18.04590521486432,-1.6727658632755862,-0.7876857443518972,-0.885080118923689,0.8049555261196636,4.240967741935484,299.8052903225807,21.48,3.5,1
2022-12-21,88.73562622070312,89.36959301530564,87.48750078743176,88.24033919007738,24745600,0.0062908557380720875,-0.05774680669437504,-0.07697064473338056,0.02130893674722476,0.021341952731189058,94.08917503356933,94.36663436889648,0.9970597729040276,20.425130772151604,-1.7932996080430428,-0.9888085170901264,-0.8044910909529164,0.8473905319202852,4.248387096774193,299.8565161290323,20.07,3.5,0
2022-12-22,86.93278503417969,87.70543162211254,85.50635591339253,87.32901618522953,27658300,-0.020316994011395306,-0.0341183218097294,-0.1086733717666446,0.013333632056940811,0.021190194388990745,93.55921897888183,94.17248229980468,0.9934878713404783,19.163450325367748,-2.011114806338014,-1.193269774939704,-0.8178450313983101,0.9330897120030174,4.255806451612903,299.9077419354839,21.97,3.5,1
2022-12-23,88.388916015625,88.70589937421238,86.24927267705067,86.28889654155903,23003000,0.016750078590865414,-0.011411511041344302,-0.08444479216429135,0.01702081861952124,0.02172798643523201,93.1515983581543,93.97773544311524,0.9912092254504153,25.676319328511326,-2.042690455412952,-1.3631539110343538,-0.6795365443785983,0.7590068338001716,4.263225806451613,299.9589677419355,20.87,3.5,0
2022-12-27,86.56625366210938,88.101646250422,86.18983829581997,87.96296650718489,20097300,-0.020620937960065255,-0.011872513714277777,-0.09016143875968796,0.01714233019539379,0.021924014416405617,92.72267951965333,93.79606399536132,0.9885561885010327,26.506576501953802,-2.189548254764503,-1.5284327797803836,-0.6611154749841195,0.6699166991669917,4.292903225806452,300.163870967742,21.65,3.5,0
2022-12-28,85.20917510986328,87.21013889144778,85.12993493079983,86.16013283342589,19523200,-0.01567676195787704,-0.03370024656416837,-0.0963336601630308,0.017164387008222773,0.022047291975666055,92.26850128173828,93.51969390869141,0.9866210786770245,27.406258278959612,-2.3879126458343194,-1.7003287529911708,-0.6875838928431486,0.6513644465685944,4.300322580645162,300.2150967741936,22.14,3.5,1
2022-12-29,87.61625671386719,88.01248777759298,85.79360440119908,85.80351225609894,23333500,0.028249089383864723,-0.012614657207149715,-0.1241708001615901,0.023104957740024062,0.01769975156068402,91.64741096496581,93.27561630249023,0.9825441481700405,37.44024422763929,-2.3240957570843364,-1.825082153809804,-0.49901360327453226,0.8057961655312217,4.307741935483871,300.2663225806452,21.44,3.5,0
2022-12-30,87.39834594726562,87.46768582385727,85.75398950597845,86.16012846707217,23986300,-0.002487104274646268,0.005355412378688751,-0.1263490787083682,0.020904677442406015,0.0176606864114519,91.01542510986329,93.0497657775879,0.9781370683663279,38.65877172694021,-2.2649945434953196,-1.9130646317469073,-0.35192991174841226,0.8351184029961666,4.315161290322581,300.3175483870968,21.67,3.5,1
2023-01-03,88.27995300292969,90.19176102565882,87.68560258790053,88.74551641039932,28131200,0.010087228151846261,-0.001232767835687154,-0.11270421610484838,0.01985505370339291,0.01805052742541016,90.45475959777832,92.8348112487793,0.9743625088586338,39.87431090443363,-2.122550641872678,-1.9549618337720616,-0.1675888081006165,0.9682197906283901,4.345483870967742,300.48645161290324,22.9,3.5064516129032257,0
2023-01-04,87.24977111816406,89.79554632803817,86.44740093438432,89.49837106627074,34854800,-0.011669488368796888,0.007895888145080576,-0.11459565884066714,0.017842552080760805,0.018079779894401633,89.89013366699218,92.57627182006836,0.9709845935652176,30.551255714511896,-2.068940434635394,-1.9777575539447283,-0.0911828806906656,1.1784409159197615,4.353225806451613,300.5196774193549,22.01,3.509677419354839,0
2023-01-05,85.38748168945312,86.74457088411417,85.0903140033644,86.64551498875126,27194400,-0.0213443474389039,0.0020925748824578427,-0.11115703257113685,0.019339720549942454,0.017886742605454087,89.35621376037598,92.25294891357422,0.9686000806769657,28.605854345431283,-2.151919167612931,-2.012589876678369,-0.1393292909345618,0.915906818275969,4.360967741935484,300.55290322580646,22.46,3.5129032258064514,1
2023-01-06,86.5167236328125,86.86343055515435,84.06010451251869,85.97191250445123,41381500,0.013224912141879708,-0.012549418593007067,-0.08005075170281062,0.014533417689462405,0.017983262319537115,88.97979469299317,91.91337982177734,0.9680831546563462,40.03391329605313,-2.1023257216992732,-2.03053704568255,-0.07178867601672323,1.3698838736117724,4.368709677419355,300.5861290322581,21.13,3.5161290322580645,1
2023-01-09,87.19032287597656,89.20119450702028,87.03183496091958,87.52712197637781,29003900,0.0077857692117757615,-0.0023801717187482696,-0.06071933538812957,0.01523394767312394,0.01803813263926706,88.69797592163086,91.7764825439453,0.9664564762455309,43.68656367793257,-1.9857779173641177,-2.0215852200188635,0.035807302654745854,0.9652662370478273,4.391935483870967,300.6858064516129,21.97,3.5258064516129037,1
2023-01-10,87.58655548095703,87.83419899287388,85.02097232508895,85.16955994373511,30467800,0.004544456218427806,-0.007854529804174781,-0.0475061112746058,0.014463750172489942,0.018046266045612658,88.47955474853515,91.70119873046875,0.9648680276099469,49.93874255165117,-1.8402272883012074,-1.9853136336753323,0.1450863453741249,1.0102161212890652,4.399677419354839,300.71903225806454,20.58,3.5290322580645164,1
2023-01-11,90.65733337402344,90.7365811115069,88.17099795969153,88.33939373373373,26862000,0.035059923023620376,0.03905525724811865,-0.019183337742451623,0.020202166798061447,0.01984342434371067,88.39089851379394,91.60669799804687,0.9648955856446055,56.63485021548465,-1.4602583049639861,-1.8803025679330632,0.42004426296907704,0.8944523277587396,4.4074193548387095,300.7522580645161,21.09,3.532258064516129,0
2023-01-12,90.27099609375,91.00402621551116,88.90400684293,90.61770300207336,30258100,-0.004261511627300263,0.05719239293246514,-0.04705642155672418,0.014734167546943726,0.018909163692291616,88.1680191040039,91.53973495483399,0.9631666417595189,54.15100068398156,-1.1767396161037738,-1.7395899775672052,0.5628503614634315,1.0251768549590285,4.4151612903225805,300.78548387096777,18.83,3.535483870967742,1
2023-01-13,91.2516860961914,91.321025978828,89.28043825448809,89.99365279445307,26329200,0.010863843813387453,0.0547288693394663,-0.031029629465801456,0.014693659156107867,0.019109270568857223,88.02191009521485,91.57242401123047,0.9612272585950091,62.21973931487587,-0.8629677700373009,-1.5642655360612243,0.7012977660239235,0.8957099022836874,4.422903225806452,300.8187096774193,18.35,3.5387096774193547,0
2023-01-17,90.42948150634766,91.38043143059797,89.20117213220912,91.19221999354028,32602400,-0.009010294768438953,0.03715043738258217,0.004732326485176852,0.01725184481326925,0.016375391784551652,88.04320640563965,91.6580093383789,0.9605620615281498,55.98831447914666,-0.6728897066959689,-1.3859903701881735,0.7131006634922046,1.1234631268467072,4.453870967741936,300.9516129032258,19.36,3.5516129032258066,0
2023-01-18,90.26111602783205,91.92528084237875,89.78563712761265,91.27149829926222,29116700,-0.0018618427940869653,0.03053619967343635,0.009528166290697637,0.017751249164721317,0.016303387781904287,88.08580169677734,91.81036010742187,0.9594320465981546,62.00909659440611,-0.5297307527153094,-1.2147384466936006,0.6850076939782912,1.0559169966781263,4.461612903225807,300.98483870967743,20.34,3.554838709677419,1
2023-01-19,92.17291259765624,92.72763161249016,89.77571780323882,89.86487339203985,37000400,0.02118073267822984,0.01671766824841403,0.052125794703546724,0.012371974362452104,0.016152492706784753,88.31412925720215,91.93854049682618,0.9605778901857905,71.84590058624258,-0.2590243729129753,-1.0235956319374755,0.7645712590245002,1.3237987461256944,4.469354838709678,301.018064516129,20.52,3.5580645161290323,1
2023-01-20,97.09606170654295,97.37342877925906,94.12433965904754,94.20358739410928,63191100,0.05341210308040001,0.07560640635564564,0.10110091273213473,0.024451893503931996,0.019744806887035303,88.7598876953125,92.1273439025879,0.9634478096879031,75.68442563479469,0.3487492082440724,-0.749126663901166,1.0978758721452384,2.1108002178572463,4.477096774193549,301.05129032258066,19.85,3.5612903225806454,1
2023-01-23,98.84938049316406,99.0970239934804,96.58096512336888,97.02672040094632,40005100,0.018057568513131228,0.0832608658755487,0.11397625399415134,0.02436527684059344,0.019959124809334105,89.26557540893555,92.3430908203125,0.9666730300660459,78.64220553245642,0.9608166270776906,-0.4071380057053947,1.3679546327830852,1.303097295408047,4.500322580645162,301.15096774193546,19.81,3.570967741935484,0
2023-01-24,96.77906799316406,98.67106778903306,96.2837810381172,97.17529906869738,33078500,-0.02094411203865032,0.07021588956440827,0.11326317171494127,0.027811979599867146,0.02000242634710788,89.75788955688476,92.5487336730957,0.9698445996455353,70.0654344452338,1.2642540164535774,-0.0728596012736003,1.3371136177271776,1.0680468386252697,4.508064516129033,301.1841935483871,19.2,3.574193548387097,0
2023-01-25,94.32244873046876,95.253590622397,92.87621173166306,94.66914808677848,42330000,-0.025383787151874837,0.044995374324691584,0.0671298278371788,0.032716164035241586,0.020958565699965386,90.05456619262695,92.57409225463867,0.9727836806103225,65.64410096413151,1.2916127818583902,0.20003487535279782,1.0915779065055924,1.3254065691695966,4.515806451612903,301.2174193548387,19.08,3.57741935483871,1
2023-01-26,96.60077667236328,96.6503083971589,94.48094883976952,95.59039448086202,30114000,0.024154673384328307,0.048038669386906596,0.1159172608926946,0.03301265419573149,0.020639867992791182,90.55629234313965,92.59608306884766,0.9779710905893139,74.35451986060876,1.4800754363653112,0.4560429875553005,1.0240324488100108,0.9283497653461404,4.523548387096774,301.2506451612903,18.73,3.5806451612903225,1
2023-01-27,98.4333267211914,99.37436886072858,96.39273944020158,96.39273944020158,33879800,0.018970344876661827,0.013772597890634453,0.15519633413042366,0.024022167586770112,0.020200650750703552,91.21749992370606,92.66879089355469,0.9843389456595406,75.11478204997515,1.7570507344027249,0.7162445369247854,1.0408061974779395,1.021829057666274,4.531290322580645,301.2838709677419,18.51,3.583870967741936,0
2023-01-30,96.02625274658205,97.36352622934068,95.49134184198248,96.56116365118156,27226200,-0.024453851706417562,-0.02855989316773966,0.09598670781131191,0.02485621955146459,0.020771530911385866,91.6379997253418,92.6390737915039,0.9891938247524458,67.35410194021284,1.7620135057235728,0.9253983306845429,0.8366151750390299,0.8163614104304351,4.554516129032258,301.3835483870968,19.94,3.5935483870967744,1
2023-01-31,97.9083251953125,97.94794906005014,95.90736914967808,95.95690086997,29870700,0.01959956152508968,0.011668403359993196,0.12025375462355292,0.025182225413844676,0.020950282876202507,92.16349868774414,92.63887557983398,0.9948684945805482,69.15440269728519,1.8959586243981903,1.1195103894272724,0.7764482349709179,0.8878227867589996,4.562258064516129,301.41677419354835,19.4,3.596774193548387,1
2023-02-01,99.4833526611328,100.2361910591422,96.660218115448,97.77956407707592,35531100,0.016086757307699262,0.0547155422715071,0.1269076305220882,0.019958033617115702,0.021056069257224603,92.72366867065429,92.67988555908204,1.000472412231717,67.34138809773651,2.104938231751163,1.3165959578920505,0.7883422738591124,1.0445750441314148,4.57,301.45,17.87,3.6,1
2023-02-02,106.72444152832033,106.83340527382168,104.61452161152836,104.8027330914816,69883800,0.0727869404628192,0.10479900063633085,0.22320597705386924,0.0345591966776357,0.025320642963950778,93.69740219116211,92.88414184570313,1.0087556425596305,75.46768207397045,2.8223175120255632,1.617740268718753,1.2045772433068103,1.9538988269276123,4.572857142857143,301.46325,18.73,3.5964285714285715,0
2023-02-03,103.79235076904295,106.79378901865569,101.61309081864206,101.95979023473124,65309300,-0.027473470156311963,0.05444318734680964,0.2155452850398698,0.040786514598170814,0.02575866622306296,94.61764564514161,93.06601135253906,1.0166724056403886,68.30540298547355,3.1183046652095783,1.9178531480169183,1.20045151719266,1.733626070023211,4.575714285714286,301.4765,18.33,3.592857142857143,0
2023-02-06,101.93006134033205,103.37629840573868,100.91967167543784,101.43477436351552,31999600,-0.017942453513311807,0.061481193162149506,0.17815443142456044,0.03944091454266779,0.02649306602809862,95.38831253051758,93.18190826416016,1.0236784619188364,66.29250425739716,3.1661084955824066,2.1675042175300163,0.9986042780523903,0.8601352821554507,4.5842857142857145,301.51625,19.43,3.5821428571428573,1
2023-02-07,106.62538146972656,107.1602923201408,102.14799045298908,102.2470463384407,49010200,0.04606413522814834,0.08903284023115332,0.22290384933423524,0.04228627368146661,0.027785434588996467,96.36006546020508,93.3637777709961,1.0320926140816444,70.54726164175621,3.5420360824577557,2.442410590515564,1.0996254919421915,1.2828787041957108,4.587142857142857,301.5295,18.66,3.5785714285714287,0
2023-02-08,98.4333267211914,102.16778683035665,97.11586167985637,101.08806495567671,94743500,-0.07683025031766078,-0.010554790443362605,0.12384059609003195,0.059994059043684336,0.03396911227734,96.9024040222168,93.4016177368164,1.0374810026873922,56.78984620665084,3.142703914656906,2.582469255343833,0.5602346593130729,2.2875463109004412,4.59,301.54275,19.63,3.575,0
2023-02-09,94.11444091796876,99.08711923445637,92.7474439167084,99.05740322268636,119455000,-0.04387625560452424,-0.11815475845807433,0.038133788136944125,0.04512161930679667,0.035033418604483,97.07525939941407,93.3810139465332,1.0395609910061168,46.72327990787789,2.449496039175159,2.555874612110098,-0.10637857293493891,2.594212162925341,4.592857142857143,301.556,20.71,3.571428571428572,0
2023-02-10,93.6785888671875,95.8380406275546,93.36160546921988,94.5502913222284,54980700,-0.004631085798630585,-0.09744226647646159,0.03774847870182563,0.04583423852906963,0.035037246086035506,97.24563903808594,93.36873092651368,1.0415225533548658,44.147982697785956,1.8437011464798445,2.4134399189840474,-0.5697387725042029,1.16280390369746,4.595714285714286,301.56925,20.53,3.567857142857143,1
2023-02-13,93.71820831298828,94.30264335517856,92.95546208803488,93.84698021445055,50076100,0.0004229295752624651,-0.08056360331154311,0.027029881006218615,0.04671204991791339,0.03498284417742099,97.36896514892578,93.2423338317871,1.0442570573639145,46.3689898357093,1.3512252046145647,2.200996976110151,-0.8497717714955861,1.0331314842663153,4.604285714285715,301.609,20.34,3.5571428571428574,1
2023-02-14,93.78754425048828,93.95594001243452,91.39035704490637,93.53990075675098,54726100,0.0007398342194981922,-0.12040132510928692,0.03713460132915736,0.03451922932014537,0.03489037449195245,97.53686828613282,93.11732345581055,1.0474621119497662,49.32736028318197,0.955514724325667,1.9519005257532542,-0.9963858014275873,1.1038741320340053,4.607142857142858,301.62225,18.91,3.553571428571429,1
2023-02-15,96.02625274658205,96.20455638144854,93.26255018489124,93.5993417410389,50169000,0.023869998025693118,-0.024453851706417562,0.06387176419325802,0.02452990325131489,0.035197873454678105,97.82512512207032,93.04798324584961,1.051340627809188,49.276818431334455,0.8131825218010817,1.72415692496282,-0.9109744031617382,0.9909141024088759,4.61,301.6355,18.23,3.55,0
2023-02-16,94.60972595214844,96.75926974325574,93.8469797311233,94.47104619514022,42462600,-0.01475145341942985,0.005262582759338441,0.026437412964578133,0.014170130207703935,0.035175169209183996,97.94696578979492,92.96933197021484,1.0535406000462044,45.13610391798458,0.5794023621839699,1.4952060124070499,-0.91580365022308,0.8342010116670976,4.612857142857143,301.64875,20.17,3.5464285714285717,0
2023-02-17,93.46066284179688,94.65925657048464,92.33140899633962,93.95594988129498,34284100,-0.012145295832827308,-0.0023263162695542627,-0.037441259726202714,0.015288244903093714,0.0331159398903734,97.76519584655762,92.91722763061523,1.0521751276869247,46.628476851602116,0.2979752384424188,1.2557598576141236,-0.9577846191717048,0.6932134872536156,4.615714285714286,301.66200000000003,20.02,3.5428571428571427,0
2023-02-21,90.9247817993164,92.22243122719244,90.85544192662408,92.1233753458433,33629300,-0.027133137786247152,-0.0298066572542951,-0.08016842042217642,0.01935547074208349,0.033260994085300644,97.36896591186523,92.85482116699218,1.0486150819972473,40.977740716756216,-0.12820433184862168,0.9789670197215745,-1.1071713515701962,0.6843850724022437,4.627142857142857,301.71500000000003,22.87,3.5285714285714285,0
2023-02-22,90.78609466552734,91.24175772863376,89.75589695688203,90.83561882343186,30884000,-0.0015252952060436087,-0.03200264607573744,-0.06192427197232386,0.019187456230540266,0.03301188133341827,97.0693172454834,92.81400909423829,1.045847692528016,38.33065374184328,-0.4717080476569748,0.6888320062458646,-1.1605400539028394,0.6299224804146099,4.630000000000001,301.72825,22.29,3.525,0
2023-02-23,90.03326416015625,91.07336981273312,88.91391833662863,91.05355410188592,41206400,-0.00829235477244239,-0.062409897450039886,-0.045473634622963166,0.009448661697436458,0.03261181430307335,96.85485801696777,92.77557479858399,1.0439693661531055,22.883811739251783,-0.7955141553694034,0.391962773922811,-1.1874769292922145,0.8414264660012875,4.632857142857144,301.74150000000003,21.14,3.521428571428572,0
2023-02-24,88.28984832763672,89.04268660211446,87.74503722118865,88.59693137343157,36585100,-0.019364130011083946,-0.06679944964335038,-0.08603376319544909,0.009904726292910747,0.03223733695982044,96.43931159973144,92.69276260375976,1.0404190024197177,23.80313649045182,-1.1792186177910082,0.07772649558004713,-1.2569451133710554,0.7421570634151546,4.635714285714286,301.75475,21.67,3.517857142857143,1
2023-02-27,89.02288818359375,89.31015555075885,88.49787761482176,89.02288818359375,27502300,0.008302651662021043,-0.04748280745360278,-0.09560215885268575,0.01405493556989616,0.031924112383958606,95.96878967285156,92.57864868164063,1.03661903732111,27.32338982796395,-1.4079272694376783,-0.219404257423498,-1.1885230120141803,0.5615378152350028,4.644285714285715,301.7945,20.95,3.507142857142857,1
2023-02-28,89.21109771728516,90.37007511496472,88.47807502657972,88.48798288330664,30142000,0.0021141701592881645,-0.018847271867130644,-0.07097178984253827,0.010595260889847883,0.031602447734144015,95.62803192138672,92.47939331054687,1.034046921136979,13.647704646449384,-1.5560563383314872,-0.4867346736050959,-1.0693216647263912,0.6136082729426987,4.647142857142858,301.80775,20.7,3.503571428571429,1
2023-03-01,89.50827026367188,90.17195305226244,88.82477176222423,89.13185485166831,31111200,0.0033311163520088893,-0.014075111464626922,-0.08579510388808886,0.011062811817418416,0.031191443809023507,95.2080291748047,92.46948760986328,1.0296156238747158,22.208601607961086,-1.630672968797711,-0.715522332643619,-0.9151506361540921,0.6325398392219348,4.65,301.821,20.58,3.5,1
2023-03-02,91.1328125,91.41017202449882,88.74552541452906,88.81487285313399,32204400,0.01814963278301085,0.012212689944105737,-0.08393907058577932,0.0137610078581896,0.03126473016386426,94.79050216674804,92.50395965576172,1.0247183203778012,38.84361975449614,-1.5409570112074817,-0.8806092683563915,-0.6603477428510902,0.656988159610398,4.655806451612904,301.85403225806454,19.59,3.496774193548387,1
2023-03-03,92.76725006103516,92.8464977892345,91.578556810483,91.60828037666724,35160100,0.017934677052078962,0.050712531714667275,-0.13077783558681355,0.007728377886725723,0.026174116779756867,94.09264259338379,92.60717742919923,1.0160404971344714,46.870718395306305,-1.3227234838823279,-0.9690321114615787,-0.3536913724207491,0.7436246947837498,4.661612903225807,301.88706451612904,18.49,3.4935483870967743,1
2023-03-06,94.2332992553711,95.06538532191448,93.11395338746972,93.13376154162282,32639300,0.01580352110654748,0.05852889271612716,-0.09209784192037918,0.008046146138435743,0.026151037169486697,93.6146900177002,92.72822555541993,1.00955981263494,51.61087744313468,-1.0197192349041302,-0.9791695361500891,-0.04054969875404113,0.7150128536393817,4.679032258064517,301.9861612903226,18.61,3.4838709677419355,0
2023-03-07,92.97528839111328,94.76822514695328,92.64839711461224,94.08473413674668,27835500,-0.01334996093948293,0.0421941974725728,-0.08785212950397303,0.01359713646376438,0.02604663348347602,93.16695137023926,92.81301879882812,1.0038133935949038,47.63557090622236,-0.8710561545354523,-0.9575468598271617,0.08649070529170944,0.6125723737352786,4.68483870967742,302.01919354838714,19.59,3.4806451612903224,1
2023-03-08,93.3615951538086,95.05547570805707,93.11395166533696,93.23282326049596,34103300,0.004154940193035639,0.043049931350317205,-0.12439614408023358,0.013525557909995097,0.023329142575306033,92.50376205444336,92.9415950012207,0.9952891603939915,41.30570505384424,-0.713839171415799,-0.9088053221448893,0.1949661507290903,0.7630227094753328,4.690645161290323,302.05222580645164,19.11,3.47741935483871,0
2023-03-09,91.44979858398438,94.62954046765182,91.03375928499548,93.16349506431554,28813500,-0.020477334033063954,0.0034782870767251506,-0.07094678570589819,0.017196684986108983,0.016881146695365456,92.154585647583,93.00281265258789,0.9908795553509393,40.01251997843246,-0.7350365415340718,-0.8740515660227259,0.1390150244886541,0.696003478386898,4.696451612903226,302.0852580645161,22.61,3.4741935483870967,0
2023-03-10,89.77570343017578,91.91534652908707,89.54787568162119,91.30118803421917,35941000,-0.018306165565484145,-0.03224787442649346,-0.04610065623802273,0.015752992224275102,0.01445979270575603,91.93764877319336,93.06700164794921,0.9878651632183453,38.727201520979996,-0.8768137350469658,-0.874603999827574,-0.0022097352193918285,0.9655641166166973,4.702258064516129,302.11829032258066,24.8,3.470967741935484,1
2023-03-13,90.25118255615234,91.69741944586636,88.57711035948978,89.24079301400292,37335600,0.0052963007563218145,-0.042258063027457604,-0.03658686955558599,0.012385660254950935,0.014544175114079926,91.7662784576416,93.167841796875,0.9849565760867458,47.64213173297042,-0.9399705947293455,-0.8876773188079283,-0.05229327592141719,1.0273814000312873,4.719677419354839,302.21738709677425,26.52,3.4612903225806453,1
2023-03-14,93.0842514038086,93.47057470658376,91.56867420715518,91.68753826494398,36050200,0.03139093325335174,0.001171956705710242,-0.006764500950151353,0.021120453941694393,0.01632801018940673,91.73458061218261,93.27720169067383,0.983461970872509,56.76786195740091,-0.752740755126382,-0.8606900060716192,0.10794925094523711,1.0115308262659848,4.725483870967742,302.25041935483875,23.73,3.458064516129032,1
2023-03-15,95.20406341552734,96.016333756293,91.7667705826294,92.34130529029962,50622100,0.022773046780199202,0.019734755588562747,0.015103489235796852,0.023457324030016487,0.017119772985642732,91.80540657043457,93.43331604003906,0.9825767773359678,64.09287636515921,-0.4283706547291075,-0.7742261358031169,0.34585548107400943,1.4286286777830928,4.731290322580645,302.28345161290326,26.14,3.454838709677419,1
2023-03-16,99.37438201904295,100.23618410795306,94.59981570662056,95.2932144741484,65492000,0.04380399800073498,0.08665501245233376,0.034866811696763644,0.024199085157685568,0.019004648643894312,91.97281303405762,93.65520462036133,0.9820363257640254,76.68099572772628,0.16332216899341745,-0.5867164748438102,0.7500386438372276,1.8091612753520698,4.737096774193549,302.3164838709678,22.99,3.4516129032258065,1
2023-03-17,100.66212463378906,101.87061846985974,99.15644804076712,99.31494349581332,61028500,0.012958496833714639,0.12126244393150687,0.06397226734069394,0.015142814452277486,0.018736100940488012,92.27543296813965,93.92345169067383,0.9824535971275657,77.28750816526423,0.7277638529267705,-0.3238204092896941,1.0515842622164646,1.6437105786270088,4.742903225806452,302.3495161290323,25.51,3.4483870967741934,0
2023-03-20,100.26589965820312,100.79090265941907,98.92862629411955,99.17626978959724,32960400,-0.003936187290178972,0.11096494049615191,0.0728139156034624,0.018144038100666088,0.018468607995013857,92.61569480895996,94.22102005004882,0.9829621326511203,75.66699012237821,1.1300889479511653,-0.03303853784152219,1.1631274857926874,0.8893239520148636,4.760322580645162,302.4486129032258,24.15,3.438709677419354,1
2023-03-21,103.93101501464844,104.10931862450688,100.26589449336603,100.2956105020959,42110300,0.03655395671847894,0.11652630221825078,0.14304387602533475,0.01898247104088037,0.01836610326714382,93.26600646972656,94.56930587768555,0.9862185791059452,78.95784608616317,1.7247962850462386,0.31852842673603,1.4062678583102086,1.1233499331490173,4.766129032258065,302.4816451612904,21.38,3.435483870967742,0
2023-03-22,102.39564514160156,105.5852873237942,102.3560212715924,103.28715576562608,43427400,-0.014772971021503767,0.07553860064444806,0.12787806898012222,0.025216012943379502,0.01891534066965441,93.84648399353027,94.87341232299805,0.9891758048506616,72.6946702094885,2.048599635803086,0.6645426685494412,1.384056967253645,1.1394221422156383,4.771935483870968,302.5146774193549,22.26,3.432258064516129,1
2023-03-23,104.60460662841795,105.29801292140884,103.4753529405968,104.06969579353223,40797800,0.02157280696617181,0.05263151833611146,0.16184398737716954,0.020338285443211052,0.018889577327503595,94.57505111694336,95.21377334594726,0.9932917034315698,73.31257426295983,2.455159306873668,1.0226659962142866,1.4324933106593813,1.0710023600074554,4.777741935483872,302.5477096774194,22.61,3.429032258064516,0
2023-03-24,104.44611358642578,104.49563774653625,102.86118931331004,104.00035080055734,30393300,-0.0015151631185343906,0.037590990319377404,0.18299119960920573,0.020918225838173602,0.0179416422615332,95.38286437988282,95.48954895019531,0.9988827618154512,71.2053094776889,2.7330666206660794,1.3647461211046452,1.3683204995614342,0.8044064725590608,4.783548387096775,302.5807419354839,21.74,3.425806451612903,0
2023-03-27,101.49420928955078,103.772532471159,100.96920628828376,103.6338527182764,31120900,-0.02826246181417169,0.01225052221677414,0.14009117610560073,0.02638189922087966,0.019744759330541647,96.00643043518066,95.71401321411133,1.0030551139927149,66.52574933251243,2.684174667668202,1.6286318304173566,1.0555428372508455,0.8197381549681755,4.800967741935484,302.6798387096774,20.6,3.4161290322580644,0
2023-03-28,100.07769012451172,101.48430339231476,98.79984875616223,101.474403093689,32057900,-0.013956650088261746,-0.03707579387725224,0.1218076302755895,0.018752644240114375,0.020264001111862884,96.549760055542,95.89053329467774,1.0068747845925354,62.527736886387224,2.502281441553734,1.8033617526446322,0.6989196889091018,0.8422938008659169,4.806774193548387,302.71287096774194,19.97,3.412903225806452,1
2023-03-29,100.4343032836914,101.52393323759745,99.70128059578812,101.31591359200922,28779600,0.0035633632104818957,-0.019154543683941316,0.12206730157820966,0.018740038725740173,0.020262483434406134,97.09606170654297,96.0906297302246,1.0104633717058689,67.79129731674973,2.3597042492726246,1.9146302519702307,0.44507399730239383,0.7584825447100444,4.81258064516129,302.7459032258065,19.12,3.4096774193548387,0
2023-03-30,99.9390106201172,100.20646983328196,98.83947287150616,99.95882633237822,33086200,-0.0049315089305213,-0.044602204039389304,0.09663037800042873,0.012510217974932705,0.02018937966262769,97.53637161254883,96.2841876220703,1.0130050844422507,71.11117731946811,2.181596729459315,1.9680235474680476,0.2135731819912674,0.8709703616258349,4.8183870967741935,302.778935483871,19.02,3.4064516129032256,1
2023-03-31,102.75225067138672,102.91073859125474,100.08760402894022,100.34515540089112,36863400,0.028149568760121646,-0.016217577245106862,0.10763497466812955,0.02106718978105518,0.020662413571505063,98.0356216430664,96.49577438354493,1.015957665186467,73.66848691208688,2.2416103094281254,2.022740899860063,0.21886940956806233,0.9682317427273093,4.824193548387097,302.8119677419355,18.7,3.403225806451613,1
2023-04-03,103.37630462646484,103.54470039492068,100.9692094719892,101.4248726111826,25035400,0.006073384777467439,0.018543869153605286,0.09702520704826778,0.015729443492313925,0.020516758806539807,98.49277191162109,96.62137924194336,1.0193683083843348,71.264870434043,2.312866161268289,2.0807659521417086,0.23210020912658047,0.6641973123984303,4.8453333333333335,302.87760000000003,18.55,3.413333333333333,1
2023-04-04,103.73291778564452,104.58481209016414,103.0593271159658,103.3465945030694,24420100,0.003449660543276778,0.0365239011470504,0.11570417882736539,0.012395551974488783,0.02007195874014437,99.03065338134766,96.71904998779297,1.023900187128042,69.00668255354343,2.370783719866594,2.138769505686686,0.23201421417990842,0.6508218057459442,4.853,302.89390000000003,19.0,3.42,0
2023-04-05,103.48527526855467,105.09990829704094,102.68291268275507,104.78292489397982,28290500,-0.0023873088926466,0.030377788117326388,0.10843516649504359,0.013104701604097923,0.02015125812132752,99.53683738708496,96.85317413330078,1.0277085730829079,61.10224883058423,2.3693882875490857,2.184893262059166,0.18449502548991958,0.7598578669213986,4.860666666666667,302.91020000000003,19.08,3.4266666666666667,1
2023-04-06,107.39803314208984,108.14096365506636,103.34658903891498,104.26782317730506,48711500,0.037809803021552346,0.07463574509783255,0.17439332622979098,0.01737732618484277,0.02043201461263157,100.33424911499023,97.1146858215332,1.033152177409847,65.93256950848254,2.6534222574108384,2.278599061129501,0.37482319628133753,1.274295996686043,4.868333333333333,302.92650000000003,18.4,3.433333333333333,0
2023-04-10,105.43670654296876,106.57586067871368,104.129149071457,105.9716174482436,27067400,-0.018262220840917998,0.02612551894524673,0.1744458969900864,0.020464453452535416,0.020429008777173074,101.11729927062989,97.29140441894532,1.039324078776887,61.38748443299828,2.6892584622739264,2.360730941358386,0.32852752091554027,0.7163999759147913,4.899,302.99170000000004,18.97,3.46,0
2023-04-11,104.3569793701172,105.72397645765584,103.69329654043192,105.54567281830212,26311800,-0.010240524464898204,0.00948645579077212,0.15629486965656691,0.021587338461344207,0.020839266176946848,101.82258911132813,97.40987747192383,1.045300453649335,51.05863766574874,2.600556358708147,2.4086960248283384,0.1918603338798084,0.706711161445057,4.906666666666666,303.00800000000004,19.1,3.466666666666667,0
2023-04-12,103.6536636352539,105.74377539759396,103.35648840973944,105.57537962995973,24370300,-0.006739517942244033,-0.0007640212199022667,0.11354672860389847,0.02190360760865597,0.020274281108818983,102.35105972290039,97.56242568969726,1.049082769307455,53.261403172179456,2.4453194798147138,2.4160207158256135,0.02929876398910025,0.6649950583043681,4.914333333333333,303.02430000000004,19.09,3.473333333333333,1
2023-04-13,106.41737365722656,106.4768056835996,104.84235694101692,104.84235694101692,24843600,0.026662926567630585,0.028333483976950236,0.11778184501177891,0.024765939204015763,0.02046560028307558,102.91172523498535,97.73260665893555,1.052992739609655,54.56818682571554,2.5162951521801915,2.4360756030965294,0.08021954908366213,0.7026219925299253,4.922,303.04060000000004,17.8,3.48,1
2023-04-14,107.84378051757812,107.91312038654546,105.83290920256783,105.88244091932116,26578000,0.013403890843482591,0.004150424011011067,0.08522718155784048,0.01850485633403352,0.01853026849127717,103.3351951599121,97.89981521606445,1.0555198182126473,58.04786369887398,2.657014586315867,2.480263399740397,0.17675118657547007,0.7954456858713816,4.929666666666667,303.05690000000004,17.07,3.486666666666667,0
2023-04-17,104.97113037109376,105.159341853758,103.53479350401396,103.67348082004236,37571200,-0.026637142473099118,-0.004415693425375178,0.042806624169527074,0.020903837707487355,0.01963428611618442,103.55064544677734,97.86474899291993,1.0580995354544747,58.2666255990092,2.507828210077932,2.485776361807904,0.02205184827002782,1.1653652234734342,4.9526666666666666,303.1058,16.95,3.506666666666667,0
2023-04-18,103.51498413085938,105.53575601983307,103.08903700390688,105.4862242963,26596400,-0.013871873486420716,-0.008068413290035603,0.03240468079109715,0.02137549922103409,0.019923409259001434,103.71309967041016,97.85920166015624,1.0598195970429356,58.15703892749947,2.246205244173936,2.4378621382811105,-0.19165689410717457,0.8331774829935169,4.960333333333333,303.1221,16.83,3.513333333333333,0
2023-04-19,103.197998046875,103.9904602577692,102.0984603190622,102.60365516744424,20905700,-0.003062224147024506,-0.004396039391162732,-0.007052918396593388,0.02121004005825586,0.01817733575232743,103.67644882202148,97.8845603942871,1.0591706026405407,56.570879620610306,1.990345566248422,2.3483588238745727,-0.35801325762615077,0.6774056410884528,4.968,303.1384,16.46,3.52,1
2023-04-20,104.29753875732422,105.24848890310408,102.89092547236734,102.93054933979316,27820800,0.01065467093605621,-0.01992000767403257,0.01857396975323078,0.01679569014124654,0.017992546351617487,103.77154350280762,97.83800354003907,1.060646576463923,60.073274799541664,1.8549163531375115,2.2496703297271607,-0.3947539765896493,0.9248601031412094,4.975666666666666,303.1547,17.17,3.526666666666667,1
2023-04-21,104.41641998291016,105.0008550769743,103.7923534602877,104.47585201078634,25800100,0.0011398277179153204,-0.03178078993724931,-0.0017990282796653823,0.014354549891894058,0.017335417580049056,103.76213417053222,97.95766540527343,1.0592548703691984,54.393322462448715,1.737155599001781,2.147167383582085,-0.41001178458030374,0.8796126855340584,4.983333333333333,303.171,16.77,3.533333333333333,1
2023-04-24,104.97113037109376,105.62490529603902,103.71309713035905,104.49565151501352,23542800,0.005312482349753012,0.0,0.0050266761169006635,0.00928498521426593,0.01737012384662404,103.78838500976562,98.17479919433593,1.0571794988275725,54.22573050756801,1.6693466562262813,2.051603238110924,-0.3822565818846426,0.8121377034069851,5.006333333333333,303.2199,16.89,3.553333333333333,0
2023-04-25,102.8711166381836,105.68435095367856,102.86120878129468,104.83245664076308,46664100,-0.020005631314878758,-0.006220041456624581,0.013566363620851174,0.011678396560218076,0.01673989251366672,103.85723037719727,98.35864974975586,1.055903376484233,47.909651525929625,1.429673635116174,1.927217317511974,-0.49754368239579994,1.567706471579502,5.013999999999999,303.2362,18.76,3.56,0
2023-04-26,102.73243713378906,105.34755210558068,101.66261531147052,103.93103086607016,53347600,-0.0013480898130259211,-0.00451133667219461,0.02652686134116844,0.011634854520072298,0.016388386818096918,103.98996772766114,98.53893432617187,1.055318574721398,48.164243945926756,1.2145402975982478,1.784681913529229,-0.5701416159309811,1.730361259571542,5.0216666666666665,303.2525,18.84,3.566666666666667,1
2023-04-27,106.57584381103516,107.34849781246508,102.564023992642,103.4654423247581,50089200,0.03741181251488079,0.021844283967352496,0.06114982955570536,0.020795819215124408,0.018260407190743257,104.29704475402832,98.79470031738282,1.0556947328041784,47.98833087799914,1.3387441664160917,1.6954943641066016,-0.35675019769050986,1.5704008724658305,5.029333333333333,303.2688,17.03,3.5733333333333333,0
2023-04-28,106.32820892333984,106.33811677937744,104.09941743610682,106.03104125953,36139800,-0.0023235554966318794,0.01830927492766543,0.06393097413690563,0.02099255787293489,0.018209056325391278,104.61650466918945,99.00073944091797,1.0567244776148654,52.38091939174495,1.4010441960564748,1.6366043304965763,-0.2355601344401015,1.1276601686475975,5.037,303.2851,15.78,3.58,0
2023-05-01,106.18952941894533,106.97208378320418,105.8131140209073,105.83292217554936,26681700,-0.0013042588208600492,0.011606991784734344,0.03345210177975977,0.02108248081768561,0.017256212775176295,104.78836860656739,99.2323355102539,1.0559901474428097,55.153182067829185,1.4228256924776446,1.59384860289279,-0.1710229104151455,0.8459799488893257,5.06,303.334,16.08,3.6,0
2023-05-02,104.3272476196289,106.18952391615264,102.73242296305273,106.1300918978264,30997200,-0.017537339222676418,0.014154905954474994,0.009198848774873092,0.020443372137494906,0.0177481432745726,104.83591575622559,99.44966720581054,1.0541605487655201,51.77823037396655,1.2751183373923425,1.5301025497927006,-0.25498421240035807,0.9736069018003618,5.0606451612903225,303.3559354838709,17.78,3.6,1
2023-05-03,104.41641998291016,106.47680837658436,103.97065710139688,104.53528403866252,21795400,0.0008547370444045299,0.016391929327326693,0.00658905785989794,0.020350313327637502,0.01773574354927833,104.87009086608887,99.71949996948243,1.0516507894462237,43.84896930500383,1.1519754034146814,1.4544771205170968,-0.30250171710241536,0.6874164104212245,5.0612903225806445,303.377870967742,18.34,3.6,0
2023-05-04,103.70320129394533,104.60461976329854,102.98998675787486,104.49565601153888,23419500,-0.00683052233625292,-0.026953973943506182,0.002105865059788492,0.007326642595579153,0.017801211754487567,104.8809871673584,99.97784210205079,1.0490423173997174,36.68795427073364,0.9854730337607549,1.3606763031658284,-0.37520326940507354,0.7443574861093476,5.061935483870967,303.3998064516129,20.09,3.6,1
2023-05-05,104.5749053955078,104.88198094212608,103.12866814460686,103.83197483499484,26639300,0.008405758845299705,-0.01648954257375046,-0.026286587044354826,0.00966222628291182,0.015616428460574637,104.7398307800293,100.26867492675781,1.0445917516765577,48.53802914595714,0.9133296464498528,1.2712069718226333,-0.3578773253727805,0.8774734556481344,5.06258064516129,303.42174193548385,17.19,3.6,1
2023-05-08,106.75415802001952,106.94236950082018,104.16876679983568,104.18857495479786,26511400,0.020839154635327484,0.005317177730834288,0.012495188063502916,0.014605661098888969,0.015816350142117665,104.80570335388184,100.63796112060547,1.0414132220771217,61.34628366550981,1.0202422487006544,1.2210140271982377,-0.20077177849758332,0.8740609327758673,5.064516129032258,303.48754838709675,16.98,3.6,0
2023-05-09,106.33811950683594,109.1117297850802,106.17963159356827,107.3683173942558,36360100,-0.003897164484268245,0.019274656746802732,0.018984261030518423,0.011095574049426456,0.015647281504118635,104.90476036071777,100.98426574707031,1.0388228263546215,60.92351822736139,1.0591907337577169,1.1886493685101336,-0.1294586347524167,1.1792320807324193,5.06516129032258,303.50948387096776,17.71,3.6,1
2023-05-10,110.69664764404295,111.87543315591678,106.91265515886796,106.95227902689096,63153400,0.04098744793890052,0.060145977636091086,0.06794727520266486,0.019612373025728373,0.017876374172353687,105.25690956115723,101.41397674560547,1.0378935225584505,68.14608530700693,1.4253242331806746,1.2359843414442417,0.18933989173643284,1.9270027200856563,5.065806451612903,303.5314193548387,16.94,3.6,1
2023-05-11,115.4712142944336,116.80848772250684,113.33157832101242,114.31224449393544,78900000,0.043131989558923056,0.11347781798106693,0.08507859502687709,0.020395106439796865,0.01932305427590274,105.70960159301758,101.9332356262207,1.0370474452576435,74.80000465543296,2.076815064005544,1.4041504859565022,0.6726645780490417,2.2240585347400623,5.066451612903226,303.5533548387097,16.93,3.6,1
2023-05-12,116.40235137939452,116.9174465275688,115.0155462854918,115.58017315602966,41102300,0.008063802659827202,0.11310023125676949,0.07936082007456502,0.020452135610606187,0.019226799626620515,106.1375301361084,102.4386264038086,1.0361084862434495,75.21854593108527,2.637853686796788,1.6508911261245593,0.9869625606722288,1.1353630610548064,5.067096774193548,303.57529032258066,17.03,3.6,0
2023-05-15,115.41178131103516,117.36321334174112,114.91649430049983,115.0155501911109,36266800,-0.008509880226824307,0.08109869865108288,0.09946211785118075,0.024597367774309792,0.01810087027964451,106.65956268310546,102.8915170288086,1.0366215385204385,79.0900950007788,2.9683330161595762,1.914379504131563,1.0539535120280132,1.0036007735076935,5.069032258064516,303.6410967741936,17.12,3.6,1
2023-05-16,118.3834991455078,119.61180877166494,115.33252945579774,115.39196147654542,45035600,0.02574882564600456,0.11327433374348428,0.14363635505998107,0.022057546721773697,0.01810575444393046,107.40298843383789,103.37452102661133,1.0389696355273996,82.08774900111754,3.430488522926993,2.217601307890649,1.2128872150363437,1.2152523675990268,5.069677419354838,303.6630322580645,17.99,3.6,1
2023-05-17,119.70093536376952,120.52311343842854,117.7693194606342,118.48253381178522,33323600,0.011128546020104046,0.08134200909751876,0.15991528546317824,0.019484576179010966,0.017972925344475938,108.22813529968262,103.90903396606446,1.041566177345357,80.01813303702556,3.858576911475879,2.5457964286076953,1.3127804828681837,0.8843952028601202,5.070322580645161,303.6849677419355,16.87,3.6,1
2023-05-18,121.67221069335938,122.14768199859776,119.69106262074578,119.80992666831531,35234200,0.01646833688975935,0.05370166440888213,0.1665875546350324,0.012607750212114762,0.018071737606058888,109.09686889648438,104.47524627685547,1.0442365324258895,82.52835519337634,4.307254143480321,2.8980879715822208,1.4091661718981006,0.9259923829582521,5.070967741935484,303.70690322580646,16.05,3.6,0
2023-05-19,121.60285949707033,124.78260095081902,120.99860878655475,122.38541381982782,41353400,-0.0005699838598628437,0.04467700227743343,0.1645951806906718,0.013591381684232724,0.01810934003757098,109.95619087219238,105.07830749511719,1.0464214117390676,82.77165721167366,4.604164082885461,3.2393031938428694,1.3648608890425917,1.0650442581578645,5.071612903225806,303.7288387096774,16.81,3.6,1
2023-05-22,123.87128448486328,125.23827391464934,121.5830533547579,121.78117269366314,35253000,0.018654372086107207,0.07329843693365867,0.1800509725574424,0.009822314045727499,0.01825796116125136,110.90119857788086,105.76021911621093,1.0486097656059217,90.84883191370226,4.9652737030081795,3.5844972956759316,1.380776407332248,0.894442445687226,5.073548387096774,303.7946451612903,17.21,3.6,0
2023-05-23,121.40475463867188,123.45524264502252,121.05805522841555,122.98967918409564,34046300,-0.019912038988283864,0.025520917315094538,0.1801636708744443,0.01586694494489152,0.018250289379201413,111.82788047790527,106.38329055786133,1.0511789952302957,82.2975196110656,4.99484981420008,3.8665677993807614,1.1282820148193187,0.8778781352099878,5.074193548387097,303.8165806451613,18.53,3.6,0
2023-05-24,119.76038360595705,120.76086534087167,118.7301858638384,119.97831106875812,34182600,-0.013544535694741566,0.000496639746438543,0.16575043819891455,0.017314878242026224,0.018791474793585523,112.67927780151368,106.91681320190429,1.0538967111629807,79.48338133183023,4.829925718487701,4.05923938320215,0.7706863352855509,0.9037220576011573,5.07483870967742,303.83851612903226,20.03,3.6,1
2023-05-25,122.31607818603516,124.1387306788188,120.81040150658112,123.34626847305567,42317000,0.021340066749343523,0.005291820449440765,0.14769045040739526,0.018550805597154493,0.017777667505814995,113.46628952026367,107.45905349731446,1.0559025584856778,80.6782600114568,4.849542866770705,4.217300079915861,0.6322427868548433,1.130393691785072,5.075483870967742,303.86045161290326,19.14,3.6,1
2023-05-26,123.43544006347656,124.07931474444764,121.2957963650153,122.00901093116906,35635900,0.009151387896355834,0.015070209483440511,0.1608908051152318,0.018827142408700613,0.017643561539041324,114.3216510772705,107.94027465820312,1.0591195125199955,79.9430623462927,4.89894080659721,4.353628225252131,0.5453125813450788,0.9525657747631109,5.0761290322580646,303.8823870967742,17.95,3.6,0
2023-05-30,122.5042953491211,124.475543220799,120.8500384400081,124.45572750689844,35076700,-0.00754357673838757,-0.011035561158722174,0.15363817901301524,0.01698461878859985,0.017863698670153173,115.1373893737793,108.37711807250976,1.0623772934868647,78.49156399832523,4.807535160511591,4.444409612304023,0.36312554820756837,0.9272146038936897,5.078709677419355,303.97012903225806,17.46,3.6,0
2023-05-31,121.71183776855467,122.89061576373156,121.34532264477144,121.592966160373,37325800,-0.006468814651013011,0.0025294160084319284,0.16663518443723335,0.014314587132339263,0.0172126159876156,116.00661888122559,108.80603683471679,1.06617814834527,72.20442832689713,4.6179183355216935,4.479111356947557,0.13880697857413615,0.9784826255226053,5.079354838709677,303.99206451612906,17.94,3.6,1
2023-06-01,122.5538101196289,123.2472088605985,121.46418028775692,121.66229205446838,30772700,0.006917752344478778,0.023325129976728975,0.17370247073867584,0.012002818041415269,0.017135688097266562,116.91348838806152,109.17849273681641,1.0708472470845605,66.96719112229512,4.483898180580866,4.480068721674219,0.0038294589066465434,0.7973135714337534,5.08,304.014,15.65,3.6,1
2023-06-02,123.49485778808594,124.96091062176546,122.593439385115,122.8212671711218,26980100,0.007678648811803024,0.009637159885538038,0.19084904079326748,0.008221319312752474,0.01677007169777394,117.90307121276855,109.6004769897461,1.075753267239879,66.98286895575063,4.402867409600091,4.464628459259394,-0.06176104965930307,0.6958384732256636,5.081333333333333,304.03383333333335,14.6,3.5966666666666667,1
2023-06-05,124.8222427368164,126.22885612563536,122.67269122575588,122.84109456412024,32305500,0.010748503804168363,0.011235044591947574,0.1936156410061487,0.008593794553808416,0.01677459331681382,118.91543807983399,110.00482971191406,1.0810019741065502,72.17547826262054,4.395094893663739,4.450721746140263,-0.05562685247652421,0.8271410729291325,5.085333333333334,304.09333333333336,14.73,3.586666666666667,1
2023-06-06,126.10997772216795,127.08073604231396,124.17836138082023,124.82223601376286,26638300,0.010316550617238018,0.02943310977603808,0.18131209182989072,0.0070742844492430465,0.016547886678286248,119.8832290649414,110.43810699462891,1.0855241214046873,69.77681090929687,4.441644062132951,4.4489062093388005,-0.007262147205849168,0.6819288708429028,5.086666666666667,304.11316666666664,13.96,3.583333333333333,0
2023-06-07,121.34532165527344,127.8236693200009,120.9689062353214,125.77318888731983,52539000,-0.03778175329942168,-0.0030113431856825246,0.14112721024253916,0.020948390425241555,0.01937625964744145,120.63358917236329,110.83512924194336,1.0884057247682795,53.57764491891198,4.047410658165589,4.368607099104159,-0.3211964409385697,1.3176879778873,5.088,304.133,13.94,3.58,0
2023-06-08,120.98869323730467,122.06842269763156,120.09717523278684,121.07784881649594,29389200,-0.0029389548200456916,-0.012770854539703613,0.09297522384198031,0.020544657498026125,0.017715534856432878,121.14819145202637,111.25334930419922,1.0889397237001086,48.40051217888837,3.663965004527938,4.227678680188914,-0.563713675660976,0.7696751772343842,5.089333333333333,304.1528333333333,13.65,3.5766666666666667,1
2023-06-09,121.0778579711914,122.593434914725,120.76087460756004,121.09766612502108,23778300,0.0007369674925892244,-0.019571663631874014,0.04855447057533957,0.019918707739307543,0.0152240135697251,121.42852363586425,111.66622039794922,1.0874239604700933,48.77259085303443,3.3289028899420714,4.047923522139546,-0.7190206321974744,0.6711760236977641,5.0906666666666665,304.17266666666666,13.83,3.5733333333333333,1
2023-06-12,122.4745635986328,122.88070254912272,120.51323139340306,121.63257724558046,28306400,0.011535599083473347,-0.018808179429475658,0.05216571785089541,0.020064843656553005,0.015310530101737822,121.73213424682618,112.11693145751953,1.0857604883072438,46.595830375209665,3.1398717346642258,3.866313164644482,-0.7264414299802562,0.8136824113588529,5.094666666666667,304.23216666666667,15.01,3.563333333333333,1
2023-06-13,122.66278839111328,123.9802537125225,122.01891373679835,123.80195007836576,22278300,0.0015368480356241498,-0.027334786614974682,0.0628272694321963,0.018889347946293805,0.015088034476461022,122.09468460083008,112.51514221191407,1.0851400282716939,53.44920995305612,2.9710034712721693,3.6872512259700194,-0.7162477546978501,0.653541162374102,5.096,304.252,14.61,3.56,0
2023-06-14,122.5042953491211,122.88071833842668,120.30521966995028,121.93966842264322,30592300,-0.001292103693964819,0.009551037304430743,0.03480887313989878,0.005655375218935936,0.014139046201817997,122.30072441101075,112.89770202636718,1.0832879874069314,58.190453026675804,2.792198367301552,3.5082406542363263,-0.7160422869347745,0.916858651045377,5.097333333333333,304.27183333333335,13.88,3.556666666666666,1
2023-06-15,123.91090393066406,124.27741904880322,121.2462648829115,121.97928756170958,35246300,0.011482116423218613,0.024152758536104102,0.035170724055751945,0.006210658100355742,0.014151528758813956,122.51122283935547,113.30126174926758,1.0812873656294248,55.111101548169586,2.7324970659399526,3.3530919365770515,-0.620594870637099,1.0533053876772447,5.0986666666666665,304.2916666666667,14.5,3.553333333333333,0
2023-06-16,122.36560821533205,124.9212910160558,122.1179647088467,124.74298738908716,45535600,-0.012471022858462133,0.010635720401058313,0.005698898031204491,0.010014687542385882,0.014054721473939593,122.5458927154541,113.67886840820313,1.0780006383896334,46.66251578596122,2.5313115213032233,3.188735853522286,-0.6574243322190627,1.3401639048744858,5.1,304.3115,13.54,3.55,0
2023-06-20,121.9396514892578,123.39579640203785,120.9887014060601,121.77125573189018,26097500,-0.003481016703032025,-0.004367536357410384,0.0027696058594377515,0.008659444160096346,0.01408011478611684,122.56273231506347,113.96970077514648,1.0753975089999612,48.181188601076464,2.310861210219471,3.0131609248617233,-0.702299714642252,0.7857180705973595,5.105333333333333,304.3908333333333,13.88,3.536666666666666,0
2023-06-21,119.41370391845705,121.50381575399224,118.96794106457482,121.24626438669232,30306300,-0.020714735034512377,-0.02648793913192693,-0.035985584430998085,0.012145460897961913,0.014121143176443062,122.33985328674316,114.24924072265625,1.0708154602421134,43.340989629734516,1.9103090382213708,2.792590547533653,-0.8822815093122824,0.9192779374720653,5.1066666666666665,304.41066666666666,13.2,3.533333333333333,1
2023-06-22,121.98918914794922,122.07833718002011,117.70990978650924,118.8688795483101,26952200,0.021567752653002703,-0.004204801143534498,0.0048139342731408075,0.01725640958399785,0.01435513650954801,122.36907501220703,114.60188491821289,1.0677754131141675,48.513320771242725,1.7801680210516366,2.5901060422372497,-0.8099380211856131,0.8264301133297356,5.1080000000000005,304.4305,12.91,3.53,0
2023-06-23,121.1868133544922,121.6325761662558,119.91887990832626,120.23586326986776,34913600,-0.006577433615727157,-0.02198426845224344,0.01191069789178778,0.015899693222870725,0.014082444118100616,122.44039649963379,114.95254791259765,1.0651386047808997,43.87808129694344,1.5939116848046808,2.390867170750736,-0.796955485946055,1.069350538372127,5.109333333333334,304.45033333333333,13.44,3.526666666666667,0
2023-06-26,117.22452545166016,120.85002997860882,117.1551855728241,119.62172031459276,33969900,-0.03269570172822078,-0.042014115229378035,-0.0416261934643708,0.020417616232858544,0.015061045683726224,122.18581886291504,115.16869094848633,1.060929128017678,32.31901925887627,1.1137401734473258,2.1354417712900537,-1.021701597842728,1.0539186296101126,5.113333333333333,304.50983333333335,14.25,3.5166666666666666,0
2023-06-27,117.2146224975586,117.95755299289218,115.00563916614227,115.97640500533596,39535900,-8.447851730175593e-05,-0.03874891336814634,-0.05039733777202815,0.02067623089913597,0.01484063936031487,121.87477798461914,115.35610778808594,1.0565091031721379,27.990219989821327,0.7240552474305133,1.8531644665181457,-1.1291092190876324,1.2192279919863065,5.1146666666666665,304.5296666666666,13.74,3.513333333333333,1
2023-06-28,119.04718017578124,119.25519980286133,115.74856703748377,115.98630267450676,27091400,0.015634207056895333,-0.003069360807417043,-0.028220358833031423,0.021336270157439063,0.015321306554642521,121.70192222595215,115.63762878417968,1.0524422154408801,43.34860481055944,0.5566821401538249,1.5938680012452815,-1.0371858610914566,0.8458732479635616,5.116,304.5495,13.43,3.51,0
2023-06-29,117.97734832763672,118.9282983514325,117.18489375321306,118.11602806709784,24090900,-0.008986620653801625,-0.032886855370822365,-0.030683042088472945,0.017489120067205433,0.01537610653073924,121.51519775390625,115.92687606811523,1.0482055747151116,41.62996276665906,0.3338626962514155,1.3418669402465084,-1.008004243995093,0.768058136863867,5.117333333333334,304.5693333333333,13.54,3.506666666666667,1
2023-06-30,118.57169342041016,119.9386902462686,118.56179312274388,119.03726436501532,29532200,0.005037789891012556,-0.021579244982970036,-0.032492802103269325,0.018238592362283118,0.015327973164602583,121.31609191894532,116.23434997558594,1.0437197949179975,43.224391596206,0.20289649892799844,1.1140728519828065,-0.911176353054808,0.9434014099174673,5.118666666666667,304.58916666666664,13.59,3.5033333333333334,1
2023-07-03,118.76982879638672,119.0570961746156,117.7000070203923,118.11604630300786,14467900,0.0016710175106806613,0.013182423548080857,-0.03826093714612189,0.008918208860534332,0.015196159085383689,121.07984046936035,116.5237957763672,1.0390996934371854,39.28985610174734,0.11378111507528388,0.914014504601302,-0.8002333895260181,0.471599678600707,5.133548387096774,304.7040322580645,13.57,3.5129032258064514,1
2023-07-05,120.60238647460938,121.45428073315573,118.1061432790298,118.1160435778064,27584800,0.01542948825298307,0.028902229985182437,-0.033806925510098895,0.010316287052040301,0.015434395298956854,120.86884765625,116.84751510620117,1.0344152166727199,44.56065015760479,0.18885165630159406,0.7689819349413605,-0.5801302786397664,0.9061334527285457,5.147096774193549,304.799064516129,14.18,3.5258064516129037,0
2023-07-06,118.97784423828124,119.16605571745576,117.2839635981503,118.67076871540064,24745200,-0.013470232918402103,-0.0005824240221198318,-0.05655487069864906,0.011493769660971867,0.015383892382828723,120.51224098205566,117.12764938354492,1.028896606534189,41.35920703887219,0.11592233890799264,0.638370015734687,-0.5224476768266944,0.8153907088717878,5.153870967741936,304.8465806451613,15.44,3.532258064516129,0
2023-07-07,118.35377502441406,119.90897577306588,118.2745272971948,118.96792601666532,21709500,-0.005245255684893091,0.003190669243827715,-0.024653168247870116,0.010872643362007762,0.013029310371124314,120.3626636505127,117.43730255126952,1.024909982055881,35.840476753300024,0.007679633417524201,0.5122319392712545,-0.5045523058537303,0.7536402338594993,5.160645161290323,304.89409677419354,14.83,3.5387096774193547,0
2023-07-10,115.35233306884766,117.19480121428604,115.04525756376776,117.18490091620436,35315200,-0.025359917374391028,-0.027151171233996574,-0.046585842177847,0.015390075131968162,0.014109627173847793,120.08084564208984,117.6897004699707,1.0203173698511474,33.364652809849204,-0.3166446893728221,0.3464566135424393,-0.6631013029152614,1.2134771309048007,5.180967741935484,305.0366451612903,15.07,3.5580645161290323,1
2023-07-11,116.0358428955078,116.60046979822025,114.26271445006496,115.19385646970584,23078800,0.005925409642579149,-0.023019195435281303,-0.04164275087261027,0.015984528308580062,0.014215460060528042,119.82874488830566,117.87890045166016,1.0165410809667765,36.165320190139546,-0.5126114553653309,0.1746429997608852,-0.6872544551262161,0.7939723767188864,5.187741935483871,305.0841612903226,14.84,3.564516129032258,1
2023-07-12,117.80897521972656,119.1957804383142,117.2938800252411,117.6802033104753,30404400,0.015280901831475457,-0.02316215571298763,-0.03809434581205007,0.015938182415540698,0.014426641377816145,119.59546546936035,118.1085157775879,1.0125896907770187,46.102033017680775,-0.5188584916854353,0.03594270147162111,-0.5548011931570564,1.0422313411884723,5.194516129032258,305.13167741935484,13.54,3.570967741935484,1
2023-07-13,123.36608123779295,123.65334859158274,119.31462983276822,119.7901086563636,44297900,0.047170480922202884,0.03688280811949518,0.005733546871910411,0.0268280160541917,0.018123833725236134,119.63063011169433,118.45204681396484,1.009949877012936,52.92137828863873,-0.07453807150146474,0.01384654687700394,-0.08838461837846869,1.463261960421347,5.201290322580645,305.1791935483871,13.61,3.57741935483871,1
2023-07-14,124.23778533935548,125.58496654137278,122.3259772774838,123.62363431555436,33283100,0.007065994905700812,0.049715442652569886,0.014150442523620743,0.025908809466349842,0.018178047935474496,119.71730461120606,118.85025756835938,1.0072952895566758,56.45431764648538,0.3439633036562384,0.07986989823285083,0.26409340542338755,1.094553295801457,5.208064516129032,305.22670967741936,13.34,3.583870967741936,0
2023-07-17,123.47505950927734,125.90196296117138,123.02929664266716,124.75290096825792,25716200,-0.006139242002702772,0.07041666366281185,-0.0035174016778265482,0.020128915822849345,0.01806273289028708,119.69551239013671,119.23143035888671,1.0038922793247813,65.29327653601042,0.6070849609541114,0.18531291077710293,0.4217720501770084,0.8591705874344439,5.228387096774194,305.3692580645161,13.48,3.603225806451613,0
2023-07-18,122.59343719482422,123.50476343752902,121.8009749922672,123.4255157057774,26193600,-0.00714008414295908,0.056513523198358895,0.0018618710176412367,0.022161994052582863,0.01790803035092229,119.70690383911133,119.6092350769043,1.000816565394338,62.62201069325707,0.7359872148242204,0.29544777158652646,0.4405394432376939,0.9043400804265247,5.235161290322581,305.41677419354835,13.3,3.609677419354839,0
2023-07-19,120.87974548339844,124.000055132907,120.6519176928117,123.42552039211267,37224000,-0.013978657835511998,0.02606567333214249,-0.008692053757040075,0.02456363531113164,0.018174824159699475,119.65390853881836,119.93533187866211,0.9976535409921701,54.32445103139559,0.6918869385708604,0.37473560498339326,0.3171513335874671,1.2609478449830882,5.241935483870968,305.4642903225806,13.76,3.6161290322580646,0
2023-07-20,118.076416015625,122.92032219876852,117.10565774229482,120.27549147201748,37906800,-0.023191060310086775,-0.042877792413393734,-0.011198780868108993,0.011128900847950988,0.01832913958928873,119.58704414367676,120.16177703857421,0.9952170073623915,50.216098209937954,0.42582326671438864,0.38495313732959235,0.04087012938479628,1.2677573332374603,5.248709677419355,305.51180645161287,13.99,3.6225806451612894,1
2023-07-21,118.88867950439452,119.84953742367952,117.61084578795172,119.4830299071336,72937900,0.0068791340064220385,-0.04305538625265959,-0.02541626569707245,0.011062937170539598,0.017685378835460536,119.43201866149903,120.4127882385254,0.9918549384050176,50.68493602340135,0.27731208397409546,0.363424926658493,-0.08611284268439756,2.2651549877701713,5.255483870967742,305.5593225806452,13.6,3.629032258064516,1
2023-07-24,120.38445281982422,121.8405977583278,119.8396416732788,120.51323227212808,29686100,0.012581293035342389,-0.025030210163380473,-0.006620856778541961,0.014716674928845331,0.017892935847062138,119.39190063476562,120.60654434204102,0.9899288739769323,53.30358269009587,0.2771178652919275,0.34616351438517995,-0.06904564909325245,0.9294744898686025,5.275806451612904,305.7018709677419,13.91,3.6483870967741936,1
2023-07-25,121.05804443359376,121.98918638737764,119.87925898635496,120.21605806734304,52509600,0.005595337254866939,-0.012524265542782853,0.03270236298388296,0.015336213643958806,0.016199120949600153,119.58357658386231,120.71828094482422,0.9906003933117592,50.97870973662478,0.32754146525427075,0.3424391045589981,-0.014897639304727373,1.5977084833763724,5.28258064516129,305.74938709677417,13.86,3.6548387096774193,1
2023-07-26,128.05149841308594,129.74537139876955,127.11045618604405,128.8439605940008,61682100,0.057769427981536836,0.0593296494876594,0.09245327660167191,0.02915821225065898,0.020461971759487795,120.12542037963867,120.95126388549805,0.9931720969311971,65.83677641380245,0.9211968372041639,0.4581906510880313,0.4630061861161326,1.8156276418131168,5.289354838709677,305.79690322580643,13.19,3.6612903225806455,1
2023-07-27,128.1802520751953,131.98406720387166,127.5760014129933,130.42885898076116,44952100,0.0010054834477142283,0.08557031455149589,0.07671808677810321,0.02329012980782397,0.020308663933927783,120.58207397460937,121.20663330078125,0.9948471522625169,67.45247634657576,1.3860844226071976,0.6437694053918646,0.742315017215333,1.2892849649865779,5.296129032258064,305.8444193548387,14.41,3.667741935483871,1
2023-07-28,131.33029174804688,132.47936111951782,129.3392436159831,129.5472556742055,36591200,0.024575077844312787,0.10464925925258073,0.11318226430490275,0.022750374143951285,0.020573107849657365,121.24972114562988,121.46556915283203,0.9982229696142899,78.2289133988007,1.9858019700010487,0.9121759183137014,1.0736260516873473,1.0310014417768145,5.302903225806452,305.8919354838709,13.33,3.674193548387097,1
2023-07-31,131.46897888183594,132.27134138142645,130.53783692899188,131.47887918017878,28055500,0.0010560178610974358,0.0920760596769219,0.10877204406364438,0.02426224861624435,0.020597812182991435,121.89458541870117,121.70093002319337,1.0015912400625935,77.80156667724017,2.4440992845292584,1.218560591556813,1.2255386929724454,0.7921457138141905,5.323225806451613,306.03448387096773,13.63,3.6935483870967754,0
2023-08-01,130.3100128173828,131.3798345519529,129.44820315858595,129.54726660464158,23166800,-0.0088155097446585,0.0764258866651708,0.0971642725930002,0.02682487643950648,0.020829205023975797,122.47159461975097,121.87368606567382,1.0049059692323983,73.02920181992049,2.682858015447948,1.51142007633504,1.1714379391129082,0.6461780138591835,5.33,306.082,13.93,3.7,0
2023-08-02,127.16988372802734,128.86375665408545,126.35760586456864,128.2297899546614,26273300,-0.024097373804698008,-0.006884844738126894,0.05445578189118705,0.017724128037136994,0.021632264793263387,122.79996948242187,121.98502655029297,1.0066806800406187,57.692302945024586,2.5888511904875315,1.7269062991655386,0.8619448913219929,0.7341686305143579,5.33,306.12051612903224,16.09,3.7,1
2023-08-03,127.23922729492188,128.1703692734465,126.218937283975,126.76375600704364,20089500,0.000545282930688451,-0.00734141776941899,0.06943631488309099,0.01771064295066485,0.021299404323081816,123.21303863525391,122.05238540649414,1.009509467798554,56.27329533259362,2.4912282225301965,1.8797706838384702,0.6114575386917263,0.5650469937289192,5.33,306.1590322580645,15.92,3.7,0
2023-08-04,126.90243530273438,130.27038084502357,126.70432352641612,128.06140506490377,26147200,-0.0026469195023235415,-0.03371542380951387,0.07222972209003808,0.010442453629819323,0.02125064724063786,123.64047164916992,122.16233901977539,1.012099740732332,57.293394702449085,2.359486328343195,1.9757138127394152,0.3837725156037797,0.730867562818365,5.33,306.1975483870968,17.1,3.7,1
2023-08-07,130.29019165039062,130.36943938092537,127.80385645406918,127.9425362037652,22746300,0.026695755204181326,-0.008966276618796898,0.12949767190774852,0.018469726098680663,0.020683866596812213,124.38736457824707,122.37293518066406,1.016461396424046,64.79998732472099,2.499629381105521,2.0804969264126365,0.4191324546928845,0.6471739362997594,5.33,306.3130967741935,15.77,3.7,0
2023-08-08,130.1614227294922,130.2703864784232,128.3189544116336,129.388776187967,23535200,-0.0009883239810097866,-0.0011402814310121911,0.12173462510807731,0.018038699653868336,0.02074825080561856,125.0936435699463,122.52984207153321,1.020923894580035,69.00608348148866,2.570670099624209,2.1785315610549514,0.39213853856925773,0.6691851052347545,5.33,306.3516129032258,15.99,3.7,0
2023-08-09,128.43783569335938,130.79539166782024,127.78405318898795,130.41898380481655,24912900,-0.013241919149231007,0.009970536483651538,0.09022114362516809,0.014788594306158814,0.021051979389915338,125.62508659362793,122.62988998413086,1.0244246864274662,72.19869196775622,2.4595392739331174,2.234733103630585,0.22480617030253258,0.7139314920477261,5.33,306.3901290322581,15.96,3.7,1
2023-08-10,128.467529296875,130.8052842652116,128.22978612358455,130.08216956285366,20857800,0.00023119046934505505,0.009653485234597525,0.04135211241126169,0.014797369335616744,0.018511881670938184,125.88015899658203,122.74915466308593,1.025507339273251,71.23411017486632,2.3468107461201697,2.257148632128502,0.08966211399166779,0.6184970892580098,5.33,306.4286451612903,15.85,3.7,0
2023-08-11,128.33877563476562,128.70528320828737,126.96187826549952,127.44726500702475,19591100,-0.0010022272773054786,0.011318461529952195,0.033009203151909805,0.014685829148936017,0.01848788242128729,126.08520851135253,122.88169342041016,1.0260699132781506,68.77054005930444,2.2214754450600367,2.250013994714809,-0.028538549654772094,0.5929732229659951,5.33,306.46716129032257,14.84,3.7,1
2023-08-14,130.09210205078125,130.13171836532018,127.74444620408724,128.1703858239677,24695600,0.013661704401835228,-0.0015203723096893773,0.05359011421255255,0.00953501953634997,0.01857121037919367,126.41606063842774,123.0324592590332,1.0275016967048565,70.28479627014325,2.2378288071018204,2.2475769571922113,-0.009748150090390872,0.748629869348391,5.33,306.58270967741936,14.82,3.7,0
2023-08-15,128.5566864013672,130.18122707956528,128.06139942490483,129.86425127440808,19770700,-0.011802527787695527,-0.012328816745189042,0.048642483178493734,0.010872043163336363,0.018730797573756234,126.71422309875489,123.13369583129882,1.0290783708170477,51.50264010435152,2.102655647983539,2.218592695350477,-0.11593704736693766,0.6052270232716398,5.33,306.6212258064516,16.46,3.7,0
2023-08-16,127.48687744140624,129.05198625701777,126.66470672211184,127.48687744140624,25216100,-0.008321690531295278,-0.007404035164711997,0.05465871831203706,0.009820710513641919,0.018509606803680963,127.04457969665528,123.18698852539063,1.0313149239009893,48.04694954329535,1.8874479778172457,2.152363751843831,-0.2649157740265853,0.7863765542460767,5.33,306.65974193548385,16.78,3.7,1
2023-08-17,128.69537353515625,130.74586899055504,128.07130707221577,128.57650949077134,33446300,0.009479376371936299,0.001773555072852151,0.08993292545503784,0.01101412329213766,0.01750732403504804,127.57552757263184,123.23869644165039,1.0351904982460993,41.66667470970272,1.79373284795399,2.080637571065863,-0.2869047231118729,1.0503447129077779,5.33,306.6982580645161,17.89,3.7,0
2023-08-18,126.25855255126952,128.03168079764703,125.18873089019048,127.29865064608585,30504800,-0.01893479864076897,-0.016208843143526108,0.06198969555047151,0.014079252467053723,0.018255008026154523,127.94402122497559,123.33696105957031,1.0373534431676172,35.6126446075199,1.5054776352672832,1.965605583906147,-0.46012794863886386,1.026354313761313,5.33,306.7367741935484,17.3,3.7,1
2023-08-21,127.15997314453124,127.5165803711852,125.36703671314524,125.98119528293358,25248700,0.007139481445391116,-0.0225388694626939,0.05628235346010779,0.012320667781078402,0.01814754529781744,128.28279724121094,123.46038665771485,1.0390603878219327,41.1764152757891,1.3343884118525153,1.8393621494954207,-0.5049737376429053,0.8558985804572531,5.33,306.8523225806452,17.13,3.7,1
2023-08-22,127.86328887939452,129.0519746112735,127.11045810936166,127.29865446565051,22054900,0.005530952212956963,-0.005393710287521003,0.056214723091233765,0.012185890433054358,0.018147046794993345,128.62305946350097,123.59609527587891,1.0406725162020805,52.24937285051562,1.2412424018516646,1.7197381999666694,-0.47849579811500487,0.7883252275403587,5.33,306.89083870967744,16.97,3.7,1
2023-08-23,131.12228393554688,132.15248942586146,128.64584877704544,128.95292431830592,27819700,0.025488121607964986,0.028515927027952248,0.023980863640929773,0.015928113337638224,0.013962231651072717,128.77659873962403,123.7690496826172,1.0404588147832416,60.43666843563983,1.4140963597280916,1.658609831918954,-0.2445134721908624,1.0584358379129946,5.33,306.9293548387097,15.98,3.7,0
2023-08-24,128.5566864013672,132.9845531801372,128.34867433563005,132.68737797126798,28500700,-0.019566449402611097,-0.0010776388457442998,0.002936757574412141,0.019186955366322637,0.01472052821814379,128.79542045593263,123.88692764282227,1.0396207485850486,53.97050313866528,1.3287451404120532,1.5926368936175739,-0.2638917532055207,1.1193770603641657,5.33,306.967870967742,17.2,3.7,1
2023-08-25,128.65574645996094,129.5274412374435,126.0505321954798,128.3189398374532,26762900,0.0007705554753059118,0.018986388329756965,-0.02036502967051179,0.016121919379629982,0.013567334395108979,128.66169319152831,124.00995666503906,1.0375109922750314,45.34161895865191,1.2546343591216385,1.5250363867183867,-0.27040202759674825,1.0718107473828384,5.33,307.0063870967742,15.68,3.7,1
2023-08-28,129.7750701904297,131.29064691968574,128.91327580731146,130.0722453582157,20543300,0.008700145631016065,0.020565410492231706,-0.012884474389420308,0.016215817102823025,0.013733210093125333,128.576997756958,124.12723999023437,1.035848358241702,48.95769784599121,1.2715633111495066,1.4743417716046108,-0.20277846045510417,0.8352907739592156,5.33,307.12193548387097,15.08,3.7,1
2023-08-29,133.3015594482422,135.28270758219568,130.99352005839108,130.99352005839108,43075600,0.027173857449183325,0.04253191527067046,0.022957150921715685,0.01926667007749368,0.01490245911029403,128.72657508850097,124.34595901489257,1.0352292596262316,61.95810392459634,1.551651367507958,1.4898036907852803,0.06184767672267766,1.6833225021229303,5.33,307.1604516129032,14.45,3.7,1
2023-08-30,134.59918212890625,134.99540563044192,132.80624584477715,133.5095448272466,28315800,0.00973448987420067,0.026516455395701133,0.05842026573498815,0.016944969463149336,0.013750557007034583,129.09804000854493,124.59914962768555,1.0361069107959606,64.19071962165988,1.8569250002348099,1.5632279526751864,0.29369704755962345,1.1021356851643649,5.33,307.1989677419355,13.88,3.7,1
2023-08-31,134.886474609375,136.69922704264897,134.51005161116558,134.7279791243435,30053800,0.002134429614836897,0.04923733167985955,0.0601013341328136,0.01052745684989842,0.013740625532276953,129.48040237426758,124.9086050415039,1.0366011399394348,65.04320042853362,2.0978558790156683,1.670153537943283,0.42770234107238525,1.1475309059155088,5.33,307.23748387096776,13.57,3.7,0
2023-09-01,134.3812713623047,136.16430757063117,133.57890884729767,136.16430757063117,21543700,-0.0037453958859355874,0.044502675239038725,0.058933747344793286,0.01162216271885161,0.013766605628664632,129.8543441772461,125.15644668579101,1.0375362006181696,60.453809776698755,2.222411084801138,1.780605047314854,0.4418060374862838,0.8298871389392712,5.33,307.276,13.09,3.7,1
2023-09-05,134.49024963378906,135.1341167520606,133.31146403775733,134.16335836737144,19403100,0.0008109632419726065,0.03633347634827255,0.03223617933319578,0.012162008034734943,0.012583273276597756,130.06434707641603,125.42251541137695,1.0370095564565438,65.54230726495004,2.303363873557174,1.8851568125633182,0.41820706099385596,0.7522728872021025,5.33,307.332,14.01,3.726666666666667,0
2023-09-06,133.19256591796875,135.24304591839837,132.41000411563903,134.73785869857247,18684500,-0.00964890554782849,-0.0008176463255537003,0.023287569580243694,0.007193765253123216,0.012825978942214527,130.21590423583984,125.74187622070312,1.0355810502404457,64.76910340600026,2.2370203333027803,1.9555295167112108,0.2814908165915695,0.731288722940419,5.33,307.346,14.45,3.733333333333333,1
2023-09-07,133.98501586914062,134.30200676190253,131.69679265373736,132.33075932430347,18844300,0.005949656016537297,-0.004562927129657002,0.043189611112919524,0.00599359182311532,0.012397046455839717,130.4932632446289,126.07728408813476,1.0350259698916668,63.993575247830876,2.2227640476322392,2.0089764228954166,0.21378762473682267,0.7464073479789611,5.33,307.36,14.4,3.74,1
2023-09-08,135.09449768066406,135.37185721348425,133.5789205495535,133.63835257587766,23558300,0.00828064096814396,0.0015422085267740027,0.05158477336693257,0.007266566536172014,0.012460635886288459,130.82461166381836,126.39823043823242,1.03501932907003,75.140807800229,2.2747696202041254,2.062135062357158,0.21263455784696728,0.9281610231310399,5.33,307.374,13.84,3.7466666666666666,1
2023-09-11,135.62939453125,136.18411357030033,134.51004103926334,135.2529715626258,20763400,0.003959427362099754,0.009287924993507835,0.056807608304075385,0.00699843483888938,0.012434683572282777,131.18914260864258,126.75127136230469,1.035012439706839,74.61126709103456,2.3322612606396262,2.116160302013652,0.21610095862597412,0.8161614382843605,5.33,307.416,13.8,3.7666666666666666,0
2023-09-12,134.0642852783203,135.5798623314705,133.91570522015272,134.97561156998864,18405500,-0.011539602151428019,-0.003167250835124702,0.030533623217099848,0.009275097605407052,0.012556606772568634,131.38775177001952,127.06112319946288,1.034051552997565,67.15998805860744,2.2258740725916653,2.1381030561292547,0.08777101646241059,0.7325337436949781,5.33,307.43,14.23,3.773333333333333,1
2023-09-13,135.42138671875,135.60958309403551,132.88550442248655,133.8166464595188,20749500,0.010122766384889959,0.016733822833279843,0.0533982362920471,0.008645972262062578,0.012280849289215702,131.73098678588866,127.39415435791015,1.0340426328808958,63.29650373675994,2.2254150051514614,2.155565445933696,0.06984955921776548,0.8242188749081669,5.33,307.444,13.48,3.78,1
2023-09-14,136.7982635498047,137.3925988291446,134.95579546543004,136.30297659287558,24751000,0.010167351438471472,0.020996733570653126,0.07303799650029097,0.009153319191668256,0.012104041299439105,132.1965560913086,127.71807189941406,1.0350653914930819,77.51306580274458,2.30953081057271,2.186358518861499,0.12317229171121102,0.9840768876913455,5.33,307.458,12.82,3.786666666666666,0
2023-09-15,136.1048583984375,137.21431153088753,135.19353215336167,136.67939311891212,38919600,-0.005068815446730657,0.007478918350632746,0.057573824604170154,0.009600786963543198,0.01216911010958591,132.56703033447266,128.06061218261718,1.035189728325125,73.91842010110523,2.2937996966418837,2.207846754417576,0.08595294222430772,1.5307517299304567,5.33,307.47200000000004,13.79,3.793333333333333,1
2023-09-18,136.90725708007812,137.84829948005097,135.32233242699417,135.32233242699417,21861300,0.005895444814259854,0.009421722726438153,0.08434046101141957,0.00976105361294709,0.011041520727758106,133.09946556091307,128.43168182373046,1.0363444881426458,73.37657076612076,2.3193435939877247,2.2301461223316057,0.08919747165611902,0.8746976150903174,5.33,307.514,14.0,3.8133333333333335,0
2023-09-19,136.7388153076172,137.10533793093902,135.33220217516006,136.12466432280078,20353700,-0.001230334870871097,0.01994960868022755,0.07532906720732435,0.006868668703787604,0.011079382784441651,133.5784076690674,128.85941146850587,1.0366212769931429,64.44596359009745,2.299488402435742,2.244014578352433,0.05547382408330881,0.8224305334159251,5.33,307.528,14.11,3.82,0
2023-09-20,132.4793701171875,136.77845758196287,132.36049096088513,136.77845758196287,29927500,-0.03115022739408224,-0.02172490381945824,0.036101693287015735,0.01615702178745992,0.013525640815198374,133.80921173095703,129.18828201293945,1.0357689540105097,42.866795921888226,1.9179425431235302,2.1788001713066527,-0.2608576281831225,1.190345503475081,5.33,307.54200000000003,15.14,3.826666666666666,0
2023-09-21,129.21044921875,130.983569674675,128.84394174860475,130.2010230212673,31503900,-0.024674942940518974,-0.05546718309251175,-0.014580547710232317,0.01588092459294023,0.013564865338051879,133.7136199951172,129.41631149291993,1.0332053081456611,34.092207583382645,1.3363850883098678,2.010317154707296,-0.6739320663974282,1.2439316482975842,5.33,307.55600000000004,17.54,3.8333333333333335,0
2023-09-22,129.02227783203125,130.78549853869626,128.3784107064932,129.5274651867629,26397300,-0.001456317100176463,-0.05203767631624501,0.0036216819497854047,0.01630861499872355,0.012819370993856544,133.73689956665038,129.5294354248047,1.0324826872598254,34.70900226486859,0.8505086231955659,1.7783554484049502,-0.9278468252093843,1.0466438548981203,5.33,307.57000000000005,17.2,3.84,1
2023-09-25,129.87417602539062,129.93360805536258,127.74444767159882,128.60624233611597,20094600,0.006602721697941405,-0.05137113404130067,0.009470463612823332,0.016488701039286697,0.012897708004490624,133.79782104492188,129.6421632385254,1.0320548323368424,37.36449533413693,0.5281014636937016,1.5283046514627006,-1.000203187768999,0.8074178648425102,5.33,307.612,16.9,3.86,0
2023-09-26,127.35812377929688,129.131244830185,126.02084265119692,128.54680971818473,25718700,-0.01937299872148457,-0.06860298962819633,-0.018624119467523514,0.01595908368183667,0.013478659959818552,133.67697372436524,129.71982452392578,1.0305053542506881,35.028106121950344,0.06877429102013366,1.2363985793741874,-1.1676242883540537,1.0227646224060005,5.33,307.62600000000003,18.94,3.8666666666666663,1
2023-09-27,129.30950927734375,129.66611648324476,127.35809261486546,127.35809261486546,22746500,0.015322033963286907,-0.023927203435823885,-0.029947512897990136,0.01698123091365732,0.012398896171954167,133.4773712158203,129.85414596557618,1.0279022685282966,38.67564295312729,-0.13621509844992374,0.9618758438093652,-1.0980909422592888,0.9426725459804889,5.33,307.64000000000004,18.22,3.873333333333333,1
2023-09-28,131.06285095214844,132.04352470913275,128.56660009843606,128.61613182423616,22513100,0.0135592632328696,0.014336315248485665,-0.026273051000941794,0.01411290324969926,0.012608139160186976,133.30055465698243,130.05780807495117,1.0249331172809133,40.53045887947335,-0.1553993002047207,0.7384208150065481,-0.8938201152112688,0.9443547130381237,5.33,307.654,17.34,3.88,0
2023-09-29,129.6265106201172,132.78644401015598,129.1312236339659,132.02369781929437,30859800,-0.01095917204300445,0.004683166335604172,-0.03899548864695612,0.015429861482783462,0.0127619322022567,133.03755645751954,130.288809967041,1.0210973336173221,36.47322082478608,-0.2832385810554854,0.5340889357941414,-0.8173275168496268,1.2922883262182336,5.33,307.668,17.52,3.8866666666666663,1
2023-10-02,132.90530395507812,133.15294744052358,129.9335821297325,129.97321355178073,22288000,0.02529415718494299,0.02333895792412899,-0.010983430892294588,0.018974514674250317,0.014121532003876126,132.9637580871582,130.5691424560547,1.018339828125236,47.575613844807364,-0.1186136082088467,0.40354842699354376,-0.5221620352023905,0.9318824376452408,5.33,307.7105806451613,17.61,3.893548387096774,0
2023-10-03,131.1817169189453,132.99446928200177,130.59728184486156,132.6774934391783,22989400,-0.012968534624587913,0.030022373337365238,-0.02460053962166575,0.017056625001127017,0.014390012951142393,132.798331451416,130.7850877380371,1.0153935264960132,41.26527745729793,-0.1257763291378069,0.29768347576727366,-0.42345980490508056,0.954055766201682,5.33,307.7251612903226,19.78,3.887096774193549,1
2023-10-04,133.96524047851562,134.2921317300679,131.2807781421106,131.53832195471514,26752300,0.02121883769283328,0.0360045539356757,0.005801183836511958,0.018033910436473958,0.015069333648285091,132.83696517944335,131.04323165893555,1.0136881050459463,44.48306662633425,0.09209266439225416,0.2565653134922698,-0.16447264910001563,1.091935737657544,5.33,307.7397419354839,18.58,3.8806451612903214,0
2023-10-05,133.79684448242188,134.21288377054,132.1921042397257,133.79684448242188,19832600,-0.0012570126063465858,0.020860171363673574,-0.0014044211249900629,0.0179507716794751,0.015015652647542834,132.82755661010742,131.15813858032226,1.0127282839468081,45.41163009107698,0.24830495690670773,0.2549132421751574,-0.006608285268449643,0.8078682487891712,5.33,307.7543225806452,18.49,3.8741935483870966,1
2023-10-06,136.28318786621094,136.85772266380047,132.74683103836537,132.74683103836537,27597600,0.018582974758539317,0.051352745779000175,0.008798953369342222,0.01648911313161801,0.015482775650309111,132.88699111938476,131.32019729614257,1.0119310955626184,48.837194756160315,0.5662046018068452,0.3171715141014949,0.24903308770535026,1.1149975566905368,5.33,307.76890322580647,17.45,3.867741935483871,1
2023-10-09,137.11524963378906,137.63035233984527,134.3317391453215,135.6492043634317,19278100,0.006105388203825779,0.031676280429966175,0.01095525868617453,0.014158560372556831,0.015515032252686398,132.9612838745117,131.43589645385742,1.0116055618123303,50.684469343431026,0.8751940987655189,0.42877603103429973,0.44641806773121917,0.7812173278761599,5.33,307.81264516129033,17.7,3.848387096774193,0
2023-10-10,136.75863647460938,138.40299285145625,136.03552172670302,137.19449142895036,27786600,-0.0026008278446937316,0.04251293310263615,0.02009745690804632,0.011040340081777074,0.015271959487576814,133.09600143432618,131.5416896057129,1.0118161157369365,59.06799883596857,1.078858391675908,0.5587925031626214,0.5200658885132866,1.105008320390614,5.33,307.8272258064516,17.03,3.841935483870968,1
2023-10-11,139.2251739501953,139.77989295278536,137.27374202789582,137.27374202789582,25884300,0.018035698067550454,0.03926341977136394,0.02808852666193129,0.010174931038253572,0.015616446727010668,133.28619079589845,131.71999282836913,1.0118903587367338,71.9688170495359,1.4228905748669547,0.7316121175034882,0.6912784573634665,1.0189548039890886,5.33,307.8418064516129,16.09,3.835483870967742,0
2023-10-12,137.66006469726562,139.88885611158636,136.95675053372017,139.72046035185502,24765500,-0.01124156794725617,0.028873776730596212,0.00629979595572272,0.012982643786866956,0.015724600089524872,133.32928085327148,131.92979644775392,1.010607796291657,67.8688311393153,1.5513641617502287,0.8955625263528364,0.6558016353973923,0.9748845829239412,5.33,307.8563870967742,16.69,3.829032258064516,0
2023-10-13,136.0652313232422,138.6803458110814,135.33220119685583,138.06619483070466,23420500,-0.011585301645257173,-0.0015992914928194546,-0.00029115107029686893,0.012545790786624045,0.01591098344977674,133.32729949951172,132.10631652832032,1.0092424268822124,62.4253916688563,1.5071175670871355,1.0178735344996963,0.4892440325874392,0.9509486240875179,5.33,307.8709677419355,19.32,3.8225806451612905,1
2023-10-16,137.78884887695312,138.31385188558824,136.68931113689553,136.86760720097854,28501900,0.012667582577478909,0.004912650087886883,0.006439335764059306,0.013670626056500415,0.01611147281951239,133.37137908935546,132.32404479980468,1.007914920460112,71.62213112679977,1.5927728596888642,1.13285339953753,0.4599194601513341,1.1418758246748526,5.33,307.9147096774193,17.21,3.803225806451613,1
2023-10-17,138.40298461914062,138.58128066351554,135.88691848326934,137.32326271053788,23515800,0.004457078691004535,0.012023724328638963,0.01217042364876142,0.01356271243034161,0.016130535193116337,133.45458755493163,132.48630065917968,1.0073085812716809,69.95650723785465,1.6907213349252288,1.24442698661507,0.4462943483101589,0.936186984199023,5.33,307.9292903225807,17.88,3.796774193548387,0
2023-10-18,136.65957641601562,139.3935548290278,136.08504176325326,138.135521794273,23375000,-0.012596608432415946,-0.018427684170805758,0.03155363959785151,0.011539394134895558,0.014667841970865904,133.66359786987306,132.61626373291017,1.0078974788422046,62.28791045186137,1.6091188154460383,1.3173653523812636,0.2917534630647747,0.9428796451948938,5.33,307.943870967742,19.22,3.7903225806451615,0
2023-10-19,136.45156860351562,138.34356857254127,136.08506106002469,137.19449910407923,26066000,-0.001522087349859702,-0.008778842988397928,0.05604128325958069,0.010733390717066955,0.013333211975745834,134.02565383911133,132.7765383911133,1.0094076518572774,65.83910009483198,1.5102544653931602,1.355943174983643,0.1543112904095172,1.0630861227822463,5.33,307.9584516129033,21.4,3.783870967741936,0
2023-10-20,134.32183837890625,136.5704304415317,133.80673567464444,136.03552714034558,26335700,-0.01560795706788598,-0.012812920151469509,0.04107477124046954,0.011759791432922039,0.013933759174532514,134.29063186645507,132.8936245727539,1.0105122220738012,53.47259524817717,1.2456927548086014,1.3338930909486348,-0.08820033614003342,1.0742206142086221,5.33,307.97303225806456,21.71,3.7774193548387096,1
2023-10-23,135.2133331298828,136.36240244560938,132.6873667407286,133.76708863043964,26317900,0.0066370052832493975,-0.018691757483004112,0.04111022889914917,0.00998849942105655,0.013934343500795966,134.55758972167968,133.03111572265624,1.0114745636066516,60.30375920145632,1.0953355228922135,1.2861815773373506,-0.19084605444513714,1.0600402420484092,5.33,308.01677419354843,20.37,3.758064516129033,1
2023-10-24,137.50157165527344,138.04639036690818,136.12467442857437,136.5308133876984,44814300,0.01692317223770079,-0.006512958996857665,0.07964507936340581,0.013485530503587938,0.013340301440159496,135.06476211547852,133.1793051147461,1.01415728216263,59.27269089963391,1.1475893628989695,1.2584631344496744,-0.11087377155070488,1.738198036656906,5.33,308.0313548387097,18.97,3.751612903225807,0
2023-10-25,124.4260025024414,127.10054931723444,123.8910916279868,126.95196926111925,84366200,-0.09509396143931681,-0.08951859967963816,-0.03776602975445653,0.044852467275027064,0.02559419218685172,134.8205867767334,133.09669143676757,1.0129522028035147,35.346932406357354,0.13238569415526058,1.0332476463907916,-0.900861952235531,2.9229848702648336,5.33,308.045935483871,20.19,3.7451612903225806,0
2023-10-26,121.12737274169922,123.15805221708968,120.12689100759395,122.10803876603192,57061100,-0.026510775034161105,-0.11230501795361247,-0.07580697457952212,0.04397827798223184,0.025911638004801677,134.32381286621094,132.96950134277344,1.0101851289939512,26.88815840144713,-0.9276490208929431,0.6410683129340446,-1.5687173338269877,1.8653252013783395,5.33,308.0605161290323,20.68,3.738709677419355,0
2023-10-27,121.01842498779295,122.14767875459351,119.07690083509236,121.72173162799471,44566500,-0.0008994478410638829,-0.09904132903233442,-0.06640682983090584,0.04505261369553289,0.025858872452929643,133.89340858459474,132.81596237182617,1.0081123247050094,24.89959686466686,-1.7562800398788738,0.161598642371461,-1.9178786822503349,1.4249531546230763,5.33,308.0750967741936,21.27,3.732258064516129,1
2023-10-30,123.28683471679688,124.21797666183564,121.59295414437162,122.04861726115156,28940100,0.018744333594101326,-0.08820504706906096,-0.07237084564760699,0.04710656471247895,0.025519621874192388,133.41248512268066,132.75652801513672,1.0049410535011065,30.174922923884978,-2.2045220274842734,-0.3116254915996859,-1.8928965358845875,0.9155834356532779,5.33,308.11883870967745,19.75,3.712903225806452,0
2023-10-31,122.9104232788086,124.1882646409759,121.53352602850394,123.88118156302636,26292300,-0.0030531357127704384,-0.10611622980605584,-0.0630521831426204,0.04423053404313658,0.025420594938673668,132.99892044067383,132.67153701782226,1.0024676236532,24.41749873726893,-2.5606131350205317,-0.7614230202838551,-1.7991901147366764,0.8274910723601088,5.33,308.13341935483874,18.14,3.706451612903226,1
2023-11-01,125.25808715820312,125.29771102759383,122.55382420024056,122.9005236105588,30082400,0.01910060853072748,0.00668738558683013,-0.06499561594642822,0.01882974754238686,0.025318896642794585,132.5635627746582,132.61943298339844,0.9995787177830324,31.018794003929017,-2.6231430877537036,-1.1337670337778247,-1.489376053975879,0.9418403620285773,5.33,308.148,16.87,3.7,1
2023-11-02,126.28827667236328,127.76422981075793,125.73355765282808,127.20951079122273,27124600,0.00822453493848263,0.04260724734507004,-0.056119169619467835,0.01047843456112412,0.02544242105035896,132.18813438415526,132.52275283813478,0.9974750112956964,34.77321147007068,-2.560060062836669,-1.4190256395895937,-1.1410344232470755,0.8396507991736166,5.33,308.1677666666667,15.66,3.7033333333333336,1
2023-11-03,127.88311004638672,128.3090496132058,126.65479283923436,126.8132883075688,26393100,0.012628514823755266,0.056724296810888086,-0.06163693373588064,0.009129037239601968,0.025215797039059684,131.76813049316405,132.50928131103515,0.9944068007120843,34.51050615409028,-2.354238391679445,-1.606068190007564,-0.748170201671881,0.8185329574333772,5.33,308.18753333333336,14.91,3.706666666666667,1
2023-11-06,129.02227783203125,129.11142587434364,127.45716892438092,127.83359192298178,19052700,0.008907883028738794,0.04652113202848707,-0.05902313435867079,0.008076905668323727,0.025275951479143126,131.36348190307618,132.51661193847656,0.991298222777264,35.5684550833206,-2.0752793856024994,-1.6999104291265512,-0.37536895647594815,0.5910906869873771,5.33,308.24683333333337,14.89,3.716666666666667,1
2023-11-07,129.73548889160156,130.66663094824423,128.65576676845674,129.47794507134418,29757300,0.005527813270347126,0.05552877803789724,-0.0513543258696626,0.005249341122221238,0.025343220041081436,131.01232452392577,132.5158203125,0.9886542166435021,38.99908409945255,-1.7761775226921657,-1.7151638478396742,-0.06101367485249143,0.9203764978352488,5.33,308.26660000000004,14.81,3.72,1
2023-11-08,130.5972900390625,130.96381274636772,129.54728387670204,129.73549538032546,26425800,0.006642755616244722,0.04262561405808363,-0.06197071740933324,0.0027159481219094657,0.024987309601641597,130.58093032836913,132.4617349243164,0.9858011478030098,40.888083302221354,-1.4528494471365434,-1.6627009676990483,0.2098515205625049,0.8166512071624555,5.33,308.2863666666667,14.45,3.7233333333333336,0
2023-11-09,129.01235961914062,131.30058307721072,128.84396385761158,130.71614806102886,23747800,-0.012136013078432262,0.02157035489402226,-0.06281927222061501,0.009588199694290164,0.025003853078386516,130.1485450744629,132.3499984741211,0.9833664267091877,41.59347195633541,-1.3094062368558355,-1.5920420215304059,0.2826357846745704,0.7350473646497678,5.33,308.3061333333333,15.29,3.7266666666666666,1
2023-11-10,131.3402099609375,131.5482371624937,128.19019172994675,128.87369024439658,26913300,0.018043622709242424,0.027033279948359024,-0.034726148012637625,0.010968579353562841,0.025339359590285406,129.91229400634765,132.27907318115234,0.9821076825087559,44.13444949385944,-0.9964024837363752,-1.4729141139715998,0.4765116302352246,0.8285479345949156,5.33,308.3259,14.17,3.73,0
2023-11-13,130.84490966796875,131.34019664387745,130.0128311760323,130.5378341612988,18324800,-0.0037711245711885555,0.01412648936728833,-0.05039550925623437,0.011410752359614557,0.025123159024149824,129.56509704589843,132.20834594726563,0.9800069437188064,39.340101894952916,-0.7793277434523986,-1.3341968398677597,0.5548690964153611,0.5731221989617383,5.33,308.3852,14.76,3.74,1
2023-11-14,132.36048889160156,134.42088456077047,132.06332879289005,132.92512330907195,32395200,0.011583020137953648,0.0202334767643515,-0.043658709703167875,0.012066945958362638,0.025273628823562908,129.2629722595215,132.16575073242188,0.9780368328646862,70.17626090354129,-0.4794728066614766,-1.163252033226503,0.6837792265650264,0.9993088631933174,5.33,308.40496666666667,14.16,3.743333333333333,1
2023-11-15,133.35108947753906,133.7572285134562,132.31099869452711,133.59873301920138,23861500,0.007484110962666213,0.02108619128048428,-0.02420969700948694,0.012117509224345185,0.025225623812870242,129.09754791259766,132.16892120361328,0.9767617586415493,85.21691040870141,-0.16005737859765645,-0.9626131023007338,0.8025557237030774,0.735514194130867,5.33,308.42473333333334,14.18,3.7466666666666666,1
2023-11-16,135.63926696777344,135.92654184217392,133.05388378791164,133.9156781811989,28013200,0.01715904608803198,0.051366453324287686,-0.005953039925121528,0.008865404589236946,0.025545498731801553,129.05693283081055,132.20200622558593,0.9762100932915594,87.42384422294062,0.27455356715307744,-0.7151797684099717,0.9897333355630491,0.860903848854723,5.33,308.4445,14.32,3.75,0
2023-11-17,134.03457641601562,134.77750697640147,132.39021981477103,134.71807494996435,37240600,-0.01183057522818276,0.020514406485869552,-0.002138609524389379,0.011765640784864565,0.02543755682239091,129.042569732666,132.18080780029297,0.9762579899468582,78.47776849673846,0.48392240009783904,-0.4753593347084096,0.9592817348062486,1.1256195681758865,5.33,308.4642666666667,13.8,3.753333333333333,1
2023-11-20,134.96572875976562,135.37186779133089,132.36051389260578,132.42986133871003,27815500,0.006947105505521911,0.03149391980363503,-0.001831212679886729,0.010912869214186481,0.025441771057367994,129.03018951416016,132.16753448486327,0.976262362894706,81.03015090179345,0.7167229843839493,-0.2369428708899378,0.9536658552738871,0.8388416985040297,5.33,308.5235666666667,13.41,3.763333333333333,1
2023-11-21,135.67893981933594,135.88695192229423,134.67846538924488,135.0053415510365,22635300,0.005284386385523199,0.025071310596714858,-0.013255352749763305,0.010501823395543102,0.025171545486913832,128.93905792236328,132.1998275756836,0.9753345392870989,79.28736777733845,0.9478431507916696,1.4333446383685278e-05,0.9478288173452859,0.7062393634538532,5.33,308.5433333333333,13.35,3.7666666666666666,1
2023-11-22,137.1846160888672,138.1058427704475,136.1742262486165,136.1742262486165,17813900,0.0110973469540383,0.028747621233149445,0.10253976925904573,0.0108338037730369,0.011764140088444988,129.57698860168458,132.23509216308594,0.9798986523325963,79.8265380494824,1.2382295003809531,0.2476573668332976,0.9905721335476556,0.6201995971848198,5.33,308.5631,12.85,3.77,0
2023-11-24,135.4015655517578,136.82799456252866,134.7081667590109,136.72893111429622,12514300,-0.012997452542013344,-0.0017524528208494594,0.11784448458646857,0.011267041460822863,0.010137138323396865,130.2906982421875,132.207158203125,0.9855041134913963,70.37036118328713,1.3093916459549462,0.4600042226576273,0.8493874232973189,0.4723177625190079,5.33,308.6026333333333,12.46,3.7766666666666655,0
2023-11-27,135.12420654296875,137.1152548942663,134.718067564632,134.7477835762215,23436500,-0.0020484180345983205,0.00812947044030743,0.11655895832885488,0.009470300947616661,0.01017928323532038,130.9959873199463,132.18754516601564,0.9909858538898437,67.34232593317304,1.3280981166185484,0.6336230014498115,0.6944751151687368,0.9212819209552573,5.33,308.6619333333333,12.69,3.786666666666666,1
2023-11-28,135.90675354003906,135.95628526440245,134.14353298041522,134.7973154661077,18730000,0.005791316131217972,0.006972323929346658,0.10236225832410661,0.009321824454606198,0.009698112786976947,131.6269832611084,132.16753509521484,0.9959101012686887,67.47053111382195,1.3900445635814833,0.784907313876146,0.6051372497053373,0.7513487070323712,5.33,308.6817,12.69,3.79,0
2023-11-29,133.71759033203125,136.98647245548034,133.5689951623546,136.27327307787965,23967200,-0.016107832399681832,-0.014455813775640758,0.08792718115295894,0.011710937547588047,0.01065569773821481,132.16734161376954,132.10711059570312,1.0004559256333352,58.21594848298328,1.2481030388984777,0.8775464588806123,0.3705565800178654,0.9659422261181473,5.33,308.70146666666665,12.98,3.793333333333333,0
2023-11-30,131.28076171875,134.2722992191977,130.04254430639105,133.7770122542541,38988300,-0.01822369523134848,-0.043035834034719445,0.048082121459671834,0.010226010389013178,0.011178423351371656,132.46847534179688,132.08313842773438,1.0029173815723142,55.716397295418325,0.9282810086554605,0.887693368835582,0.04058763981987845,1.543629834174303,5.33,308.7212333333333,12.92,3.7966666666666655,0
2023-12-01,130.61708068847656,130.86472417415052,129.43829527827506,130.61708068847656,31442300,-0.005055432506518187,-0.035335521002173076,0.034277164358998524,0.010009473731794429,0.011209254258911235,132.68491554260254,132.1112710571289,1.0043421313025258,48.01086926410851,0.6141862758944683,0.8329919502473593,-0.218805674352891,1.2343174829616586,5.33,308.741,12.63,3.8,0
2023-12-04,128.05149841308594,128.80432917172766,126.69440938445004,128.65574912560064,36669900,-0.019642012069689185,-0.05234227316357065,0.0013167365623039107,0.01083537154546492,0.011863853567816402,132.6933349609375,132.09185546875,1.0045534941579333,43.10176822085918,0.15643955132526344,0.6976814704629402,-0.5412419191376767,1.411071651620197,5.33,308.8336129032258,13.08,3.790322580645161,1
2023-12-05,129.75531005859375,130.8944642562139,127.0411315150536,127.73453037947289,27384800,0.013305675190238064,-0.0452622354755392,0.005681439197010585,0.013800800544916348,0.01207394978191003,132.72998657226563,132.08947814941405,1.0048490495369136,43.62585989458381,-0.06806011074769458,0.5445331542208132,-0.6125932649685077,1.0371507969947593,5.33,308.8644838709677,12.85,3.787096774193549,0
2023-12-06,128.79444885253906,130.5972858566958,128.65576908298854,130.20106226225468,23576200,-0.007405178297680393,-0.03681745585803364,-0.007253528291312539,0.013240479233957537,0.012128401436792528,132.6829345703125,132.1182046508789,1.004274429257693,38.83493330661311,-0.3198244423619485,0.37166163490426085,-0.6914860772662094,0.9034819937443523,5.33,308.89535483870964,12.97,3.7838709677419353,1
2023-12-07,135.63926696777344,137.253907143663,133.4302915642557,133.76708303807405,56767100,0.053145288296324145,0.03319987781881473,0.03860705629651928,0.028424037632754084,0.01700522513200539,132.93503341674804,132.2447998046875,1.0052193629774475,50.0,0.0325944003790255,0.30384818799921376,-0.27125378762018826,2.055893684911407,5.33,308.9262258064516,13.06,3.7806451612903222,0
2023-12-08,133.71759033203125,135.11428819124905,132.76663263696403,132.93502840396306,32260100,-0.014167553973870706,0.023737398104536123,0.036471162350498965,0.029645632892494375,0.01710010639286259,133.17029495239257,132.29789459228516,1.0065942119698577,49.37303526503098,0.1550384412664414,0.2740862386526593,-0.1190477973862179,1.1506054391440035,5.33,308.9570967741936,12.35,3.7774193548387096,0
2023-12-11,132.03359985351562,132.08313157577382,130.12179931701706,131.1321890142382,31138000,-0.012593634646976049,0.03109765594139069,0.005279342044483881,0.0283158944327204,0.016952237209783942,133.2049644470215,132.34603637695312,1.0064900173332123,44.36827760030479,0.11486813950156716,0.24224261882244089,-0.12737447932087373,1.102279447203565,5.33,309.04970967741934,12.63,3.767741935483871,0
2023-12-12,131.27088928222656,131.74636063729966,130.0227561920871,130.56757499215098,29032800,-0.005776639977515208,0.011680286710026966,0.0032556070797005177,0.02844770234807762,0.016984096168586593,133.22626342773438,132.3133480834961,1.006899646615111,41.54955203727387,0.021243633691199193,0.19804282179619256,-0.17679918810499337,1.0086389603161603,5.33,309.08058064516126,12.07,3.764516129032258,1
2023-12-13,131.32041931152344,132.2416459947321,130.32984518422208,132.12278193624368,30104800,0.00037731160021614585,0.01961241716152262,-0.007857855382582546,0.027969540108435734,0.016775757375821102,133.17425994873048,132.31612213134767,1.0064855121474234,38.0932965850902,-0.04839987859458006,0.14875428171803803,-0.1971541603126181,1.050059444467601,5.33,309.1114516129032,12.19,3.761290322580645,0
2023-12-14,130.69631958007812,132.45953986965213,128.46752835972197,132.1227483794993,38722400,-0.004752495725472761,-0.036441861550827404,-0.019908123044679704,0.0059771077171858825,0.01670132308188063,133.04152145385743,132.2507437133789,1.0059793821817165,39.974614915947676,-0.15219805194124092,0.08856381498618224,-0.24076186692742316,1.3165215250847764,5.33,309.1423225806452,12.48,3.758064516129032,1
2023-12-15,131.35011291503906,132.2515237297127,129.9434845931054,130.3793395531458,50847100,0.005002385201523296,-0.017705055940011705,-0.03162177257824195,0.00664752413746119,0.016224875717062815,132.8270637512207,132.20180908203125,1.0047295469973598,42.08556228445118,-0.179632502322022,0.0349245515245414,-0.2145570538465634,1.6641522951474512,5.33,309.1731935483871,12.28,3.7548387096774194,1
2023-12-18,134.5199432373047,135.85720897900194,131.18169880212074,131.379825680854,32258000,0.024132680603905943,0.018831141365133863,0.003621206066877658,0.012159724367973761,0.016992370819886332,132.85133209228516,132.16654418945313,1.0051812499678467,47.35648044192262,0.053784321546913816,0.038696505529015886,0.01508781601789793,1.0644369081569267,5.33,309.2658064516129,12.56,3.7451612903225806,1
2023-12-19,135.36190795898438,136.1741857555767,134.79728873509703,135.5501194052659,25476800,0.006259032686286359,0.031164706045087476,0.0029354059201498472,0.010918786459264983,0.01697892903030513,132.8711410522461,132.13147735595703,1.005597937078206,53.304074704552036,0.303213100705932,0.09159982456439911,0.21161327614153289,0.8439298814209085,5.33,309.2966774193548,12.53,3.741935483870968,1
2023-12-20,137.03598022460938,140.3643089031081,136.76853617286866,137.660046575252,49107200,0.012367380830153873,0.0435237790364289,0.010001850007675506,0.010632137734508435,0.01716166363937183,132.93899307250976,132.13702423095702,1.006069221296758,61.93017771243633,0.6287233152455372,0.19902452270062673,0.4296987925449104,1.558370754399491,5.33,309.3275483870968,13.67,3.738709677419355,1
2023-12-21,139.09640502929688,139.36386425256703,137.8680877770193,138.17517842630895,27488300,0.015035648311562788,0.0642717826807051,0.01393588432095938,0.007695982749910913,0.017309976674014488,133.03458251953126,132.13444885253907,1.0068122558107215,66.61494128122285,1.0409521194297326,0.36741004204644795,0.6735420773832848,0.8591273707748298,5.33,309.3584193548387,13.65,3.735483870967742,1
2023-12-22,140.15634155273438,140.65162862641927,139.3836949269829,139.4431269574312,26532200,0.007620157567798103,0.06704393656206009,0.03511610801249576,0.007120912248598105,0.01705506322311174,133.27232131958007,132.18437438964844,1.0082305259979112,75.20632376706179,1.4366140434445356,0.5812508423260655,0.8553632011184701,0.8114691174896396,5.33,309.3892903225806,13.03,3.732258064516129,1
2023-12-26,140.18603515625,141.33508949612715,139.85914392608302,140.25536747570143,16780300,0.0002118605778851368,0.04212083191969418,0.03746056123313202,0.0057436545553563225,0.017035256283625743,133.52541275024413,132.2667904663086,1.0095157845707017,73.34811572343541,1.7326026298511579,0.8115211998310841,0.9210814300200738,0.5184915564325329,5.33,309.51277419354835,12.99,3.719354838709677,0
2023-12-27,139.04689025878906,140.74077872609564,138.57141889330177,140.2553919454143,19628600,-0.008125951320267055,0.027223185276918915,0.023105082249094355,0.009436431834092542,0.01715504126416857,133.68241958618165,132.29195129394532,1.0105106038472953,72.76733071833058,1.8538858025392244,1.0199941203727123,0.8338916821665121,0.6056598522245008,5.33,309.5436451612903,12.43,3.7161290322580647,0
2023-12-28,138.90818786621094,139.80961383431003,138.4327165781313,139.45300658951038,16045700,-0.0009975224352013479,0.013662161123910055,0.03881761196332523,0.008851948594446548,0.016674968831375397,133.94194946289062,132.30205535888672,1.0123950765508176,60.33842423868058,1.9167167492254862,1.1993386461432671,0.717378103082219,0.5012316265389084,5.33,309.57451612903225,12.47,3.712903225806452,0
2023-12-29,138.373291015625,139.03697381318452,137.4718650054482,138.3138589912108,18733000,-0.0038507222562079724,-0.005198653505959161,0.054025656189211624,0.005802531460146685,0.016054037251602687,134.29657592773438,132.3363296508789,1.0148126087675764,66.14008285971823,1.9014305142551393,1.3397570197656417,0.5616734944894977,0.6042946111230467,5.33,309.60538709677417,12.45,3.709677419354839,0
2024-01-02,136.8675994873047,138.13553292141268,135.19352711017308,137.24402242132257,23711200,-0.010881373979536924,-0.02346481100316311,0.04785376281480125,0.004703678969305869,0.016254805321778133,134.60910186767578,132.3446502685547,1.0171102616881456,66.96796129088928,1.7476732508168595,1.4213402659758851,0.3263329848409744,0.7745410684434587,5.33,309.73893548387093,13.2,3.706451612903226,1
2024-01-03,137.6105194091797,138.31383350338552,135.78786712653144,135.9562628696607,24212100,0.005428018936971979,-0.01837212775295105,0.0746498175699355,0.006360168226035232,0.01540485024451981,135.08705291748046,132.41042388916014,1.0202146398274572,72.28387844201538,1.6665559213687402,1.4703833970544564,0.19617252431428378,0.8073300948455561,5.33,309.77987096774194,14.04,3.712903225806452,0
2024-01-04,135.10440063476562,137.8482951186817,135.0647843214247,137.11526484470437,27137700,-0.01821168022018882,-0.02835366987845478,0.04122444448521123,0.009120782201370907,0.015973857255282314,135.35450744628906,132.4082452392578,1.0222513499949148,61.341992727937985,1.3840920610630576,1.4531251298561767,-0.0690330687931191,0.9052544567712701,5.33,309.8208064516129,14.13,3.7193548387096778,0
2024-01-05,134.45062255859375,135.8671514256001,133.87608774886044,135.46101240432904,22513900,-0.0048390583363695505,-0.03209001122317201,0.04391628487444077,0.008780813051418574,0.01590329560210212,135.6373161315918,132.34722625732422,1.024859530247129,61.23305057662281,1.0948621010598174,1.381472524096905,-0.2866104230370876,0.7523475878671466,5.33,309.86174193548385,13.35,3.725806451612904,1
2024-01-08,137.5312957763672,137.69969154899283,134.9756129451259,135.00532895706218,21404000,0.02291304539278638,-0.006084954929363784,0.013948975476572478,0.01598206147881625,0.011692263188523445,135.73191757202147,132.60933212280273,1.023547252664896,66.14910645517764,1.101532080240787,1.3254844353256814,-0.2239523550848943,0.7601740402198979,5.33,309.9845483870968,13.08,3.7451612903225806,1
2024-01-09,139.62136840820312,140.15628670282217,136.84775885802253,137.1944657199036,24759600,0.01519706929275566,0.020119947534798843,0.044151095315974054,0.016252361863344136,0.011562413268281974,136.02710647583007,132.97921203613282,1.0229200819664135,64.12504066483305,1.2609342159821608,1.3125743914569774,-0.051640175474816585,0.8912202409609065,5.33,310.0254838709677,12.76,3.751612903225807,1
2024-01-10,140.93887329101562,141.6520878094629,139.58179169214583,139.67093972821166,21320200,0.009436269661536212,0.02418676926826513,0.06744702444968498,0.016432256379391573,0.011117101764650061,136.47237014770508,133.37762100219726,1.0232029115698265,65.04552864270306,1.476552413086722,1.3453699957829264,0.13118241730379565,0.7812231193704691,5.33,310.0664193548387,12.69,3.758064516129033,0
2024-01-11,140.74075317382812,143.8511548726539,139.31432422138022,142.13746611601331,24008700,-0.0014057166242447128,0.04171849704806818,0.07213986241261594,0.011502496322690075,0.010970711753167982,136.94586334228515,133.7266993713379,1.024072709384744,60.85954636047132,1.6128527870757523,1.3988665540414917,0.21398623303426056,0.8879091731790312,5.33,310.1073548387097,12.44,3.764516129032258,1
2024-01-12,141.3053741455078,141.8501928649969,140.48321103195838,141.32518985756914,18785500,0.004011780233848405,0.05098341276870433,0.07603505141342626,0.009487077553819934,0.010945537514848943,137.4451110839844,134.09459838867187,1.0249861868827936,57.09737484348388,1.7463017298270813,1.4683535891986097,0.2779481406284716,0.7095930383542111,5.33,310.14829032258064,12.7,3.770967741935484,0
2024-01-16,141.1468963623047,142.98936462858398,140.1166909258045,140.66150965520748,22670500,-0.0011215269352737867,0.026289293397021796,0.0799607580060695,0.007122037231062081,0.010826950493439012,137.9676399230957,134.41237457275392,1.0264504318269998,53.378331260375624,1.8183127680254074,1.5383454249639692,0.2799673430614382,0.8831161040285489,5.33,310.3120322580645,13.84,3.796774193548387,0
2024-01-17,140.13648986816406,140.50299737183,137.59070770767883,140.01762583777685,20968600,-0.007158545601647859,0.003689417070135814,0.0668928009129941,0.006260696479397774,0.011100348753492292,138.40695877075194,134.68933883666992,1.027601441704233,49.841618563650606,1.7734079321180047,1.5853579263947766,0.18805000572322816,0.8672915967399736,5.33,310.35296774193546,14.79,3.803225806451613,1
2024-01-18,142.1275634765625,142.85069343117277,140.65161778433006,140.711049810197,25746400,0.014208102474035034,0.008434083214873045,0.05655384663549334,0.008029275232697706,0.010314065642760046,138.78733978271484,134.97422790527344,1.0282506663428925,59.339303110680184,1.8768483863406686,1.6436560183839553,0.2331923679567134,1.0794446057432387,5.33,310.3939032258064,14.13,3.809677419354839,1
2024-01-19,145.00021362304688,145.06954593689224,143.0190658052267,143.37567301703265,34271900,0.020211773678636913,0.03026458472875948,0.07120397318116245,0.011148535193730175,0.011008503262254447,139.26925506591797,135.29378662109374,1.0293839690950333,65.84236794885328,2.165660168299155,1.7480568483669954,0.4176033199321596,1.4108725435629577,5.33,310.4348387096774,13.3,3.816129032258064,0
2024-01-22,144.6138916015625,146.99126295666431,144.46529644501962,145.71342925416275,32200400,-0.002664285878148376,0.023413953475313498,0.05529869866682113,0.011829697815005133,0.010883835996305574,139.6481506347656,135.59135467529296,1.0299192818685796,66.3551207527009,2.3364396063727213,1.8657333999681407,0.4707062064045806,1.373389166738463,5.33,310.5576451612903,13.19,3.835483870967742,1
2024-01-23,145.65399169921875,145.79267145213515,144.1285144171384,144.5148376656169,21636100,0.0071922557794235065,0.03193194787184672,0.047144185132180105,0.011383604263016149,0.010554205891452548,139.9760299682617,135.8924887084961,1.0300497937639896,73.6030417827024,2.5265860159998397,1.9979039231744806,0.528682092825359,0.9344703332090891,5.33,310.5985806451613,12.55,3.841935483870968,1
2024-01-24,147.29835510253906,148.43752430496747,146.70401975406176,147.13985963029438,25233500,0.011289518290140466,0.05110635524774931,0.050957476990917794,0.008542651835957808,0.0106816058459493,140.33313064575196,136.25820861816408,1.029905882874235,74.82242385572465,2.777942408810162,2.153911620301617,0.624030788508545,1.09290836370393,5.33,310.63951612903224,13.14,3.848387096774193,1
2024-01-25,150.43844604492188,151.60733104989245,148.1304071562973,148.65542520354305,29149100,0.021317895506687057,0.05847481209885008,0.07313432380939111,0.009893297704665188,0.011453939438846778,140.84575119018555,136.64017333984376,1.0307784873770756,88.05303702716375,3.19370817739798,2.36187093172089,0.8318372456770899,1.2295652287620848,5.33,310.6804516129032,13.45,3.85483870967742,1
2024-01-26,150.75546264648438,151.1021544847942,149.58657744214148,149.6757405913846,26115500,0.0021072844734639773,0.039691314099710606,0.0842059276975109,0.009181177774419316,0.011126563734038508,141.43117980957032,137.03838439941407,1.0320552189038725,91.14995309489004,3.50834412752846,2.5911655708824037,0.9171785566460562,1.086733984764793,5.33,310.7213870967741,13.26,3.861290322580645,1
2024-01-29,152.06298828125,152.3304474564719,150.0025928322321,150.62665920276396,27784300,0.008673155929558085,0.05151024287632833,0.09470140397849747,0.0070998100640361946,0.011103068187977199,142.08891983032225,137.43243438720702,1.0338819978258982,90.28000416186966,3.81917668464871,2.8367677936356652,0.9824088910130446,1.1286122289647742,5.33,310.84419354838707,13.6,3.8806451612903214,0
2024-01-30,150.03233337402344,152.1719615652673,149.7648741820085,151.3596988063133,36331800,-0.01335403789034273,0.030059881117752818,0.08425789596260969,0.012840312274649402,0.011672193696848816,142.6718719482422,137.76605926513673,1.0356097336983707,78.95324234659887,3.857193519597786,3.0408529388280896,0.8163405807696962,1.42488543241542,5.33,310.885129032258,13.31,3.887096774193549,0
2024-01-31,138.7794189453125,142.64265137404246,138.55157604993053,142.2662284294629,71910000,-0.07500326213455577,-0.05783456408115528,0.013968385981556919,0.03776546835603698,0.021048952472256473,142.76746292114257,137.8288623046875,1.0358313965150323,46.13199780911056,2.9453537803633196,3.021753107135136,-0.07639932677181616,2.5766814449912014,5.33,310.92606451612903,14.35,3.893548387096774,1
2024-02-01,139.82945251464844,141.7115373788747,139.46292979606457,140.78039524700787,40466500,0.007566205258070058,-0.07052049399064864,0.0161247346132809,0.03521517094076678,0.021078509367288736,142.878409576416,137.94475982666015,1.0357654017155522,48.41602461244679,2.2811475026723826,2.8736319862425854,-0.5924844835702028,1.4089658647018128,5.33,310.967,13.88,3.9,1
2024-02-02,141.0379638671875,141.2756920090858,135.21338255126773,137.94736198784068,62499600,0.008642752516051289,-0.06445868434024193,0.04391835650462905,0.03607342536389595,0.020639829971752843,143.17508773803712,138.06620452880858,1.0370031408241003,49.54537742882595,1.8311674499527442,2.6651390789846174,-0.8339716290318733,2.049919634436312,5.33,311.0145172413793,13.85,3.9,1
2024-02-05,142.32566833496094,144.0988043000788,141.43415776046106,141.4737891857491,38505400,0.00913019751891797,-0.06403477964196835,0.05857202909518122,0.03614162242314219,0.02061970479457692,143.56884002685547,138.19913909912108,1.0388548073652113,51.92992203566654,1.5604738339981168,2.4442060299873174,-0.8837321959892006,1.230661350955211,5.33,311.1570689655172,13.67,3.9,1
2024-02-06,142.74171447753906,143.98983223271003,141.8402885413249,143.28651806660818,29128200,0.0029231982357460495,-0.048593651331871324,0.037885331275030465,0.036784497587595145,0.020084227598694923,143.82936096191406,138.31028106689453,1.0399036127498735,54.350014981074935,1.3637976296353713,2.228124349916928,-0.8643267202815568,0.9196077991854038,5.33,311.2045862068965,13.06,3.9,1
2024-02-07,144.1681365966797,144.24738433228185,142.57331181571678,143.3954900682589,25208900,0.009993029188150038,0.038829371763623444,0.032564988012318,0.0027846004521414214,0.019938252141781885,144.05669937133788,138.48561248779296,1.0402286330216144,53.47268278774388,1.3079533920788151,2.0440901583493054,-0.7361367662704903,0.7953073242924303,5.33,311.2521034482759,12.83,3.9,1
2024-02-08,144.53466796875,144.95070726949984,143.7323053805209,144.45542022837463,22563800,0.0025423882192201486,0.03364967372384342,0.025513150444374855,0.003607621946750555,0.01985871622147096,144.23648910522462,138.6738217163086,1.040113320020096,49.13384396132248,1.2785343023967641,1.8909789871587972,-0.6124446847620331,0.71046421615634,5.33,311.2996206896552,12.79,3.9,1
2024-02-09,147.5955352783203,148.0313902841131,144.8021091675361,145.29739619867138,26829500,0.021177391919785737,0.046495079986463406,0.048705026439824994,0.00754656855594552,0.020324069099140665,144.57922821044923,138.90759735107423,1.0408302423159803,55.04529026201272,1.485086717769434,1.8098005332809246,-0.3247138155114906,0.8410429063699294,5.33,311.34713793103447,12.93,3.9,0
2024-02-12,146.13938903808594,147.93232565817652,145.98089356178963,147.0209993419135,21564100,-0.009865787860645847,0.026795733670116784,0.03420970307612192,0.011372733006977487,0.020508822929755945,144.82092895507813,139.15603332519532,1.0407089473199085,50.80994513118865,1.5138316540368066,1.7506067574321011,-0.2367751033952945,0.6730535292620401,5.33,311.4896896551724,13.93,3.9,0
2024-02-13,143.7718963623047,145.28747323192408,142.33556721909812,143.55396889340898,27837700,-0.016200236577999183,0.007217104604188673,0.018597645911122118,0.01502408957478651,0.02089882286626851,144.95217895507812,139.4058560180664,1.0397854372508781,44.25432808629422,1.3302411581265687,1.666533637570995,-0.3362924794444262,0.861913274266961,5.33,311.5372068965517,15.85,3.9,1
2024-02-14,144.5643768310547,145.13891158413554,142.73180882355612,144.70305659111142,22704200,0.005512067996605863,0.0027484591514386203,0.031596959272037095,0.014518139578980144,0.020826055307694328,145.17357330322267,139.68480194091796,1.0392939767679685,39.636560988912485,1.2344608222780664,1.5801190745124092,-0.34565825223434277,0.7010856634586866,5.33,311.58472413793106,14.38,3.9,0
2024-02-15,141.42428588867188,142.1672165550749,139.1360618545446,141.79079351397584,37590700,-0.021721056121955185,-0.021519972500650297,-0.004948213919157229,0.01747447150203378,0.021242142452289527,145.13840942382814,139.9522576904297,1.0370565778572152,35.02863891464928,0.8948597338616366,1.443067206382255,-0.5482074725206183,1.1399218111288745,5.33,311.6322413793104,14.01,3.9,0
2024-02-16,139.19544982910156,141.8402803505169,138.81902690715387,141.6421685918449,31468900,-0.015759924439886053,-0.05691286957548369,-0.04003279477253596,0.010449079429413713,0.020959359277121854,144.84817123413086,140.14106048583983,1.0335883768252678,29.94756753800462,0.44079378537750813,1.2426125221813056,-0.8018187368037974,0.9583538517152149,5.33,311.67975862068965,14.24,3.9,1
2024-02-20,139.78982543945312,140.7407833164057,138.17519978118872,138.34359558039606,25144700,0.004270079309929509,-0.04344868033475924,-0.03335824870407711,0.012706474403366218,0.021002057883716226,144.6069679260254,140.36096801757813,1.030250574418349,33.29033440092164,0.12743539824131744,1.019577097393308,-0.8921416991519906,0.7740730906726081,5.33,311.8698275862069,15.42,3.9,1
2024-02-21,141.20631408691406,141.3449938299057,139.35393059450502,140.11667673843814,23223300,0.010132988169975654,-0.017844810705740177,-0.030535912956572542,0.014228155492340208,0.021076119701767548,144.38458404541015,140.47230895996094,1.0278508633795171,55.830511233290096,-0.006529319498042696,0.814355814015038,-0.8208851335130807,0.7131809322763254,5.33,311.91734482758625,15.34,3.9,1
2024-02-22,142.7318115234375,143.6332375383376,141.4539776469549,143.56389009951735,27191900,0.010803323111914676,-0.01267646530762423,-0.031001999824931126,0.015228831229316325,0.021061071359057854,144.15625686645507,140.65259338378905,1.024910052480197,56.81705286442448,0.01027907971086961,0.6535404671542044,-0.6432613874433348,0.8325519455140634,5.33,311.96486206896554,14.54,3.9,0
2024-02-23,142.60302734375,143.31622665623695,142.0780092634441,142.31575244424536,19493800,-0.0009022808462453291,0.008334788100015755,-0.05208388485236126,0.01086521427993044,0.020377020499635915,143.76448593139648,140.86398193359375,1.020590813620263,53.87243116550482,0.013057531085081564,0.5254438799403799,-0.5123863488552983,0.605808788202177,5.33,312.01237931034484,13.75,3.9,0
2024-02-26,136.2732696533203,141.097360098055,136.09495847718128,140.80018488112955,53641800,-0.04438726027303452,-0.020993359907733877,-0.09606413418745718,0.023065120935496262,0.022381345724054716,143.04037628173828,140.96402954101563,1.0147296210776842,38.01496520366552,-0.4898523587396255,0.3223846322043788,-0.8122369909440044,1.598649121256775,5.33,312.1549310344828,13.74,3.9,1
2024-02-27,137.57093811035156,137.93744569659972,135.79780197777268,136.71904376572382,33099200,0.009522545839932617,-0.01587302453612849,-0.09530294212089585,0.02364910815703227,0.02240902863021163,142.31577377319337,141.0890399169922,1.0086947494782226,40.1062158769087,-0.7747700039531367,0.10295370497287568,-0.8777237089260124,0.9786813797671214,5.33,312.2024482758621,13.43,3.9,0
2024-02-28,135.09449768066406,136.70912315066133,134.13363961519383,136.60015939741334,37328600,-0.01800118879542012,-0.043282883246199,-0.09956410966508178,0.023093725323897855,0.022526734792370783,141.5688819885254,141.1770034790039,1.0027757956314731,33.30913839058161,-1.1867175949763862,-0.15498055501697672,-1.0317370399594095,1.1021126635811471,5.33,312.2499655172414,13.84,3.9,1
2024-02-29,137.15487670898438,137.5511002457204,135.11428166141263,135.98599158018274,42133000,0.01525139116465457,-0.039072823044338345,-0.01170593052395108,0.024091808399509928,0.01579574018905435,141.48765487670897,141.2930987548828,1.0013769683271203,37.221275732255606,-1.3315839891601797,-0.3903012418456173,-0.9412827473145624,1.3011566282770954,5.33,312.2974827586208,13.4,3.9,0
2024-03-01,135.84732055664062,137.561009379789,135.62939306295007,137.12515439240792,31151100,-0.009533428075752082,-0.047374217174397604,-0.028478492094436647,0.02378999833606078,0.015800731182212296,141.2885482788086,141.31964630126953,0.999779945511648,28.341904519183757,-1.5342150282186822,-0.6190839991202304,-0.9151310290984518,0.9760517016539341,5.33,312.345,13.11,3.9,0
2024-03-04,132.09303283691406,134.38125607946606,130.666604032477,134.38125607946606,55999400,-0.027636082215999558,-0.03067539824237564,-0.06342215092311376,0.018146440917458557,0.016655673607648233,140.84130172729493,141.25426879882812,0.9970764276715677,26.12798859797165,-1.9749749478214085,-0.890262188860466,-1.0847127589609424,1.772670883347193,5.33,312.41061290322585,13.49,3.9,0
2024-03-05,131.41944885253906,131.98408327949778,129.43830088138756,130.6369020545164,40194800,-0.00509931500480143,-0.044715034601843895,-0.07662861948945343,0.016062026281687358,0.016406109414506934,140.29599075317384,141.14193817138673,0.9940064063936428,27.724254374909876,-2.351526029479402,-1.1825149569842532,-1.1690110724951486,1.2689803402570112,5.33,312.43248387096776,14.46,3.9,0
2024-03-06,130.1614227294922,132.3208819951356,129.6166190997975,131.86521128643497,35318600,-0.009572602335735425,-0.03651573554707355,-0.08813325378704506,0.015306173581582153,0.016372538147375833,139.66697616577147,140.96323852539064,0.99080425241943,24.455394527748794,-2.7201020260131656,-1.4900323707900358,-1.2300696552231298,1.1042445692274985,5.33,312.4543548387097,14.5,3.9,1
2024-03-07,133.1133270263672,133.66804599825636,130.3694330601028,131.53830302016095,37738200,0.022678795567637522,-0.02946705053144094,-0.07667997819267858,0.01814189189922319,0.017187917079832575,139.11423568725587,140.8223782348633,0.9878702336303496,35.16090239821102,-2.7423945349312078,-1.7405048036182702,-1.0018897313129376,1.1572278134909946,5.33,312.4762258064516,14.44,3.9,1
2024-03-08,134.13363647460938,136.78836768800528,132.7369234288496,132.94495063107448,39370400,0.007664968422283369,-0.012614780144424964,-0.07196219177249186,0.018880159506876604,0.01732563768981018,138.59418411254882,140.70133026123048,0.985023978488551,40.55457702866847,-2.647215609751612,-1.9218469648449386,-0.7253686449066734,1.1769504796465418,5.33,312.4980967741936,14.74,3.9,1
2024-03-11,136.372314453125,137.78884306732874,134.84683721432617,134.84683721432617,32437800,0.016689907448676378,0.03239596763210262,-0.07604038160118953,0.013782358500038531,0.017014360931782727,138.03302307128905,140.64783874511718,0.98140877458795,43.991582796885076,-2.3638935292335645,-2.010256277722664,-0.35363725151090053,0.9616439891247408,5.33,312.5637096774193,15.22,3.9,1
2024-03-12,137.19448852539062,138.0661984156239,135.73834364736848,135.73834364736848,27563400,0.006028892855288737,0.043943569412861594,-0.06120800539520632,0.01226111155516788,0.017087554303604768,137.5857780456543,140.61356475830078,0.9784673212868836,42.79615947147524,-2.0493920469462523,-2.0180834315673817,-0.03130861537887064,0.8099360667262682,5.33,312.5855806451613,13.84,3.9,1
2024-03-13,138.47232055664062,139.7600696656856,137.6798735187284,137.68977381646687,23347200,0.009314018696993775,0.06385069902332385,-0.03686099953991806,0.0070100533554239555,0.01700341297822651,137.3207992553711,140.6155453491211,0.9765691191143213,42.28279872742895,-1.6776975378528505,-1.9500062528244755,0.272308714971625,0.6906015165475841,5.33,312.6074516129033,13.75,3.9,1
2024-03-14,141.75115966796875,142.2365313030922,139.13604465019097,139.85915951055284,42753400,0.023678660819343778,0.06489081773074878,-0.019459961193438402,0.0073784718054787386,0.01787400072292457,137.1801383972168,140.71321655273437,0.9748916395909869,48.614733824831376,-1.1058050157181185,-1.7811660054032041,0.6753609896850856,1.2282103367729107,5.33,312.6293225806452,14.4,3.9,0
2024-03-15,139.84921264648438,141.83036039973078,138.71005873435084,141.15677741880677,49475400,-0.013417505902169724,0.04261105806191212,-0.011137218988168551,0.014005390934106693,0.017454694948338345,137.10138473510742,140.75799041748047,0.974022038311802,56.793301342757744,-0.7968615768338907,-1.5843051196893414,0.7874435428554507,1.3974623306093747,5.33,312.65119354838714,14.41,3.9,1
2024-03-18,146.28797912597656,150.7158466618513,145.7827917649901,147.20922091949492,69273700,0.046040777474867234,0.0727102470366876,0.05095374385860252,0.02211878948942353,0.01989473188131613,137.45601119995118,140.98166198730468,0.9749921320428824,63.85384686270801,-0.03209703715788237,-1.2738635031830496,1.2417664660251673,1.8575032944320646,5.33,312.7168064516129,14.33,3.9,0
2024-03-19,145.6440887451172,147.3874934806998,144.70304650213205,146.76344216143465,24070400,-0.004401526254627419,0.061588481509319504,0.04187903724223263,0.023543283805680056,0.019952579341486722,137.74872436523438,141.20553131103514,0.9755193234025201,67.8033096566329,0.516078763114109,-0.915875049923618,1.431953813037727,0.646354067787371,5.33,312.7386774193549,13.82,3.9,1
2024-03-20,147.33798217773438,147.45684622092818,145.3568341780524,146.60495197646654,21311500,0.011630361707172021,0.06402479271998152,0.04342346962648014,0.023493981609913558,0.019986524805266515,138.0553077697754,141.4016650390625,0.976334385678113,67.40006486957773,1.0748053902811137,-0.5177389618826717,1.5925443521637854,0.5737429963052583,5.33,312.7605483870968,13.04,3.9,0
2024-03-21,146.20872497558594,148.95260400768646,145.515311100077,148.06109347483115,24755600,-0.007664399806875388,0.03144641157122363,0.024359765458294547,0.024010178712055668,0.020000451472926683,138.22915344238282,141.53341217041014,0.9766538608985919,67.81326845780896,1.4102224821604636,-0.1321466730740446,1.5423691552345082,0.6686570582800656,5.33,312.78241935483874,12.92,3.9,1
2024-03-22,149.34884643554688,150.1512089583533,147.57571050851763,147.71439026412665,29211800,0.02147697724937614,0.06792768875342903,0.047304879969594316,0.02176230376422087,0.020485352978792174,138.56644439697266,141.7016116333008,0.977874865358332,80.30608454789713,1.907436759132196,0.2757700133672035,1.6316667457649925,0.7787993019764847,5.33,312.8042903225807,13.06,3.9,0
2024-03-25,148.65542602539062,148.96250150277115,146.42663484638766,148.5266465871507,19229300,-0.004642957925058422,0.016183468481544283,0.09086269378852196,0.012672978302208674,0.017390137912952724,139.18555221557617,141.85990509033203,0.9811479299027239,80.25016884844024,2.2199393450191565,0.6646038796975942,1.5553354653215623,0.5373092873784444,5.33,312.86990322580647,13.19,3.9,1
2024-03-26,149.24978637695312,150.82479544746644,148.56628788202391,148.80403108916107,22149100,0.003998241890349696,0.02475691023853388,0.08489328071044677,0.011935467232006574,0.017349996987623614,139.76949462890624,142.01879333496095,0.9841619643905185,84.30025801109366,2.486892460639041,1.0290615958858835,1.4578308647531573,0.6285102410895831,5.33,312.89177419354843,13.24,3.9,1
2024-03-27,149.44789123535156,150.21063743065775,147.49645928934754,149.75496675016123,22879200,0.001327337634494885,0.014320197863657347,0.10624706261994477,0.011371963757617985,0.016567517119931537,140.48716430664064,142.18481323242187,0.988060265458828,82.57583872357725,2.6835063437959548,1.359950545467898,1.3235557983280568,0.6628162302370361,5.33,312.91364516129033,12.78,3.9,1
2024-03-28,149.50735473632812,150.00264182965455,148.75452379585852,149.42812210256295,24485400,0.000397887855660084,0.022561100654513,0.09006225898590015,0.009986937054620572,0.016425092889701853,141.10478820800782,142.37223052978516,0.9910976858544603,81.88146231746663,2.811710818212788,1.6503026000168761,1.1614082181959118,0.7279568471495462,5.33,312.9355161290323,13.01,3.9,1
2024-04-01,154.02438354492188,154.27202708808144,149.19037674565882,149.26962449326535,31730800,0.03021275318903216,0.03130614812878907,0.13380509025720855,0.013751544770709879,0.017037494281327423,142.01364135742188,142.61016693115235,0.9958170894364182,83.44575919548339,3.240446413176926,1.9683313626488863,1.2721150505280396,0.9425521101139263,5.33,313.023,13.65,3.9,0
2024-04-02,153.10311889648438,153.24179865539583,150.71583186847434,152.0531128483034,24586000,-0.005981290930918148,0.02991947882436574,0.159055217435351,0.014027052547542872,0.01536420294809759,143.06414566040038,142.77222503662108,1.0020446597628105,80.02966709487134,3.465931008066292,2.2678512917323674,1.1980797163339245,0.7660598053847903,5.33,313.0280666666667,14.61,3.9,1
2024-04-03,153.45973205566406,153.6182275333651,151.29037243888334,152.15218215203225,24705000,0.002329235104745253,0.028207381604407056,0.1677094478447827,0.01410596581456877,0.01513115190354588,144.16615982055663,142.94914184570314,1.0085136430980965,79.31010404301375,3.6315427118251193,2.540589575750918,1.0909531360742015,0.7888029257069293,5.33,313.0331333333333,14.33,3.9,0
2024-04-04,149.11111450195312,153.3111540270119,149.03186676205078,152.05312071787367,34724700,-0.028337189798647522,-0.0022534726359442203,0.14558608361129477,0.020957016503711956,0.01676450384792095,145.1136444091797,143.0182843017578,1.0146509945749373,63.8154148617204,3.3730121026584072,2.707074081132416,0.6659380215259914,1.1097729092584623,5.33,313.0382,16.35,3.9,1
2024-04-05,151.0625457763672,151.97387210758342,148.18988701742387,148.6158266126285,23459200,0.013087094687287637,0.010402103915100325,0.13484163570222085,0.02180994074393095,0.01642465260161126,146.0111053466797,143.09356811523438,1.020389017269426,71.00958368903127,3.2876904780205223,2.8231973605100373,0.46449311751048494,0.7672431597825285,5.33,313.0432666666667,16.03,3.9,1
2024-04-08,153.39036560058594,153.80640480075897,151.17147475137236,151.33987049085022,20702000,0.015409642491162945,-0.004116347877808679,0.14356375948714195,0.017681113575422295,0.016545122251232513,146.97394180297852,143.15260650634767,1.026694137046407,65.73044567940121,3.3690715218684772,2.9323721927817257,0.4366993290867516,0.6983880770021602,5.33,313.0584666666667,15.19,3.9,1
2024-04-09,155.12388610839844,157.06540257966853,153.7271732158785,154.6186837219778,31079500,0.011301364991373797,0.01319873315761999,0.13750277488851204,0.018075107247980254,0.016420005002452873,147.9115203857422,143.23997497558594,1.0326134196194356,70.0292216668472,3.5327241577358564,3.052442585772552,0.48028157196330445,1.0508838149454447,5.33,313.06353333333334,14.98,3.9,0
2024-04-10,154.668212890625,155.13378384711743,153.22196830163517,154.7375603209343,22838600,-0.0029374793863468085,0.007874905154419132,0.1273646234119712,0.01825886982118654,0.016557940581193545,148.78520660400392,143.29207946777345,1.0383351763519202,66.3426446294487,3.584333069801204,3.1588206825782827,0.4255123872229212,0.7784544414332211,5.33,313.0686,15.8,3.9,1
2024-04-11,157.90740966796875,158.17485377315867,154.9852193039768,155.4309745942535,27166400,0.020942873243349425,0.05899154597158085,0.14035360303923272,0.008880229078904343,0.016876339853707793,149.7569610595703,143.44958099365235,1.043969316760828,73.83921847375024,3.8423177658251007,3.2955200992276463,0.5467976665974543,0.9199796135031757,5.33,313.07366666666667,14.91,3.9,0
2024-04-12,156.24325561523438,158.70979067698514,155.6588204974377,156.47109855129364,25353700,-0.010538796477211454,0.034295131279838964,0.1022361720441034,0.013132546911861017,0.016801172068214028,150.4815658569336,143.79885772705077,1.046472609278771,64.94841540815084,3.867902400773005,3.4099965595367183,0.45790584123628664,0.8846567256462242,5.33,313.07873333333333,17.31,3.9,0
2024-04-15,153.40029907226562,157.73901827873132,153.13283984468552,157.36259530028232,27136500,-0.018195707275646122,6.475942371464427e-05,0.09689783853153422,0.01594551719740286,0.01710819217449143,151.15912017822265,144.07027465820312,1.049204081389012,59.41061969184881,3.6170801267116133,3.4514132729716978,0.16566685373991552,0.9852620067517669,5.33,313.0939333333333,19.23,3.9,0
2024-04-16,152.94461059570312,154.1828280231779,151.98375266278595,152.7365985322643,20779500,-0.0029705840165789033,-0.014048613449333391,0.04550361218671406,0.014668595416927107,0.01413826271794141,151.491951751709,144.30840759277345,1.0497791104396836,57.36856455649363,3.3429954451803496,3.4297297074134283,-0.08673426223307867,0.8272848121902833,5.33,313.09900000000005,18.4,3.9,1
2024-04-17,154.00454711914062,155.59937192721887,153.1229368286477,154.15312717907076,21763100,0.006930198581755587,-0.004290899591331665,0.057403348436987134,0.01528617910629311,0.014081574226294072,151.90997467041015,144.54198516845702,1.0509747357722123,58.785315571183055,3.1747132612898668,3.3787264181887164,-0.2040131568988497,0.8704423525073348,5.33,313.1040666666667,18.21,3.9,1
2024-04-18,154.53945922851562,155.4607009972949,153.16256184009333,153.87577639819307,19883000,0.0034733526988730556,-0.021328640920238673,0.04887726127601022,0.010250793918584732,0.013932399811508974,152.27004852294922,144.77794006347656,1.0517489643531868,59.52732029527459,3.0493602283765995,3.312853180226293,-0.26349295184969357,0.7975237175362963,5.33,313.1091333333334,18.0,3.9,0
2024-04-19,152.63754272460938,154.886149917532,150.86442193038377,154.72765445129966,32615600,-0.0123069959827794,-0.02307755862118266,0.04397013755572332,0.010547743483371234,0.01414734651949443,152.59148941040038,144.94732818603515,1.052737510377247,47.08569757539068,2.7646787837212514,3.2032183009252853,-0.43853951720403384,1.2879364648127145,5.33,313.11420000000004,18.71,3.9,1
2024-04-22,154.80690002441406,156.15408123867272,152.60782458474242,152.85546807916526,26446200,0.01421247526055014,0.009169479855354101,0.0365456695457147,0.010061454754928617,0.013714320027699433,152.86439208984376,145.15277282714842,1.0531276055737393,53.40187516109239,2.6831855984774506,3.0992117604357188,-0.41602616195826814,1.0500507432012844,5.33,313.12940000000003,16.94,3.9,1
2024-04-23,156.76821899414062,157.47153310933248,154.80688691657065,155.48048502414463,21151600,0.012669454458536622,0.024999955104955562,0.05457448265201115,0.010598096150180833,0.013826468346838068,153.27003173828126,145.33622650146484,1.0545893162895381,56.20810797655621,2.7452185409742924,3.0284131165434336,-0.2831945755691412,0.8366349567108771,5.33,313.1344666666667,15.69,3.9,1
2024-04-24,157.63006591796875,158.0659209529385,155.6885339753658,156.00552495169347,22779100,0.005497587006843219,0.02354163475461113,0.05614935702386825,0.010551986662091834,0.013837645940010804,153.68904571533204,145.5660400390625,1.05580288969934,68.39173380348873,2.83128662897974,2.9889878190306947,-0.15770119005095484,0.8998882206180122,5.33,313.13953333333336,15.97,3.9,0
2024-04-25,154.52952575683594,155.01491240091855,149.44787689996883,149.90354753675638,57109700,-0.01966972571556458,-6.42778985333603e-05,0.034002718134588994,0.015256644481055934,0.01472538634689238,153.94312744140626,145.78119262695313,1.0559875706006818,57.13111008446404,2.6191169799024294,2.9150136512050415,-0.2958966713026121,2.113234594324172,5.33,313.1446,15.37,3.9,1
2024-04-26,170.32920837402344,173.06320248176968,168.05088498922183,172.72639581047983,64665300,0.10224377859056855,0.11590638406262599,0.13926976150716341,0.04634262813439127,0.026845646997944356,154.984220123291,146.2964892578125,1.0593844111335335,72.41732216045583,3.6834132530231614,3.068693571568666,0.6147196814544955,2.2272439598364318,5.33,313.1496666666667,15.03,3.9,0
2024-04-29,164.5838623046875,167.95182293786596,163.65273545115042,167.46643624163954,45610000,-0.03373083292161971,0.06315585596463436,0.06855718891214324,0.053082767853328584,0.027712824418362574,155.5121940612793,146.7596807861328,1.0596384049642436,61.31778459718538,4.0169691850878735,3.2583486942725073,0.7586204908153662,1.5342574871580361,5.33,313.1648666666667,14.67,3.9,0
2024-04-30,161.2456512451172,166.51551272721193,161.067355161794,164.04897776984578,33562900,-0.0202827361858261,0.028560841474788434,0.05318332119764402,0.055199818552454906,0.028155968226962584,155.91932067871093,147.20068481445313,1.059229587656115,57.3614201668474,3.96622871474446,3.399924698366898,0.5663040163775621,1.11221682510079,5.33,313.16993333333335,15.65,3.9,1
2024-05-01,162.31546020507812,165.54472608248636,161.55271397427848,162.7513151941065,33493200,0.006634653100409338,0.029723988630111053,0.057707178494237565,0.05519539368666686,0.028167377729088554,156.36210708618165,147.65119750976564,1.0589965386216382,55.185249270188805,3.9666164830507,3.513263055303659,0.45335342774704124,1.0939773628094338,5.33,313.175,15.39,3.9,1
2024-05-02,165.04940795898438,165.15837168570206,162.3451456149363,163.23665602265763,24294500,0.01684342175694198,0.0680768426009557,0.10688870182659982,0.05315602648543578,0.02730593800496193,157.1590217590332,148.12805938720703,1.0609672631180513,60.10448349687404,4.139809381801115,3.63857232060315,0.5012370611979646,0.807274290833402,5.33,313.1707741935484,14.68,3.9064516129032256,1
2024-05-03,165.66360473632812,166.37681924074352,161.51309716937072,165.9805805633127,34662400,0.0037212903998806723,-0.027391682743280188,0.09665571889392299,0.020898119841454205,0.027247970125477968,157.88907470703126,148.58669525146485,1.0626057362661123,64.8298445066572,4.27732026326774,3.7663219091360682,0.5109983541316714,1.130739098550823,5.33,313.1665483870968,13.49,3.9129032258064513,1
2024-05-06,166.51548767089844,166.55510397846635,164.46499233146127,165.88152094509854,21871300,0.005142245551919444,0.011736420200390008,0.08556679566491865,0.013695950729586903,0.027137274185470288,158.5453308105469,149.0649444580078,1.0635990332066956,66.25530995594121,4.40426879180967,3.893911285670789,0.5103575061388814,0.7121162122813698,5.33,313.153870967742,13.49,3.932258064516129,1
2024-05-07,169.63577270507812,170.14095992985162,166.80273087457311,166.91169460324474,28039700,0.018738707599059046,0.05203316427558535,0.09355030331395242,0.007023345829227082,0.02728666206746074,159.27092514038085,149.73219451904296,1.0637052749542435,67.84253959849374,4.702450418985791,4.0556191123337895,0.6468313066520013,0.9174959748687179,5.33,313.1496451612903,13.23,3.938709677419354,0
2024-05-08,167.78341674804688,168.54614778977586,167.14945003877577,167.40699381865014,19569100,-0.010919606917178304,0.033687219541873814,0.08479572894979004,0.011932824555665196,0.027463910619592417,159.92668533325195,150.33644409179686,1.0637918589826376,64.6761446451338,4.734713037221184,4.1914378973112685,0.5432751399099152,0.6437703716472726,5.33,313.14541935483874,13.0,3.94516129032258,1
2024-05-09,168.3579864501953,169.08110133576147,166.59475058606787,167.79335193868403,15346700,0.003424472533011036,0.02004598824149162,0.06618167446480783,0.010506373227549822,0.02718722974919103,160.44921417236327,151.0017138671875,1.0625655170608543,67.94843697354847,4.7518677937055145,4.303523876590118,0.44834391711539645,0.5148749499063212,5.33,313.1411935483871,12.69,3.9516129032258074,0
2024-05-10,167.060302734375,168.24900365253,164.62349910506936,166.4461516776323,29799900,-0.0077078833216159826,0.008430928448465602,0.06923208990075547,0.011756879174931607,0.02711732055696499,160.9900665283203,151.59982238769533,1.0619409969796056,64.27414265983865,4.607636861555619,4.364346473583218,0.24329038797240088,0.9923718649643769,5.33,313.1369677419355,12.55,3.958064516129032,1
2024-05-13,167.54568481445312,167.6843645690759,162.45413508764602,162.71167888481415,31327600,0.002905430387312835,0.006186794741824597,0.09221224357276991,0.011636788375443637,0.0266271641265013,161.69733581542968,152.23378967285157,1.0621645573096166,63.00189824857484,4.480846674817059,4.387646513829987,0.09320016098707207,1.0360163129676982,5.33,313.12429032258063,13.6,3.977419354838709,1
2024-05-14,168.734375,169.6358009861152,167.20889765923283,168.1697556681758,25127100,0.007094722772856166,-0.005313724167397504,0.10323844915356872,0.007806070549865197,0.02656876736980735,162.48682403564453,152.96661651611328,1.0622371582529473,63.29138430337726,4.425270142460761,4.3951712395561415,0.03009890290461925,0.8250322597591928,5.33,313.12006451612905,13.42,3.983870967741935,1
2024-05-15,170.88392639160156,171.02260615600562,168.90277826299467,169.02165742888434,26948400,0.01273926188188712,0.018479237719962516,0.10960312268833694,0.007484635413345562,0.026619855331217784,163.33079299926757,153.75590606689454,1.0622732952333376,70.03155552831026,4.502771031341155,4.416691197913144,0.08607983342801084,0.8773646503282662,5.33,313.1158387096774,12.45,3.990322580645161,1
2024-05-16,172.5381622314453,173.4693041567708,171.0622167291373,171.65655202628884,27867900,0.009680464832326319,0.024829091089697775,0.11646671402101405,0.007938068407983126,0.02663072129251532,164.23072814941406,154.6034408569336,1.0622708475252458,54.140316476838535,4.644139304367826,4.462180819204081,0.18195848516374546,0.8956589567341948,5.33,313.1116129032258,12.42,3.996774193548387,1
2024-05-17,174.4004364013672,174.60846356854617,172.05278112226807,172.53815265408903,24479300,0.01079340446100141,0.0439370308017637,0.1425789048243702,0.0038012103622741323,0.02630084210117686,165.31887283325196,155.4291830444336,1.0636282684828315,71.53411475819188,4.850530742039297,4.539850803771124,0.31067993826817286,0.7971741193017559,5.33,313.1073870967742,11.99,4.003225806451613,1
2024-05-20,175.25234985351562,177.0849177951841,174.42027132306535,174.52923506740714,22554400,0.004884812617027112,0.04599739496482513,0.13207066239216192,0.003091069224326192,0.026248893803562115,166.34114532470704,156.25155731201173,1.0645727196980692,84.48774256570172,5.024915639622293,4.636863770941358,0.3880518686809351,0.739173345922501,5.33,313.09470967741936,12.15,4.02258064516129,1
2024-05-21,176.17359924316406,176.47075936350478,174.15281973508513,175.2325418122173,16989400,0.005256702066582575,0.044088374068200764,0.12378389174497628,0.003466519145174486,0.026210023522719606,167.3114143371582,157.0475830078125,1.0653549143053995,84.37342222969082,5.177767967790373,4.745044610311161,0.43272335747921264,0.5606157025127458,5.33,313.0904838709677,11.86,4.029032258064516,0
2024-05-22,174.71743774414062,175.4801688011517,173.55846803904691,174.97498152917515,17880000,-0.008265492135479224,0.022433422695087746,0.10840172987724439,0.007584822300582484,0.026408382187578638,168.1657829284668,157.7980419921875,1.0657025955796877,75.60330642632469,5.122357131330006,4.82050711451493,0.3018500168150755,0.5948115664901527,5.33,313.08625806451613,12.29,4.035483870967742,0
2024-05-23,171.9141082763672,176.5698027163018,171.31975787341443,175.40093273610896,21024900,-0.016044932343151075,-0.0036169039185719454,0.11250007035475673,0.011084575969167912,0.0262386154018086,169.03501205444337,158.46687774658204,1.0666898626270769,64.83301528445158,4.796942220647452,4.8157941357414344,-0.01885191509398254,0.7440941119844845,5.33,313.0820322580645,12.77,4.041935483870968,1
2024-05-24,173.34054565429688,174.11319214706063,172.01316503791867,173.33063024095415,16579400,0.00829738403806024,-0.006077339993754816,0.01767951198164952,0.010478598952035277,0.01321405761716556,169.18557891845703,159.0986654663086,1.0634003649407384,65.7665412497559,4.601111386635296,4.772857585920207,-0.17174619928491097,0.6413345812345596,5.33,313.0778064516129,11.93,4.048387096774193,1
2024-05-28,174.7372589111328,175.5990686253191,172.7263947696327,172.8056425085786,20572200,0.008057625822994074,-0.0029391385782464585,0.06169132540861599,0.011019374263616844,0.010455924415353578,169.6932487487793,159.79642639160156,1.0619339404557415,62.804583332375856,4.506667074075523,4.71961948355127,-0.21295240947574712,0.8362847804113211,5.33,313.06090322580644,12.92,4.074193548387097,0
2024-05-29,174.241943359375,175.17308524588108,173.07307340990275,173.77637241612194,23388700,-0.002834630432252072,-0.010964502582040625,0.08059933408375475,0.010538978190132985,0.009038519289222863,170.3430633544922,160.35550567626953,1.0622838463581403,67.39576089654753,4.3418018612565845,4.6440559590923325,-0.30225409783574797,0.9708558929433865,5.33,313.0566774193548,14.28,4.080645161290322,0
2024-05-30,170.48768615722656,173.56837180086202,170.17069523243458,173.54855608932272,22931500,-0.02154623123322985,-0.024209098081601876,0.050347797688668816,0.013671196452963927,0.010646896709598867,170.7516746520996,160.85237762451172,1.0615427460494022,54.897393755061536,3.863669830970565,4.487978733467979,-0.6243089024974138,0.9732110724059022,5.33,313.0524516129032,14.47,4.087096774193548,1
2024-05-31,170.87400817871094,171.428727178173,167.84285427810815,170.2400414486173,37638900,0.0022659819614661014,-0.0060501148398141025,0.035290040065905526,0.012293764475841221,0.0100991099921454,171.04290466308595,161.32309814453126,1.0602505569899643,59.15355231883155,3.47585224962873,4.285553436700129,-0.8097011870713988,1.5534045895284925,5.33,313.0482258064516,12.92,4.0935483870967735,1
2024-06-03,171.53770446777344,172.884885765003,169.54665609137342,170.91363798660555,27459100,0.003884126650604225,-0.010400574082182423,0.03545799779495673,0.011583643149987596,0.01010081935540952,171.33660964965821,161.829677734375,1.0587465293658174,59.500218240552655,3.1853401477091836,4.06551077890194,-0.8801706311927564,1.1503711283411762,5.33,313.079,13.11,4.1066666666666665,1
2024-06-04,172.15184020996094,172.21128734355756,170.2697557499601,171.64665293658192,26879600,0.003580179320301413,-0.01479603558670195,0.03384881861681355,0.010751582975945263,0.010079570126109667,171.61842727661133,162.28573760986328,1.057507762568661,58.36155150541304,2.970421663841762,3.8464929558899046,-0.8760712920481426,1.1144024984877814,5.33,313.0965,13.16,4.109999999999999,1
2024-06-05,173.75660705566406,174.98490926995618,172.29054650027606,173.54857984342613,22068500,0.009321810581553569,-0.002785416039064348,0.024292248532685745,0.012071980899204337,0.00944224939270858,171.82446899414063,162.78776123046876,1.055512206171802,57.221126082033564,2.896202866009247,3.6564349379137733,-0.7602320719045261,0.9264059596257687,5.33,313.114,12.63,4.113333333333333,1
2024-06-06,175.06414794921875,175.48018723719562,174.093389610606,174.24196967239757,23251000,0.007525129062492697,0.02684335681447214,0.04339362818022141,0.0029703835126519973,0.009085781541043409,172.18850555419922,163.30404846191405,1.0544043897010749,56.46226742856072,2.909354330828478,3.507018816496714,-0.5976644856682363,0.9685606246010067,5.33,313.1315,12.58,4.116666666666666,0
2024-06-07,172.81553649902344,176.19338215245023,172.65704104078017,175.3811193801314,19661400,-0.012844500010633642,0.011362338491421875,0.026476617728775187,0.008804995362027867,0.00967623790335336,172.41138305664063,163.7714013671875,1.0527563519474419,46.023923525565735,2.7071267379410244,3.347040400785576,-0.6399136628445516,0.8117347178906639,5.33,313.149,12.22,4.12,1
2024-06-10,173.55931091308594,175.59232118793005,171.32796149412926,173.51964913718612,23726700,0.004303863119776263,0.011785201694198388,0.03890216929059642,0.008825929567916833,0.009454533533541655,172.73633346557617,164.25244049072265,1.0516515489785536,45.729461347497256,2.577168300898137,3.193065980808089,-0.6158976799099518,0.9920101347113865,5.33,313.2015,12.74,4.13,1
2024-06-11,175.15597534179688,175.37415295165962,172.32960833962332,174.75929703239595,21540600,0.009199531965821794,0.01745049677175703,0.04542218163226153,0.009359068820545062,0.009591672029799513,173.11684799194336,164.67507232666014,1.0512632273118883,47.51771518581684,2.5733488154665167,3.0691225477397746,-0.49577373227325783,0.9194206189483299,5.33,313.219,12.85,4.133333333333333,1
2024-06-12,176.31629943847656,178.91459265759573,174.65023215199673,176.77249317585628,27864700,0.006624519057459866,0.014731482308425248,0.044934083161635385,0.009010952176460035,0.009579786059851905,173.49594421386718,165.1393359375,1.0506033782255846,53.95720838611097,2.633591895100352,2.9820164172118906,-0.3484245221115385,1.1824447185759759,5.33,313.2365,12.04,4.136666666666667,0
2024-06-13,173.70811462402344,175.2750199302397,173.43043673505449,174.65023711390452,20913300,-0.014792647207090615,-0.007745922515149495,0.016526939028483678,0.011396981557953009,0.009962739850275775,173.63715362548828,165.5443035888672,1.0488863093514824,54.483503945355345,2.4427181187875533,2.8741567575270235,-0.4314386387394702,0.8989718906058076,5.33,313.254,11.94,4.14,1
2024-06-14,175.32456970214844,175.59233589189165,172.70645343662588,172.77588046564773,18063600,0.009305581847017796,0.014518562705380322,0.01614951402441278,0.010119093995688912,0.009945623903548705,173.77647399902344,166.0685726928711,1.0464139673218449,54.91173792983609,2.394283877267128,2.778182181475045,-0.38389830420791693,0.7931899377167005,5.33,313.2715,12.66,4.1433333333333335,1
2024-06-17,175.77084350585938,176.88155485978157,173.36097817553005,174.00559933310134,19618500,0.002545415080550839,0.012742229622477064,0.007857819239272423,0.010089843831615508,0.00967898434699856,173.84499435424806,166.56273864746095,1.0437207971357891,52.68514826052245,2.3646517250640784,2.6954760901928516,-0.3308243651287732,0.8707599359440966,5.33,313.324,12.75,4.153333333333333,0
2024-06-18,173.638671875,175.91961015570547,172.65688768937264,175.67168241067895,21869900,-0.012130405636861519,-0.008662584669669626,-0.009207739467484544,0.011052762332310546,0.010009537434142804,173.76431045532226,166.96770477294922,1.0407061095534336,48.5556042671343,2.144400287969603,2.585260929748202,-0.44086064177859896,0.9721642800672738,5.33,313.3415,12.3,4.156666666666666,1
2024-06-20,174.83863830566406,175.82042243225433,173.53949942101505,173.91633928082513,20160100,0.006910709565481454,-0.008380740393931108,-0.007577531158101669,0.011107188388591616,0.010065536542837067,173.69756240844725,167.36199981689452,1.0378554426840279,61.869111107041114,2.0431248284417904,2.47683370948692,-0.4337088810451295,0.8898887335613074,5.33,313.3765,13.28,4.163333333333333,1
2024-06-21,178.1410369873047,179.35092551747323,175.1460657788295,175.53283243143696,57759000,0.01888826585269543,0.025519374111427906,0.01959506324822402,0.011341236363128067,0.010747311260879383,173.86874237060547,167.83145629882813,1.0359723153508709,67.10294402826958,2.2039336956840145,2.4222537067263388,-0.21832001104232424,2.3432992894519686,5.33,313.394,13.2,4.166666666666667,0
2024-06-24,177.73440551757812,179.39056068860404,177.18896156728684,178.66661606311132,18298000,-0.002282637827888845,0.013744997746315102,0.03385584405821018,0.011451466302233189,0.01001223997920458,174.159757232666,168.22799621582033,1.0352602488900586,64.76255631740003,2.2723696573835355,2.392276896857778,-0.11990723947424264,0.7464843577095275,5.33,313.4465,13.33,4.176666666666667,1
2024-06-25,182.5045623779297,182.76240177371028,177.93277435676467,178.13111351754267,23130200,0.02683868014445734,0.03830964645650026,0.052867127474659936,0.015692133601572532,0.011414154149310098,174.61795806884766,168.7532223510742,1.0347533258095212,70.5869287645828,2.6806169591718003,2.4499449093205827,0.2306720498512176,0.9311759063840152,5.33,313.464,12.84,4.18,0
2024-06-26,182.35580444335935,182.98057201802297,180.96740010923585,181.1161658230566,19839000,-0.0008150915935037917,0.0502027139129162,0.0436000059729742,0.012647857514814613,0.011364867814210354,174.99888534545897,169.3323324584961,1.033464092797232,68.15102443876,2.9580537625539023,2.5515666799672467,0.40648708258665556,0.7998592112321375,5.33,313.4815,12.55,4.183333333333334,1
2024-06-27,183.87310791015625,184.50780223360667,182.49463046708556,182.6532926987184,18848900,0.008320565783076939,0.051673186728310894,0.0552746621455944,0.012579863861004667,0.011378637618925,175.48044357299804,169.95090240478515,1.03253610948792,68.43057980101621,3.2627472182524,2.6938027876242776,0.5689444306281226,0.7669598034677965,5.33,313.499,12.24,4.1866666666666665,0
2024-06-28,180.6401214599609,183.59543062581383,180.4517091135773,182.792147275446,29156600,-0.01758270411013574,0.014028684883170994,0.05954937586150133,0.016299123126344513,0.01095992760886524,175.98806533813476,170.48361389160155,1.032287275714563,65.72335297761032,3.2063828046871663,2.7963187910368554,0.41006401365031087,1.1715415604213864,5.33,313.5165,12.44,4.19,1
2024-07-01,181.47315979003903,182.3557817726737,179.79716616258202,181.51282156274272,16006100,0.004611590843415003,0.021035624822179688,0.06202904540193632,0.016041102036576847,0.010964734358243742,176.51802291870118,171.02228790283203,1.0321346128815188,65.84588028255067,3.1921358767470167,2.8754822081788878,0.31665366856812893,0.6723630519362137,5.33,313.569,12.22,4.2,1
2024-07-02,183.70452880859372,184.0317952147811,180.05502490239206,180.5409686810897,17372500,0.012295862490829812,0.006574994153730529,0.07092798856420535,0.011642296672104747,0.011157221837615413,177.1263641357422,171.6436276245117,1.0319425578864165,66.69246941212634,3.3225970842370316,2.9649051833905165,0.35769190084651514,0.7455557410474302,5.33,313.58490322580644,12.03,4.2,1
2024-07-03,184.2797088623047,184.5474598841237,182.47478793552256,183.31774817184277,10242100,0.003131006390758362,0.010550277929556762,0.07044867273885824,0.011591113877882683,0.01115748534484984,177.73275756835938,172.23308380126954,1.031931575779225,65.91353167033378,3.432829235880064,3.058489993888426,0.3743392419916378,0.455821626927304,5.33,313.6008064516129,12.09,4.2,1
2024-07-05,189.0201110839844,189.2779504805721,184.25989554887065,184.3193957840595,20967500,0.02572395111184922,0.02799214758660118,0.08784416481745971,0.01576635798074561,0.012167439289676885,178.49593276977538,172.8781216430664,1.032495789943321,78.19567801158178,3.858224640339756,3.2184369231786922,0.639787717161064,0.9354442004801805,5.33,313.63261290322583,12.48,4.2,0
2024-07-08,187.46310424804688,188.59365403276064,186.22346566251397,188.3258878612396,21035900,-0.008237254898478596,0.03777113707044477,0.07082521717938906,0.012551939779839878,0.012453897440671071,179.1158805847168,173.47478240966797,1.0325182605603571,72.40107478617182,4.023337592644026,3.379417057071759,0.643920535572267,0.9431561447345355,5.33,313.6803225806452,12.37,4.2,0
2024-07-09,187.41351318359372,189.77378986137015,187.1556738088654,188.73249043692132,15121400,-0.00026453773211576603,0.03273406051025707,0.08447143688757852,0.013013873819346319,0.01188982308567033,179.8457794189453,174.1324621582031,1.0328101790437645,71.80523453199888,4.102893608907323,3.524112367438872,0.5787812414684508,0.6849474537216336,5.33,313.69622580645165,12.51,4.2,1
2024-07-10,189.59527587890625,190.1605583353792,187.4631035723971,187.58210403384115,15952500,0.011641437472949212,0.0320664226871088,0.0923947259381015,0.012944490728608642,0.012008097356783353,180.64757766723633,174.5177835083008,1.0351241806749396,79.8292734967154,4.292510946529916,3.6777920832570805,0.6147188632728353,0.7355443235482078,5.33,313.7121290322581,12.85,4.2,0
2024-07-11,184.0318145751953,189.27795902264756,183.5458707453756,188.27633637637987,25625800,-0.029343881475529465,-0.0013452066352818148,0.050673916297050425,0.020773687208396268,0.014120671483614544,181.09136962890625,174.90674255371093,1.0353595692475728,64.77525323372043,3.9483451560916762,3.731902697824,0.21644245826767605,1.170540482763787,5.33,313.72803225806456,12.92,4.2,0
2024-07-12,183.5359344482422,185.55901792595884,182.9607403388162,183.54584610912124,22898400,-0.002694534790616321,-0.029013720308869728,0.04094706520473923,0.015039460717872124,0.014133567875063582,181.45235137939454,175.35254821777343,1.0347859396605155,59.53043290743429,3.5941468183436314,3.7043515219279266,-0.11020470358429524,1.0579577263223259,5.33,313.743935483871,12.46,4.2,1
2024-07-15,184.98385620117188,186.6796887113909,183.3872008463329,183.3872008463329,16474000,0.007889036865083243,-0.013225258681273666,0.06491200253686391,0.01607425425766712,0.01360663191518341,182.01613845825196,175.8059161376953,1.0353243079470242,62.35218200216095,3.3911857896483184,3.641718375472005,-0.25053258582368665,0.7690225002334049,5.33,313.7916451612903,13.12,4.2,0
2024-07-16,182.3954620361328,187.1160003463077,181.8500180292527,185.80694986210247,18290700,-0.013992540852992952,-0.026775289904229727,0.040330299090405974,0.01674380444283297,0.014049879626195848,182.36968307495118,176.15283721923828,1.0352923401851057,49.799175129398634,2.9870431609563184,3.5107833325688675,-0.5237401716125492,0.8533754981429645,5.33,313.8075483870968,13.19,4.2,0
2024-07-17,179.51950073242188,182.02852795037177,178.40877430017733,181.45333384653057,20734100,-0.01576772399710913,-0.05314359811855085,0.02132695702992149,0.014086546519291672,0.014603298102274901,182.5571159362793,176.42995513916014,1.0347285742508199,45.25547147156967,2.4069454058621886,3.2900157472275318,-0.8830703413653431,0.964864337256944,5.33,313.8234516129032,14.48,4.2,0
2024-07-18,176.21710205078125,180.9872287827353,175.00721361216966,180.4219463389204,25315700,-0.01839576574225732,-0.04246392148255962,0.014849400470175356,0.010990624990115987,0.01496603633362997,182.68603744506837,176.62398742675782,1.034321782146518,37.91488508947555,1.6615840743514525,2.964329412652316,-1.3027453383008636,1.168699658494305,5.33,313.8393548387097,15.93,4.2,0
2024-07-19,176.18736267089844,178.79555205599942,175.66175710285674,177.39725118322656,18881900,-0.00016876557120004687,-0.040038871948621435,0.007714109297033422,0.0113805950556584,0.01489855780233534,182.75347366333008,176.7550192260742,1.033936543717515,42.18048948845314,1.0563037179423986,2.582724273710333,-1.5264205557679342,0.8742626177131952,5.33,313.85525806451614,16.52,4.2,1
2024-07-22,180.16412353515625,181.18558458642863,178.73605736925484,179.0930739107302,24100300,0.02257120376837718,-0.02605488265297118,0.011356656400264065,0.017026851837141612,0.015158427386656322,182.85462799072266,177.0026333618164,1.0330616246648943,47.92977714499456,0.8872780521730306,2.2436350294028724,-1.3563569772298418,1.2101836945594635,5.33,313.90296774193547,14.91,4.2,1
2024-07-23,180.2831268310547,182.08804802244904,180.03519909370766,180.54098136257284,36352700,0.0006605271547042157,-0.011581073243256856,0.01434005591688603,0.01637303428240566,0.01514249245686915,182.9820640563965,177.2411361694336,1.0323904936011856,44.20169440595724,0.754232245876409,1.94575447269758,-1.191522226821171,1.7462722738258993,5.33,313.91887096774195,14.72,4.2,0
2024-07-24,171.1990509033203,174.72953914992098,170.3957675264856,172.16101164978593,49585200,-0.05038783211391251,-0.04634844568503671,-0.06194645945999955,0.02724512154753184,0.01777615607413084,182.41678848266602,177.3239111328125,1.0287207591876262,32.79420418773775,-0.08325679028209265,1.5399522201016456,-1.6232090103837382,2.2396140210067133,5.33,313.9347741935484,18.04,4.2,0
2024-07-25,165.89340209960938,171.98250656560228,165.80415174823364,171.0899727872295,44852000,-0.030991111082193767,-0.05858511932738997,-0.09027627277344652,0.028849419207138353,0.018826927953877623,181.59366836547852,177.29086547851563,1.0242697381805286,20.025733499668974,-1.1617030133201638,0.9996211734172838,-2.1613241867374478,1.9175129960755795,5.33,313.95067741935486,18.46,4.2,0
2024-07-26,165.61570739746094,166.69666856249324,162.70007515743842,165.7644579679493,41336900,-0.0016739345786741522,-0.0600023470081924,-0.09929347863971605,0.02870699506116754,0.01859860692803941,180.68079833984376,177.22849212646486,1.0194794085982262,20.712605768086107,-2.015553016004901,0.39658633553284683,-2.412139351537748,1.6861801382534816,5.33,313.9665806451613,16.39,4.2,1
2024-07-29,168.12474060058594,169.01727432015218,166.5975125369865,167.43054602622254,20293800,0.0151497297119505,-0.06682453031344504,-0.0692835055591402,0.02658863122356465,0.018875724534400982,180.055029296875,177.17330841064452,1.016264983208144,25.74211408436493,-2.4614037538590026,-0.17501168234552306,-2.2863920715134793,0.843046737959806,5.33,314.0142903225807,16.6,4.2,1
2024-07-30,168.87841796875,169.81062850049108,167.04376214966652,168.8288445367978,18959700,0.004482846281110842,-0.06325999034281315,-0.06940278020099999,0.027144833457449842,0.018872865889471555,179.42529220581054,177.1001135253906,1.0131291766794184,22.975415331062607,-2.722544413647711,-0.6845182286059607,-2.0380261850417503,0.78282287670902,5.33,314.0301935483871,17.69,4.2,1
2024-07-31,170.11807250976562,172.80561557083252,168.600756120216,171.80399306020445,25729100,0.007340514885951999,-0.006314161134953644,-0.07395820008870968,0.0177501037542808,0.018687319905107032,178.74596939086913,177.0144662475586,1.0097817041737651,29.542131026241947,-2.7972258285732607,-1.1070597485994207,-1.69016607997384,1.044307079233128,5.33,314.0460967741936,16.36,4.2,0
2024-08-01,169.34454345703125,172.60728070774732,167.48013730321483,168.83877635874134,24531400,-0.004547012797185168,0.02080336718484843,-0.08104617430469852,0.007759517869566105,0.018619070600514792,177.99921112060548,176.8963101196289,1.006234731522838,29.30288058187567,-2.8855657125242544,-1.4627609413843876,-1.4228047711398668,0.967633653427054,5.33,314.062,18.59,4.2,0
2024-08-02,165.278564453125,167.113220785473,163.30505404908817,165.06038681519894,29130100,-0.02401009752604122,-0.0020356942565045166,-0.125603283664936,0.015001263821624849,0.017733319022575935,176.8121337890625,176.67840942382813,1.0007568800606168,23.300184420976024,-3.2462455340222505,-1.8194578599119602,-1.4267876741102903,1.1308233514802748,5.323548387096774,314.0836129032258,23.39,4.196774193548388,0
2024-08-05,157.92996215820312,163.06701740006122,153.64576377052947,154.21104625180902,53630700,-0.044461919906171654,-0.060638180948053066,-0.15754109166338237,0.02178887053924656,0.019661262917269405,175.33547668457032,176.34265991210938,0.9942884879470398,20.637941359059013,-4.07804847713814,-2.271175983357196,-1.8068724937809435,1.9580522982626392,5.304193548387097,314.1484516129032,38.57,4.187096774193549,0
2024-08-06,156.97792053222656,159.23903543312898,155.11351422532948,158.00930840033058,49004600,-0.006028252099641973,-0.07046784059006017,-0.16239806903119036,0.020222965367812054,0.019578607101025415,173.81369705200194,176.04393615722657,0.9873313494693008,21.637133633789887,-4.759218793308122,-2.7687845453473816,-1.9904342479607404,1.6849344553255778,5.297741935483871,314.17006451612906,27.71,4.183870967741935,1
2024-08-07,157.6225128173828,161.62901768553496,157.1564075430874,159.91336228381462,25138600,0.004106260822992036,-0.07345227645737351,-0.16863691836891714,0.01939066973301781,0.01923738270667642,172.21505889892578,175.7295755004883,0.9800004262711444,24.926411796827836,-5.187242661653244,-3.2524761686085544,-1.9347664930446893,0.8509074058622798,5.291290322580645,314.19167741935485,27.85,4.180645161290323,1
2024-08-08,160.6868896484375,162.33313310507484,158.88198397429082,159.17948508981146,25578800,0.019441238286849183,-0.05112449230341165,-0.12685265849627914,0.02482575824454553,0.019613068124771708,171.04781265258788,175.44856811523437,0.9749171195301174,30.67979482341842,-5.21902340774659,-3.6457856164361617,-1.5732377913104285,0.8658764524548732,5.28483870967742,314.21329032258063,23.79,4.17741935483871,1
2024-08-09,162.31333923339844,162.43233971229074,157.74155087080686,158.68367330409217,28602300,0.010121856167104815,-0.01794077307930353,-0.11563182588000831,0.02476837331343383,0.01995292138034518,169.9866828918457,175.20999603271486,0.9701882697383666,26.36556663333232,-5.054701536424034,-3.927568800433736,-1.1271327359902976,0.9589678580493011,5.2783870967741935,314.2349032258065,20.37,4.174193548387096,0
2024-08-12,160.94473266601562,163.533098356256,160.49846585024423,162.98766954381617,15895300,-0.008431879806346854,0.019089287850221348,-0.12995254844840864,0.011520771071010261,0.01968988064717545,168.78472671508788,175.01913696289063,0.9643786939189134,25.216059486416526,-4.977532485504696,-4.137561537447928,-0.8399709480567683,0.5334495411396946,5.259032258064516,314.2997419354839,20.71,4.164516129032258,1
2024-08-13,162.79925537109375,163.36452268194483,161.61911704854913,162.05547223997468,18551700,0.011522730035076867,0.037083781076537425,-0.1074380165289256,0.01037885421308744,0.02001969972507135,167.80491638183594,174.85764190673828,0.9596659005120064,36.786295686605484,-4.712409252778144,-4.252531080513972,-0.4598781722641725,0.6223263176803814,5.252580645161291,314.3213548387097,18.12,4.161290322580645,0
2024-08-14,159.0406494140625,161.86703112721244,156.40271029840184,161.05382104216667,40591100,-0.023087365777341384,0.008997043451037356,-0.11407591506665116,0.017313334420829246,0.020282971128901008,166.78097381591797,174.60770080566405,0.9551753619477693,38.66840327890692,-4.750820764988873,-4.352189017408953,-0.3986317475799206,1.3177604393324762,5.2461290322580645,314.3429677419355,16.19,4.158064516129032,1
2024-08-15,159.96298217773438,160.30016027512747,158.28698822051015,159.16961037680883,31524300,0.00579935234840856,-0.004505081107033293,-0.09223917363232348,0.014744992349204948,0.02021607638008576,165.96826782226563,174.36392364501953,0.9518498113185027,40.847865217505166,-4.653198444234391,-4.412390902774041,-0.24080754146035055,1.0132024577735887,5.239677419354838,314.3645806451613,15.23,4.154838709677419,1
2024-08-16,161.6092071533203,163.69179086382167,159.79437447768626,160.1315525357236,24208600,0.01029128710389271,-0.004338103592740561,-0.08274234483439524,0.014776571552346799,0.02047124843943171,165.2393600463867,174.12097564697265,0.9489916963330526,39.14772143881733,-4.392363027422874,-4.408385327703808,0.016022300280933877,0.7714693437128145,5.233225806451613,314.3861935483871,14.8,4.151612903225806,1
2024-08-19,165.28843688964844,165.30827534265444,162.8984102346736,163.9099594856968,22416200,0.022766213640523558,0.026988793927457344,-0.08256741882689567,0.017136731761465497,0.02048466594100168,164.49557571411134,173.92546142578124,0.9457820284944658,44.55151229674669,-3.844449567736177,-4.295598175710282,0.4511486079741047,0.7162719553241497,5.213870967741936,314.4510322580645,14.65,4.141935483870967,1
2024-08-20,165.7942352294922,167.24213992598882,165.437233801864,165.51655736424223,18341500,0.003060095124388207,0.01839676632163645,-0.08036743014303382,0.016802704895170772,0.02052099121592821,163.7711311340332,173.78503540039063,0.9423776377333872,43.28823722520373,-3.3310126640312774,-4.102681073374481,0.7716684093432038,0.6034361794230286,5.207419354838709,314.4726451612904,15.88,4.138709677419355,0
2024-08-21,164.4752655029297,165.46697644323723,163.3050387245666,163.78105573886796,22902000,-0.007955461929884278,0.03417123929567323,-0.03927466516264555,0.011178334043597112,0.017430971396782298,163.43494186401367,173.6033544921875,0.9414273263444836,42.56742498668899,-2.9960039836004455,-3.881345655419674,0.8853416718192286,0.7880682435028329,5.200967741935484,314.49425806451615,16.27,4.135483870967742,0
2024-08-22,162.44223022460938,166.20080745577815,161.95628649048913,165.87354107961212,22493300,-0.0123607356528882,0.015498886136795731,-0.020803551143810828,0.014139621448174261,0.01624977510874469,163.26238327026368,173.34907958984374,0.9418128071781754,45.38407976605771,-2.861569752090759,-3.6773904747538912,0.8158207226631324,0.8049708334824464,5.194516129032258,314.51587096774193,17.55,4.132258064516129,1
2024-08-23,164.2471466064453,164.80250226287146,162.4719908380613,163.3546128918043,13955700,0.011111127810423893,0.01632295275492779,-0.00826347218220802,0.014247331944829949,0.016468711407348173,163.1939552307129,173.10769653320312,0.9427307883991819,62.54419980402103,-2.579651372133668,-3.457842654229847,0.878191282096179,0.5251648795775109,5.188064516129032,314.5374838709678,15.86,4.129032258064516,1
2024-08-26,164.78268432617188,166.1611618513878,163.09677884769525,165.00086193151313,14190400,0.003260560264159551,-0.003059818175993878,-0.019878432302559146,0.009458670463614685,0.0160925541251542,163.0268524169922,172.9291879272461,0.9427376278756369,65.75879562333898,-2.286656454387014,-3.223605414261281,0.9369489598742669,0.5402003976585124,5.168709677419355,314.6023225806452,16.15,4.119354838709677,0
2024-08-27,163.31492614746094,165.0603468280275,163.0967636946959,164.46531429923328,11821900,-0.008907235518785694,-0.014954133227849553,-0.032943770365722824,0.009815670549841228,0.016136222638955085,162.74867782592773,172.68899505615235,0.9424380388165883,61.12391968645562,-2.148129391156317,-3.0085102096402885,0.8603808184839714,0.45623474637888106,5.162258064516129,314.623935483871,15.43,4.116129032258065,0
2024-08-28,161.50009155273438,164.22729594404225,160.1910261814006,163.67192524776766,16407400,-0.011112484556910052,-0.01808888370599604,-0.05065882084066364,0.010305814080749596,0.016128771038769054,162.31777877807616,172.40358001708984,0.9414988874476162,51.67072325068436,-2.1598898148009766,-2.8387861306724265,0.6788963158714498,0.6447980894289214,5.155806451612903,314.6455483870968,17.11,4.112903225806451,0
2024-08-29,160.43899536132812,164.59426663919365,158.92167882710484,162.94802283987033,19699800,-0.006570251330537347,-0.01233198325651752,-0.05258833803501195,0.009357156153212557,0.016148809403773463,161.87250137329102,172.1395864868164,0.9403560486982365,46.05757670485728,-2.2291355430130864,-2.716856013140559,0.48772047012747244,0.7816073621019342,5.1493548387096775,314.6671612903226,15.65,4.109677419354838,1
2024-08-30,162.0257568359375,162.30343472045743,160.34976273360022,161.27204675026073,22123800,0.009890123476750778,-0.01352467800144197,-0.019680759135042192,0.00892072397836143,0.015548167818660905,161.70986099243163,171.88332885742187,0.9408117824304579,52.25310777873327,-2.1314053771931754,-2.5997658859510824,0.468360508757907,0.8901540603285601,5.142903225806451,314.6887741935484,15.0,4.106451612903226,0
2024-09-03,156.0556182861328,160.50840540246534,155.1829079051627,160.37947815101114,38945300,-0.036846848713380065,-0.05296106247889887,-0.011868196803547226,0.016793223472435722,0.014481301639454587,161.61614379882812,171.44162048339842,0.9426890818176689,38.002882884839345,-2.506797007635555,-2.581172110287977,0.07437510265242198,1.6146723643770655,5.11,314.79193333333336,20.72,4.1,0
2024-09-04,155.15318298339844,157.6820490608359,154.6672542778887,155.36144895169474,19353800,-0.005782779964254359,-0.04997548819691511,-0.011624166906030076,0.016934582832971695,0.014476469655292638,161.52490692138673,170.98999603271486,0.9446453632906266,42.30176289324558,-2.844328913099048,-2.633803470850191,-0.21052544224885672,0.8549597143449091,5.1,314.8219,21.32,4.1,1
2024-09-05,155.9365997314453,158.12827195798573,154.68703453419326,155.00438922946515,18688700,0.005049311480323837,-0.03444884623778943,-0.010695890173320288,0.018185526364110218,0.014493734163656832,161.44061126708985,170.45863677978517,0.9470955201621982,41.98256096945891,-3.0138681991524834,-2.7098164165106495,-0.30405178264183386,0.8375101587100281,5.09,314.8518666666667,19.9,4.1,0
2024-09-06,149.6689910888672,156.52171630140364,149.3020629377333,155.99611079160965,37912100,-0.04019331352211242,-0.06712834525176115,-0.06856750157823133,0.02349632542444696,0.016220353597930986,160.88971633911132,169.80490051269533,0.9474974859579068,29.919948103296605,-3.6123322243954306,-2.890319578087606,-0.7220126463078245,1.6532933646036023,5.08,314.88183333333336,22.38,4.1,0
2024-09-09,147.67303466796875,152.33031802848635,146.1934191551348,151.44652470733544,39260500,-0.013335804607070068,-0.08858296636442742,-0.09019779048706322,0.019683664838828448,0.016036771511631295,160.15770111083984,169.08089904785157,0.9472252750768354,18.598052085469746,-4.199269711088846,-3.1521096046878543,-1.0471601064009914,1.6732106867619865,5.05,314.97173333333336,19.45,4.1,0
2024-09-10,147.62335205078125,150.21515232969438,147.30557623537533,149.40086316700538,31118800,-0.00033643662364768456,-0.054033724180892584,-0.08276990737483925,0.017721348346451785,0.016036907641304606,159.49163208007812,168.42056365966798,0.9469843148272987,17.072365492271928,-4.615229378546331,-3.44473355945955,-1.1704958190867814,1.2845554934305372,5.04,315.0017,19.08,4.1,1
2024-09-11,150.1059112548828,150.4435366775209,146.49129487413873,148.87455276055175,29607700,0.016816846180593314,-0.03253089386542385,-0.0779693008255905,0.02177710325688654,0.01635048555165603,158.8569648742676,167.79321868896486,0.9467424614384313,25.014804705243094,-4.690489587440311,-3.6938847650557025,-0.9966048223846085,1.1949118870682207,5.03,315.0316666666667,17.69,4.1,1
2024-09-12,153.611328125,153.74042646617514,151.58554483567272,152.72753482151148,29621500,0.02335295686100536,-0.014911647492954816,-0.03413794717932306,0.025417078474094378,0.016777528324113614,158.58549880981445,167.19135467529296,0.9485269086897933,35.392901672362356,-4.416366871579328,-3.8383811863604276,-0.5779856852189003,1.2225303156275582,5.02,315.06163333333336,17.07,4.1,1
2024-09-13,156.3620147705078,157.27559765598852,154.12770435368589,154.3461563209122,29591200,0.017906795540947762,0.04471884010807958,-0.022511254530285907,0.015267839728600527,0.017269783523244167,158.40545043945312,166.63300079345703,0.9506247243053492,37.35298666870288,-3.931841400290722,-3.8570732291464864,-0.0747681711442354,1.2261711241158895,5.01,315.0916,16.56,4.1,1
2024-09-16,156.9578399658203,157.14651751391594,155.5080290794658,156.21306974063586,18379800,0.0038105494879110413,0.0628740739209952,-0.02878157296500561,0.010071689248071683,0.017106906325862953,158.17288208007812,165.99175537109375,0.9528960141813331,37.47390646533426,-3.459889902643198,-3.777636563845829,0.31774666120263095,0.7709139960162019,4.98,315.1815,17.14,4.1,1
2024-09-17,158.2090301513672,159.43044881944618,157.27558257568288,157.91111909387857,20715600,0.007971504869201507,0.07170734137607537,-0.04283062307018892,0.007918950930044437,0.016312015600298737,157.81891174316405,165.40667388916015,0.9541266264075856,41.76935905193406,-2.9508883452102737,-3.612286920118718,0.6613985749084446,0.871995669403036,4.97,315.21146666666664,17.61,4.1,1
2024-09-18,158.6956024169922,159.38079329854523,157.49404853540457,158.74525678494552,23677300,0.0030755024865487535,0.057224203166282406,-0.0428159206058889,0.008995934277883514,0.01631227042482674,157.46398010253907,164.83231567382813,0.9552979915305588,45.276943611134385,-2.479654712411417,-3.385760478577258,0.9061057661658412,0.9855960851389045,4.96,315.2414333333333,18.23,4.1,1
2024-09-19,161.0093994140625,162.64788792590332,160.2149747725316,162.568459098901,26587700,0.014580095237866297,0.048160974710422355,-0.021072263226141197,0.006566145223405321,0.01665810677209752,157.2906867980957,164.26059814453126,0.9575679656279906,50.921729662129444,-1.8976200007666932,-3.0881323830151453,1.190512382248452,1.098319681637369,4.95,315.2714,16.33,4.1,1
2024-09-20,162.4492645263672,162.58828768421088,160.92993460407996,162.35989574326507,40896400,0.008942739476978101,0.03893048938256283,4.330340545122269e-05,0.004622357842211297,0.01656965993340621,157.2910385131836,163.8289471435547,0.9600930803477467,50.68762074550922,-1.3051235652968955,-2.7315306194714952,1.4264070541745997,1.6275379788974509,4.94,315.30136666666664,16.15,4.1,0
2024-09-23,160.7213897705078,164.33600662936618,160.5426370715715,163.20395671072333,24150900,-0.010636396298235762,0.02397809377032112,-0.021466167959590887,0.009541047280412504,0.016524912247121125,157.11475067138673,163.37265625,0.9616955142784901,58.78580828309878,-0.963879916147846,-2.3780004788067655,1.4141205626589195,0.9420135247038228,4.91,315.39126666666664,15.89,4.1,1
2024-09-24,161.15830993652344,162.08183272389985,159.5694761752488,161.89315521075918,23332100,0.002718494200675492,0.01864166528506317,-0.021994874063796188,0.009390712004976733,0.01651808038263401,156.93353195190429,162.89614532470702,0.9633962279407089,61.50964342659543,-0.6506853639284316,-2.0325374558310987,1.3818520919026671,0.8941346710806042,4.9,315.4212333333333,15.39,4.1,0
2024-09-25,160.36392211914062,161.67470976901416,160.17524458071915,160.34405733815197,18869200,-0.004929238943345182,0.010512702789108985,-0.01806940797104961,0.0101805968993378,0.016441378242236997,156.78598175048828,162.45551452636718,0.9651010136996074,58.48199903997998,-0.46125976726364115,-1.7182819181176072,1.257022150853966,0.7134727670229266,4.89,315.4512,15.41,4.1,1
2024-09-26,161.59524536132812,162.9358375893409,161.1483863361193,162.49890337717716,20319300,0.007678305855307599,0.0036385822777900145,0.0005891873353067734,0.008380051207085215,0.016356619889701402,156.79073944091797,162.0970294189453,0.9672647302850131,78.3121776569687,-0.20936766204110313,-1.4164990669023065,1.2071314048612034,0.7626627681445957,4.88,315.48116666666664,15.37,4.1,1
2024-09-27,162.80674743652344,164.54454440704646,161.4959598865702,161.6746974446782,21101300,0.007497139365000516,0.0022005818936670085,0.014757958748512712,0.008045181988127335,0.01635452177127405,156.90912704467775,161.82882232666014,0.9695993877280294,87.3163254479413,0.08701369889863031,-1.1157965137421193,1.2028102126407496,0.7899366030700811,4.87,315.5111333333333,16.96,4.1,1
2024-09-30,164.69349670410156,164.9913926147097,162.12154584089137,162.1811401753991,20413900,0.011588888650415186,0.024714239587309894,0.016464912247657892,0.0063359624186753085,0.01640820378466169,157.04251403808593,161.59894500732423,0.971804079729408,88.59461797948951,0.4687396218473907,-0.7988892866242174,1.2676289084716081,0.7666571963846682,4.84,315.6010333333333,16.73,4.1,1
2024-10-01,165.8255615234375,167.98042800067057,163.4323631439142,166.52067729796633,28338100,0.006873767586402568,0.028960663516218288,0.06260552067655256,0.006248442598821285,0.013815669862515256,157.53101119995117,161.31217376708983,0.9765599676773429,87.8528160987536,0.8527780414055997,-0.4685558210182541,1.3213338624238538,1.0858843011182024,4.83,315.631,19.26,4.1,0
2024-10-02,164.7034454345703,166.3518737571152,163.58132016704218,165.25953808497383,17760200,-0.006766846308604801,0.027060471321010082,0.06155376427046133,0.0070372551247342525,0.013850799438944811,158.00852432250977,161.00058013916015,0.9814158693461589,80.17298559117523,1.0544310406209831,-0.16395844869040668,1.2183894893113898,0.6826352575986999,4.823870967741936,315.6599354838709,18.9,4.103225806451612,0
2024-10-03,164.7034454345703,165.4780052194021,162.77697078682365,163.26355943212087,15073100,0.0,0.01923447726628491,0.056220577582320574,0.007243522418198106,0.013859092478375187,158.446866607666,160.87066802978515,0.984933229582472,76.68371829665932,1.2004049740162657,0.1089142358509278,1.0914907381653378,0.5834070505743172,4.817741935483871,315.68887096774193,20.49,4.106451612903226,1
2024-10-04,165.8950653076172,167.05690491903522,164.32608104579808,166.8880921706125,19047400,0.007234941988631727,0.018969225291463054,0.10841306606467094,0.007211292219486899,0.009473694133242413,159.2581703186035,160.8707012939453,0.9899762295907732,77.53985852738329,1.3961501826571805,0.3663614252121784,1.0297887574450022,0.7651678577597808,4.811612903225806,315.7178064516129,19.21,4.109677419354838,0
2024-10-07,161.843505859375,167.30515333490106,161.6151139348849,166.55045841132394,22463100,-0.02442242293783381,-0.017304817140697648,0.0959584207317703,0.013071810450276007,0.010841153385884244,159.96669387817383,160.7952572631836,0.9948470906473714,59.551162833594375,1.2103999464601145,0.5351691294617656,0.6752308169983489,0.9338912071268599,4.793225806451613,315.8046129032258,22.64,4.119354838709677,1
2024-10-08,163.23374938964844,163.58129967642142,161.73426923186602,162.7968151755234,23072700,0.00859004828702492,-0.015629750383343244,0.10574476952330225,0.013427267523705256,0.01080885375123891,160.7472137451172,160.69743743896484,1.0003097517107034,61.38520243711594,1.1619780208408201,0.6605309077375766,0.5014471131032435,0.9755516961810162,4.787096774193548,315.8335483870968,21.42,4.12258064516129,0
2024-10-09,160.73135375976562,163.6905700311082,158.62614133010592,162.3102630820104,31181800,-0.015330136318252752,-0.024116627702136517,0.07078630292474353,0.014518052773876815,0.011350529015086491,161.27848587036132,160.53449615478516,1.0046344538612986,49.308984341225674,0.9111773961530787,0.7106602054206771,0.2005171907324016,1.3140449303255044,4.780967741935484,315.8624838709677,20.86,4.125806451612903,1
2024-10-10,160.94976806640625,161.93286994639828,159.28147534451534,159.74819910197152,14144100,0.0013588780379905074,-0.0227905212198809,0.04777277842057748,0.01464222083730811,0.010345439049459542,161.64540786743163,160.35113006591797,1.0080715227948915,46.03248428472803,0.721720755732008,0.7128723154829434,0.008848440249064615,0.6161460130267958,4.774838709677419,315.8914193548387,20.93,4.129032258064516,1
2024-10-11,162.10171508789062,162.7571013199183,160.1156613065499,160.999454633151,15344300,0.0071571834822967695,-0.022865961761385778,0.03670776643423879,0.014626655817874819,0.009759340379403772,161.9323928833008,160.20627349853515,1.0107743557544357,53.76700777295929,0.6569545376774215,0.7016887599218391,-0.04473422224441759,0.6898356210141293,4.768709677419355,315.92035483870967,20.46,4.132258064516129,1
2024-10-14,163.80972290039062,165.07085614450466,162.2605882196447,162.49892012877203,19016100,0.010536642450537537,0.012148878205370028,0.04365428917766967,0.010518728130176907,0.009944600397078084,162.2749870300293,160.17689666748046,1.0130985829180121,56.76645615313983,0.7349764483163597,0.7083462976007432,0.026630150715616474,0.8536881549595672,4.750322580645161,316.0071612903226,19.7,4.141935483870967,1
2024-10-15,164.3062286376953,166.51073429604153,163.4820145370709,164.6339141628374,20247200,0.0030309906427630207,0.0065702053163454455,0.03853887784088306,0.009989626280983972,0.009854273781990342,162.5798469543457,160.3044219970703,1.014194399187048,60.21616773996603,0.827336221185277,0.7321442823176499,0.09519193886762711,0.9099124970058615,4.744193548387097,316.03609677419354,20.64,4.145161290322581,0
2024-10-16,164.00831604003906,164.6438526096412,162.59821974974642,163.38270428394787,16406000,-0.0018131546206514582,0.02038782231108005,0.03347738401148037,0.0048576778064660705,0.00988518004503818,162.84548263549806,160.44502990722657,1.0149612158734957,56.57117166081198,0.866504426085072,0.7590163110711343,0.10748811501393774,0.7495347388518357,4.7380645161290325,316.0650322580645,19.58,4.148387096774194,0
2024-10-17,161.7938232421875,165.20983730943854,161.62501053161083,164.5743008656977,21453400,-0.013502320195220685,0.005244214924454038,0.004871913260838356,0.009369911932406412,0.009952763058289899,162.88470382690429,160.52845611572266,1.0146780687249808,47.38452106748324,0.710662375666999,0.7493455239903073,-0.038683148323308325,0.9917652611720021,4.731935483870967,316.0939677419355,19.11,4.151612903225806,1
2024-10-18,162.2804412841797,163.5614543687219,161.94281580158204,162.0520493579974,19757700,0.003007642889208295,0.0011025558624853105,-0.0010392367283392767,0.008867587252076536,0.00976796920436555,162.87626266479492,160.5603271484375,1.014424083193455,43.283597302940166,0.6192837198497898,0.7233331631622038,-0.10404944331241395,0.9602959377815213,4.725806451612903,316.12290322580645,18.03,4.154838709677419,1
2024-10-21,162.92593383789062,163.35292813982096,161.48603268374447,161.8137333852295,20946500,0.0039776361747783096,-0.0053952173708115,0.013716556772752186,0.007315023495166953,0.00947308612770577,162.98648986816406,160.57257904052733,1.015033144775158,41.704601211460854,0.5921256750485782,0.6970916655394787,-0.1049659904909005,1.026066191103083,4.707419354838709,316.20970967741937,18.37,4.164516129032258,1
2024-10-22,163.98846435546875,164.61407616151644,161.84352257963812,161.84352257963812,16568100,0.006521555485668351,-0.0019339758745680058,0.017561330967419853,0.007942671711249086,0.009553053753508518,163.12799758911132,160.6334536743164,1.0155294171776483,47.94754920984784,0.6488604028880331,0.6874454130091896,-0.03858501012115645,0.8252617841795064,4.701290322580645,316.2386451612903,18.2,4.167741935483871,0
2024-10-23,161.64491271972656,164.6637228904858,160.80083381909756,163.6111016800633,18280500,-0.014290954214085438,-0.01441026514616206,0.007988022390935434,0.010162698232645116,0.010069834800022675,163.19204711914062,160.61036682128906,1.0160741821897723,42.2613035837279,0.49896627965020457,0.6497495863373927,-0.1507833066871881,0.9118939039464771,4.695161290322581,316.2675806451613,19.24,4.170967741935484,0
2024-10-24,161.5853271484375,162.1910741214277,159.88724460042005,161.69456070594023,22412500,-0.00036862014576588553,-0.0012886529879321262,-6.137688561591581e-05,0.008238623710722513,0.00992539501472476,163.1915512084961,160.66126037597655,1.0157492280752571,38.432877080352235,0.3710883736527819,0.5940173438004706,-0.22292897014768864,1.1122056035808927,4.689032258064516,316.2965161290323,19.08,4.174193548387096,1
2024-10-25,164.1175537109375,164.43531442750802,162.28044795544452,162.52870467092262,19828900,0.01567114172547246,0.01132060285404779,0.00805130189659442,0.01097502502230767,0.010405142228074947,163.2570915222168,160.74435180664062,1.0156319005136725,56.64540593374213,0.46867118307184796,0.5689481116547461,-0.10027692858289816,0.9871125629611635,4.682903225806451,316.32545161290324,20.33,4.17741935483871,1
2024-10-28,165.55743408203125,167.57327733196706,162.80674552404707,167.57327733196706,32138600,0.008773469616966345,0.016151512421336944,0.005245728551637185,0.011360847235441215,0.010264648413396844,163.30028839111327,160.82331634521483,1.0154018217145921,56.770816197138636,0.6546462208171135,0.5860877334872197,0.06855848732989389,1.5545408088366,4.664516129032258,316.4122580645161,19.8,4.187096774193549,1
2024-10-29,168.49676513671875,169.19189595668735,165.92482959046737,166.56036607974156,42169000,0.017754147199642523,0.02749157264792479,0.01610851541065772,0.013138246790978726,0.010899421306141297,163.43384857177733,160.88748291015625,1.0158269967032987,72.06522003045428,1.0273693547998164,0.674344057749739,0.35302529705007735,1.97369036898635,4.658387096774193,316.4411935483871,19.34,4.190322580645161,1
2024-10-30,173.2434539794922,180.75073380709983,172.84623418689728,179.42006644238907,68890800,0.028170801017586067,0.07175320933159313,0.051850819042607466,0.010623932910001008,0.012320521045188442,163.86084899902343,161.03646728515625,1.0175387709472408,77.78262845619457,1.6863342323601955,0.8767420926718303,0.8095921396883652,2.87979854603005,4.652258064516129,316.47012903225806,20.35,4.193548387096774,0
2024-10-31,169.91680908203125,175.5869985344097,169.80757553261074,171.92272737485058,44769000,-0.01920213907680879,0.051560881675476455,0.031653033327295965,0.01786381388596695,0.013247357342272816,164.12151718139648,161.14529815673828,1.0184691645285449,66.08079171611752,1.9180263898267356,1.0849989521028114,0.8330274377239242,1.7620814200560202,4.646129032258064,316.49906451612907,23.16,4.196774193548388,1
2024-11-01,170.09555053710938,171.11838206105315,167.70236751230738,168.88407180529182,31796500,0.0010519350972029162,0.03642509098509361,0.025320133674279433,0.01794750586614002,0.013181969806848534,164.3315414428711,161.29836456298827,1.0188047590445244,63.8027485679516,2.0919523114397975,1.2863896239702086,0.8055626874695889,1.2208602713679824,4.64,316.528,21.88,4.2,0
2024-11-04,168.05987548828125,169.53947584954412,166.8384415098956,168.74505131099085,21492700,-0.0119678324471163,0.015115246380359215,0.038409756362467906,0.01982353277511683,0.012155400302717743,164.6423599243164,161.374619140625,1.020249409734277,57.72057554300033,2.0419891143760935,1.4375095220513856,0.6044795923247079,0.8267752277096856,4.624,316.6356,21.98,4.19,1
2024-11-05,168.556396484375,169.3408810917044,167.6626631563061,168.24854540819413,18242100,0.0029544291559848723,0.0003539020325278308,0.03260751599855194,0.01813268816128427,0.012058461813626882,164.90849227905272,161.45009338378907,1.0214208541028376,59.27877446448194,2.019182140702611,1.5538440457816307,0.46533809492098044,0.7083130616297324,4.618666666666666,316.6714666666667,20.49,4.1866666666666665,1
2024-11-06,175.27914428710938,175.70615366421993,172.2901392568777,172.5880503091246,33695500,0.03988426391968791,0.011750460181070732,0.09050997323824794,0.02280448346813103,0.014106947284654262,165.63588180541993,161.68937774658204,1.0244079364633545,73.23754422572897,2.5145903804562693,1.7459933127165583,0.7685970677397109,1.3019912113516339,4.613333333333333,316.70733333333334,16.27,4.183333333333334,1
2024-11-07,179.48959350585938,179.81729416706102,175.95442053394322,176.172887641411,25352900,0.02402139305206341,0.056338066113321705,0.11519013455057459,0.020584554971774492,0.014742679093566602,166.56287307739257,162.04916778564453,1.027853924542943,76.28148633539533,3.2099507295600915,2.038784796085265,1.1711659334748266,0.9588692159332598,4.608,316.7432,15.2,4.18,0
2024-11-08,177.10635375976562,179.6385602340535,176.8382322539701,179.39030350893603,22006200,-0.013277871432785582,0.0412168525309351,0.09256310868604678,0.023182374800205657,0.015323466219059582,167.31310501098633,162.38251495361328,1.030364045407115,70.56455788749736,3.528052097636106,2.3366382563954335,1.1914138412406725,0.8219392974623051,4.602666666666667,316.77906666666667,14.94,4.176666666666667,1
2024-11-11,179.0924072265625,179.29100957580837,177.22551180839807,177.33474537334146,17450400,0.011213902972057266,0.06564643527330549,0.09329534325300681,0.020241396943663094,0.015338141365351278,168.0772392272949,162.72384796142578,1.0328986275394505,71.33244715011926,3.8955027098887456,2.648411147094096,1.2470915627946497,0.653689938931026,4.586666666666667,316.88666666666666,14.97,4.166666666666667,1
2024-11-12,180.35354614257807,181.2174898751334,178.13910033177982,178.56610979083834,25134900,0.007041833517934526,0.06998933237930638,0.09766712825152846,0.019814356033573725,0.015343034942275357,168.87960510253905,163.2098065185547,1.0347393254420638,77.25702217529036,4.239601847149004,2.9666492871050774,1.2729525600439264,0.9330090524695792,4.581333333333333,316.9225333333333,14.71,4.163333333333333,0
2024-11-13,177.6326446533203,179.69814228328764,177.295004014443,179.2016288670182,23184000,-0.015086487332534926,0.013427155727984807,0.08307096214532916,0.01671494312737765,0.015919522085645912,169.56082153320312,163.65939575195313,1.0360591932662049,71.69715172493763,4.243828666689637,3.2220851630219896,1.0217435036676479,0.8498997929139092,4.576,316.9584,14.02,4.16,0
2024-11-14,174.3556365966797,177.57304868487938,173.1044283607948,177.03680576065332,31007500,-0.01844823097148751,-0.02860308951010071,0.07764087097248784,0.013752104034352886,0.01624276763568468,170.18891220092775,164.0277764892578,1.0375615389267527,63.56935333106562,3.9373638094844523,3.3651408923144825,0.5722229171699698,1.1171371889142665,4.570666666666667,316.99426666666665,14.31,4.156666666666666,0
2024-11-15,171.28720092773438,172.92568911299827,170.02605262888574,172.51854448191054,32504600,-0.017598717935590646,-0.03285682703357207,0.055501202561942575,0.014463787626209344,0.01693898920152996,170.63925018310547,164.46014068603515,1.0375720796011396,57.27985526599451,3.4076102775761115,3.3736347693668085,0.03397550820930295,1.1447877617318858,4.565333333333333,317.0301333333333,16.14,4.153333333333333,1
2024-11-18,174.07760620117188,174.21662935117394,171.69433271949634,172.21071091338408,20135300,0.01629079848537418,-0.028001192809065323,0.0684462694218897,0.01610942884103039,0.017204210260936232,171.19683380126952,164.9882321166992,1.037630572828848,57.11757526127578,3.1763244806278124,3.3341727116190096,-0.15784823099119727,0.7101647092018482,4.549333333333333,317.13773333333336,15.58,4.1433333333333335,1
2024-11-19,176.87794494628906,177.6227151144133,172.34974474847573,172.50863268758198,23434900,0.01608672595072913,-0.01927104440486782,0.07859992250967429,0.01824465826329243,0.01742545905568184,171.84130783081054,165.57332397460937,1.0378562422118334,54.877424480702466,3.1823090754426175,3.3037999843837316,-0.12149090894111403,0.8166511826943784,4.5440000000000005,317.1736,16.35,4.14,0
2024-11-20,174.7528533935547,176.4409959363333,172.56819744687726,176.1033704582549,18997100,-0.012014451849153285,-0.016212060938382233,0.08109095704456704,0.01781414623276525,0.017307181728753767,172.49670486450196,166.0662628173828,1.0387221458351867,56.70615717631926,2.9812092571968662,3.2392818389463587,-0.25807258174949244,0.661178741459486,4.538666666666667,317.2094666666667,17.16,4.136666666666667,0
2024-11-21,166.4611053466797,172.91578024518503,162.5585017211108,172.68737314674925,59734400,-0.047448427226544077,-0.04527832540488308,0.030174634567921688,0.02660006941348469,0.02079060712747051,172.74049377441406,166.3232583618164,1.038582910627194,45.8858213381725,2.1282285382256703,3.0170711788022215,-0.8888426405765513,1.9522152644929378,4.533333333333333,317.2453333333333,16.87,4.133333333333333,0
2024-11-22,163.61111450195312,165.29927243550884,162.75711072055498,164.69352539111725,38604600,-0.017121061636536927,-0.04481412729150602,-0.003085832060818916,0.026562014561115236,0.020922899344091056,172.71517181396484,166.4682403564453,1.0375262659360336,45.05518175243785,1.2083357874498404,2.655324100531746,-1.4469883130819055,1.2241030787597444,4.5280000000000005,317.2812,15.24,4.13,1
2024-11-25,166.48092651367188,167.4541036263309,164.45515863582298,164.9318072272488,33135300,0.0175404465671829,-0.04363961484351375,0.005578078911171458,0.026861795741909587,0.02120512800903679,172.76134643554687,166.65870208740233,1.0366176159522955,47.80871449137327,0.7027827581477482,2.2648158320549463,-1.5620330739071981,1.0490208198750843,4.5120000000000005,317.3888,14.6,4.12,1
2024-11-26,167.94068908691406,168.6358199751134,166.41143446812606,166.46108883905265,20486700,0.008768347244405339,-0.05052781375365312,-0.003300217955837237,0.025337048718569885,0.020913324253129757,172.73354263305663,166.85333526611328,1.0352417730072045,41.283330499870026,0.41513357854694277,1.8948793813533455,-1.4797458028064028,0.6716340843798776,4.506666666666667,317.42466666666667,14.1,4.116666666666666,1
2024-11-27,168.04994201660156,168.2981987474697,166.84838792453718,167.8215500668716,19266500,0.000650544726721769,-0.038356520347383016,-0.029978113709886012,0.025722333214351453,0.01984320412165687,172.4738670349121,167.04042205810546,1.0325277253844378,34.94512476500253,0.19375187862340226,1.5546538808073571,-1.3609020021839549,0.6875599873026319,4.501333333333334,317.46053333333333,14.1,4.113333333333333,0
2024-11-29,167.77191162109375,168.2485603469523,165.99439992634404,167.32505249357698,14257200,-0.0016544510052871608,0.007874549863670088,-0.01262322116643566,0.012917501171340526,0.019394389353519014,172.36662216186522,167.17567230224608,1.0310508687546005,36.99502626326871,-0.004082383677712187,1.2429066279103433,-1.2469890115880555,0.5380894789074487,4.490666666666667,317.53226666666666,13.51,4.1066666666666665,1
2024-12-02,170.29417419433594,170.88005637942206,167.3945377088188,167.59314004161567,23789100,0.015033878727796823,0.04084722307971944,0.0011677181243092694,0.00848949192617161,0.019701165147601948,172.37655334472657,167.33257049560547,1.0301434612172744,37.922537645129296,0.04217191675732579,1.0027596856797398,-0.960587768922414,0.9116136267442838,4.475161290322581,317.6477741935484,13.34,4.096774193548387,0
2024-12-03,170.1452178955078,171.4758702461707,169.6586444335241,170.29418101536214,22248700,-0.000874699909922616,0.022010277444815873,0.012408330073837126,0.007257718626041996,0.01949435030166748,172.4808204650879,167.52104705810547,1.029606867280755,35.54552380145775,0.06604789563317581,0.8154173276704271,-0.7493694320372513,0.8513513073980629,4.470322580645162,317.6915483870968,13.3,4.0935483870967735,1
2024-12-04,173.15408325195312,173.69032622472676,169.86716687371202,169.956535651712,31615100,0.017684101814093633,0.031043067605498464,0.02727684539699049,0.009386920168168313,0.0198550047726737,172.7107048034668,167.76096252441405,1.029504732236693,43.7098786624885,0.3240249115556537,0.7171388444474724,-0.39311393289181873,1.1795779016116121,4.465483870967742,317.7353225806452,13.45,4.090322580645161,0
2024-12-05,171.4361572265625,174.83230728378396,171.12832132304757,174.13719150933292,21356200,-0.009921371723535466,0.02015005283147553,-0.021924953343291143,0.011816587087015334,0.017809983548216553,172.51855545043946,167.9824072265625,1.0270037100835145,45.71180369563356,0.38540853269958575,0.6507927820978952,-0.2653842493983094,0.815586585948945,4.460645161290323,317.77909677419353,13.54,4.087096774193548,1
2024-12-06,173.49171447753906,173.85912953542012,170.66158210864637,170.83039484206162,21462400,0.011990220057604528,0.034092732217078536,-0.033416305152669024,0.011744174749745994,0.01711142926981884,172.21866149902343,168.22033660888673,1.0237683800350064,53.33734037476155,0.5930850703381338,0.639251239745943,-0.046166169407809154,0.8257769024170512,4.455806451612904,317.82287096774195,12.77,4.083870967741936,1
2024-12-09,174.34669494628906,175.23150110703355,172.6367300920802,172.9449339559485,25389600,0.004928076659595604,0.023797177860755747,-0.015581930037472769,0.010800801478357235,0.01693848442298606,172.0806785583496,168.45113555908202,1.0215465629674818,50.43272187087,0.8172393743103328,0.674848866658821,0.14239050765151173,0.9705606614748434,4.441290322580645,317.9541935483871,14.19,4.074193548387097,1
2024-12-10,184.08950805664065,185.27256668487917,179.99355362655623,181.78305343524676,54813000,0.055881834257615504,0.08195522820803891,0.02790236005793667,0.024514877492189852,0.02103430199848057,172.3305335998535,168.8390557861328,1.0206793256303408,59.480154774107255,1.760750038654976,0.8920291010580521,0.8687209375969238,1.9556616087816923,4.436451612903226,317.9979677419355,14.18,4.070967741935483,1
2024-12-11,194.25982666015625,194.46860797595767,183.7713984925761,184.22870587804087,67894100,0.05524659558754652,0.12188995495701116,0.07710566725749102,0.030210638715190193,0.02421380734101556,173.0258476257324,169.4077410888672,1.0213573861124046,71.16629364316967,3.291209735061244,1.3718652278586907,1.9193445072025535,2.2506966909397277,4.431612903225807,318.04174193548386,13.58,4.067741935483871,0
2024-12-12,190.83990478515625,194.041101872512,190.59136355506865,193.86215946833025,34817500,-0.017604884827694733,0.11318351899914902,0.07435153689014817,0.03245561942580013,0.02432456423802539,173.68621063232422,169.93047027587892,1.022101629862778,79.5798546787295,4.179966900506997,1.933485562388352,2.2464813381186453,1.1323688535226777,4.426774193548387,318.08551612903227,13.92,4.064516129032258,0
2024-12-13,188.71241760253903,191.6054263771513,188.5334600047639,189.895461272768,25143500,-0.011148020562116168,0.08773158517014079,0.08234193792695965,0.03573890821742671,0.024024949517146028,174.4040496826172,170.41064971923828,1.023433981209263,81.00001997522313,4.658937589345385,2.4785759677797587,2.180361621565626,0.8256143879893441,4.421935483870968,318.12929032258063,13.81,4.061290322580645,1
2024-12-16,195.51248168945312,197.83882401959605,191.4960468173101,191.74458805351563,44934900,0.03603400440365401,0.12140056196467963,0.14143077025316875,0.0357192602971406,0.02444900680570425,175.6153137207031,171.002998046875,1.0269721333924438,82.68126945301384,5.523561473980038,3.0875730690198147,2.4359884049602236,1.4459770229604672,4.4074193548387095,318.2606129032258,14.69,4.051612903225807,0
2024-12-17,194.2796936035156,200.2446827169294,193.84225864137167,196.09901710347705,43504000,-0.006305418842238675,0.055354515607373145,0.11605218984340393,0.03237443272898653,0.02451506313947162,176.62541809082032,171.65172180175782,1.0289755106261427,79.80251969537126,6.039684710368562,3.6779953972895645,2.361689313078997,1.349202214100875,4.402580645161291,318.3043870967742,15.87,4.048387096774193,0
2024-12-18,187.3006591796875,195.8504833002915,186.6445218813988,194.08087100994013,34166100,-0.03592261390977303,-0.03582401776072475,0.058926025155727535,0.026545219282193788,0.026073983212822706,177.14655380249025,172.1330599975586,1.0291256880288002,68.85144146962989,5.818494360790709,4.1060951899897935,1.7123991708009152,1.042259493361968,4.397741935483872,318.3481612903226,27.62,4.04516129032258,1
2024-12-19,187.41000366210935,191.9036328697848,187.2807725516953,190.51180819781732,32265200,0.0005837912311721372,-0.017972662095530945,0.07242886180547758,0.025966773503917576,0.025838519638926992,177.77941131591797,172.66663299560548,1.0296106910270417,69.29452606001288,5.587612087089099,4.402398569409654,1.1852135176794443,0.9647471064120077,4.392903225806452,318.3919354838709,24.09,4.041935483870968,1
2024-12-20,190.29312133789065,191.7644812520637,184.13923772090007,184.69596767924915,63462900,0.015384011629280048,0.008376257140009002,0.14316867559888724,0.026676512434246367,0.022933775601918765,178.97101211547852,173.25350006103517,1.0330008458843782,69.51072065385314,5.573037219013855,4.6365262993304945,0.9365109196833608,1.887056531501194,4.388064516129033,318.43570967741937,18.36,4.038709677419354,1
2024-12-23,193.49432373046875,193.9615824576481,189.04045395521717,191.49604252749893,25675000,0.01682248086568472,-0.010322399580554475,0.18264779455529534,0.021403170115892583,0.02230536461905819,180.4651725769043,173.88135223388673,1.0378638667024036,71.49874298540333,5.753474339798544,4.859915907424105,0.893558432374439,0.7784041729133538,4.373548387096775,318.5670322580645,16.78,4.029032258064516,1
2024-12-24,194.96568298339844,194.96568298339844,192.64927690043316,193.70308928801543,10403300,0.007604146853316784,0.0035309371100964437,0.17109921878881007,0.02158855193788905,0.022207502193179428,181.88941040039063,174.50447143554686,1.0423194827278188,70.66826640432355,5.946649182928553,5.077262562524995,0.8693866204035583,0.3266593505622882,4.368709677419355,318.6108064516129,14.27,4.025806451612903,0
2024-12-26,194.4586639404297,195.6019475277096,193.24578152744004,194.01127759173056,12046600,-0.0026005553141981164,0.038216655467694594,0.15790083390566423,0.008644579577452361,0.02233621640263452,183.2153091430664,175.10752014160155,1.0463017750174775,72.32809928289176,5.9897829490992365,5.259766639839843,0.7300163092593932,0.38333782278079825,4.359032258064516,318.6983548387097,14.73,4.019354838709678,0
2024-12-27,191.6352081298828,194.1802828500262,189.53751972128225,193.8124315456521,18891400,-0.014519568083692147,0.02254524510543887,0.14034676733748164,0.013153854645247058,0.022836273949870887,184.39457244873046,175.66005798339845,1.0497239643753136,67.33800248116523,5.730084633444648,5.353830238560804,0.37625439488384327,0.6015068716032425,4.354193548387097,318.74212903225805,15.95,4.016129032258064,0
2024-12-30,190.1241149902344,191.42646867833813,188.01647493101532,188.6925150012565,14264700,-0.007885258426125197,-0.0008881369251185767,0.1332297114169041,0.012455018730478516,0.02300005768633607,185.5121826171875,176.22666381835938,1.0526907710651487,64.89025305923073,5.340774139857899,5.351219018820224,-0.010444878962324822,0.4541861705760453,4.339677419354839,318.87345161290324,17.4,4.006451612903226,0
2024-12-31,188.19541931152344,190.83990159620672,187.41002054250916,189.96503162659656,17466900,-0.01014440319056864,-0.027385322301890946,0.10511953918493422,0.008496139930040189,0.023197772572849183,186.40724487304686,176.74496337890625,1.0546679311784777,54.545466830769776,4.8210392073801245,5.245183056532205,-0.42414384915208014,0.561798240683695,4.33483870967742,318.9172258064516,17.35,4.003225806451613,1
2025-01-02,188.3246612548828,190.87967248578357,186.405930161898,189.5375437207165,20370800,0.0006867433003001633,-0.03406251616640199,0.10684663127317306,0.006033206637833461,0.02317865346586208,187.31621704101562,177.25293792724608,1.056773553270525,41.551083355959825,4.369208754825024,5.069988196190769,-0.7007794413657447,0.6571827870682346,4.33,318.9841612903226,17.93,4.006451612903226,1
2025-01-03,190.6708831787109,192.08261071335764,188.87144710211905,190.2533357330172,18596200,0.012458389189149655,-0.01947859089929327,0.10116307740354835,0.010680395050173836,0.023061331936725184,188.19205703735352,177.78658630371095,1.0585278729401273,49.75180472048282,4.152581986720264,4.886506954296668,-0.7339249675764039,0.6128012999314741,4.33,319.0073225806452,16.13,4.012903225806451,1
2025-01-06,195.7212371826172,197.06336585299624,192.7188701348508,192.8481012552134,29563600,0.026487284894845198,0.021321912046376346,0.14165669803226266,0.015239830575158982,0.023251194134550863,189.40631103515625,178.46811279296875,1.0612893702466406,59.47829646950845,4.338414530690898,4.776888469575514,-0.4384739388846164,0.9612120461358112,4.33,319.0768064516129,16.04,4.032258064516129,0
2025-01-07,194.3493194580078,199.8271630946656,193.4645132232345,195.95986188833007,26487200,-0.007009549624547473,0.02222340110822052,0.12022248464879315,0.015068558049824942,0.02341975576257595,190.44919128417968,179.12339263916016,1.0632290315527635,48.15633551215751,4.325128477072894,4.686536471074991,-0.36140799400209644,0.8542101872672463,4.33,319.0999677419355,17.82,4.038709677419355,0
2025-01-08,192.81829833984372,195.14464079456388,191.2574671811612,191.4463609579533,24864800,-0.007877676764877384,0.024564248403240674,0.10594753975259019,0.014542919413978506,0.023623300103667415,191.3727714538574,179.6974075317383,1.0649723559314956,47.70531725054004,4.1432972236203796,4.577888621584069,-0.43459139796368973,0.8025670733114526,4.33,319.1231290322581,17.7,4.04516129032258,0
2025-01-10,190.91943359375,195.37330356826692,189.19953244831908,193.16625612788005,26665200,-0.009847948884742053,0.013778186678139681,0.037101112438238104,0.016004481726938025,0.020595336969459966,191.7142677307129,180.20464752197265,1.0638697190500421,56.760801717738524,3.80214338748209,4.422739574763674,-0.6205961872815839,0.9016373902992119,4.33,319.16945161290323,19.54,4.058064516129033,0
2025-01-13,189.8954315185547,190.06443773067767,186.26673571233505,188.96092925794852,21823700,-0.005363529819464308,-0.004066964222478653,-0.022466792113619904,0.01529631423286275,0.016379076342245145,191.4960479736328,180.63262084960937,1.0601410037286016,54.48996817314519,3.4098415738256165,4.220159974576063,-0.8103184007504467,0.8002625530904534,4.33,319.238935483871,19.19,4.077419354838709,0
2025-01-14,188.55332946777344,190.85978428074975,187.21120070733548,190.1241119208904,17174900,-0.007067584723069564,-0.03662304519440451,-0.011981641470409365,0.0016298205868767704,0.015981779061924575,191.38171920776367,180.938818359375,1.057715093660263,46.671726356410325,2.956561737721046,3.96744032720506,-1.010878589484014,0.650846797350896,4.33,319.26209677419354,18.71,4.083870967741936,1
2025-01-15,194.4089508056641,195.21422195403463,190.7404798677513,191.963298457138,21776000,0.031055518109487812,0.0003068256056804053,0.030186318820433655,0.01733523679597588,0.017236261162612263,191.66654586791992,181.42866119384766,1.0564292576856618,51.588392263275516,3.034850044220434,3.780922270608135,-0.7460722263877009,0.8305056755924923,4.33,319.28525806451614,16.12,4.090322580645162,0
2025-01-16,191.78436279296875,194.33935880818177,191.6849402307685,193.0071814253157,17815400,-0.013500345543857928,-0.005362227318553847,-0.019068444450549338,0.018151734139306697,0.015504086270416757,191.4801399230957,181.86243743896483,1.0528844912647708,44.68791896548299,2.8522330064853634,3.5951844177835808,-0.7429514112982174,0.7165082159305781,4.33,319.3084193548387,16.6,4.096774193548387,1
2025-01-17,194.85630798339844,196.0791264849475,192.61943710093595,195.3832141332428,27735100,0.01601770418449533,0.020620605852128993,0.0029679601052881033,0.01865874303301188,0.01588927850308282,191.50897064208985,182.3983660888672,1.0499489373100186,50.6115883555079,2.9217083567102407,3.460489205568913,-0.5387808488586723,1.1519931881665162,4.33,319.3315806451613,15.97,4.103225806451613,1
2025-01-21,196.89437866210935,201.10962849733664,196.71542107622028,197.9084311961374,29971300,0.010459351815721218,0.03685684846436543,0.05122095952272154,0.017953712690780877,0.013540287313312555,191.98865661621093,182.96512573242188,1.0493183105122752,58.28901414927122,3.1054259261943287,3.3894765496939963,-0.2840506234996676,1.2558152787164676,4.33,319.4242258064516,15.06,4.129032258064516,1
2025-01-22,197.2124786376953,199.31016710135967,196.3773837951304,197.8984548189993,26200600,0.0016155868834217824,0.045924138249713975,0.05230497190138972,0.016572076910567984,0.013534216848336722,192.47878036499023,183.4037924194336,1.0494809176290243,61.60856590381242,3.2393502202677382,3.359451283808745,-0.12010106354100669,1.11194859010694,4.33,319.4473870967742,15.1,4.135483870967742,0
2025-01-23,196.8247833251953,199.1312534169042,194.06100582652095,196.9838533666416,26951400,-0.00196587617162014,0.012426549855444335,0.034324214881665815,0.01143255992054575,0.013226836942388447,192.80536346435548,183.7504962158203,1.049278056032567,64.88347636051267,3.276433728071453,3.342847772661287,-0.06641404458983402,1.239874215659281,4.33,319.4705483870968,15.02,4.141935483870968,1
2025-01-24,199.04177856445312,199.7277396623471,196.8446672702301,196.9440898367529,23877500,0.011263801243946325,0.03784154070641699,0.028669858252337255,0.007411173690723221,0.012949413879891097,193.08273620605468,184.18920471191407,1.04828475972873,67.24256700193203,3.4450038033790236,3.3632789788048343,0.08172482457418928,1.1030228670233235,4.33,319.49370967741936,14.85,4.148387096774194,0
2025-01-27,190.69076538085935,195.7311886614368,189.61706547784132,191.28727038356465,41728900,-0.04195608200360601,-0.021377509641073544,-0.02192651310283722,0.02189934411976275,0.01608162689688667,192.86899032592774,184.421171875,1.045807205132899,50.02680821734614,2.8716373827392374,3.2649506595917153,-0.39331327685247786,1.7976049395160856,4.33,319.56319354838706,17.9,4.167741935483871,1
2025-01-28,194.160400390625,194.3393427841272,189.56734841729389,191.62527696108057,24157900,0.018195086704046126,-0.013885506991421659,-0.0015338146614853887,0.023407853597512546,0.016634438026044883,192.8540771484375,184.69730895996094,1.0441628967655658,47.80173564265241,2.666473465549899,3.145255220783352,-0.47878175523345323,1.0142206856450737,4.33,319.58635483870967,16.41,4.174193548387097,1
2025-01-29,194.269775390625,195.6417126982154,192.3013178788486,194.4188940643566,18218300,0.00056332290096206,-0.014921486040832321,0.013747824767965211,0.023365512097909675,0.016276960209341683,192.9858055114746,185.03005157470704,1.0429970908458368,49.88384006517256,2.4840704140135017,3.013018259429382,-0.5289478454158805,0.7659407908677212,4.33,319.6095161290322,16.56,4.180645161290323,1
2025-01-30,199.6979217529297,200.224827997416,196.5165967381764,196.84467301356952,24354700,0.02794128088834258,0.014597442350475553,0.050355562539696974,0.02714789261075229,0.017214171771991273,193.46449584960936,185.53689727783203,1.0427278815593546,59.0198180203906,2.745868070184372,2.9595882215803804,-0.21372015139600853,1.0026628220149674,4.33,319.6326774193548,15.84,4.187096774193549,1
2025-01-31,202.8295440673828,204.2810164474162,200.622496591671,200.82132655430863,32001100,0.01568179722134322,0.019030002295237436,0.0777602601030114,0.027544898947136746,0.017176424881111478,194.19620208740236,186.167744140625,1.0431248602374046,65.126288670782,3.1695042752297695,3.001571432310258,0.1679328429195115,1.2791879674122077,4.33,319.65583870967737,16.43,4.193548387096774,0
2025-02-03,200.0558013916016,202.5611012223486,198.932405354242,199.5189590127464,27838300,-0.013675239909131554,0.049111114489670316,0.06229210799344864,0.016359744238098828,0.017612165153214548,194.7827590942383,186.6873080444336,1.0433636926613024,62.35494026908599,3.244026054046543,3.050062356657515,0.19396369738902797,1.0964231932085353,4.33,319.6865714285714,18.62,4.2,1
2025-02-04,205.1757659912109,205.84185468330165,201.62658985975028,202.20320734762427,43856400,0.025592682461565763,0.056733327591127924,0.07607287788615813,0.017602702946593354,0.01821127038183067,195.50800323486328,187.25326446533202,1.0440832836378109,68.51194526257686,3.6738733296804185,3.174824551262096,0.4990487784183224,1.6454511977305466,4.33,319.6903571428571,17.21,4.2,0
2025-02-05,190.21356201171875,191.62527427419863,186.93281498241248,189.9550846125892,70373900,-0.0729238363371486,-0.02087928176552567,-0.02814040647903482,0.042208060537292896,0.024262948324094008,195.23261947631835,187.5624786376953,1.0408937912013791,46.115603562101235,2.7752146289818995,3.094902566806057,-0.3196879378241575,2.4525966216195023,4.33,319.6941428571428,15.77,4.2,1
2025-02-06,190.4820098876953,190.979092361129,187.61880998639617,188.3942574313725,29297400,0.0014112972447255512,-0.04614926276817488,-0.01989875540134367,0.03880115475366869,0.024228773490805326,195.03925399780275,188.04289672851561,1.0372061768405325,48.739177513158346,2.0609255672135873,2.888107166887563,-0.8271815996739758,1.0160663713223284,4.33,319.6979285714286,15.5,4.2,0
2025-02-07,184.25852966308597,190.0644493766904,182.17079235327276,189.93521824759105,49315000,-0.032672272978842454,-0.09155971083841363,-0.044392927177850594,0.03717088637028358,0.02522807596540273,194.61126556396485,188.45584503173828,1.0326624018012809,40.33022821427718,0.9813510927286586,2.5067559520557823,-1.5254048593271237,1.6407350785932564,4.33,319.7017142857143,16.54,4.2,1
2025-02-10,185.3819274902344,187.10182849533743,184.77548630303588,186.2567974441607,23105600,0.006096856569964837,-0.07334890465207577,-0.029004413009618757,0.03882138334937436,0.025217582082519004,194.33439025878906,188.83386505126953,1.0291289128993155,39.31733935939155,0.21396292835797226,2.0481973473162203,-1.834234418958248,0.7733142070915473,4.33,319.7130714285714,15.81,4.2,0
2025-02-11,184.23866271972656,185.8492051447597,183.2047226379184,183.95034637836025,21239500,-0.0061670778051872155,-0.10204471844097429,-0.029788861973098046,0.032744225454218574,0.02522526814536263,194.05155181884766,189.15982452392578,1.0258602867032325,38.14288359930026,-0.48090604739581977,1.5423766683738125,-2.023282715769632,0.7115539108580189,4.33,319.7168571428571,16.02,4.2,0
2025-02-12,182.53863525390625,184.0298827457132,180.769022777209,182.15091151282655,22072600,-0.009227311144819117,-0.04034899865520447,-0.03189916736471732,0.015006818825795338,0.025256304591277333,193.7508171081543,189.4495983886719,1.0227037626686233,37.249364209365694,-1.1554533784091632,1.0028106590172174,-2.1582640374263806,0.733446765496973,4.33,319.7206428571429,15.89,4.2,1
2025-02-13,185.05386352539065,185.1930460118556,182.07136866992408,183.244491201346,21402500,0.013779155672911658,-0.02849689776743214,-0.048120661325028236,0.01773941787638587,0.024371014405546062,193.28306274414064,189.7952374267578,1.0183767799691432,37.58165224313039,-1.470132326880588,0.5082220618376565,-1.9783543887182444,0.711621719482891,4.33,319.7244285714286,15.1,4.2,0
2025-02-14,184.14915466308597,185.3123257408716,183.24447616019845,183.980148455519,20448400,-0.004888894752421935,-0.0005935953152345075,-0.03981142163360307,0.009670587218513464,0.024236063500608862,192.90130233764648,190.0723370361328,1.0148836245485628,43.30757484412066,-1.7720925253610744,0.052159144397910306,-1.8242516697589848,0.6769352594007015,4.33,319.7282142857143,14.77,4.2,0
2025-02-18,182.6976776123047,184.8749010476211,180.67952419275375,184.51700109702452,29916700,-0.007882072841642218,-0.014479566127453936,-0.062397930541359004,0.009456176020953458,0.023901153381476498,192.2933708190918,190.32338623046874,1.0103507226707156,37.767899449473155,-2.1042635849125304,-0.37912540146417784,-1.7251381834483526,0.9868157169057012,4.33,319.7433571428571,15.35,4.2,1
2025-02-19,184.1889495849609,184.37784335780145,182.518744534888,182.99595464619665,19549400,0.008162511927605198,-0.00026983008903658234,-0.06452916108362972,0.010340003943506915,0.023838829933480084,191.65809936523436,190.5440835571289,1.0058464990741707,39.55072963018843,-2.2215694874841176,-0.7476142186681658,-1.4739552688159518,0.6561235067068453,4.33,319.7471428571429,15.27,4.2,0
2025-02-20,183.4830780029297,184.22870170428732,181.65381816300632,183.72168304847523,20441500,-0.003832323185629649,0.005173933439952316,-0.06961730175293979,0.009374261888153424,0.02381379151866613,190.97162933349608,190.78502197265624,1.0009781027824427,31.368548766033797,-2.344467634361962,-1.066984901806925,-1.2774827325550369,0.6927596005740942,4.33,319.7509285714286,15.66,4.2,0
2025-02-21,178.61167907714844,184.25852872808807,178.0350615841012,184.0696349598782,35199200,-0.026549581458969573,-0.03481248283885896,-0.09253460839814598,0.012523546610840262,0.024367952259081137,190.06097412109375,190.88742126464842,0.9956704997213573,23.242580917513536,-2.8026394001051074,-1.4141158014665616,-1.3885235986385458,1.1764540734645421,4.33,319.7547142857143,18.21,4.2,0
2025-02-24,178.2040557861328,182.05146903999804,177.8461558204417,180.92807303443476,29854200,-0.0022821760207492048,-0.032284149703701526,-0.10469019584033057,0.012686498028377385,0.02409184091582519,189.01908798217772,190.96456848144533,0.9898123483600224,24.524856870025232,-3.1621839303825254,-1.7637294272497543,-1.398454503132771,0.9879420191057984,4.33,319.7660714285714,18.98,4.2,0
2025-02-25,174.3964080810547,177.6970428900285,173.67067193850428,177.0011153116827,41913400,-0.021366784769746072,-0.04543719241393851,-0.08544911583558101,0.014380196675485794,0.022847758881242245,188.2043701171875,190.7707064819336,0.9865475344088578,12.98426852148178,-3.7115860553026323,-2.1533007528603303,-1.558285302442302,1.3865845347660102,4.33,319.7698571428572,19.43,4.2,0
2025-02-26,171.7220916748047,175.05255001700533,170.57880815600546,174.04844897153603,35431300,-0.015334698894756249,-0.06768515667334118,-0.11556583459179837,0.010655415086530182,0.022342389255669094,187.08245468139648,190.31995178222655,0.9829891870478479,18.431835717809832,-4.313067820279343,-2.585254166344133,-1.7278136539352102,1.1506855632420276,4.33,319.7736428571429,19.1,4.2,0
2025-02-27,167.5167999267578,173.54143730705212,166.96006996247044,172.97477115402882,39991000,-0.024488938534539595,-0.0870177143851758,-0.1377104359650082,0.009755647445852588,0.022662195409486954,185.74480590820312,189.8534896850586,0.978358660756401,15.439870967386383,-5.070627316099234,-3.0823287962951533,-1.9882985198040806,1.2544187040789232,4.33,319.7774285714286,21.13,4.2,1
2025-02-28,169.28639221191406,169.61446843814767,165.79687899247813,167.6957223580091,48130600,0.0105636705448644,-0.05220983819992231,-0.15228766165449326,0.014563045091651903,0.021552694970000164,184.22422943115234,189.4649691772461,0.9723392679456696,23.98061249167347,-5.465207852001498,-3.558904607436422,-1.906303244565076,1.4554641974785978,4.33,319.7812142857143,19.63,4.2,0
2025-03-03,166.03549194335938,172.35838197888094,164.96179191810995,170.92678194521508,40770500,-0.019203553375307214,-0.06828443824745067,-0.18140381024472418,0.014111288828934846,0.02093811176433552,182.38452682495117,188.87542938232423,0.9656339494311137,18.693690579425265,-5.971401651103065,-4.041404016169751,-1.929997634933314,1.216762163070393,4.33,319.8183548387097,22.78,4.2,1
2025-03-04,169.92266845703125,172.27883449293637,164.8325488565178,165.2699838540156,45388000,0.023411720398900826,-0.025652705082917615,-0.15062363962935466,0.020843577039119415,0.022177267671760707,180.87787017822265,188.38828887939454,0.9601333036897,28.723369997328547,-5.989853918241806,-4.4310939965841625,-1.5587599216576438,1.319999749889886,4.33,319.83503225806453,23.51,4.2,1
2025-03-05,172.0104217529297,172.7659816444027,168.07352192530007,169.525009408903,30954900,0.012286490759920943,0.0016790505829094027,-0.16164357461057033,0.021082112457095986,0.021302259181781004,179.2196029663086,188.08248413085937,0.9528776897779361,34.53109957954575,-5.769505956717694,-4.698776388610869,-1.0707295681068247,0.917460042715157,4.33,319.85170967741936,21.93,4.2,0
2025-03-06,171.34432983398438,173.78996703932643,169.50511866618623,169.5349424001719,28302000,-0.0038723928013040254,0.022848633145452046,-0.09920024617683088,0.016484174301455795,0.014977469563452417,178.27614135742186,187.76117065429688,0.94948354197078,28.699416127475132,-5.584254846986823,-4.875872080286061,-0.7083827667007627,0.8946084997290287,4.33,319.8683870967742,24.87,4.2,1
2025-03-07,172.8455047607422,173.94902837231132,169.2764565211612,170.26067003299855,27385800,0.008761159054474055,0.02102420934325777,-0.09258882315107486,0.016341252543387415,0.015233692654985979,177.39431610107422,187.41221832275392,0.9465461627244215,32.75704432543549,-5.255725010767009,-4.951842666382251,-0.3038823443847578,0.8682712332246004,4.33,319.88506451612903,23.37,4.2,0
2025-03-10,165.09205627441406,167.66992058295483,162.922287876859,167.47084644350338,43604000,-0.04485768083503627,-0.005682132524214456,-0.10401946343389112,0.02645460068479479,0.016592878302324695,176.4359924316406,186.84417297363282,0.9442948614540899,27.474641933717976,-5.556944248982603,-5.072862982902322,-0.4840812660802811,1.3951023282473827,4.33,319.9350967741936,27.86,4.2,0
2025-03-11,163.27061462402344,165.96791089272386,160.61313925258565,164.13654448642717,39587400,-0.011032884873412918,-0.03914753630819967,-0.11927437137784502,0.02278635689525422,0.016412330065669885,175.33042678833007,186.2102716064453,0.9415722627744739,23.460443030623125,-5.874915416288303,-5.233273469579518,-0.641641946708785,1.2340540871647296,4.33,319.95177419354843,26.92,4.2,1
2025-03-12,166.3262481689453,166.85376123322993,162.76303668655365,165.7987351046607,28372400,0.018715146947650974,-0.03304551855671245,-0.09722397181112064,0.024328278565056007,0.01733233682399264,174.434806060791,185.64762329101563,0.9396016117445912,29.457568283548,-5.81333327978146,-5.349285431619906,-0.4640478481615542,0.8747251107495763,4.33,319.96845161290327,24.23,4.2,0
2025-03-13,161.9966278076172,165.3508323726828,161.34968247166375,165.261242942738,31756200,-0.026030890547896757,-0.05455507068967025,-0.11253512122360121,0.025718199282091913,0.01794662309738903,173.40770568847657,185.0548516845703,0.9370611151771014,29.84476781808678,-6.044219175675124,-5.48827218043095,-0.5559469952441738,0.9646485097039882,4.33,319.9851290322581,24.66,4.2,1
2025-03-14,164.7138214111328,165.70913119386128,161.68807116679395,162.50423247849787,31995900,0.0167731491716141,-0.04704596374007808,-0.10991417161883277,0.02744053082388703,0.01813006052433267,172.39070358276368,184.5466458129883,0.9341307874945453,34.503702581921644,-5.939476508352101,-5.578513046015181,-0.3609634623369198,0.9565394425769604,4.33,320.00180645161294,21.77,4.2,0
2025-03-17,163.5194549560547,165.52003755245735,162.90236768488202,164.2559897412009,31184300,-0.007251161103820958,-0.009525602587113102,-0.11202712141022197,0.019156751361691204,0.01813255325032077,171.3592185974121,184.0531265258789,0.9310312833687074,36.7075417515123,-5.885003919163893,-5.639811220644924,-0.2451926985189692,0.917551370127523,4.33,320.05183870967744,20.51,4.2,0
2025-03-18,159.91644287109375,163.47965420375513,155.98497172829607,162.9123202600298,42074800,-0.02203414930614367,-0.020543634019223878,-0.12469361974898263,0.021027698590569084,0.018492065781018356,170.22015686035155,183.48496215820313,0.927706308234598,35.892820480467705,-6.062680160404653,-5.72438500859687,-0.3382951518077837,1.2162336382194312,4.33,320.0685161290323,21.7,4.2,1
2025-03-19,163.12135314941406,165.09206267109968,160.24490789469397,161.0013380173548,34275600,0.020041155373270447,-0.019268726703171257,-0.1143803495433312,0.02139049288450983,0.019165380736648502,169.16677703857422,182.93397155761718,0.9247422750306012,44.61900396093314,-5.8771324621328915,-5.754934499304074,-0.12219796282881745,0.9701378265047487,4.33,320.0851935483871,19.9,4.2,0
2025-03-20,162.0364532470703,164.11664727374668,160.20508669307458,160.81222633390425,28138500,-0.006650876058819977,0.0002458411634371771,-0.11688611826926587,0.01778446969202665,0.019159899076971288,168.09444580078124,182.26027587890624,0.922276919587586,40.97314734950242,-5.751329186897465,-5.754213436822752,0.002884249925287463,0.787851213058756,4.33,320.10187096774195,19.8,4.2,1
2025-03-21,163.22088623046875,163.4697137211131,160.1354192715889,160.45392574948156,36625800,0.0073096698900982915,-0.009063812422502315,-0.08616901720089587,0.01598948656571773,0.018741788311242062,167.32490615844728,181.63770721435546,0.9212013778668916,46.305434111191495,-5.492738471876152,-5.701918443833432,0.20917997195728066,1.023443540542708,4.33,320.1185483870968,19.28,4.2,1
2025-03-24,166.89356994628906,167.53058291242263,164.36548928265282,166.28644543898992,30879100,0.02250130973210407,0.020634333640245694,-0.06346929529717182,0.018718418097098115,0.019679957434622558,166.75938186645507,181.11921264648439,0.9207161373428815,46.00136567718856,-4.934565980248408,-5.548447951116428,0.6138819708680199,0.8616283101143127,4.33,320.1685806451613,17.48,4.2,1
2025-03-25,169.7600555419922,169.82973452544573,167.53057106706197,168.1874640642974,24174400,0.017175530469062616,0.061554725043710734,-0.026585137790840596,0.011953553673624896,0.019682930137912873,166.52756423950194,180.6960250854492,0.9215895267245245,47.08919520629056,-4.212351462304525,-5.281228653354047,1.0688771910495216,0.6916630008333066,4.33,320.1852580645162,17.15,4.2,0
2025-03-26,164.2858428955078,168.81450579137277,164.0668735115514,168.20736616989782,28901600,-0.03224676517103442,0.007138794054921238,-0.04330397275488074,0.021941633467623817,0.02066279417301272,166.1557518005371,180.18383331298827,0.9221457260925086,41.879986308222975,-4.035199199677095,-5.0320227626186576,0.9968235629415627,0.8347119276908005,4.33,320.201935483871,18.33,4.2,0
2025-03-27,161.4790802001953,164.6441583248392,161.24020036188836,163.85787020298363,24508300,-0.017084629118637507,-0.003439800339403387,-0.03604247292929619,0.02337401217266968,0.02030195629408727,165.85386581420897,179.6423483276367,0.9232448103590812,37.305503635325024,-4.074320813487589,-4.840482372792444,0.7661615593048552,0.7240157864705415,4.33,320.21861290322585,18.69,4.2,0
2025-03-28,153.60617065429688,161.06104688273138,152.90945679818688,159.73728296251087,48669300,-0.048754981364384276,-0.058906159611189945,-0.09262541042276196,0.03093444538111199,0.02262580617997059,165.06985473632812,178.82629272460937,0.9230737394446463,37.20622322870525,-4.686579012430883,-4.809701700720132,0.1231226882892491,1.4366286236504293,4.33,320.2352903225807,21.65,4.2,1
2025-03-31,153.91473388671875,154.81050678909716,149.9534044396659,152.39191084034044,54603500,0.0020087945107121197,-0.07776714263915174,-0.07300100668100196,0.026280762955616817,0.02240139079998133,164.46381683349608,178.06890014648437,0.9235965218980048,39.21529379607686,-5.088245445912008,-4.865410449758508,-0.22283499615350078,1.5795469305093075,4.33,320.2853225806452,22.28,4.2,1
2025-04-01,156.33334350585938,157.35851155491952,152.89951197653428,152.89951197653428,30672900,0.015713957709342585,-0.07909229290285869,-0.07997358489346129,0.025826768825907984,0.02197601073785833,163.7843505859375,177.29844085693358,0.9237777263822589,38.30929183650663,-5.1520181470166335,-4.922731989210133,-0.2292861578065004,0.9065881326803875,4.33,320.302,21.77,4.2,0
2025-04-02,156.30345153808594,157.6670363544579,153.97443014331054,154.42231653657922,25041700,-0.00019120660444593707,-0.04858843109505784,-0.09131406140846943,0.02476489055073169,0.021666445744157454,162.9990020751953,176.48662231445311,0.9235770957459518,42.59451859250044,-5.145654600900883,-4.967316511548283,-0.1783380893526001,0.7466737035289417,4.33,320.31260000000003,21.51,4.203333333333333,0
2025-04-03,150.01312255859375,152.06345870326516,149.68466844019127,150.4012928463012,46883400,-0.04024433828935281,-0.07100583943992322,-0.12449321956587911,0.028399501356710443,0.023086468007506463,161.93244171142578,175.5426351928711,0.9224678753028197,32.50419586947024,-5.583821603295007,-5.090617529897628,-0.49320407339737926,1.3602502934350198,4.33,320.32320000000004,30.02,4.206666666666667,0
2025-04-04,144.91712951660156,150.36147595978116,144.69816012059908,147.31581486644404,62259500,-0.03397031509694581,-0.05656700574386886,-0.16157999181291927,0.024402840065593723,0.02358448236155124,160.53602294921876,174.50448211669922,0.9199535794264636,29.742073778664007,-6.269999507628285,-5.32649392544376,-0.9435055821845246,1.7193803000958563,4.33,320.3338,45.31,4.21,1
2025-04-07,146.06173706054688,152.13313390933345,139.87090787612016,140.88612829073566,76794100,0.007898359205453342,-0.05102173539767596,-0.11527095635804074,0.025332495798316864,0.022215191646714757,159.5845069885254,173.4448812866211,0.9200877293392639,34.05866667415761,-6.644842568684339,-5.590163654091876,-1.054678914592463,2.0278381782276624,4.33,320.36560000000003,46.98,4.22,0
2025-04-08,144.02133178710938,151.52597653644034,142.3591661655056,150.5107562403341,52200200,-0.013969471502257247,-0.078754867276849,-0.11789802397229265,0.02083174998995414,0.022260784633550655,158.62204284667968,172.5114926147461,0.919486814718574,27.41822411781918,-7.025565700228299,-5.877244063319161,-1.148321636909138,1.3558291012536825,4.33,320.37620000000004,52.33,4.223333333333334,1
2025-04-09,157.9656524658203,158.8017091980402,143.23506183090237,143.74266444963052,70406200,0.09682121742439698,0.01063444800084512,-0.0502662435734903,0.05556703877976813,0.03168423392631294,158.20401306152343,171.78759765625,0.9209280251889455,46.30935134758256,-6.131422165669193,-5.928079683789168,-0.2033424818800249,1.7340461178705178,4.33,320.3868,33.62,4.226666666666667,0
2025-04-10,152.10328674316406,156.9802998367147,149.22682616408144,155.8058260987939,48022000,-0.03711164820418611,0.013933208968128108,-0.06107127783056199,0.05496764488171428,0.03221695045400416,157.70934600830077,170.94426788330077,0.922577562623889,40.70872047901284,-5.828661708597849,-5.908196088750905,0.07953438015305547,1.1595160320802171,4.33,320.3974,40.72,4.23,1
2025-04-11,156.40301513671875,156.93052822964722,152.10328376963045,152.1828952060654,33636200,0.028268477858831798,0.07925830202703099,-0.05045603461333059,0.05115298240458531,0.03268115398375117,157.29380569458007,170.07836975097655,0.9248313346658059,41.323693062402214,-5.182034450624826,-5.762963761125689,0.5809293105008626,0.8105583049802675,4.33,320.408,37.56,4.233333333333333,1
2025-04-14,158.32395935058594,160.96152461511218,156.82103162226488,159.24959030436233,30333000,0.012282015229617027,0.08395232411179676,-0.03177295085080256,0.05100860279462235,0.032810365954464196,157.03403091430664,169.18825805664062,0.9281615208883763,40.39139246322587,-4.463125414347417,-5.502996091770035,1.039870677422618,0.7317089938838507,4.33,320.4398,30.89,4.243333333333333,0
2025-04-15,155.57687377929688,158.90120489566414,154.48204210198045,158.3836547299025,27551500,-0.017351041387273725,0.08023493359489797,-0.02713647836260924,0.05154574376639588,0.03266960178842206,156.8170524597168,168.29867950439453,0.9317782701653465,42.331293454248105,-4.068156495152039,-5.2160281724464355,1.1478716772943969,0.6764616915188353,4.33,320.4504,30.12,4.246666666666667,0
2025-04-16,152.61085510253906,155.15884578806632,150.7993839571337,152.38193809849218,28187400,-0.019064650193225008,-0.03389849172711701,-0.06443361242379908,0.026335594789156522,0.03252161638508332,156.29152755737306,167.2473812866211,0.9344931224335741,42.21290037666116,-3.948952632445099,-4.962613064446169,1.0136604320010694,0.697286269713636,4.33,320.461,32.64,4.25,0
2025-04-17,150.4510498046875,153.9545297569088,147.8035217962651,153.56635949907425,33046600,-0.01415237006830472,-0.010862598526660827,-0.07149874741282813,0.021181911536418876,0.03261109999184721,155.7122573852539,166.45213104248046,0.9354777040704536,46.920551558652996,-3.9828491440281653,-4.766660280362568,0.7838111363344025,0.8125580052144298,4.33,320.4716,29.65,4.253333333333333,0
2025-04-21,146.97740173339844,148.25139710913984,145.4147731874503,148.18173331794077,26049100,-0.023088227538448414,-0.06026490854464006,-0.09951841870368494,0.014101089948701849,0.03280290995730549,154.90008316040038,165.58203887939453,0.9354884394993191,43.623043305433285,-4.241117776806874,-4.661551779651429,0.420434002844555,0.6489399865474204,4.33,320.514,33.82,4.266666666666667,1
2025-04-22,150.7595977783203,151.4762221498679,147.84333175770095,148.19169631147875,26971800,0.02573318074966635,-0.047777743831654784,-0.09667222154311339,0.0200046687092115,0.03295172952944288,154.09338455200196,164.9120602416992,0.9343973043945899,45.001782922421945,-4.09341952509493,-4.54792532874013,0.45450580364519944,0.6752126984587928,4.33,320.5246,30.57,4.27,1
2025-04-23,154.62139892578125,156.79116721631257,153.08861317606707,154.8801740321897,31128800,0.025615623843328272,-0.006141496678169989,-0.08917678877918489,0.02454720058852196,0.0332970636121233,153.3364517211914,164.29684967041015,0.9332890559301289,48.58862743682145,-3.622988956861093,-4.362938054364323,0.7399490975032297,0.7725541841824787,4.33,320.53520000000003,28.45,4.273333333333333,1
2025-04-24,158.532958984375,158.84150262211006,155.0593219807129,155.41763415068155,45894000,0.02529766310335413,0.03880525980839877,-0.03501752682847947,0.024398359805438235,0.03322706462836348,153.04880752563477,163.78273559570312,0.9344623959843668,57.44604525695948,-2.9010970943757,-4.0705698623665985,1.1694727679908983,1.1154759712927906,4.33,320.5458,26.47,4.276666666666666,1
2025-04-25,161.20037841796875,165.32096029371863,160.28468005693816,164.2957924367795,56034000,0.016825645914151144,0.07144734867078562,-0.0017259311972860347,0.021117047985239046,0.033242634271617666,153.03487243652344,163.3559704589844,0.9368183605811189,64.8618860243213,-2.0896657704394954,-3.674389043981178,1.5847232735416825,1.3116800244198987,4.33,320.5564,24.84,4.28,0
2025-04-28,159.85671997070312,162.38480037619334,157.85615258510526,161.66817604969367,29745800,-0.008335330601902946,0.08762788078582595,0.040692045702210855,0.014673566943057218,0.031264994558590886,153.34739990234374,162.85202758789063,0.941636417879923,62.545237164856445,-1.5373015520897013,-3.246971545602883,1.7096699935131818,0.7120805178741287,4.33,320.58820000000003,25.15,4.29,0
2025-04-29,159.40882873535156,159.98611026905985,156.78121134684457,159.56808195579998,26809000,-0.002801829259562183,0.057371013749646815,0.035695704432536335,0.015935888317806787,0.03128705901996295,153.6221046447754,162.35722106933594,0.9461981649659417,64.41088753067066,-1.122747672703099,-2.8221267710229268,1.6993790983198278,0.6638625414031918,4.33,320.5988,24.17,4.293333333333333,0
2025-04-30,158.0552215576172,158.5230184445377,154.67115864825115,157.23906011670073,34981100,-0.008491419129498912,0.022207939235397767,0.01101414460372796,0.015582873013354965,0.03120520442011011,153.70819854736328,161.8643719482422,0.9496110644812749,50.10977215265623,-0.8931399617470674,-2.436329409167755,1.5431894474206875,0.86162955183125,4.33,320.6094,24.7,4.296666666666667,1
2025-05-01,160.5435028076172,161.19044821971175,158.1647125629629,159.69748324974734,30203200,0.015743113232693284,0.012682181901621847,0.02712704823730716,0.012717021118053258,0.03137617553322031,153.92020111083986,161.3914630126953,0.9537072050628368,61.276582037971195,-0.5045742769610229,-2.0499783827264086,1.5454041057653858,0.7392445500870173,4.33,320.62,24.6,4.3,1
2025-05-02,163.26068115234375,164.19627488526416,161.11080813038504,162.64359387625743,25715000,0.016924872680662784,0.012781004328866752,0.08830933166247257,0.012744840968133808,0.029914780685868538,154.58257904052735,160.9870150756836,0.960217685680144,59.56676410309245,0.022362629239410126,-1.635510180333245,1.6578728095726551,0.6461310968964225,4.33,320.6462903225806,22.68,4.293548387096774,1
2025-05-05,163.43983459472656,164.61429290949133,161.95681747402023,162.2355030126838,21341800,0.0010973459201462088,0.02241453862358811,0.1278158430263625,0.01134081827678551,0.028527304099805976,155.5087142944336,160.68357818603516,0.9677946934589031,57.50143641385187,0.44924153258665456,-1.218559837749265,1.6678013703359196,0.5653076587694497,4.33,320.7251612903226,23.64,4.274193548387097,0
2025-05-06,162.4644317626953,164.02707560554774,160.43400623609975,161.40940569190968,21277200,-0.005967962672318583,0.019168342503893765,0.11229973730456888,0.011923484532094023,0.02865735730586692,156.328849029541,160.3687857055664,0.9748084600238688,60.6527447308936,0.700761341684256,-0.8346956018625609,1.5354569435468168,0.6083250575847718,4.33,320.7514516129032,24.76,4.267741935483871,0
2025-05-07,150.67001342773438,164.22612903746054,147.14660797263102,163.3104457768094,127490100,-0.07259692602863699,-0.046725492882186304,0.04616456158350912,0.03687828387325004,0.033385242155397905,156.66128311157226,159.8942578125,0.979780545310646,47.64209267310816,-0.05103014334079603,-0.677962510158208,0.6269323668174119,3.2908152795512993,4.33,320.7777419354839,23.55,4.261290322580645,1
2025-05-08,153.556396484375,155.19865159825923,152.18286408476257,154.27302076354474,57498700,0.019156984133574806,-0.04352157640172449,-0.02791275136472693,0.037476728682943994,0.025443593665028554,156.4408203125,159.5309439086914,0.9806299422514541,53.70720390204379,-0.4092062465390143,-0.6242112574343693,0.21500501089535506,1.5093180182652608,4.33,320.8040322580645,22.48,4.254838709677419,0
2025-05-09,152.03359985351562,154.32281585111178,151.4861763255997,153.44693820644628,32435300,-0.009916855733289709,-0.06876782100615997,-0.00045815505463797646,0.034790345174533006,0.024109528405291115,156.43733596801758,159.22127990722657,0.9825152521017849,56.33105041064713,-0.8066418848792409,-0.6606973829233437,-0.14594450195589725,0.869195058054779,4.33,320.83032258064515,21.9,4.248387096774193,1
2025-05-12,157.71681213378906,158.35380985703912,155.5171705905775,156.7513603237849,44138800,0.03738129127869905,-0.03501608084178853,0.008400074614430375,0.04172693438004376,0.02474448462739974,156.5030258178711,158.98988830566407,0.9843583606838451,58.3155088796419,-0.655468919512856,-0.6596516902412461,0.004182770728390128,1.166409145911075,4.33,320.9091935483871,18.39,4.229032258064516,1
2025-05-13,158.7817840576172,159.81691483841985,155.42759461947415,158.0452492784777,42382100,0.006752431205144571,-0.0226674088914256,0.0028916956657043524,0.04214468732467113,0.024639102300106706,156.52591705322266,158.84481414794922,0.9854014932299475,55.328917048664735,-0.4446038054929602,-0.616642113291589,0.17203830779862883,1.1024354474481302,4.33,320.93548387096774,18.22,4.22258064516129,1
2025-05-14,164.59439086914062,166.21675084206151,158.86141139731794,159.209775932056,48755900,0.03660751669986406,0.09241638149906173,0.05796180930230088,0.02018087776860671,0.025526891104319775,156.97679290771484,158.7382485961914,0.9889033947139139,57.40336940696558,0.18935434920823013,-0.45544282079162524,0.6447971699998554,1.2341926958050247,4.33,320.9617741935484,18.62,4.216129032258064,0
2025-05-15,163.19100952148438,165.43045668169412,161.60845531931332,165.06218171025907,33146700,-0.008526301171295714,0.06274315663619867,0.06932766618623898,0.023333978293152494,0.025150503475550545,157.50580062866212,158.5618603515625,0.9933397620300437,52.508801902764844,0.5719366780162147,-0.2499669210300573,0.821903599046272,0.833832047242609,4.33,320.98806451612904,17.83,4.209677419354838,1
2025-05-16,165.41053771972656,168.5557203255822,164.84320384513654,166.9433081258995,42846900,0.013600799484912773,0.08798672056111023,0.09943093075428289,0.019798219248359675,0.024879999909685407,158.25377502441407,158.44318450927733,0.9988045589625714,56.848311154444914,1.0422192514091364,0.008470313457781459,1.033748937951355,1.0647238668101808,4.33,321.01435483870966,17.24,4.203225806451613,1
2025-05-19,165.75888061523438,165.85841766604332,163.44976987123945,163.7384030190307,30426100,0.002105929285460828,0.05099055942510011,0.12778480678208992,0.01685937566563508,0.02400264752421618,159.19284896850587,158.3014520263672,1.005631009259411,57.84940338747504,1.4265851538354468,0.29209328153331454,1.1344918723021322,0.7519837256091435,4.33,321.09322580645164,18.14,4.183870967741935,0
2025-05-20,163.2108917236328,167.70969613346296,162.13595535028108,165.6493976210667,46607700,-0.01537165841217314,0.027894305964016874,0.08259038979144218,0.02047569044623071,0.02401183082934269,159.81541366577147,158.26382873535155,1.0098037874024548,56.19022423765865,1.5082107765905732,0.5353167805447663,0.972893996045807,1.124624211958089,4.33,321.11951612903226,18.09,4.177419354838709,1
2025-05-21,167.76943969726562,172.32796100800184,162.79289003758296,162.9222851886465,73416000,0.02793041521611106,0.019290139909137638,0.08503377192826633,0.017324717838636355,0.024125519663165097,160.4728157043457,158.3538052368164,1.0133814938287105,58.26503097037002,1.918619740730236,0.8119773725818602,1.1066423681483757,1.6855050833075627,4.33,321.1458064516129,20.87,4.170967741935484,1
2025-05-22,170.068603515625,175.94094123693523,169.90936546851952,171.0440181854767,74864400,0.013704306472669403,0.04214444174533516,0.07276496070692118,0.016134807004366036,0.023732315754683687,161.0495979309082,158.42865234375,1.0165433811901108,57.86208695161836,2.4017096925523163,1.1299238365759514,1.2717858559763648,1.663439304142867,4.33,321.1720967741936,20.28,4.164516129032258,0
2025-05-23,167.6798553466797,169.1628725233235,167.10257379846712,168.26708452621156,35211400,-0.014045791636819405,0.013719305059017861,0.04019517194873212,0.018472224935650376,0.0238436106209571,161.37357177734376,158.54231689453124,1.0178580390287597,54.658801011854145,2.562273650530642,1.4163937993668896,1.1458798511637525,0.8009023611236843,4.33,321.1983870967742,22.29,4.158064516129032,1
2025-05-27,172.08908081054688,172.35781874405163,169.20268808863054,169.36194132235366,37995700,0.026295498971841802,0.03818920694817196,0.07652077962118553,0.02119135921329749,0.024287943284226544,161.98518981933594,158.68982208251953,1.0207660938399867,59.8332484744895,3.0106050090212477,1.7352360412977612,1.2753689677234865,0.8561995468163743,4.33,321.3035483870968,18.96,4.132258064516129,0
2025-05-28,171.5515899658203,174.44794499757612,171.1037036135498,172.34784080720212,34784000,-0.0031233291629833015,0.05110380902955258,0.07617370585306782,0.01837845866883718,0.024292773360299016,162.5923278808594,158.85046478271485,1.0235558838512866,77.70734217892874,3.284676119837428,2.0451240570056948,1.2395520628317334,0.7768463864661138,4.33,321.3298387096774,19.31,4.125806451612903,0
2025-05-29,171.053955078125,173.60194591853366,169.8297281889271,173.1839175950813,29317300,-0.0029007885487651874,0.019577554689257815,0.08224172154773934,0.015931691312960967,0.024173794039833354,163.24226455688478,159.07321502685548,1.0262083690791404,74.78854338340963,3.422274621659767,2.3205541699365093,1.1017204517232577,0.6589236013131587,4.33,321.3561290322581,19.18,4.119354838709677,0
2025-05-30,170.9345245361328,171.4023213954702,166.65468900773928,170.5463542897915,52639900,-0.000698203920146967,0.005091598346829818,0.06472402524421939,0.015010699336806035,0.024041308876722536,163.76181564331054,159.22947845458984,1.0284641840990094,77.88547040948964,3.4815522123683706,2.5527537784228818,0.9287984339454889,1.1540155498629274,4.33,321.3824193548387,18.57,4.112903225806451,0
2025-06-02,168.23721313476562,169.0732697161459,166.60490568135657,167.05279205086583,38612300,-0.01577979292765408,0.003323940057877506,0.030482121888111724,0.015461520186716718,0.02418623807694829,164.01064224243163,159.35349365234376,1.0292252681968066,67.02089368301463,3.2731488202233834,2.6968327867829824,0.5763160334404009,0.8346906246004192,4.33,321.4594666666667,18.36,4.1066666666666665,0
2025-06-03,165.40060424804688,167.68982022650283,164.50483134601953,166.70447307171773,45084900,-0.01686076958756144,-0.03886636229908946,0.011996889608841821,0.007779095934422667,0.0245438212917117,164.10868072509766,159.39708801269532,1.029558838063761,60.12795038887112,2.846286777633935,2.7267235849531732,0.11956319268076188,0.9502246421606452,4.33,321.4839333333333,17.69,4.113333333333333,1
2025-06-04,167.2618408203125,167.43104169003885,165.57976456796413,165.9579872104258,26900800,0.011252900681513633,-0.025005592465581317,0.02952898062404552,0.011661375068399754,0.024592688138119333,164.34855117797852,159.40445343017578,1.0310160578416236,54.64313906309595,2.627889100143392,2.7069566879912172,-0.0790675878478253,0.5636301732220773,4.33,321.5084,17.61,4.119999999999999,1
2025-06-05,167.4210662841797,170.12829493792012,166.80396388771035,169.54106580736408,36379100,0.0009519533151511883,-0.02123826246686944,0.11117708477858201,0.011958056306393629,0.0173116075412299,165.18610382080078,159.35767364501953,1.0365745184556627,57.6964742712363,2.43953410093485,2.653472170579944,-0.21393806964509388,0.8426510578566763,4.33,321.5328666666667,18.48,4.126666666666666,1
2025-06-06,172.86541748046875,173.68157889465496,170.0287933558417,170.0287933558417,35731800,0.032518913641655045,0.011296096850977433,0.1257454683632051,0.020549333200926116,0.018108891350479956,166.15155487060548,159.52926513671875,1.0415114413534805,62.13939948407372,2.698468779880727,2.6624714924401007,0.03599728744062647,0.8490619502419633,4.33,321.5573333333333,16.77,4.133333333333333,1
2025-06-09,175.47630310058594,175.8549836240846,173.76229627558533,173.93170198198985,28935900,0.015103573972001572,0.04302906491931413,0.15419422594516852,0.018222184067989894,0.017806318570862723,167.32369003295898,159.80920959472655,1.0470215731451837,64.73772563953862,3.078861825333348,2.7457495590187504,0.3331122663145978,0.690447860877234,4.33,321.6307333333333,17.16,4.153333333333333,1
2025-06-10,177.9775390625,180.478785591731,174.30039723040252,175.58589455754145,61766100,0.014253981407850391,0.0760392313657563,0.12846269623763407,0.0113874841599691,0.016452553299234684,168.33672637939452,160.29663696289063,1.0501575676747679,72.42733197467274,3.5413326148824638,2.904866170191493,0.6364664446909707,1.4434620036106356,4.33,321.6552,16.95,4.16,0
2025-06-11,176.73190307617188,179.74136677669094,176.133988123354,179.14346702948194,31646800,-0.006998838128055573,0.05661818744439717,0.11304898181545253,0.015126757193896147,0.016713024969297434,169.23423233032227,160.7529803466797,1.052759531831708,65.13511117799301,3.7639432389545107,3.0766815839440964,0.6872616550104143,0.7489749070402122,4.33,321.67966666666666,17.26,4.166666666666666,0
2025-06-12,175.087646484375,176.10409583310096,174.1409604700089,175.56596932852466,20941900,-0.009303677282806122,0.04579220745842161,0.06375220662031511,0.01738475462668923,0.015309700261202621,169.75889511108397,161.12806640625,1.053565023756154,58.667486700796104,3.764293564007744,3.214203979956826,0.5500895840509181,0.5124932135682871,4.33,321.70413333333335,18.02,4.173333333333333,0
2025-06-13,174.0612335205078,176.51266655178486,171.7891810552309,171.83900983498697,27663100,-0.005862280888896287,0.006917612889079772,0.0666104341832161,0.012153757231941332,0.015213543818759692,170.30240631103516,161.48322204589843,1.0546136258207064,61.564262802787304,3.6397910060172194,3.2993213851689047,0.34046962084831467,0.6815484296639414,4.33,321.7286,20.82,4.18,1
2025-06-16,176.15394592285156,176.3233516338636,174.0413239615484,174.1210469794854,27389200,0.012022851728769268,0.003861734093390412,0.06494996238588358,0.011338558810794971,0.015161526046369023,170.8395767211914,162.0060385131836,1.0545259811861207,58.041457752877506,3.6677071877669505,3.3729985456885143,0.29470864207843617,0.6878991513904559,4.33,321.802,19.11,4.199999999999999,0
2025-06-17,175.33677673339844,176.74186625647056,173.9715563176299,175.0876480323832,24973000,-0.004638949103138557,-0.014837615707082086,0.057782099412197585,0.008548133308769234,0.015263215457742974,171.3184715270996,162.61443145751954,1.0535256310990693,57.40621980827772,3.582594321457634,3.414917700842339,0.1676766206152953,0.6315393103695932,4.33,321.82646666666665,21.6,4.206666666666666,0
2025-06-18,172.71595764160156,175.94465595934807,172.596365522182,175.39656976170295,28707500,-0.014947343852350303,-0.022723375715811955,0.058237938764919006,0.010088254674548564,0.015236720271203884,171.79372482299806,163.14751586914062,1.052996264808546,53.00246601306937,3.2660149764684263,3.3851371559675565,-0.11912217949913018,0.7427928779339608,4.33,321.85093333333333,20.14,4.213333333333333,0
2025-06-20,166.05923461914062,173.7323959518227,164.88335439041927,173.3437557670882,75659900,-0.03854144754982125,-0.05156509923183006,-0.010193781902180787,0.0185012436917262,0.01668083605908641,171.7082145690918,163.58827392578124,1.0496364467235257,42.875421388965826,2.449742542260992,3.198058233226244,-0.748315690965252,1.9519972136402628,4.33,321.89986666666664,20.62,4.226666666666667,0
2025-06-23,164.61427307128906,166.75677368964836,161.43538860354417,165.6905108199857,57671000,-0.008701482643621694,-0.05427377629209851,-0.032071354333398916,0.018370514489922357,0.016435744354558704,171.435498046875,163.72124633789062,1.047118207816862,44.504407667206884,1.6670279755489048,2.8918521816907763,-1.2248242061418715,1.5216389828335082,4.33,321.97326666666663,19.83,4.246666666666666,1
2025-06-24,166.1887969970703,167.6337405858712,165.5510280582942,166.3382681524042,40524300,0.009564929555649027,-0.05657068238565366,-0.008892292675984237,0.01761923614768651,0.01633483484975623,171.36094512939454,164.00295654296875,1.0448649752512114,51.243200364283815,1.1603956455599018,2.5455608744646017,-1.3851652289046998,1.061784339425762,4.33,321.9977333333333,17.48,4.253333333333333,1
2025-06-25,170.0851287841797,171.7592814568519,166.96604798303133,167.04577098702603,35479000,0.02344521326054294,-0.029951776501537575,-0.011644852868807787,0.023745799408499538,0.01610117080705783,171.26074752807617,164.27659881591796,1.0425145684930108,54.184478258136046,1.061056092026746,2.248659917977031,-1.1876038259502848,0.9326665683501142,4.33,322.0222,16.76,4.26,1
2025-06-26,172.9351806640625,173.08466701517526,169.34773632150527,171.8290485705118,31796700,0.016756620054062532,0.0012692690672846396,0.00806515811667996,0.02490901067400032,0.01653600386307276,171.32992706298828,164.5688232421875,1.0410837465298686,57.5689117755849,1.1984887160922142,2.0386256776000673,-0.8401369615078531,0.8391617803952255,4.33,322.0466666666666,16.59,4.266666666666667,1
2025-06-27,177.90777587890625,178.0572470081361,171.1314725843347,172.93516183654685,108140200,0.028754098476372558,0.07135129393400153,0.04006818081260333,0.01457322089282711,0.01766643950337606,171.67261810302733,165.0154412841797,1.0403427507573855,57.01217416103709,1.6891801199932388,1.9687365660787017,-0.27955644608546293,2.5850965895386255,4.33,322.0711333333333,16.32,4.273333333333333,0
2025-06-30,175.61581420898438,180.59838864201384,173.97157072832883,180.14995998416325,63378900,-0.012882863936660716,0.06683224323404136,0.027386449200682117,0.016225344676418896,0.017975930802818424,171.90668258666992,165.4755404663086,1.0388646086439024,50.19574796790786,1.8715404870445127,1.949297350271864,-0.07775686322735131,1.4958748258165382,4.33,322.1445333333333,16.73,4.293333333333333,0
2025-07-01,175.22715759277344,175.47628629108172,172.92521085330227,175.12751523681553,35904500,-0.00221310716213996,0.05438610038113745,0.04154814697511999,0.01766315000945852,0.01754002173246949,172.2561798095703,165.97106262207032,1.0378687530718034,45.897746467718214,1.962083375184136,1.9518545552543185,0.010228819929817501,0.8501380294849638,4.33,322.169,16.83,4.3,1
2025-07-02,178.01739501953125,178.23662948182692,174.4598452552033,174.92819320035304,29128900,0.015923544415656687,0.04663703577175626,0.07628019757753313,0.01660241194705775,0.017195080264708052,172.88701934814452,166.59186248779298,1.0377879013196867,51.832886747675765,2.233244653494353,2.0081325749023256,0.2251120785920273,0.7029865143608458,4.33,322.20519354838706,16.64,4.3,1
2025-07-03,178.904296875,179.0438083356934,176.43294448317042,177.8778878701253,21689700,0.004982107818011006,0.03451649449242411,0.06960616956975185,0.016102126401312467,0.017109427997020386,173.4691421508789,167.15475646972655,1.0377756865225427,55.561999231502696,2.490992872509878,2.104704634423836,0.38628823808604196,0.5267638728244733,4.33,322.2413870967742,16.38,4.3,0
2025-07-07,176.17385864257812,178.67512071867887,175.06772651945082,178.43595167386934,34175600,-0.015262004770794424,-0.00974615768064191,0.05228011356433182,0.012887069069317131,0.017613688089272946,173.90678176879882,167.5858056640625,1.0377178489531933,52.933054093709096,2.4467322406905794,2.173110155677185,0.2736220850133946,0.8322277743685651,4.33,322.38616129032255,17.79,4.3,0
2025-07-08,173.75233459472656,177.32981935448504,172.20773349396308,177.23017699013243,40442500,-0.013745081514984325,-0.010611115078965838,0.005130679850167352,0.013075326112223909,0.016493591029165727,173.9511276245117,167.89019317626952,1.0361005865415782,46.69589985254651,2.19100210948568,2.176688546438884,0.014313563046796318,0.9792198613414507,4.33,322.4223548387097,16.81,4.3,1
2025-07-09,176.00445556640625,178.81463486384698,172.16788235105685,174.63923502855474,43025600,0.012961673159285647,0.004435944657843693,0.003009822161101461,0.014692832494088433,0.016399681263266616,173.97753524780273,168.18627471923827,1.0344336096285627,50.88369094708033,2.1453314333824096,2.170417123827589,-0.025085690445179498,1.0242917427881582,4.33,322.4585483870968,15.94,4.3,1
2025-07-10,177.00094604492188,177.8081205641565,173.77224796798342,175.0178914126315,29252400,0.005661734387966355,-0.00570982950569443,-0.005487170025624266,0.012658023813709651,0.016124537356499446,173.92870559692383,168.52915924072266,1.032039241046047,55.92610146972363,2.16459346112174,2.1692523912864194,-0.004658930164679553,0.724436276940782,4.33,322.49474193548383,15.78,4.3,1
2025-07-11,179.56199645996094,180.79766502679848,175.8649200217802,176.1738371634896,34282900,0.014469134048521237,0.0036762648882628923,0.016013483329997857,0.014386920396156995,0.016357574094891573,174.0702102661133,168.93222259521485,1.0304144916343745,71.05999544014284,2.3593173796543,2.2072653889599954,0.15205199069430453,0.8462544067907899,4.33,322.53093548387096,16.4,4.3,1
2025-07-14,180.92721557617188,183.0298623068854,179.05376298038684,180.37912942255304,32536600,0.0076030515539258214,0.026981057066118863,0.03335226219011411,0.011301368178153795,0.016237721309829343,174.36218872070313,169.38966247558594,1.0293555472774727,75.50642572446566,2.5938984147874464,2.2845919941254857,0.3093064206619607,0.7918167144568499,4.33,322.63951612903224,17.2,4.3,1
2025-07-15,181.3657073974609,183.57797163820845,180.96710752938097,182.1728820139696,33448300,0.0024235813274007256,0.043817384212375465,0.041964966748856636,0.005030992579674891,0.016138205820613854,174.72741241455077,169.8061065673828,1.028981913234169,74.60423318850658,2.783106283729211,2.3842948520462306,0.3988114316829803,0.8083139007936982,4.33,322.6757096774193,17.38,4.3,1
2025-07-16,182.3323211669922,183.6875819552064,181.39559478616047,182.6013844308844,33104200,0.0053296391219810335,0.03595287164874317,0.03507372606257997,0.0045174340512049915,0.015992127776937946,175.0363311767578,170.18753936767578,1.0284908744030115,71.93865948272091,2.9767385468943246,2.5027835910158496,0.473954955878475,0.7945118913860038,4.33,322.71190322580645,17.16,4.3,1
2025-07-17,182.9402008056641,183.41852368346133,179.85099864083438,181.50521696666212,31992600,0.0033339104925624863,0.033554932295304596,0.04336468488768186,0.004812689920953858,0.015921150248273806,175.4165023803711,170.57754669189453,1.0283680694342319,69.48763048193541,3.143013612608371,2.630829595334354,0.5121840172740169,0.7614191995561803,4.33,322.7480967741935,16.52,4.3,1
2025-07-18,184.4150390625,185.77029989137577,183.069753113896,184.7538504683164,34014500,0.008061859833654594,0.027027114301556576,0.06773596128954629,0.0025029673361089146,0.015437358784885932,176.001456451416,171.0165588378906,1.0291486254161544,64.67422572005077,3.35511919611929,2.775687515491341,0.5794316806279487,0.8044597263424996,4.33,322.78429032258066,16.41,4.3,1
2025-07-21,189.43746948242188,189.6267945216304,185.50122385959315,185.6008814217948,45803100,0.027234386335594385,0.04703689204052952,0.1407825040076789,0.010269075024065856,0.012816706629615275,177.17036819458008,171.79190795898438,1.0313079952338606,77.751103529579,3.883713527853871,2.9972927179638473,0.8864208098900237,1.1229119205091007,4.33,322.89287096774194,16.65,4.3,1
2025-07-22,190.67315673828125,190.98207392344648,186.80668927782472,190.8326027711441,44660200,0.006522929488213203,0.05131868352832081,0.15830269867125635,0.009734897204481934,0.01229630507902656,178.4733123779297,172.5342431640625,1.0344225534882356,79.99232021389626,4.352168884775978,3.2682679513262736,1.083900933449704,1.1126376107447526,4.33,322.929064516129,16.5,4.3,0
2025-07-23,189.56700134277344,191.858988365816,188.5206577881661,190.83257936427407,58681900,-0.005801316842024784,0.039678539325758155,0.14067256498712877,0.012086271953150839,0.012632428920178046,179.64222259521483,173.28491119384765,1.0366870453842083,73.99584955163618,4.581354629904922,3.530885287042003,1.050469342862919,1.4296299734096947,4.33,322.9652580645161,15.37,4.3,1
2025-07-24,191.500244140625,197.26009837341093,190.33432366848064,196.34330659716775,74881700,0.01019820319020548,0.04679148321288973,0.1259082173116901,0.011829282946469162,0.012040423131761947,180.7129783630371,173.96057983398438,1.0388156818946956,75.079355820318,4.862925740248755,3.7972933776833537,1.0656323625654016,1.740744658222728,4.33,323.0014516129032,15.39,4.3,1
2025-07-25,192.50672912597656,193.65273031316045,190.59342246149265,191.31091436137527,39785900,0.00525578956762307,0.04387760404255436,0.11317274129393629,0.011965125166576893,0.01177208664160037,181.69155578613282,174.63507873535156,1.0404069852510842,84.91685972659974,5.108401329916546,4.059514968129992,1.048886361786554,0.9163772030501761,4.33,323.0376451612903,14.93,4.3,0
2025-07-28,191.9088287353516,193.3737067591464,190.17488744855515,192.97509170180885,38139500,-0.0031058674849423484,0.013045778428533383,0.07869837497139653,0.006769663238983601,0.010542710499292418,182.39160842895507,175.18136749267578,1.0411587204705475,92.09790427508648,5.194814352427926,4.2865748449895795,0.9082395074383465,0.95548266724454,4.33,323.1462258064516,15.03,4.3,1
2025-07-29,195.0677795410156,195.23718523880464,191.41057191018163,191.7593429801203,41389200,0.016460685141381992,0.023047936468406194,0.11076431481781701,0.009219728377937601,0.010125417453510139,183.36420669555665,175.8189028930664,1.042915202394815,92.41679160827015,5.455312775047588,4.520322431001182,0.9349903440464065,1.066265055585196,4.33,323.1824193548387,15.98,4.3,1
2025-07-30,195.84506225585935,196.911340444062,194.0114785811888,194.9183107440436,32445400,0.003984680179744071,0.03311789957437772,0.11766386527253814,0.00729764193956731,0.009976650131514705,184.39510192871094,176.42759338378906,1.0451602178100898,92.34208905852078,5.65924363298447,4.7481066713978395,0.9111369615866307,0.8395965897453513,4.33,323.2186129032258,15.48,4.3,0
2025-07-31,191.23118591308597,195.30694304131825,190.42401135006776,195.0279201110307,51329200,-0.023558808629781214,-0.0014050020079423575,0.07422752642855479,0.014823405122438939,0.011604899616013402,185.05579147338867,176.9370394897461,1.0458849769785656,74.00568538524531,5.3864672050729325,4.875778778132858,0.5106884269400744,1.2911690758551644,4.33,323.2548064516129,16.72,4.3,0
2025-08-01,188.47085571289065,190.16492789219944,187.16542371122097,188.371198147092,34832200,-0.014434519071852003,-0.020964843314359327,0.05347305238048472,0.015608770864170512,0.01228016206908212,185.53411941528321,177.44223876953126,1.0456028998611882,64.67624857061107,4.891171956920687,4.878857413890424,0.01231454303026247,0.8619447467191934,4.33,323.291,20.38,4.3,1
2025-08-04,194.3602294921875,194.58943883195036,189.4573787634424,189.62678444569647,31547400,0.031248193557674053,0.012773777907927775,0.10322967885096923,0.022299747588847153,0.013081406931151132,186.44343795776368,177.9740545654297,1.0475877420055086,70.85728001018866,4.917187867891499,4.88652350469064,0.030664363200859412,0.7832071512830325,4.319354838709677,323.38332258064514,17.52,4.309677419354839,0
2025-08-05,193.9915313720703,197.17041596913077,193.21425105621583,194.03140047861143,31602300,-0.0018969833544676407,-0.005517303634037574,0.11648302064286642,0.020946123048279496,0.012440150011291942,187.45539779663085,178.4525131225586,1.0504497500009384,69.0802215419038,4.852122559293576,4.8796433156112275,-0.027520756317651163,0.7932751230585158,4.315806451612903,323.4140967741935,17.85,4.312903225806451,1
2025-08-06,195.40658569335935,195.9447122065885,192.9950216747496,193.8221307927801,21562900,0.007294412860605837,-0.0022388951625809117,0.11023658500300115,0.02119119008443202,0.012327617683488723,188.4255043029785,179.0070477294922,1.052615004229996,69.87605760720587,4.858732447881891,4.875461142065361,-0.01672869418346945,0.5562520669620907,4.312258064516129,323.4448709677419,16.77,4.316129032258065,1
2025-08-07,195.8350982666016,196.85153244317704,193.65272836026733,196.3732095832821,26321800,0.002192928000465111,0.02407511270472429,0.10640707093678303,0.01678771518104375,0.012346858041490851,189.3672119140625,179.48196807861328,1.0550765290868633,68.83629131752501,4.8427243043520605,4.868913774522701,-0.02618947017064066,0.6815924868371274,4.308709677419355,323.47564516129034,16.57,4.319354838709677,1
2025-08-08,200.71800231933597,201.9038573236332,196.48281456433625,196.53264334375208,39161800,0.02493375342803472,0.06498164695077402,0.11782006369088482,0.014546273015958358,0.012969034088550173,190.42501220703124,180.0652963256836,1.0575331065604672,68.69219064552307,5.164513981812064,4.928033815980574,0.23648016583149012,1.0077135692971302,4.30516129032258,323.5064193548387,15.15,4.32258064516129,0
2025-08-11,200.29946899414065,200.77779182670545,198.3762027845806,200.2396805407711,25832400,-0.002085180802713693,0.030557895087234943,0.10707208065009377,0.011206586049262895,0.013073312191195197,191.3936248779297,180.6502066040039,1.0594708330307976,66.39509137404116,5.324386267478076,5.007304306280075,0.31708196119800114,0.6705042525564979,4.294516129032258,323.5987419354839,16.25,4.332258064516129,1
2025-08-12,202.63131713867188,203.7872779637538,199.8909014203329,200.66818175308575,30397900,0.011641808918621877,0.0445369223362162,0.1172526496125732,0.010401696165739686,0.013133392165678734,192.45690536499026,181.2841424560547,1.0616312202356253,71.35879242842978,5.5749819413673265,5.120839833297525,0.45414210806980115,0.7921420335821066,4.290967741935484,323.62951612903225,14.73,4.335483870967742,0
2025-08-13,201.25613403320312,203.81716914109543,196.82163104540848,203.41856930663727,28342900,-0.0067866266917054885,0.029935267120541953,0.10378748400224236,0.012586467532994791,0.013424704377439506,193.4030960083008,181.94452087402342,1.0629784017635309,66.24631425095323,5.5980838091762735,5.216288628473276,0.3817951807029978,0.7432012175295729,4.287419354838709,323.66029032258064,14.49,4.338709677419355,1
2025-08-14,202.23272705078125,203.7274993328687,200.5286799587332,200.7977432270797,25230400,0.004852488209959427,0.032668448305779085,0.10545810139134737,0.012441813624861396,0.013418871709030486,194.36772232055665,182.68116333007814,1.0639724357861824,66.21267655430111,5.630292592375554,5.299089421253731,0.33120317112182285,0.6675039214902959,4.283870967741936,323.691064516129,14.83,4.341935483870968,1
2025-08-15,203.1893615722656,205.7205176785909,200.57849766290207,203.13954799676895,34931400,0.004730364543045207,0.012312593909727054,0.10180472593345713,0.007094758364516555,0.013400974461962362,195.30643844604492,183.3997137451172,1.0649222643688272,68.58176261081356,5.66767724084238,5.372806985171461,0.2948702556709195,0.9230372866486674,4.280322580645161,323.7218387096774,15.09,4.345161290322581,0
2025-08-18,202.79075622558597,204.5545916306713,201.7842817792717,203.4883135252893,18526600,-0.001961743191647658,0.012437812461291164,0.07048915285686475,0.007075130251114161,0.01239768088801496,195.97410278320314,184.10710754394532,1.064457018512581,63.994231246713376,5.600580715651461,5.418361731267461,0.18221898438399986,0.5078542714325462,4.269677419354839,323.8141612903226,14.99,4.354838709677419,0
2025-08-19,200.8675079345703,202.7309858598109,199.2631183993044,202.32241111724275,24240200,-0.009483905118812253,-0.008704524201925246,0.05346505701524551,0.00653474720234501,0.012704073484358196,196.4838203430176,184.66714935302736,1.0639890258304707,58.73791124337334,5.330766415256733,5.400842668065316,-0.0700762528085832,0.6836091671684178,4.266129032258064,323.844935483871,15.57,4.358064516129033,0
2025-08-20,198.62533569335935,200.57849617106172,195.9148142419443,200.03040999419304,28955500,-0.011162443663817023,-0.013071891460509466,0.04778434161231848,0.007589213733716499,0.012946776908110883,196.93673706054688,185.1301300048828,1.0637746381712836,64.02123107602682,4.8797612271556545,5.296626379883384,-0.4168651527277296,0.8523134516612245,4.26258064516129,323.87570967741937,15.69,4.361290322580645,1
2025-08-21,199.0538330078125,201.77431417758277,198.73494097038412,199.0538330078125,19774600,0.0021573144883926254,-0.01571898915337533,0.03944427800123673,0.006999948555056589,0.012816582234594278,197.31441650390624,185.55165588378907,1.0633934553916575,72.01497701264714,4.504981891452729,5.138297482197253,-0.633315590744524,0.6334464911079452,4.259032258064516,323.90648387096775,16.6,4.364516129032258,1
2025-08-22,205.3717193603516,207.81317743511988,200.59842044056904,202.02342922176388,42827000,0.031739586508194195,0.010740512058303953,0.06682878200042652,0.017356273771211947,0.014435103836619724,197.95766601562502,186.12445220947265,1.0635768899017888,72.50515656175995,4.664003466914181,5.043438679140639,-0.3794352122264577,1.365242003944592,4.255483870967741,323.93725806451613,14.22,4.367741935483871,1
2025-08-25,207.7633819580078,209.78630584234324,204.56456266974783,205.7105486396724,29928900,0.011645530383176839,0.02452096843551521,0.0826150278084401,0.017594426351350077,0.014465355118429892,198.75039367675782,186.7779669189453,1.064099780907285,75.99704817285125,4.926229883206531,5.019996919953818,-0.0937670367472867,0.9667269614651636,4.24483870967742,324.0295806451613,14.79,4.37741935483871,0
2025-08-26,206.41807556152344,207.12560776169755,204.9830918131657,206.7867811726176,28464100,-0.00647518529880442,0.02763297899210837,0.05818642139267949,0.01701812496305238,0.01434042581625379,199.31790847778322,187.42510375976562,1.0634536381703774,70.84121034850634,4.968220669092602,5.009641669781575,-0.04142100068897303,0.9390142661114986,4.241290322580645,324.06035483870966,14.62,4.380645161290323,1
2025-08-27,206.7568817138672,208.18190575216585,204.93325784693596,204.9830866269172,23022900,0.001641358933427206,0.04093911782261972,0.055716592148502775,0.014670188434178362,0.014340917581703734,199.8634994506836,188.03716247558594,1.0628936153864434,70.74185823310674,4.9715288050126105,5.002019096827783,-0.030490291815172377,0.7715030216187995,4.237741935483871,324.0911290322581,14.85,4.383870967741935,1
2025-08-28,210.90240478515625,211.48038522978865,206.1789188652633,206.52770514920687,32339300,0.02005023018786911,0.059524459279710173,0.10286616577805874,0.015023530693631212,0.0134051432206485,200.84706039428713,188.7484750366211,1.0640989833444676,69.89879547957511,5.248162047616717,5.05124768698557,0.19691436063114676,1.1193119232316764,4.234193548387097,324.1219032258065,14.43,4.387096774193549,1
2025-08-29,212.16796875,213.90189476250455,209.46740696384475,209.77632411753885,39728400,0.006000709030003604,0.03309243069501444,0.12573356738618857,0.010028335318860064,0.012601178992458476,202.0319160461426,189.53751525878906,1.0659204631351955,72.44630932523762,5.50604604915884,5.142207359420224,0.3638386897386159,1.3635064909881565,4.230645161290322,324.15267741935486,15.36,4.390322580645162,0
2025-09-02,210.6134033203125,210.9422398144114,205.48134311686184,207.71354168202487,47523000,-0.007327050538525226,0.013717630775189837,0.08362396911441339,0.011155057447503496,0.011433579553414553,202.84457473754884,190.4285986328125,1.0652001652791503,65.55340821921067,5.521334038321839,5.218032695200548,0.30330134312129164,1.587501751670204,4.2156666666666665,324.2584098360656,17.17,4.401639344262295,1
2025-09-03,229.85610961914065,230.5038381631016,224.0065573472935,225.42162175778444,103336100,0.09136506032126923,0.11354642268540793,0.1848770304219265,0.03982851325838584,0.02251424076192828,204.63780364990237,191.73343536376953,1.0673036930760136,82.85256163071631,7.005421323887987,5.575510420938036,1.4299109029499508,3.082598041518799,4.211333333333333,324.2718196721312,16.35,4.403278688524591,1
2025-09-04,231.49038696289065,231.56013509073304,225.32195802773,228.8496136665047,51684200,0.00711000175917853,0.11962603152069384,0.18466010826347268,0.03918773235889238,0.022514905226516436,206.4419937133789,193.03946716308593,1.069428945009313,83.10779497316402,8.218703614087843,6.104149059567997,2.114554554519846,1.4754912218546798,4.207,324.2852295081967,15.3,4.4049180327868855,1
2025-09-05,234.1809844970703,234.9383302920627,231.09178244912047,231.3907399385365,46588900,0.01162293419385474,0.11037607530188032,0.19580701605524387,0.039549521407214905,0.022469299406258258,208.35928802490236,194.32138427734375,1.072240653285606,83.74566147455869,9.290255028064024,6.7413702532672035,2.5488847747968206,1.2926343213752356,4.2026666666666666,324.2986393442623,15.18,4.406557377049181,0
2025-09-08,233.43292236328125,237.512324973524,233.06388696786647,234.85922103336077,32474700,-0.003194376073683336,0.10022697459265406,0.16298946614612508,0.040663282069822,0.022313103032532058,209.99503402709962,195.53133911132812,1.0739712364345668,83.11315226148525,9.964243287280823,7.385944860069928,2.5782984272108953,0.9094651623315794,4.189666666666667,324.33886885245903,15.11,4.411475409836066,1
2025-09-09,239.0084381103516,239.84625561503276,232.6250296851758,233.5625938915042,38061000,0.023884873181656108,0.13482064456673903,0.19325547546680366,0.037725270631773465,0.02246247267728327,211.93048248291015,196.75335235595702,1.077137847692147,88.20117910571845,10.823514623615438,8.07345881277903,2.7500558108364075,1.047966761107853,4.185333333333333,324.3522786885246,15.04,4.413114754098361,0
2025-09-10,238.5496063232422,241.0331528996711,237.23303823372945,238.28030242478397,35141100,-0.0019197304946093618,0.037821473262147354,0.17725931850894217,0.011053458210310322,0.022586136718931935,213.72639694213868,198.01202819824218,1.0793606776663278,91.46873025800065,11.336786045149637,8.726124259253153,2.6106617858964842,0.9612934216652451,4.181,324.3656885245901,15.35,4.414754098360656,1
2025-09-11,239.7465057373047,241.62163412512044,235.63719736660352,239.25778647565332,30599300,0.00501740259609007,0.035665061010665466,0.19125067610486557,0.011111415861781843,0.02232039634529895,215.65091552734376,199.3024151611328,1.0820286114094173,91.60277144328892,11.70520678684494,9.32194076477151,2.38326602207343,0.8344759916310507,4.176666666666667,324.37909836065575,14.71,4.416393442622951,1
2025-09-12,240.1753845214844,241.4520630725996,237.38264448371652,239.7464919977143,26771600,0.0017888844004660953,0.025597296199295405,0.187618779729829,0.010976268406343739,0.022360939522429523,217.5480484008789,200.5455749511719,1.0847810950396024,90.45319996098144,11.894675398741981,9.836487691565605,2.0581877071763763,0.728559400031677,4.172333333333333,324.39250819672134,14.76,4.418032786885246,1
2025-09-15,250.95733642578125,251.75526430827645,244.02536743382052,244.02536743382052,58383800,0.04489199393092824,0.07507258995467447,0.23509092446518998,0.019574077830493985,0.023731728525732715,219.9364471435547,201.9866357421875,1.0888663318511727,92.01134684914783,12.767666338904462,10.422723421033377,2.3449429178710854,1.5397156432100798,4.1593333333333335,324.43273770491805,15.69,4.422950819672131,0
2025-09-16,250.50851440429688,252.38362748338088,248.8228956960496,251.42612617048883,34109700,-0.0017884395326976943,0.04811577526244348,0.2353053909697409,0.019937021389840142,0.023726827967040436,222.32233505249025,203.47332885742188,1.0926362501705384,93.64439177364872,13.270329662515593,10.992244669329821,2.2780849931857716,0.8814396405575885,4.154999999999999,324.4461475409836,16.36,4.424590163934426,0
2025-09-17,248.8827362060547,250.9473740826164,245.6411664684413,250.56835490468708,34108000,-0.006489911938156068,0.04331648264726451,0.23903929891500741,0.02068770754232673,0.023600705281091143,224.72309646606445,204.97593688964844,1.096338916050654,90.66361243280564,13.383233667621624,11.470442468988184,1.9127911986334407,0.8702995233229581,4.150666666666666,324.4595573770492,15.72,4.426229508196721,1
2025-09-18,251.3762664794922,253.33118919660149,249.15205506430715,251.0271682452624,31239500,0.010018896093190843,0.04850857244580853,0.2655800711525065,0.02058676843371246,0.023020637437280923,227.3606430053711,206.48337310791015,1.1011087216526159,90.35603753323954,13.51808983397467,11.879971941985481,1.6381178919891894,0.7947909321655181,4.146333333333333,324.4729672131148,15.7,4.427868852459016,1
2025-09-19,254.05929565429688,255.3359743083016,251.15684010622883,252.59310739678665,55571400,0.010673359153512418,0.057807385883754,0.2763346066504808,0.020112895640432595,0.022905778077823236,230.1109161376953,208.02454010009765,1.106171973878515,90.62114745764012,13.683724886127692,12.240722530813922,1.4430023553137694,1.3522619277776,4.142,324.4863770491803,15.45,4.429508196721312,0
2025-09-22,251.8749542236328,255.11652395864965,249.6507429437536,253.7700196733437,32290500,-0.008597762286314148,0.0036564693063791953,0.22643446238907505,0.009091552076399017,0.022899610045342494,232.4360778808594,209.4707992553711,1.1096347496029302,89.52769084368377,13.483306594785773,12.489239343608293,0.99406725117748,0.7959535913737616,4.129,324.526606557377,16.1,4.434426229508197,0
2025-09-23,251.00721740722656,253.7002107757565,249.8302703204236,252.38362744671,26628000,-0.0034451095746336202,0.001990762685713854,0.2081398321575214,0.009236821212376697,0.023107410027756202,234.5982696533203,210.8723992919922,1.112512924597947,81.27173373075006,13.103406630804159,12.612072801047468,0.49133382975669093,0.6590554849823437,4.124666666666666,324.5400163934426,16.64,4.436065573770492,0
2025-09-24,246.4989318847656,251.69542412904988,245.80075068993503,251.00721151585665,28201000,-0.017960780446989566,-0.009578021993921992,0.19417319057068694,0.012301812692422589,0.023667580471525593,236.60231246948243,212.1750637817383,1.1151278017895268,70.45192176536919,12.296802325256948,12.549018705889365,-0.2522163806324169,0.6982153061194173,4.120333333333333,324.5534262295082,16.18,4.437704918032787,0
2025-09-25,245.1524353027344,245.8506317386469,240.1155467413105,243.76604145127703,31020400,-0.005462484448657379,-0.024759024644299688,0.18570387244475461,0.010358606304598589,0.02383915185352249,238.52209014892577,213.43146606445313,1.1175582239448032,65.51912584818034,11.417300052825652,12.322674975276623,-0.9053749224509708,0.760490409474186,4.116,324.5668360655738,16.74,4.439344262295082,1
2025-09-26,245.90049743652344,248.7730319241888,245.33198386371188,246.42913668030897,18503200,0.0030514162866270844,-0.03211375595119048,0.16594449307972248,0.007703683983248796,0.0237201162389528,240.27199478149413,214.69067199707033,1.119154328161835,67.63539480880627,10.65779411156123,11.989698802533546,-1.3319046909723156,0.4614472623327886,4.111666666666666,324.58024590163933,15.29,4.440983606557377,0
2025-09-29,243.4169464111328,250.4985201433971,242.1402679011131,247.20709239615744,32505800,-0.01009982107104812,-0.03358018600368806,0.14728414399797485,0.007834939288486447,0.024060948436797264,241.83444366455078,215.87071014404296,1.1202744619832081,56.833583892084036,9.743165225507397,11.540392087128316,-1.7972268616209188,0.8180222693878209,4.0986666666666665,324.62047540983605,16.12,4.445901639344262,0
2025-09-30,242.4694366455078,242.6589310263489,238.6294169517045,242.18018034462705,34724300,-0.003892538213114638,-0.03401408473393541,0.15125358986173776,0.007789704656687184,0.023964195393403664,243.42724533081054,216.9313494873047,1.1221395427914234,55.98541077965749,8.839957595865428,11.000305188875739,-2.160347593010311,0.888154819567935,4.094333333333333,324.63388524590164,16.28,4.447540983606557,1
2025-10-01,244.2647399902344,245.66111761710096,237.9910625183314,240.12551089529904,31658200,0.007404245951836641,-0.009063698075477467,0.06268543566219797,0.006980936930589703,0.013566200996797494,244.14767684936524,218.00318115234376,1.1199271293144633,56.775330235197536,8.174791114718232,10.435202374044238,-2.2604112593260055,0.8914480603425822,4.09,324.64729508196723,16.29,4.449180327868852,1
2025-10-02,245.0526885986328,246.16977847594512,241.6714827842888,244.5140808226371,25483300,0.0032257975851526233,-0.00040687625223223556,0.058586889130373576,0.0069224034345521475,0.013533999800753128,244.82579193115234,219.11289489746093,1.1173499946031216,57.235852307018035,7.623345571301712,9.872831013495734,-2.249485442194022,0.7450563448988742,4.083225806451613,324.6607049180328,16.63,4.450819672131148,0
2025-10-03,244.71360778808597,245.66114059757743,241.0331766174326,243.85583788051036,30249600,-0.0013837057348193849,-0.004826706984372264,0.044976424168835294,0.006704412076432997,0.013406525844806031,245.35242309570313,220.17716217041016,1.1143409274473621,36.57809678069032,7.077376427654798,9.313740096327546,-2.236363668672748,0.9060504603396251,4.0764516129032256,324.67411475409835,16.65,4.452459016393443,1
2025-10-06,249.7803955078125,250.6681015230512,243.94557911341744,244.14505728413704,28894700,0.020704969231274628,0.026142177816707024,0.07003070937479161,0.009684768813174541,0.013946558638750231,246.1697967529297,221.32263549804688,1.11226669698275,48.694071514896734,6.973157156825266,8.84562350842709,-1.8724663516018243,0.8701330614245938,4.056129032258064,324.71434426229507,16.37,4.457377049180328,0
2025-10-07,245.1225128173828,249.7903811872092,244.88314509840285,247.62601181924765,23181300,-0.018647911422191688,0.010941899352675089,0.02558099937964675,0.014300614239826233,0.013914303249517692,246.47550048828126,222.3869091796875,1.1083183870734508,43.91737523251357,6.440468713983506,8.364592549538374,-1.9241238355548678,0.7140785568659439,4.049354838709677,324.72775409836066,17.24,4.459016393442624,0
2025-10-08,243.9854736328125,245.37186749350337,243.18756093367097,244.3246032710778,21307100,-0.004638656692530718,-0.001143293778025689,0.02278715690775246,0.014231729732183352,0.013961179717320535,246.74729385375977,223.36526306152345,1.104680694176677,37.49572101039396,5.85902058348384,7.863478156327467,-2.004457572843627,0.6706348937814934,4.04258064516129,324.7411639344262,16.3,4.460655737704919,0
2025-10-09,240.9034881591797,244.12510552114733,238.5296568297252,243.8358644557508,27892100,-0.012631840034341812,-0.01693187070576896,0.00482585728754148,0.01503614369842672,0.01426294691109718,246.8051429748535,224.26643157958983,1.1004997102620993,28.038523945010837,5.090844197492203,7.308951364560415,-2.2181071670682124,0.8816520960577566,4.035806451612904,324.7545737704918,16.43,4.462295081967214,0
2025-10-10,235.9563751220703,243.4568582504832,235.2282576904417,240.80375429608975,33180300,-0.020535663783500357,-0.03578563834341053,-0.017566368875894023,0.016760330307617716,0.014997892804362367,246.5941925048828,225.16093536376954,1.095190833642993,25.670663564670747,4.036339787302069,6.654429049108746,-2.618089261806677,1.03829223437655,4.029032258064516,324.7679836065574,21.66,4.463934426229509,1
2025-10-13,243.5166931152344,243.8657913377574,239.0882228174084,239.5869258671789,24995000,0.03204116858149231,-0.025076837514985018,-0.0296490368303991,0.021552129361533476,0.013092454240032737,246.22216033935547,226.2618521118164,1.088217735518557,40.49603481141688,3.767265234188443,6.076996286124686,-2.309731051936243,0.8252669364618748,4.008709677419355,324.8082131147541,19.03,4.468852459016394,1
2025-10-14,244.8133087158203,246.4789749711557,239.88612045840952,240.60425402252167,22111600,0.005324545040418904,-0.001261426778016328,-0.022734579309687808,0.02035769185624984,0.013178325855268989,245.93740005493163,227.27091369628906,1.0821331953792703,47.67151422714106,3.6169537634573885,5.584987781591227,-1.9680340181338387,0.7448176852936773,4.001935483870968,324.8216229508197,20.81,4.470491803278689,1
2025-10-15,250.37884521484372,251.4560455996756,245.3519253048375,246.6086514775368,27007700,0.022733798780048664,0.026203902580089533,0.006011300870424341,0.02240548550764957,0.014131098933440623,246.0122055053711,228.39865997314453,1.0771175519781842,56.465970958461334,3.9019439414283,5.248379013558642,-1.3464350721303422,0.920751050464932,3.9951612903225806,324.8350327868852,20.64,4.472131147540984,1
2025-10-16,250.8077392578125,256.29345747170413,249.45126638195015,251.1169327071502,27997200,0.0017129803542337285,0.04111294184369996,-0.0022616583086457753,0.02034517963573666,0.013954294668191876,245.9837791442871,229.5066830444336,1.0717935350782941,56.119432066713784,4.1149740165832895,5.021698014163572,-0.9067239975802828,0.9597898672734974,3.9883870967741935,324.8484426229508,25.31,4.473770491803279,1
2025-10-17,252.6429443359375,253.56055603505197,247.16717988468312,250.1095245582189,29671600,0.007317178822135784,0.07071887422085754,-0.0055748848500573045,0.012966360129488702,0.013838617719630951,245.91296157836913,230.64283996582031,1.0662067880139343,61.69410412217486,4.381381756722277,4.893634762675314,-0.5122530059530366,1.064446480906198,3.9816129032258063,324.8618524590164,20.78,4.475409836065574,1
2025-10-20,255.8845367431641,256.6625123260812,253.5705623788801,254.0293759063695,22350200,0.012830726049947616,0.05078848381895984,0.015918940935950587,0.008183725308684872,0.013982106640263035,246.1134407043457,231.74617065429686,1.0619957171654022,66.06933576257572,4.798764061319673,4.8746606224041855,-0.07589656108451237,0.8163523220906614,3.961290322580645,324.9020819672131,18.23,4.480327868852459,0
2025-10-21,249.81033325195312,254.2188662949897,243.5166881090968,254.07923005269296,47312100,-0.023738063927277286,0.020411572239862785,-0.0047683256586668055,0.017424297004043472,0.015011113708656971,246.05359649658203,232.73638793945312,1.0572201393818719,56.025172580719996,4.5865343740407525,4.817035372731499,-0.23050099869074625,1.6651957679648646,3.954516129032258,324.91549180327866,17.87,4.481967213114754,1
2025-10-22,251.03713989257807,255.69500926260116,248.6433561577788,253.710180894347,35029400,0.004910952339940211,0.002629194479946806,0.01841065992908253,0.014202775380009962,0.014441821431920592,246.28050689697267,233.70450439453126,1.0538115537611166,56.44056423846884,4.46585427272916,4.746799152731032,-0.28094488000187123,1.2182547983732908,3.947741935483871,324.92890163934425,18.6,4.483606557377049,1
2025-10-23,252.42355346679688,254.37846102281011,251.1967481481307,252.32380676284896,19901400,0.005522742869091379,0.0064424415840032,0.029659579579878415,0.014378070629998612,0.014391456143034633,246.6440628051758,234.72785278320313,1.0507660675147,58.1146400743372,4.431008503858834,4.683641022956592,-0.25263251909775786,0.7057783398388633,3.940967741935484,324.94231147540984,17.3,4.485245901639344,1
2025-10-24,259.2458190917969,261.0012332121926,254.65774472843228,255.9144557753844,28655100,0.027027056434721253,0.02613520347150322,0.054271226753896284,0.018521517045473168,0.015479599006920992,247.31132888793945,235.86811462402343,1.0485153081507292,59.6072513354805,4.897438182050365,4.726400454775347,0.1710377272750181,0.9982477164575306,3.9341935483870967,324.9557213114754,16.37,4.48688524590164,1
2025-10-27,268.5715026855469,269.43927147389144,263.5944564854066,264.13306424820985,35235200,0.03597235869191717,0.04958082306910527,0.10333937979785457,0.023176856250243856,0.016834098654900063,248.56905670166014,237.17575744628905,1.048037368481689,71.74034153525344,5.950992453843725,4.971318854589023,0.9796735992547019,1.2216683592291346,3.913870967741935,324.99595081967215,15.79,4.491803278688525,0
2025-10-28,266.7762145996094,270.0277682724026,265.80872945123696,268.99045739081123,29738600,-0.0066845814540476,0.06791505029755851,0.1002467704399308,0.017554920383702044,0.01692361312414967,249.78439559936524,238.45546661376954,1.0475096215929718,70.87526002984227,6.565395270144393,5.290134137700097,1.275261132444296,1.0400808461354578,3.907096774193549,325.0093606557377,16.42,4.49344262295082,1
2025-10-29,273.8578186035156,274.6258103943446,266.97572213826885,267.0555012387311,43580300,0.02654511015734551,0.09090558759832423,0.12115165952508877,0.017621008051735946,0.01759902789589915,251.2640495300293,239.91527282714844,1.0473032690630633,78.12400949788164,7.536859958211323,5.7394793018023424,1.797380656408981,1.4930543302902597,3.900322580645162,325.02277049180327,16.92,4.495081967213115,1
2025-10-30,280.7499084472656,290.8336705300809,279.3335782487789,290.8336705300809,74876000,0.0251666718112884,0.11221755890618468,0.1456716106759417,0.01637994432640637,0.01810151350544906,253.04891052246094,241.55776428222657,1.0475710075988638,86.99956315245119,8.76188521465167,6.343960484372208,2.417924730279462,2.36512828774106,3.893548387096774,325.03618032786886,16.91,4.49672131147541,0
2025-10-31,280.4606018066406,285.25812233816373,276.3113891018392,282.47535101357687,39267900,-0.001030478129895207,0.08183268987389836,0.14607685425287187,0.018699930226656086,0.01809309660770891,254.83626022338868,243.1858996582031,1.0479072206964306,84.68162287504586,9.598733701047678,6.994915127707302,2.6038185733403756,1.2229470395437576,3.886774193548387,325.0495901639344,17.44,4.498360655737705,1
2025-11-03,282.98406982421875,284.7893724933962,279.0742243823285,281.4480558536455,29786000,0.00899758469219103,0.053663799005312374,0.1329314666545467,0.015025203588438315,0.017813419373232386,256.496443939209,244.73814666748046,1.0480443994196957,85.02652936236274,10.346299237933351,7.665191949752513,2.681107288180838,0.926360037326842,3.869333333333333,325.1275333333333,17.17,4.493333333333333,0
2025-11-04,276.8200988769531,280.5404041676455,275.5434202802167,276.03213953132416,30078400,-0.021782042187372896,0.03764909961114071,0.12931323889937896,0.020045235269803632,0.01805756891959819,258.0813232421875,246.11928100585936,1.0486026214095896,73.99963104210107,10.322379406504297,8.19662944110287,2.125749965401427,0.9255273909755048,3.864,325.1598,19.0,4.49,1
2025-11-05,283.5724792480469,285.67702160112265,276.6205586561255,278.146588520771,31010300,0.02439266656752115,0.03547337335143208,0.1622514858192381,0.019553176621772986,0.018301156199224948,260.06067352294923,247.66236907958984,1.0500613173064457,76.67691865792834,10.724656270098649,8.702234806902025,2.0224214631966237,0.9401670273485606,3.8586666666666662,325.1920666666667,18.01,4.486666666666666,1
2025-11-06,284.0113830566406,287.60205105478576,280.41076169575746,284.58986519375543,37173600,0.0015477658824918361,0.01161701041119878,0.17894259326364303,0.016766544099581216,0.0177378506414961,262.21606826782227,249.2074591064453,1.0521999189270677,76.13427759850049,10.95262441553649,9.152312728628917,1.8003116869075733,1.111388325035103,3.8533333333333335,325.22433333333333,19.5,4.483333333333333,0
2025-11-07,278.1067199707031,283.04389217242976,274.47617771869056,282.4753634096288,34479600,-0.02079023390678647,-0.008392914444219635,0.17863617724601277,0.019832984505595168,0.017759795481470636,264.3235855102539,250.55154541015625,1.0549668934492207,67.7275286827865,10.535388449516574,9.42892787280645,1.1064605767101252,1.0288468367068642,3.848,325.2566,19.08,4.48,1
2025-11-10,289.3475036621094,290.0456696400176,282.1262631003564,283.6822445549795,29557300,0.040418957487220686,0.022486897731887945,0.18820397879330342,0.02749825320183876,0.018432780856758316,266.61512603759763,252.09513610839844,1.0575972632925204,79.1384553101525,10.985133460644306,9.740168990374022,1.2449644702702845,0.8760061023725604,3.832,325.3534,17.6,4.47,1
2025-11-11,290.55438232421875,291.16281590202783,286.5747415369323,287.0036188750348,19842100,0.004171035335831741,0.04961447345400494,0.18684063316792443,0.023376825704615422,0.018446092773506312,268.9021797180176,253.69395568847656,1.0599471279805182,79.13232576524886,11.308586300406716,10.05385245238056,1.2547338480261558,0.5900557579362129,3.826666666666666,325.3856666666667,17.28,4.466666666666667,0
2025-11-12,285.9662780761719,291.2525483673142,282.9541227840324,290.9233873275988,24829900,-0.015790862321006682,0.008441576680757734,0.14213434378128653,0.0240665973838777,0.01891579856126673,270.68155136108396,254.8161590576172,1.062262112270044,73.61319263027636,11.067128371027025,10.256507636109854,0.8106207349171708,0.7407795251652739,3.8213333333333335,325.41793333333334,17.51,4.463333333333334,0
2025-11-13,277.847412109375,282.1063250073575,276.5208450104115,281.60762197974475,29494000,-0.02839099078890095,-0.021703253161639458,0.10781036076310091,0.02763890927704168,0.020478123006863736,272.0335350036621,255.7432995605469,1.0636976040862354,62.86026059910197,10.104171986030337,10.226040506093952,-0.12186852006361448,0.8779687706978593,3.816,325.4502,20.0,4.46,0
2025-11-14,275.6930236816406,277.8374407083971,269.9978433748845,270.7059931829425,31647200,-0.007753854575713315,-0.00867902900482509,0.09123579289455086,0.026247950902669737,0.02067749719180522,273.18603897094727,256.57354034423827,1.0647475129525064,55.465422056174226,9.062711673224726,9.993374739520107,-0.9306630662953808,0.9393026225928055,3.810666666666666,325.48246666666665,19.83,4.456666666666667,1
2025-11-17,284.2806396484375,293.1874981262189,282.8344192497114,285.038677928695,52670200,0.031149195768963356,-0.017511345180253546,0.1109723286396751,0.022627290337235106,0.021453491399967255,274.60584411621096,257.5904946899414,1.0660558125281399,62.16547773018827,8.828525959138858,9.760404983443857,-0.9318790243049992,1.495962733713112,3.794666666666666,325.5792666666667,22.38,4.446666666666667,0
2025-11-18,283.5426025390625,288.05086711584505,277.4783868942568,287.1731753233953,49158700,-0.00259615677763958,-0.02413241792833143,0.1350315211064057,0.022266480074383112,0.020434003941119633,276.2924575805664,258.48117797851563,1.0689074529191878,57.38175619881808,8.485562385712456,9.505436463897578,-1.019874078185122,1.3925756418595059,3.789333333333333,325.61153333333334,24.69,4.443333333333333,1
2025-11-19,292.05047607421875,303.0219431129204,285.8865137158777,286.41513772838755,68198900,0.030005626875714952,0.021275928193275506,0.16337557143612624,0.02570527582095606,0.021088045219566996,278.34312438964844,259.55119537353517,1.072401627698415,58.406253958553634,8.798847932006652,9.364118757519392,-0.5652708255127408,1.8452565117027542,3.784,325.6438,23.66,4.44,0
2025-11-20,288.6991882324219,305.625169818548,287.92121274474346,303.7500416076266,62025200,-0.01147502954573243,0.039056603193320605,0.14370938950590673,0.02097487955089058,0.0215228983012875,280.1569061279297,260.5302490234375,1.0753335061017295,55.86149126905688,8.676688598481235,9.226632725711761,-0.5499441272305265,1.5877343596510707,3.7786666666666666,325.67606666666666,26.42,4.4366666666666665,1
2025-11-21,298.8827209472656,303.1316807498811,293.0877938372482,295.65113486551246,74137700,0.03527385295813623,0.08411419685542554,0.15289311894913782,0.021775673748341724,0.022001360651805742,282.1387512207031,261.70439575195314,1.078081819795331,60.19964375340907,9.2944616608807,9.24019851274555,0.05426314813514921,1.7933927609659126,3.773333333333333,325.7083333333333,23.43,4.433333333333334,1
2025-11-24,317.75360107421875,318.651290855991,308.7969143651049,310.3229443803346,85165100,0.06313807659119464,0.11774618724362096,0.18312478389137232,0.030225804060256767,0.024551093069143923,284.59785614013674,263.0403210449219,1.0819552493305133,72.57921863937091,11.177921458803837,9.627743101957208,1.5501783568466294,1.9428184921702214,3.757333333333333,325.80513333333334,20.52,4.423333333333334,1
2025-11-25,322.6010131835937,327.9770159307299,316.82602366827604,325.3638169665917,88632100,0.015255254678428365,0.1377514711890615,0.20925703090797976,0.027386800976811235,0.02431532052704356,287.38909606933595,264.4821710205078,1.0866104696601722,71.99057571565099,12.912871024775711,10.28476868652091,2.628102338254802,1.894636710468726,3.752,325.8374,18.56,4.42,0
2025-11-26,319.1201171875,323.658303098724,315.9683100285969,319.8482042131112,51373400,-0.010790096291832474,0.09268822799796439,0.1652766344769363,0.031782933466410264,0.02439694439120083,289.65221099853517,265.88691864013674,1.0893812019032174,69.12631708798743,13.847328456834248,10.997280640583577,2.8500478162506706,1.0891075675352522,3.746666666666667,325.86966666666666,17.19,4.416666666666667,1
2025-11-28,319.3495178222656,326.002230736067,315.96832654742127,322.53124611515904,26018600,0.0007188535677016272,0.10616700995074568,0.13748752257296037,0.029299758201586205,0.024099884056734414,291.58219146728516,267.2463836669922,1.0910613175241957,73.94886444186116,14.439948678378926,11.685814248142648,2.7541344302362774,0.5817161819031818,3.736,325.9342,16.35,4.41,0
2025-12-01,314.0732421875,319.02036824755595,313.07583602161014,316.87595107857686,41183000,-0.016521946457743297,0.05082435408808572,0.11984799349476227,0.03190770365471494,0.024606181956737274,293.2628234863281,268.44666259765626,1.0924435440863198,65.42631112972785,14.318794970224644,12.212410392559049,2.1063845776655956,0.9187903593830542,3.72,326.031,17.24,4.4,1
2025-12-02,314.9908142089844,317.554155160306,313.09574872951146,315.9183945655828,35854700,0.00292152242927024,-0.008694746041883805,0.11310440338442818,0.012419828233105053,0.02460419898098005,294.86316070556643,269.70897979736327,1.0932641580087614,65.3010496465827,14.133893451644042,12.596707004376048,1.5371864472679935,0.7945375776982483,3.71741935483871,326.0489677419355,16.59,4.396774193548388,1
2025-12-03,318.8008728027344,320.745796167407,313.28521904524604,315.0705842416539,41838300,0.012095776835010064,-0.011779691400710668,0.15165363388025432,0.011379372876630817,0.023767810085652073,296.96219940185546,271.0648529052734,1.095539300720895,70.76191578866121,14.131893876740321,12.903744378848904,1.2281494978914171,0.9152086225605248,3.7148387096774194,326.06693548387096,16.08,4.393548387096774,0
2025-12-04,316.796142578125,321.5238380796439,313.8837336096964,321.3942008459266,31240900,-0.0062883460982550154,-0.007282444710339453,0.11716109905368022,0.010698938987533945,0.02359938641459722,298.6233825683594,272.4707971191406,1.095983076813121,76.69185260537274,13.809358535160413,13.084867210111206,0.7244913250492075,0.6832192389345018,3.712258064516129,326.08490322580644,15.78,4.390322580645162,1
2025-12-05,320.4366149902344,322.32172694260385,318.34208673882245,318.6612335259534,28851700,0.011491530112970327,0.0034040983539977976,0.1282527184001263,0.012213522744940869,0.023609499780569473,300.44464416503905,273.97648071289063,1.0966074291606267,80.0510197388918,13.689696354146008,13.205833038918167,0.48386331522784154,0.6367632878708928,3.709677419354839,326.1028709677419,15.41,4.387096774193549,0
2025-12-08,313.1109313964844,319.81788611091974,310.61578500656543,319.42862865409404,33909400,-0.022861568407134936,-0.0030639693605006846,0.12586611150377358,0.014557626140953935,0.023738834556645595,302.1948547363281,275.32068939208983,1.097610409895372,69.6970973234194,12.855550981437887,13.13577662742211,-0.28022564598422406,0.7488590242973829,3.701935483870968,326.1567741935484,16.66,4.37741935483871,1
2025-12-09,316.4643859863281,317.3726229056239,311.2944500995635,311.7635388280278,30194000,0.010710116618692478,0.004678142062790824,0.09371735363538836,0.015410750438768573,0.022375849193388902,303.5506988525391,276.78163818359377,1.0967154499287592,71.71635063867893,12.323028323589256,12.97322696665554,-0.6501986430662843,0.6663392422371777,3.6993548387096777,326.1747419354839,16.93,4.374193548387097,1
2025-12-10,319.5883178710937,320.6861883612462,314.069055340672,315.2168165746965,33428900,0.009871353691282447,0.002470021682928536,0.09992599428246463,0.015039042576332515,0.022404732794187462,305.0023956298828,278.32401580810546,1.0958536752364594,69.55379656042487,12.014578889317818,12.781497351187996,-0.7669184618701781,0.726832221578278,3.696774193548387,326.1927096774194,15.77,4.370967741935484,0
2025-12-11,311.8233947753906,320.4965251579071,308.0008443067889,319.45853583973854,42353700,-0.02429664246624641,-0.015696996062722124,0.09042016028313404,0.018786104680864727,0.02289567061499973,306.2952514648438,279.6751889038086,1.0951820669733807,65.451320634061,11.016573884583863,12.42851265786717,-1.4119387732833069,0.9036654139850222,3.694193548387097,326.21067741935485,14.85,4.367741935483871,0
2025-12-12,308.68951416015625,314.25866704717134,304.9667450846256,313.0909556884665,35940200,-0.010050177978120356,-0.0366596708382908,0.11100374056620765,0.017013437423647547,0.021848829729444057,307.8373565673828,280.94792541503904,1.095709662609612,57.23432812502113,9.859119955618837,11.914634117417503,-2.0555141617986656,0.7615886005611864,3.691612903225807,326.2286451612904,15.74,4.364516129032258,0
2025-12-15,307.62158203125,310.81538131016634,304.288070405232,310.7155693717638,29151900,-0.003459567234772254,-0.017531643947248043,0.11581199235015549,0.01462969739934754,0.021732517633036144,309.4337844848633,282.20608489990235,1.0964816176611447,39.86324172556256,8.754737021438586,11.282654698221721,-2.527917676783135,0.6193790762950925,3.683870967741936,326.2825483870968,16.5,4.354838709677419,0
2025-12-16,305.97479248046875,310.1666197797816,302.002508804578,304.3579426322819,30585000,-0.005353296540208108,-0.03314620529310541,0.07631245257805763,0.012326600663332585,0.021004637145504736,310.5184921264648,283.3299728393555,1.0959606179841936,32.227830130823165,7.658342826546402,10.557792323886657,-2.899449497340255,0.6654400030285842,3.6812903225806455,326.30051612903225,16.48,4.351612903225806,0
2025-12-17,296.1439208984375,307.4918412298865,295.54507970361715,307.4120099511304,43930400,-0.03212967807685918,-0.0733581162441379,0.04444241622434486,0.012555655101910743,0.022471507458991097,311.14855804443357,284.35040100097655,1.0942434297582193,28.37574217385705,5.927840891508083,9.631802037410942,-3.703961145902859,0.9612641219256047,3.678709677419355,326.3184838709678,17.62,4.348387096774194,1
2025-12-18,301.8727722167969,303.3698600006946,298.6490626821344,301.1342186567393,33518000,0.019344821602210294,-0.031911084047305915,0.03363218671857937,0.018356558163149527,0.021901754933336532,311.6396728515625,285.5081469726563,1.0915263755377493,35.09456866548186,4.961483174164869,8.697738264761728,-3.7362550905968597,0.7623512479129048,3.6761290322580646,326.33645161290326,16.87,4.345161290322581,1
2025-12-19,306.56365966796875,306.65348128006514,300.3856749721532,301.1442091965169,59943200,0.015539286358039028,-0.006886707823462235,0.06187918831681927,0.020501787859334698,0.021867778700945723,312.5328964233398,286.821350402832,1.0896430687059966,43.53068791748691,4.522026033614338,7.862595818532251,-3.3405697849179123,1.3666158183833985,3.6735483870967744,326.35441935483874,14.91,4.341935483870968,1
2025-12-22,309.1785583496094,309.52788491338026,304.70724534166345,309.2783702904479,26429900,0.008529708591268559,0.005061336425352669,0.03444775050800053,0.0208709516550526,0.02058529815596273,313.04768829345704,288.2857940673828,1.0858935637331004,45.13515888333637,4.334784852133112,7.157033625252423,-2.8222487731193118,0.6372163737501543,3.665806451612904,326.4083225806452,14.08,4.332258064516129,1
2025-12-23,313.7396850585937,314.328535898872,308.7194521900694,309.0288478780405,25478700,0.014752403055799057,0.025377556481619656,-0.012632165306877274,0.02122979499583283,0.015128755778645345,312.8469924926758,289.69025390625,1.0799362017678364,45.816400406642444,4.502537226878644,6.626134345577668,-2.123597118699024,0.6619082010142157,3.663225806451613,326.42629032258066,14.0,4.329032258064516,0
2025-12-24,313.4801940917969,314.4682622711062,311.3144241794057,314.15886656933606,10097400,-0.0008270900340463516,0.05854002722988483,-0.02827275401830842,0.00789318994120178,0.014666135768611387,312.3909515380859,291.0635916137695,1.073273884260375,47.17758924243738,4.561956050460424,6.21329868655422,-1.651342636093796,0.2921188743931367,3.6606451612903226,326.44425806451613,13.47,4.325806451612904,0
2025-12-26,312.9013366699219,314.4782557314601,311.67371372407564,313.8694546536391,10899000,-0.0018465518166213002,0.03653381645564435,-0.019487271978921528,0.008285839149198879,0.01449789821378786,312.080012512207,292.3140414428711,1.067618958609619,43.23359863727092,4.51034449624575,5.872707848492526,-1.362363352246776,0.3349174744475237,3.655483870967742,326.4801935483871,13.6,4.319354838709677,1
2025-12-29,312.95123291015625,313.41033130955566,310.0169383701615,310.76548227407176,19621800,0.00015946317380866049,0.02083604184887977,-0.020035367379731994,0.007215385932876201,0.01449518463938725,311.7600982666016,293.55691131591794,1.0620090559921918,49.835041966105585,4.422488482948097,5.582663975383641,-1.1601754924355436,0.6089470697576119,3.647741935483871,326.5340967741936,14.2,4.309677419354839,1
2025-12-30,313.2406616210937,316.3346490163796,311.85334570689247,311.8932765746258,17380900,0.0009248364617260307,0.013138373156171612,-0.0026509121267620506,0.006854829397993222,0.014023559803967313,311.7184692382813,294.7688656616211,1.057501335965778,46.445082950868795,4.326345025163505,5.331400185339613,-1.0050551601761084,0.5600888104046093,3.645161290322581,326.55206451612906,14.33,4.306451612903226,0
2025-12-31,312.3923034667969,313.9692224596297,310.83533467851674,312.2426007868329,16377700,-0.0027083270412798788,-0.004294584510547872,-0.008249481016495586,0.0014676193031282817,0.014017516604172975,311.5885437011719,295.8990209960937,1.0530232328997307,41.645402152646746,4.134040582679916,5.091928264807674,-0.9578876821277582,0.5448599483341678,3.6425806451612894,326.57003225806454,14.95,4.3032258064516125,1
2026-01-02,314.53814697265625,321.8738834308866,309.72749743587605,316.28474944088583,32009400,0.006869066497624088,0.0033748635505488345,-0.013371123462123657,0.0037583131640241065,0.013821205831454861,311.37540740966796,297.19357727050783,1.0477191676529796,53.6247816948871,4.107441534675274,4.895030918781194,-0.7875893841059192,1.0826017630065574,3.64,326.6161290322581,14.51,4.3032258064516125,1
2026-01-05,315.92547607421875,318.4006418955826,314.01918050346546,317.0432968268774,30195600,0.004410686318703005,0.009664833766712233,-0.0027483494490200266,0.0037485799997179006,0.013795723622345801,311.33187408447264,298.4913439941406,1.043018098677542,60.13424103891492,4.150463501922445,4.7461174354094435,-0.5956539334869984,1.0230650072980236,3.64,326.7005161290323,14.9,4.312903225806451,0
2026-01-06,313.7297058105469,320.3168980142969,311.17467848252585,315.7857038876524,31212100,-0.0069502791954518806,0.0024875214363322407,-0.020930533109931537,0.00551902530252495,0.013598857371607159,310.9965286254883,299.71746704101565,1.0376323131775604,58.29268151207379,3.9617102814166856,4.589236004610893,-0.6275257231942071,1.0532935396718373,3.64,326.7286451612904,14.75,4.316129032258065,1
2026-01-07,321.3548889160156,325.51677583182123,313.58000462136766,313.7496575108236,35104400,0.024304944556552188,0.025904131516415907,0.026329191008320763,0.01202681934454362,0.013691839382348695,311.40872650146486,300.9596484375,1.0347191994615013,67.96455104573855,4.3769557235488605,4.546779948398486,-0.16982422484962534,1.1822605018555121,3.64,326.7567741935484,15.38,4.319354838709677,1
2026-01-08,324.80816650390625,329.6786969446188,320.8758135066914,328.3313118537803,31896100,0.010745993625736139,0.03974445880811861,0.02636562244302132,0.011302521304885975,0.013693127058209971,311.82591552734374,302.0843817138672,1.032247724156437,89.34240419799775,4.927885769569116,4.623001112632612,0.3048846569365038,1.071139944753988,3.64,326.7849032258065,15.45,4.32258064516129,1
2026-01-09,327.9320983886719,330.1876899539591,325.16745676828174,326.45496079982934,26214200,0.009617775065172474,0.0425829157605484,0.026107902107184167,0.011308141803148283,0.013684977041516168,312.2431045532227,303.30749938964846,1.0294605480627927,88.52162756664413,5.55257042014091,4.808914974134272,0.7436554460066382,0.8911247857529903,3.64,326.81303225806454,14.49,4.325806451612904,1
2026-01-12,331.2156677246094,333.3914583276215,324.3690012716118,325.16743586064183,33923900,0.010012954974739197,0.048398096413087455,0.06218992312359117,0.011086217283659383,0.012385797216477321,313.2127182006836,304.4546563720703,1.0287663914652374,88.02331678652382,6.240655715391426,5.095263122385703,1.1453925930057238,1.16997160592906,3.64,326.8974193548387,15.12,4.335483870967742,1
2026-01-13,335.3177185058594,339.828932001794,332.9722749179122,334.29970979162056,33517600,0.012384833149441166,0.06881086583604845,0.08626209548500485,0.006179978647311064,0.012146300104266913,314.54412841796875,305.5460125732422,1.0294492988762851,88.54865567927153,7.035864419685765,5.483383381845715,1.5524810378400504,1.1608084127232603,3.64,326.9255483870968,15.98,4.338709677419355,0
2026-01-14,335.1879577636719,335.8666302231012,329.83837890700147,334.40947336413166,28525600,-0.00038697848346846975,0.04304608183904568,0.08961131904464859,0.0050658195354852265,0.012063254224584184,315.92244720458984,306.6405596923828,1.030269601391018,86.38661866317129,7.568359106924959,5.900378526861564,1.6679805800633947,0.9889940538524972,3.64,326.95367741935485,16.75,4.341935483870968,0
2026-01-15,332.1338806152344,337.03435112462023,330.0978329050398,336.9944202593897,28442400,-0.009111536013447163,0.02255397144160165,0.08549425893126616,0.009054160662057645,0.012250501615609673,317.23040161132815,307.6235559082031,1.0312292264965293,78.90490818434263,7.655676606659483,6.251438142821148,1.4042384638383352,0.9897857785283677,3.64,326.9818064516129,15.84,4.345161290322581,0
2026-01-16,329.3593139648437,334.00028002450074,327.0637915356931,333.7607557246461,40341600,-0.008353759770762248,0.004352167973749932,0.11215963159276665,0.01003077967309056,0.009352096077271653,318.89117126464845,308.6743402099609,1.0330990617740952,73.87771908774133,7.4155106231536365,6.4842526388876465,0.93125798426599,1.41269536943898,3.64,327.00993548387095,15.86,4.348387096774194,0
2026-01-20,321.3748474121094,327.0937337673917,319.80788820634325,320.2470363972373,35361000,-0.02424241918838399,-0.029711216199718504,0.06460362440805567,0.013393085562480256,0.010878353861970728,319.86627502441405,309.4303875732422,1.0337261234522472,59.934066804147484,6.505901644711173,6.488582440052352,0.017319204658821086,1.234300075483553,3.64,327.1224516129032,20.09,4.361290322580645,1
2026-01-21,327.7424621582031,331.83450818795274,318.729994927537,320.2969541162656,35386600,0.01981366867186196,-0.022591279641919315,0.06908451743162436,0.016077489577320934,0.011171746202804186,320.92521514892576,310.3050091552734,1.034225054963061,64.9577734339343,6.227061579868177,6.436278268015518,-0.2092166881473405,1.2905023359096628,3.64,327.1505806451613,16.9,4.364516129032258,1
2026-01-22,329.8982849121094,334.49932025317224,328.1117515615861,333.8006975362521,26253600,0.006577795076384119,-0.0157812138802792,0.06701540583247945,0.01680350873276955,0.011133079501980439,321.9612014770508,311.34084045410157,1.0341116861104989,67.58219528252963,6.109607941572108,6.370944202726836,-0.2613362611547281,0.9577418340448227,3.64,327.17870967741936,15.64,4.367741935483871,0
2026-01-23,327.2933044433594,333.0421309365838,326.8142558744754,331.8444485977197,27280000,-0.007896314069786747,-0.014574171604861519,0.04320020714699968,0.016702642120723928,0.011059288640827896,322.6388824462891,312.0997564697266,1.0337684530605675,62.69361852299308,5.740155988800836,6.244786559941636,-0.5046305711407992,0.9919262367580302,3.64,327.2068387096774,16.09,4.370967741935484,1
2026-01-26,332.61297607421875,335.1879535299186,326.3651202937951,327.1735452193246,26042100,0.0162535302697584,0.009878761496698862,0.061033463494727824,0.018220842883210048,0.011467245447060067,323.5955215454102,312.94092834472656,1.0340466594032303,65.40154957362503,5.809645717281683,6.157758391409645,-0.34811267412796276,0.9202389601431555,3.64,327.2912258064516,16.15,4.380645161290323,1
2026-01-27,333.90045166015625,337.2539439848537,332.8325522369338,334.71886692218493,21636200,0.0038707918167637523,0.03897506089512004,0.06711097885908446,0.010943813158942661,0.011410429681785007,324.6454772949219,313.89961181640626,1.0342334462165588,68.93381879015833,5.900587053091783,6.106324123746074,-0.20573707065429048,0.7503154028243725,3.64,327.31935483870967,16.35,4.383870967741935,1
2026-01-28,335.357666015625,336.88469439192147,331.2955603721992,335.40755676022206,27434400,0.004364217982405938,0.023235328761721297,0.07159720349113097,0.008608946839541392,0.01138794614165615,325.7657989501953,315.04981689453126,1.034013611438636,64.86542350499539,6.020839249925189,6.089227148981897,-0.06838789905670861,0.9386736885396505,3.64,327.3474838709677,16.35,4.387096774193549,1
2026-01-29,337.59326171875,341.62542627766146,325.90600610893915,339.63926930341205,39785600,0.006666302666302748,0.02332530103541064,0.07774405778491822,0.008614032303570912,0.011391314533785994,326.9834289550781,316.28782165527343,1.0338160579304947,63.93294763546096,6.224778500116088,6.116337419208735,0.10844108090735283,1.3110222903380415,3.64,327.3756129032258,16.88,4.390322580645162,0
2026-01-30,337.3437805175781,339.33989756206086,331.64487488391205,339.33989756206086,31024000,-0.0007389993505845238,0.030707857257611826,0.07987225284963939,0.006288236629526902,0.01134038272534421,328.2310028076172,317.3490844726563,1.0342900574395655,60.942201142182405,6.2937206829343495,6.151814071953858,0.14190661098049162,0.9982200382762557,3.64,327.4037419354839,17.44,4.393548387096774,1
2026-02-02,343.0227355957031,344.160506471566,334.9783863513143,335.56723722383623,32006100,0.01683432571192478,0.031296913440808094,0.09056004461526612,0.006524019804323228,0.01169072033223007,329.65523223876954,318.53868713378904,1.03489857136352,63.002882255041925,6.729033958520631,6.2672580492672125,0.4617759092534186,1.029825296086718,3.64,327.56117857142857,16.34,4.396428571428571,0
2026-02-03,339.0504455566406,348.322417578686,336.8148042563824,346.66563680855586,36506700,-0.01158025293036069,0.015423740431852018,0.07319754573065596,0.010406678035342204,0.012225195406258072,330.8114807128906,319.4786865234375,1.035472770696463,54.12255843049279,6.6765293826185825,6.349112315937487,0.3274170666810958,1.1628296614302218,3.64,327.6623571428571,18.0,4.392857142857143,0
2026-02-04,332.3934020996094,342.6434516437907,327.8821583120744,342.2941250868659,70618400,-0.019634374601991578,-0.00883911183911179,0.05948973254172185,0.014436936314991107,0.013099563649338767,331.7446655273437,320.3525708007812,1.035561115361384,47.30251367124672,6.028261312247082,6.2849421151994065,-0.2566808029523244,2.116539699880339,3.64,327.7635357142857,18.64,4.389285714285714,0
2026-02-05,330.6068725585937,332.04407921106184,305.8649942318392,311.61382084171163,88205800,-0.005374744293150324,-0.020694693740589742,0.028790548896849177,0.0136787998603416,0.012206744693313627,332.20726470947267,320.9870538330078,1.0349553377386433,48.48905951904275,5.309145666236816,6.089782825406889,-0.7806371591700731,2.448794207788736,3.64,327.8647142857143,21.77,4.385714285714286,0
2026-02-06,322.233154296875,329.7385737476322,319.2988903139048,326.54477434837446,56380500,-0.02532832483763514,-0.04479295926997462,-0.007927793918322767,0.016331834665387585,0.013376435087295522,332.0785140991211,321.07664489746094,1.0342655542734156,43.6521908382338,4.017243966390993,5.675275053603711,-1.6580310872127182,1.5138015023232405,3.64,327.9658928571428,17.76,4.382142857142857,1
2026-02-09,323.6903381347656,327.0637807183464,316.6440476026885,320.3069052195784,39640100,0.004522141246049882,-0.05635893908712586,-0.012934873636184396,0.011743324107359997,0.013225007507021266,331.8664260864258,321.0984313964844,1.0335348716688229,52.33399573030805,3.0755322972678414,5.155326502336537,-2.079794205068696,1.0454823224524148,3.64,328.26942857142853,17.36,4.371428571428572,0
2026-02-10,317.9614562988281,321.0454837970353,313.9991629255859,320.3468306795893,39170000,-0.017698649483792517,-0.06220015202513407,-0.04001686126998538,0.012070709562050775,0.013506834861973118,331.2037155151367,321.07525817871095,1.0315454307936374,40.01221579577184,1.8456703895635655,4.493395279781944,-2.6477248902183783,1.0259858350043474,3.64,328.3706071428571,17.79,4.367857142857143,0
2026-02-11,310.35626220703125,320.43665913490463,309.0587983421378,318.3507205277581,45406400,-0.0239186037840049,-0.06629836739651707,-0.07444120880356031,0.012814882010330582,0.01391190144819261,329.9556427001953,320.89539306640626,1.0282342776791256,32.04327428640332,0.254387937292222,3.645593811284,-3.391205873991778,1.1711024517339739,3.64,328.4717857142857,17.65,4.364285714285715,0
2026-02-12,308.4000549316406,315.6259882196205,306.603561940612,311.4840518259579,47761300,-0.00630310231692921,-0.06716986085344412,-0.07991904903373159,0.012672581252880306,0.013899116131829058,328.6162475585937,320.78192932128906,1.0244225672371274,32.42993189865285,-1.1512930593878536,2.6862164371496293,-3.837509496537483,1.2020217374781486,3.64,328.57296428571425,20.82,4.360714285714286,0
2026-02-13,305.1264343261719,308.03078810659247,303.1203270701956,307.1325415821482,38499700,-0.010614850915621199,-0.05308801947468944,-0.08131493914151355,0.010893960220245089,0.013931876437420464,327.2658752441406,320.5846417236328,1.0208407785369442,23.427237554292958,-2.500633454836816,1.6488464587523404,-4.149479913589156,0.9568232029197998,3.64,328.67414285714284,20.6,4.357142857142858,0
2026-02-17,301.43359375,303.84890853372514,295.674807618098,299.45745756709624,39247600,-0.012102656999636863,-0.06875937203754046,-0.08478800820499799,0.006824198007591786,0.014016529252683426,325.8695892333984,320.23729614257815,1.017587873613299,20.007386273934912,-3.8238973040161,0.5542977061986524,-4.378195010214752,0.976738392683048,3.64,329.07885714285715,20.29,4.342857142857143,1
2026-02-18,302.7410888671875,304.7871271852118,300.66514046909924,301.5035060024616,28482100,0.004337589254474139,-0.047868592655256115,-0.05798138433972466,0.010214807473104725,0.013318728402918855,324.93790130615236,319.95619506835936,1.0155699633717943,19.785497898401843,-4.712763702953509,-0.49911457563178,-4.213649127321729,0.7149415789204174,3.64,329.18003571428574,19.62,4.339285714285714,0
2026-02-19,302.26202392578125,304.87693233204385,299.4574819671566,301.23402488534225,25834400,-0.0015824245833258033,-0.02608047352964482,-0.07774530667961577,0.006749490484989846,0.012211779271679858,323.66387939453125,319.5927032470703,1.0127386392308013,16.16981162950529,-5.393678299122541,-1.4780273203299323,-3.915650978792609,0.656349281962361,3.64,329.28121428571427,20.23,4.335714285714285,1
2026-02-20,314.36846923828125,315.885507154404,303.30996428502766,303.7291622459488,53210800,0.040052816279271264,0.0193528315290461,-0.04707455717135822,0.021236588621174085,0.015566442117644273,322.8873886108398,319.61785400390625,1.0102295117934608,32.07167946657141,-4.899935655247873,-2.162408987313521,-2.737526667934352,1.3071141461228963,3.64,329.38239285714286,19.09,4.332142857142857,0
2026-02-23,310.8852233886719,318.8996316925602,309.2683735389658,318.43054299285177,31423000,-0.011080137451600414,0.018873451837162047,-0.05013265114785459,0.02131760424728345,0.015642846718138346,322.06698455810545,319.50627075195314,1.008014596396264,24.03229115499714,-4.7351262937166325,-2.676952448594143,-2.0581738451224894,0.7679925779210749,3.64,329.6859285714286,21.01,4.321428571428571,0
2026-02-24,310.29638671875,311.6637220131571,305.33603467292323,309.91711960911005,25615600,-0.0018940645152043523,0.029402140811486843,-0.06709476466873943,0.01983615948620718,0.015014368778004383,320.951155090332,319.32043212890625,1.0051068544237953,25.42232994766819,-4.5990133226677585,-3.061364623408866,-1.5376486992588925,0.6263835164858006,3.64,329.7871071428572,19.55,4.317857142857143,1
2026-02-25,312.29248046875,313.03106442763067,308.83920678711326,311.45411503231185,29963600,0.006432861726518357,0.03154970353480069,-0.06471381240717466,0.0198152588326394,0.015090049833420303,319.8707565307617,319.32981384277343,1.001693993684707,31.33111536514562,-4.280729147940974,-3.305237528315288,-0.9754916196256862,0.7253211357173989,3.64,329.8882857142857,17.93,4.314285714285714,0
2026-02-26,306.7832336425781,312.5320604811519,301.7630004907203,312.0330312197015,36431200,-0.01764130477270065,0.014957915182580273,-0.08520584220584215,0.022543346552290976,0.015307710150855847,318.44203491210936,319.29168823242185,0.9973389431932409,29.304694487936004,-4.422062043927269,-3.528602431437684,-0.8934596124895853,0.8723811617373247,3.64,329.9894642857143,18.63,4.310714285714286,1
2026-02-27,311.1547241210937,311.7635251790807,303.21015662264614,303.5495233120643,44640600,0.014249443904123638,-0.010222860851708537,-0.07831476689745764,0.012867276568226085,0.015683767840439858,317.12010803222654,319.36235107421874,0.9929790000779676,39.65712358070285,-4.133676188719505,-3.6496171828940485,-0.4840590058254568,1.0627855200752225,3.64,330.0906428571429,19.86,4.307142857142857,0
2026-03-02,305.9248962402344,307.89107280501906,300.7150293830805,302.6413055358027,34790200,-0.01680780484895994,-0.01595549345951397,-0.09313610059488442,0.01407729749816373,0.015920247714732872,315.5491638183594,319.3613531494141,0.98806308498677,34.50557347727488,-4.277819680819391,-3.7752576824791175,-0.5025619983402736,0.8245744039023785,3.64,330.3611935483871,21.44,4.3,0
2026-03-03,302.9905700683594,303.34988694776314,296.1339134078651,298.01026816236094,35497000,-0.009591655363578977,-0.02354463978020005,-0.116704117171192,0.014326746206160245,0.015109990089800119,313.5475555419922,319.4982861328125,0.9813747652206603,36.27378889829026,-4.576079835852681,-3.9354221131538307,-0.6406577226988506,0.8378603251408846,3.64,330.4293870967742,23.57,4.3,0
2026-03-04,302.54150390625,304.8769573413998,300.1661195993462,302.30197959238774,29536200,-0.0014821126677574403,-0.03122385959426177,-0.10767996954096781,0.013184797764711573,0.015085146165090173,311.7221084594727,319.51166076660155,0.9756204443730176,41.75272274740477,-4.793433328245271,-4.1070243561721185,-0.6864089720731528,0.7029461971108621,3.64,330.4975806451613,21.15,4.3,0
2026-03-05,300.2958374023437,302.711121843687,297.4114338033223,302.4516473530844,35752300,-0.007422672509098671,-0.021146514961742247,-0.09656498743512032,0.01168525352796837,0.014728979242290684,310.11723022460933,319.38630432128906,0.9709784860174986,41.499179556979904,-5.0882399926451285,-4.303267483466721,-0.7849725091784077,0.8877173153579865,3.64,330.5657741935484,23.75,4.3,0
2026-03-06,297.9404296875,299.94653713519574,294.60691775969326,295.5151547022239,25576900,-0.007843624258060733,-0.04246856438037239,-0.09880751303893176,0.005499308867269859,0.01474295613154811,308.48390808105466,319.1615417480469,0.9665447359086221,42.31427801129726,-5.449124006192164,-4.5324387880118095,-0.9166852181803549,0.6886066611519406,3.64,330.63396774193546,29.49,4.3,1
2026-03-09,305.9804077148437,306.4198649966507,293.71562375842984,293.99527562141907,29312100,0.026985186387012305,0.00018145458343377108,-0.05043784714672028,0.015320999210410345,0.015579506588277116,307.6712707519531,319.00635620117185,0.9644675247722317,54.449268956949645,-5.028403843613944,-4.631631799132236,-0.39677204448170755,0.8190126979785024,3.64,330.83854838709675,25.5,4.3,1
2026-03-10,306.6596069335937,309.1265479913924,305.1914269440574,305.79068968096857,23239700,0.0022197474139682427,0.012109409426195983,-0.0526142710941262,0.014325761146498023,0.01553355839382113,306.8197341918945,318.8699444580078,0.9622096391474104,53.8821888915495,-4.587294902849067,-4.622764419875603,0.035469517026536224,0.6645698891906913,3.64,330.90674193548386,24.93,4.3,1
2026-03-11,308.31756591796875,311.0341973481569,305.5410112597432,306.3699695674413,24125700,0.005406512455140788,0.01909180042123615,-0.03033037555280227,0.014178588494452875,0.015206128689073879,306.3375396728515,318.77826904296876,0.9609737219307118,55.86245732296047,-4.057161028535006,-4.5096437416074835,0.45248271307247734,0.7050727526293702,3.64,330.974935483871,24.23,4.3,0
2026-03-12,303.17388916015625,308.5572255769297,300.65702241451555,306.4398571350748,24928300,-0.01668304802062759,0.009584054786468732,-0.0231423493626296,0.016445850079702763,0.014721273141751168,305.97842102050777,318.58272216796877,0.9604363316953028,37.47362051514607,-4.00590031533909,-4.4088950563538045,0.4029947410147141,0.7510013657829422,3.64,331.04312903225804,27.29,4.3,0
2026-03-13,301.9054870605469,307.3087879643589,300.0677703977713,306.6296377698095,23693100,-0.004183744527350486,0.013308221973116208,-0.021058906336879013,0.015971870963263513,0.014689200979358037,305.6536926269531,318.3560186767578,0.9601002484495135,39.427937023490415,-4.021270575734604,-4.331370160229965,0.3100995844953607,0.7406407094966069,3.64,331.11132258064515,27.19,4.3,1
2026-03-16,305.1814270019531,306.11026747244654,302.64456537566065,303.97293465389924,23519700,0.010850879105583244,-0.0026112152698194446,0.00018022914305237947,0.010566278360449826,0.01473095620897154,305.65644226074215,318.21180114746096,0.9605440186647868,44.336380611766984,-3.726157814898329,-4.210327691163638,0.48416987626530883,0.7528470995091227,3.64,331.31590322580644,23.51,4.3,1
2026-03-17,310.5347900390625,311.03417054952814,305.1214918945171,305.48103123176395,21955200,0.017541575480853666,0.012636757557404676,0.030193039122941245,0.01338897313784921,0.014927427067870903,306.1115020751953,318.13173400878907,0.9622161807559202,48.188454115640006,-3.0254318732213505,-3.9733485275751805,0.94791665435383,0.7227719822487106,3.64,331.38409677419355,22.37,4.3,0
2026-03-18,307.30877685546875,312.08285325242963,306.5497087361953,308.88680583632095,20009800,-0.010388572511273009,-0.0032719156286035167,0.015087770230902242,0.014383666472687755,0.01514651555171145,306.33988647460933,317.95940002441404,0.9634559835346509,50.56839673240367,-2.699297991986441,-3.718538420457433,1.019240428470992,0.6680450589377878,3.64,331.45229032258067,25.09,4.3,0
2026-03-19,306.7494812011719,307.67832164750223,301.9754046785898,303.63335165234247,25075800,-0.0018199794357318666,0.011793865398239456,0.014846249016358337,0.011460651934009762,0.01514862211534716,306.56425933837886,317.8197955322266,0.9645851631897283,44.8073573499037,-2.4576349407407747,-3.4663577245141015,1.0087227837733268,0.8382394824775931,3.64,331.5204838709677,24.06,4.3,0
2026-03-20,300.6270751953125,305.62088043111504,297.9004465638477,305.0815409313132,44364100,-0.019958977540516787,-0.004234477079835264,-0.043711107784646264,0.015265924128954955,0.0127229960756955,305.8771896362304,317.4052392578125,0.9636803423644231,43.88393501995836,-2.728687616833497,-3.318823702977981,0.5901360861444838,1.5052707599846027,3.64,331.58867741935484,26.78,4.3,1
2026-03-23,301.685791015625,305.60094814101865,300.5571860375472,301.7357168812967,29326900,0.0035216915163900353,-0.011454288095670284,-0.029591089189677122,0.014186646897944454,0.012602298895608047,305.4172180175781,316.9427917480469,0.963635160569826,48.42551436389012,-2.8254987065469095,-3.2201587036917667,0.3946599971448572,0.9986107185785744,3.64,331.7932580645161,26.15,4.3,0
2026-03-24,290.0801696777344,299.5484356615691,289.97029010977093,298.82932646685043,36864300,-0.0384692341618752,-0.06586901377058307,-0.06515131308744315,0.016590609204346473,0.015083405975300676,304.4064071655273,316.1857531738281,0.9627454877708391,38.15274327563666,-3.794952986620899,-3.335117560277593,-0.459835426343306,1.2316783736525077,3.64,331.86145161290324,26.95,4.3,1
2026-03-25,290.5695495605469,295.6332754793409,288.8816409209488,293.07644958925243,29460700,0.0016870504569690414,-0.05447038469322518,-0.0695595708087402,0.0179647943497787,0.01495981255213322,303.32026062011715,315.3728308105469,0.9617831055406607,40.433540464397055,-4.472210759712311,-3.562536200164537,-0.9096745595477742,0.9851432821077687,3.64,331.9296451612903,25.33,4.3,0
2026-03-26,280.57196044921875,287.5932492331535,278.15494535852446,287.55329025783345,39080600,-0.034406871354718094,-0.08533843529073626,-0.08543906680342628,0.019631918385119466,0.016211775708006436,302.00969696044916,314.27791564941407,0.9609637900785544,35.14945266445116,-5.749388935434467,-3.9999067472185232,-1.7494821882159441,1.3010620738238186,3.64,331.9978387096774,27.44,4.3,0
2026-03-27,274.0001220703125,279.02388928595167,273.6106210828978,276.9364822022131,35890600,-0.02342300480911985,-0.08857137404440674,-0.11940876731256556,0.019799680153836006,0.016127799575546695,300.15196685791017,313.05415893554687,0.9587860703671627,21.951743069369556,-7.208756220879593,-4.641676641950737,-2.5670795789288556,1.2125219088133903,3.64,332.0660322580645,31.05,4.3,0
2026-03-30,273.1611633300781,276.7467120540596,271.772870758184,276.07755917965534,35141200,-0.003061891848424425,-0.09455078275154671,-0.10709730823746944,0.018142030480596844,0.015944404154942107,298.51378021240237,311.87470458984376,0.9571593201346266,20.7023470108402,-8.336909563729876,-5.380723226306565,-2.9561863374233104,1.186500823330523,3.64,332.2706129032258,30.61,4.3,1
2026-03-31,287.2037353515625,287.72308014338427,276.74670556560056,277.6955407888773,43875400,0.05140764466768588,-0.00991599780628738,-0.05210338629758382,0.033072943370677295,0.020351047840917014,297.7244384765625,311.03159301757813,0.9572160679501662,34.8219370656801,-8.005577696001524,-5.905694120245557,-2.0998835757559666,1.4607395086566546,3.64,332.33880645161287,25.25,4.3,1
2026-04-01,297.0215759277344,300.14767254424095,290.05021252939383,290.47967248402244,37684500,0.0341842370683445,0.0222047574391242,-0.018245192501674445,0.036848113937588606,0.021943145257620793,297.44844207763674,310.5445275878906,0.9578286385788994,45.85579663043348,-6.871565985055327,-6.098868493207511,-0.7726974918478158,1.2378364165236027,3.64,332.407,24.54,4.3,0
2026-04-02,295.403564453125,297.71070019384774,289.0914173614996,290.3298713924274,21666500,-0.005447454345885783,0.05286203218653651,-0.01629151103637816,0.03091571623529558,0.021915689583315003,297.2038284301758,309.8977496337891,0.9590383563010254,45.640830900944735,-6.033858967501601,-6.085866588066329,0.052007620564728185,0.7285414996962799,3.639666666666667,332.4594,23.87,4.3,1
2026-04-06,299.6183166503906,300.2475409865838,294.8142784540748,295.5034260146893,16945500,0.014267777049570496,0.09349701885718176,0.005631618926811965,0.024417982485233844,0.022087773902308625,297.2877227783203,309.2921502685547,0.9611874162347441,46.316618980650794,-4.972554331545155,-5.863204136762095,0.89064980521694,0.5781871391021934,3.6383333333333336,332.669,24.17,4.3,1
2026-04-07,305.08154296875,305.2513457589993,297.3511421656273,302.3549447988444,23205400,0.01823395304878561,0.116855482856838,-0.0029376545799343345,0.021442935313356126,0.021617396762230963,297.24277954101564,308.8479150390625,0.9624244330851996,46.39460558810711,-3.6485676388720094,-5.420276837184078,1.7717091983120685,0.8001130931139051,3.638,332.7214,25.78,4.3,1
2026-04-08,316.9268798828125,321.68096199730417,314.6297110626625,320.0530070056894,33547100,0.03882678971266329,0.10349149705475202,0.033481008639791865,0.017601065121782715,0.023293439300944577,297.7561431884766,308.53419311523436,0.9650669191056814,55.70837490101639,-1.6247498478909392,-4.66117143932545,3.036421591434511,1.1364956050575208,3.6376666666666666,332.7738,21.04,4.3,1
2026-04-09,318.09539794921875,319.1441153425082,310.6746106421415,315.51860784412145,23739200,0.0036870273257929576,0.07095047541802701,0.03171350942051587,0.016724915003903724,0.023283003348037956,298.2450347900391,308.2180920410156,0.9676428557943011,56.6854916758406,0.07259316570088004,-3.7144185183201843,3.7870116840210644,0.8047542442131762,3.637333333333333,332.8262,19.49,4.3,0
2026-04-10,316.8469543457031,321.4312640320202,315.9281112234418,319.6235089208505,19152600,-0.0039247458830414805,0.0725901528381212,0.04509974530927985,0.01629250979192525,0.022921388348131868,298.9286880493164,307.8478778076172,0.9710272819750454,60.13985747159944,1.3020020978277103,-2.7111343950906055,4.013136492918315,0.6556884290297368,3.637,332.8786,19.23,4.3,1
2026-04-13,320.91192626953125,321.2315371363443,315.0791651091577,316.74710955552524,18866400,0.012829449259571968,0.07106911839434393,0.06295493133972974,0.016304108380282022,0.022977624788525972,299.87901000976564,307.5142510986328,0.9751710983748254,61.58381507141491,2.574647857972252,-1.6539779444780343,4.228625802450287,0.6512712482405503,3.636,333.0358,19.12,4.3,1
2026-04-14,332.49755859375,332.8770926852431,323.3489033390031,324.38762340838895,27721400,0.03610221801008451,0.08986455017309347,0.089507844104884,0.01918662543802737,0.024081216739948206,301.2448165893555,307.4173266601563,0.9799213982573455,75.56278541122205,4.466604261636121,-0.42986150325520334,4.896465764891325,0.9500573364232627,3.635666666666667,333.0882,18.36,4.3,1
2026-04-15,336.70233154296875,337.0619013824557,330.49003638532656,332.4775916674409,24918800,0.012646026536261568,0.062397521054283756,0.0842660543786884,0.015036340884283999,0.02396702950997713,302.5531936645508,307.2909185791016,0.9845822813884062,76.61021591593611,6.233428297360149,0.9027964568678672,5.3306318404922814,0.849692636506354,3.6353333333333335,333.1406,18.17,4.3,0
2026-04-16,335.6036682128906,339.458901613874,334.105526677332,338.33029678032364,20541500,-0.003263010758028928,0.055040941731784976,0.09207316382873554,0.016296354785669813,0.0237891024034866,303.9679382324219,307.22198303222655,0.9894081641955181,85.37490618174513,7.459013264290263,2.2140398183523464,5.244973445937917,0.6997990864779834,3.635,333.193,17.94,4.3,1
2026-04-17,341.2566833496094,341.89590508018404,335.8234205588037,337.2316773591919,25581900,0.016844318677508463,0.0770394938916581,0.11249310679618407,0.014075600373982764,0.023886546194709937,305.69329833984375,307.39924865722656,0.9944503757740635,93.74995781559001,8.785179180748287,3.5282676908315347,5.256911489916752,0.8707626231630843,3.6346666666666665,333.2454,17.48,4.3,0
2026-04-20,337.0019836425781,340.97703331198585,336.1929591105031,340.3378420577138,18784200,-0.01246774030993092,0.05013854598701628,0.12099678122349244,0.018814056775865198,0.023520359234485103,307.51204376220704,307.52715087890624,0.9999508755026799,89.76112186054291,9.384675814668753,4.699549315598978,4.685126499069775,0.6684831725281395,3.6336666666666666,333.4026,18.87,4.3,0
2026-04-21,331.8783264160156,338.9195798085849,330.9394885663705,337.2716301294484,23123800,-0.015203641151253944,-0.001862366088801748,0.10007940811115912,0.01449550358226222,0.02399170513533952,309.02167053222655,307.72005432128907,1.004229871250375,81.30158764099001,9.338694244086696,5.627378301296522,3.711315942790174,0.832103255968604,3.633333333333333,333.455,19.5,4.3,1
2026-04-22,338.8996276855469,339.3990082413208,334.7547751685775,336.6024588411248,20293000,0.021156251284484062,0.006525930879387687,0.16829643357575486,0.016722547342152953,0.02191355324608709,311.4626434326172,308.0242401123047,1.0111627686154143,80.53894134518578,9.756348735996824,6.453172388236583,3.3031763477602407,0.7526793779833586,3.633,333.5074,18.92,4.3,0
2026-04-23,338.4701538085937,341.53632713037314,335.7634893621326,340.7572947145818,18650300,-0.0012672598075311736,0.008541282075274381,0.16485073649489768,0.01660644099367066,0.02196847515252856,313.85767364501953,308.4344140625,1.017583185712281,81.95966830208636,9.938127430517113,7.150163396692689,2.787964033824424,0.7059027470908474,3.6326666666666663,333.5598,19.31,4.3,1
2026-04-24,343.9732971191406,344.8422143498026,334.9744808477988,338.3103390739037,26426100,0.016258873193466306,0.007960617043060614,0.22597174916699125,0.01647550433617995,0.019631782633340412,317.0277404785156,309.1067547607422,1.02562540480199,82.29816756369966,10.406288809338491,7.801388479221851,2.6049003301166405,1.0247532066557132,3.632333333333333,333.6122,18.71,4.3,1
2026-04-27,349.90594482421875,352.7424225666816,342.3053878156813,345.55136124882,28576900,0.017247407734162667,0.038290460614399446,0.27702842677722495,0.015414664378439831,0.017978567620620927,320.8230316162109,309.93687255859373,1.0351237946222716,82.41836291467432,11.127751372531463,8.466661057883774,2.661090314647689,1.1240974137251134,3.631333333333333,333.7694,18.02,4.3,0
2026-04-28,349.3466491699219,351.9833930501032,345.6911799613628,348.11816206941427,27824100,-0.001598417124858642,0.05263471990638324,0.27890306554224154,0.010920039386753866,0.017914964192186338,324.63230590820314,310.82127685546874,1.044433988536623,78.02139830161988,11.521571660473398,9.0776431784017,2.4439284820716978,1.1104663391100735,3.631,333.8218,17.83,4.3,1
2026-04-29,349.5064697265625,355.3492283904879,343.78355752060145,347.1394107424554,35376300,0.0004574841551232556,0.03129788637849251,0.21692870497918837,0.00965370382580119,0.015563185695386316,327.7474426269531,311.782734375,1.0512045937500547,77.63135711977006,11.711569575368173,9.604428457794995,2.1071411175731782,1.4362350304643183,3.6306666666666665,333.8742,18.81,4.3,1
2026-04-30,384.3232421875,385.3619622201579,365.3667768501622,373.6065555628184,72040000,0.0996169612773592,0.1354715854941715,0.29392365179897295,0.04184573229150082,0.02496008305899802,332.1125259399414,313.41437744140626,1.0596595110000364,87.31770793776167,14.504369510413369,10.58441666831867,3.9199528420946983,2.734064415984637,3.630333333333333,333.9266,16.89,4.3,1
2026-05-01,385.2121887207031,386.2808704617397,378.5804000830116,381.1572209075714,30105200,0.0023130178860466533,0.11988980524636128,0.3040201103660991,0.043135268161071674,0.024713217167109423,336.6029571533203,315.07338073730466,1.0683319433892962,86.85595818378934,16.598081781141104,11.787149690883158,4.810932090257946,1.1245458469309217,3.63,333.979,16.99,4.3,0
2026-05-04,382.7751770019531,386.9000650646733,379.31947226185457,385.15223320621686,26298600,-0.006326413831408972,0.09393733562956985,0.27754264586098065,0.04524112892141945,0.02511143560094807,340.76080017089845,316.44151489257814,1.0768523854607885,82.19489250306115,17.854897220458952,13.000699196798317,4.854198023660635,0.9654887321833983,3.63,333.84245161290323,18.29,4.290322580645161,1
2026-05-05,387.9487609863281,392.33333678038815,383.5442209432822,385.7515048868787,23878600,0.013515986132895508,0.11049801653494673,0.2716231772371309,0.044018116621696475,0.025077945778471326,344.90416107177737,317.98278564453125,1.0846629963715746,82.4131004869175,19.048814623573207,14.210322282153296,4.8384923414199115,0.8755623838106797,3.63,333.7969354838709,17.38,4.287096774193548,1
2026-05-06,397.546875,399.3546301445318,392.2734176347804,393.7615619135972,31308500,0.024740674488222147,0.1374521201596699,0.25438042726763244,0.04236739127759497,0.024486716172153585,348.9351608276367,319.72779541015626,1.0913507234490276,85.37530408133881,20.53280100461285,15.474818026645206,5.057982977967644,1.1527273008431034,3.63,333.7514193548387,17.39,4.283870967741936,0
2026-05-07,397.4969177246094,399.6043194807176,392.1934987581594,399.4245497990884,24433500,-0.0001256638613763572,0.034277592638236376,0.24961543073963743,0.012322439625784437,0.024566832115815007,352.9052368164063,321.43188415527345,1.0979160880192242,84.31440822318363,21.457491167167007,16.67135265474957,4.786138512417438,0.898452790274419,3.63,333.7059032258064,17.08,4.280645161290322,1
2026-05-08,400.3034362792969,401.5019617899809,395.86893456144384,396.5081562950806,21461800,0.007060478784974844,0.03917645391417146,0.2633968254671517,0.012068284001115755,0.024325967015098517,357.07806091308595,323.30228820800784,1.1044711835857695,89.31755320278162,22.161315524902022,17.76934522878006,4.391970296121961,0.7858429775019137,3.63,333.6603870967742,17.19,4.27741935483871,0
2026-05-11,388.1585083007813,396.9475933307253,387.9887055115338,393.16228042470647,30753700,-0.03033930483185232,0.014063950909754874,0.20954840417732012,0.020742498825233095,0.026101391976224502,360.4403900146484,324.84236389160156,1.1095855408038027,82.15219820740228,21.4913680972071,18.51374980246547,2.9776182947416316,1.1020892022228346,3.63,333.5238387096774,18.38,4.267741935483871,0
2026-05-12,386.8701171875,388.0386506028281,382.2957742925754,386.8601198229993,26017500,-0.0033192396552671477,-0.0027803769654677346,0.16352769272565726,0.019954143644204177,0.02549754336626728,363.1590179443359,326.46126831054687,1.112410730448061,79.3259003846571,20.618786996988263,18.93475724137003,1.6840297556182335,0.9352180638802374,3.63,333.4783225806452,17.99,4.264516129032258,1
2026-05-13,402.1211853027344,403.1998643489371,384.5230197682841,385.1222825184223,28144600,0.03942167522813045,0.011506341994851343,0.19429284454306517,0.025015884126991305,0.026445332476568925,366.4299606323242,328.4438806152344,1.115654704681771,82.94219045696671,20.916778326556425,19.33116145840731,1.585616868149117,1.0058466448935626,3.63,333.43280645161286,17.87,4.2612903225806456,0
2026-05-14,400.5731201171875,402.430801125594,395.349588612008,396.7878070287349,21136700,-0.003849747892246569,0.007738933952462279,0.19358981458773394,0.0251700423536791,0.026460249276875923,369.6784332275391,330.4045129394531,1.1188661738869254,80.54327838496661,20.788387093307733,19.622606585387395,1.1657805079203385,0.7545920291716417,3.63,333.3872903225806,17.26,4.258064516129032,0
2026-05-15,396.2884216308594,399.0450119758119,392.69287563304505,395.8290000666237,20309700,-0.010696420381563931,-0.010029928011000555,0.16126200882305142,0.025491983374748627,0.026756830995507436,372.4300201416016,332.3243646240234,1.1206822604263513,75.48286908353546,20.109091665576045,19.719903601425127,0.3891880641509182,0.7319561230691939,3.63,333.3417741935484,18.43,4.254838709677419,1
2026-05-18,396.4482421875,408.10376741205215,394.04122422601415,395.1997907850553,26837200,0.00040329353046164584,0.021356568797134434,0.1763973550018334,0.019987733618403194,0.02639528776776091,375.40233306884767,334.2945208740234,1.122968848210095,75.99204858955761,19.36046592853171,19.648016066846445,-0.2875501383147352,0.9533707249481834,3.63,333.2052258064516,17.82,4.245161290322581,0
2026-05-19,387.1797180175781,396.65795076850566,385.63162007935824,396.4681837278221,39545700,-0.02337890090968886,0.0008002707273668808,0.16663152486866872,0.02360781743058258,0.02684079428923358,378.16740264892576,335.91850708007814,1.1257712649895055,68.89019671572241,17.813934252864613,19.281199704050078,-1.4672654511854653,1.3650145490820098,3.63,333.15970967741936,18.06,4.241935483870968,1
2026-05-20,388.4281921386719,393.37204141138,382.42562803382646,387.2196997137571,31744400,0.0032245338869663076,-0.03405190689904536,0.14614523123371748,0.010619640783306784,0.026679473519226532,380.64383087158205,337.5538787841797,1.1276535533900727,53.102847881539496,16.4988497160291,18.72472970644588,-2.2258799904167823,1.0744980193592695,3.63,333.1141935483871,17.44,4.238709677419354,0
2026-05-21,387.1797180175781,392.0137179133836,382.5454520468608,385.2221548650084,24852800,-0.0032141696878892345,-0.0334355987133913,0.14391095835448442,0.01066836502490242,0.026715398637959218,383.0793090820313,339.13112182617186,1.1295905460377826,51.479175633522715,15.180898371628757,18.015963439482455,-2.835065067853698,0.8324893534597759,3.63,333.0686774193548,16.76,4.235483870967742,0
2026-05-22,382.49554443359375,388.258385079403,381.2970189068101,386.87012298265273,20442100,-0.01209818946087382,-0.03480514808003554,0.1119919704148149,0.010815977596874771,0.02695351773244965,385.0054214477539,340.7175549316406,1.1299841052363708,49.796645031396515,13.601647449839106,17.133100241553787,-3.531452791714681,0.6916771600298365,3.63,333.02316129032255,16.7,4.232258064516129,1
2026-05-26,388.398193359375,388.7777274266938,382.12597532411496,384.0336125447445,27747400,0.015431941657051196,-0.020305421922687583,0.11000741514835788,0.014760877402323248,0.026915444557480784,386.9300338745117,342.44740905761716,1.1298962224281577,50.32340776521216,12.680204648216204,16.242521122886274,-3.5623164746700695,0.940178064386716,3.63,332.84109677419355,17.01,4.219354838709678,0
2026-05-27,388.3482360839844,393.3919975499695,385.421873594791,386.1909390913781,23087300,-0.00012862386139989024,0.0030180249946698545,0.11164150853238097,0.010039773189161806,0.026896865041887475,388.88011322021487,344.1107452392578,1.130101627456676,42.32624379255723,11.809787574854113,15.355974413279842,-3.5461868384257293,0.7886062614940251,3.63,332.7955806451613,16.29,4.216129032258064,1
2026-05-28,389.6466674804688,391.38450201712897,384.682823662297,387.5193014898567,24357500,0.003343471852936819,0.003136938477838136,0.11484822522830584,0.010047556433007204,0.02687535646009632,390.88712310791016,345.69298278808594,1.1307349080543205,43.58473786250874,11.096830975502428,14.50414572572436,-3.407314750221932,0.8479506105105145,3.63,332.75006451612904,15.74,4.212903225806452,0
2026-05-29,379.8687744140625,384.7626974671623,377.9910987617443,384.7626974671623,44415800,-0.025094255597339132,-0.01888255831413077,-0.01159041994984078,0.015464796771514824,0.016373201832759147,390.6643997192383,347.1441827392578,1.1253664014663003,35.00880527250675,9.63178426728848,13.529673434037184,-3.897889166748703,1.6243385643541364,3.63,332.70454838709674,15.32,4.209677419354839,0
2026-06-01,375.9037170410156,378.0910063274456,373.0572417592453,376.05352511273605,28672100,-0.010437966055943604,-0.01723373641473247,-0.024164530490587866,0.015256059517519014,0.01650741638257115,390.19897613525393,348.5272674560547,1.119565131828469,39.78353244799857,8.057890853404388,12.435316917910624,-4.377426064506237,1.0513277678521502,3.63,332.568,16.05,4.2,0
2026-06-02,361.4017028808594,373.07722234401785,357.99592394061045,366.1358206463617,50412300,-0.038579065603051466,-0.06950725039427885,-0.05583819277022939,0.01755670406296311,0.018500617160914987,389.1303024291992,349.7427600097656,1.1126186069393798,32.60099897134057,5.576099831421175,11.063473500612735,-5.487373669191561,1.770221602951897,3.63,332.57616666666667,15.77,4.196666666666667,0
2026-06-03,358.54522705078125,365.9960065843375,357.6363508187865,361.5814692403301,55441600,-0.007903880383817063,-0.07674300090488351,-0.07579231303843004,0.01630046078888602,0.018128357476748538,387.6601257324219,350.87994873046875,1.1048226811906146,14.161388791142784,3.340264351041583,9.518831670698505,-6.178567319656922,1.8446033102753483,3.63,332.5843333333333,16.06,4.193333333333333,1
2026-06-04,371.7289123535156,372.7875967270043,357.76622059782807,358.4553682250688,44055500,0.03676993669997208,-0.04598462305044948,-0.06494319102994928,0.02842573872237004,0.019286851179503715,386.36922760009764,352.5129235839844,1.0960427313469747,30.088308024321293,2.6021657013777144,8.135498476834346,-5.533332775456632,1.4353383424351638,3.63,332.5925,15.4,4.19,0
2026-06-05,368.0734252929688,371.6190149899659,363.6688852043904,365.88613605551615,37471200,-0.009833744266495081,-0.03105111532077809,-0.0740219385852584,0.027058643963251233,0.019328174446489727,384.89805297851564,354.0630010986328,1.0870891671374976,30.351979510187803,1.7026231681630293,6.848923415100083,-5.146300246937054,1.1954310919213045,3.63,332.60066666666665,21.51,4.1866666666666665,0
2026-06-08,363.0766296386719,365.9647879200631,360.2984165590168,364.9454235864071,27942500,-0.013575540397462116,-0.03412333217482966,-0.09299647034419001,0.027223264062722175,0.019276448300932544,383.0367126464844,355.71309448242187,1.0768136416339116,28.227790084486927,0.579845482616065,5.59510782860328,-5.015262345987215,0.8823191360235029,3.63,332.62516666666664,18.92,4.176666666666667,1
2026-06-09,364.0260314941406,371.84098522768176,357.0704802123837,366.8542002567408,29535100,0.002614880105099582,0.007261528079037349,-0.062171706379138825,0.020550575898070564,0.01835526862776183,381.83008880615233,357.51361267089845,1.0680155252092118,33.05471626979521,-0.23069580941466938,4.42994710099969,-4.660642910414359,0.9344051986098654,3.63,332.6333333333333,19.87,4.173333333333334,0
2026-06-10,356.1510925292969,368.3232616719084,354.97185779418805,362.9567158453765,32357100,-0.021632900626697316,-0.0066773571110606555,-0.07940397382337716,0.022920759652300962,0.018820575463071018,380.2941375732422,359.1734112548828,1.0588037022132781,28.4662669618033,-1.491306530458644,3.245696374708023,-4.737002905166667,1.0135211961123154,3.63,332.6415,22.22,4.17,1
2026-06-11,357.5401611328125,358.5694982511428,346.13748714351743,355.70134679025995,35538200,0.003900222778065343,-0.03816961971257582,-0.11086464926327955,0.010887634417337984,0.01597159199503882,378.0650863647461,360.5801397705078,1.0484911526335494,30.262934890358125,-2.3511606651218813,2.1263249667420423,-4.477485631863924,1.1004204661324888,3.63,332.64966666666663,19.44,4.166666666666667,1
2026-06-12,359.4489440917969,366.3345327833823,354.7119986974298,362.3870579560934,24704600,0.00533865329404315,-0.023431415061566208,-0.10266334399412458,0.012183390131898824,0.016159771080512936,376.0088775634766,361.82868713378906,1.0391903432036174,34.064170333090686,-2.8457741167468953,1.131905150044255,-3.9776792667911502,0.76076173483583,3.63,332.6578333333333,17.68,4.163333333333333,1
2026-06-15,369.1127624511719,372.7504085202595,366.3145426692825,367.6936611370599,27727500,0.026885093191168385,0.016624955504591643,-0.06857545589611369,0.017196064110926484,0.017615876073378774,374.6500946044922,363.30287109375,1.0312335090459939,37.32419312069022,-2.4299584149444513,0.4195324370465138,-2.849490851990965,0.844207969122281,3.63,332.6823333333333,16.2,4.153333333333333,1
2026-06-16,373.01025390625,375.7584875251172,366.8242274297617,369.3626044753487,24876100,0.01055908072426437,0.024680164699303786,-0.05911991979564635,0.017467797308735968,0.0178756836704009,373.4781951904297,364.77070983886716,1.0238711199027162,40.40408630374941,-1.7655740491392748,-0.01748886019064394,-1.7480851889486309,0.7596604689256876,3.63,332.6905,16.41,4.15,0
2026-06-17,363.5563354492188,372.0908279957741,361.78745285393074,368.8929017493238,24543600,-0.025344929148803708,0.020792419496264092,-0.06101399807126984,0.018903159337291066,0.017999261583856313,372.2970260620117,365.94020568847657,1.0173711996515262,35.188542346665116,-1.9790832229395505,-0.40980773274042526,-1.5692754901991253,0.767077751491699,3.63,332.69866666666667,18.44,4.1466666666666665,1
2026-06-18,367.7935791015625,369.2426598317581,358.4396065335441,365.5150449761754,44470100,0.011654985044087018,0.028677667807341045,-0.05312336605511547,0.019181557425686828,0.01824940628867373,371.2652954101562,366.95753967285157,1.0117391122175745,42.68473052120925,-1.785795096551226,-0.6850052055025855,-1.1007898910486404,1.3627540870272967,3.63,332.7068333333333,16.4,4.1433333333333335,0
2026-06-22,349.45538330078125,358.68946892539066,341.50050477393233,357.72009076397745,52814800,-0.049860021606623395,-0.02780244859604719,-0.09743365409208804,0.03147310682602618,0.021095237346232098,369.3790786743164,367.5847393798828,1.0048814303266798,36.353799560945355,-3.0768836073173134,-1.1633808858655312,-1.9135027214517821,1.5519787767604587,3.63,332.7395,17.28,4.13,0
2026-06-23,345.9076538085937,349.0656275102868,339.98147051143604,340.47114598010614,34007700,-0.010152167234276033,-0.0628672617237066,-0.0956557302626363,0.025891009738311207,0.021064752217755597,367.54968414306643,368.16595336914065,0.9983261102216686,40.98690968145314,-4.336365749233664,-1.797977858539158,-2.5383878906945063,0.9797976887772301,3.63,332.74766666666665,19.49,4.126666666666666,0
2026-06-24,345.0682067871094,353.25294826847323,341.7103492701006,348.8157979233392,44997300,-0.0024267951640897234,-0.07490959518277318,-0.11156073152012191,0.023526893971810958,0.020533702447877358,365.3831848144531,368.6490789794922,0.9911409132661342,41.971847884773744,-5.340686668412047,-2.5065196205137363,-2.834167047898311,1.2649855312112444,3.63,332.7558333333333,18.63,4.123333333333333,0
2026-06-25,343.4891967773437,345.34801779729577,335.6242572392167,336.51370015420923,44491400,-0.004575935941672715,-0.05519677891757735,-0.11551240649111494,0.023123640373927064,0.02049429064774296,363.1402328491211,368.86891174316406,0.9844696077341651,30.478918449568383,-6.192646173750688,-3.243744931161127,-2.9489012425895615,1.2142319112702502,3.63,332.764,18.89,4.12,0
2026-06-26,337.1732788085937,346.1374872957393,329.98789515004995,342.3299372399904,114706300,-0.01838753016981809,-0.08325403713617663,-0.1346691581149102,0.019334569734305005,0.020553428905307723,360.51656341552734,368.8783306884766,0.9773319097997901,29.397638900758054,-7.293398260354991,-4.0536755969999,-3.2397226633550904,2.7869041649173547,3.63,332.77216666666664,18.41,4.116666666666666,1
2026-06-29,353.4228210449219,354.122383587675,340.4511784786947,341.6104064955248,34213900,0.04819344609319631,0.011353202536662055,-0.06961865557371172,0.0262611637545276,0.02348278819066744,359.1942657470703,369.2347137451172,0.9728074105053465,44.40323276929718,-6.776435434593111,-4.598227564518543,-2.1782078700745684,0.8416922013597155,3.63,332.7966666666667,17.65,4.1066666666666665,1
2026-06-30,357.14044189453125,358.3896389689017,350.1749177879227,353.64269008629407,35237200,0.010518904349803737,0.03247337248037052,-0.049915109364127574,0.025377711973395927,0.02361656629754957,358.25610198974607,369.5523889160156,0.9694325154833818,46.13224427440089,-5.997620897237141,-4.8781062310622625,-1.1195146661748785,0.8599221030231445,3.63,332.8048333333333,16.45,4.103333333333333,1
2026-07-01,360.97796630859375,362.7368455226467,356.20103798676814,358.1397942573561,26736400,0.010745141025489735,0.046106129769584836,-0.0011724808402613363,0.024876772436474875,0.022158116775060886,358.2349151611328,370.03190856933594,0.9681189834308771,52.84016245814735,-5.0129623076200005,-4.90507744637381,-0.10788486124619023,0.6718801771298536,3.63,332.813,16.59,4.1,0
2026-07-02,359.6788024902344,363.97602803095486,353.19298133516355,359.2490860357571,25974800,-0.003599011406831276,0.04713279446568763,0.0031615967915048504,0.024744037578988406,0.022096337563171548,358.29159393310545,370.5879180908203,0.9668194143482535,51.25972263416651,-4.288015371833353,-4.781665031465719,0.49364965963236607,0.6778380986566698,3.63,332.85551612903225,16.15,4.1,1
2026-07-06,366.2245788574219,367.693635754559,357.15042523629825,361.3177293642356,26915800,0.01819894951236445,0.08616133565352913,-0.01480738600945597,0.01923368141995664,0.02084165118942671,358.0163772583008,371.1344171142578,0.9646542081492849,53.78432368491922,-3.149000536762344,-4.455132132525044,1.3061315957627002,0.7184620164706159,3.63,333.02558064516126,15.57,4.1,1
2026-07-07,366.7942199707031,372.9202869594668,365.26520405735874,368.8329180211536,24045600,0.0015554420597831964,0.03783399975770574,-0.003475407987543533,0.008553314697846396,0.02072961511245961,357.9524169921875,371.7008984375,0.9630119768257052,48.558626310581175,-2.1752824941314657,-3.9991622048463285,1.8238797107148628,0.6535586734000511,3.63,333.0680967741935,16.13,4.1,0
2026-07-08,361.6875305175781,367.6037106679975,357.79001132287857,364.525702555654,22094800,-0.013922491618141852,0.012731934246723364,-0.003825911688329131,0.012471788410834968,0.02074174221401668,357.8829620361328,372.05518310546876,0.9619082821235192,43.065236935510704,-1.7949796821299628,-3.5583257003030555,1.7633460181730927,0.6053466884332256,3.63,333.1106129032258,16.9,4.1,0
2026-07-09,358.65948486328125,359.41897594546776,350.8544734886641,354.0824097063769,24729100,-0.008371993499371455,-0.006422778290380404,-0.01474220568466611,0.012277646074771177,0.02081457436071047,357.61463470458983,372.23025390625,0.9607350046153388,46.744615204833984,-1.7181195291140057,-3.1902844660652456,1.47216493695124,0.6820105785814132,3.63,333.15312903225805,15.84,4.1,0
2026-07-10,356.9505615234375,357.5901650645865,352.52341441108456,357.30034280387986,18146100,-0.004764751559533376,-0.0075852147747043075,0.0022447467125903398,0.012344815879433507,0.02024880310939462,357.65460815429685,372.3823321533203,0.9604499925819262,42.540908029780624,-1.7746461197686472,-2.907156796805926,1.132510677037279,0.5104594236082385,3.63,333.1956451612903,15.03,4.1,0
2026-07-13,352.2835693359375,357.8999543595846,351.5240477747128,355.9611981097028,15901700,-0.013074617861873139,-0.038066832010507645,-0.014702101661028144,0.006370540710726768,0.020445077890807434,357.39177856445315,372.4378741455078,0.9596010593294916,52.39627947578381,-2.1710051203411354,-2.7599264615129684,0.588921341171833,0.4600289179714373,3.63,333.32319354838705,17.16,4.1,1
2026-07-14,359.2790832519531,359.92865963343,350.86447830880365,350.9744235107016,18259400,0.019857621884558307,-0.02048869995647762,-0.0004725590174508021,0.013871504626825607,0.020917169648700714,357.38328552246094,371.9369909667969,0.9608705081833735,60.704026954833786,-1.8987553056049933,-2.5876922303313736,0.6889369247263804,0.5332071037434354,3.63,333.3657096774193,16.5,4.1,1
2026-07-15,370.6817626953125,373.4099896327818,357.5302120160503,357.74006858863044,28284600,0.03173766571699632,0.024867410178237348,0.004250734203069317,0.019598945191295642,0.021268379940389034,357.461735534668,371.64638244628907,0.961832947711603,67.53799597880155,-0.7542004774314819,-2.2209938797513953,1.4667934023199134,0.8252895520541568,3.63,333.4082258064516,15.67,4.1,0
2026-07-16,354.2322998046875,375.02892981037553,352.07368364698067,372.8203579699616,41158500,-0.04437624006915575,-0.012343699931095853,-0.05034165657623457,0.029757123084238626,0.02333770154315477,356.52283782958983,371.0755249023438,0.9607824119454287,56.111432474079,-1.161082475380283,-2.009011598877173,0.8479291234968898,1.173059518267092,3.63,333.45074193548385,16.73,4.1,0
2026-07-17,346.5472412109375,348.2961170979314,341.1407126662452,345.77774679993126,29959300,-0.021694968522032898,-0.02914498934558174,-0.04678530554904092,0.03106712936510862,0.023161778651417112,355.6723831176758,370.24749450683595,0.960634139041038,55.25077625046242,-2.0796860655780733,-2.0231464922173528,-0.056539573360720574,0.8473314093520874,3.63,333.4932580645161,18.77,4.1,1
2026-07-20,351.7638854980469,359.4489481797366,350.2948285491913,350.6546131580819,24736600,0.015053198140839052,-0.0014751861373217823,-0.04358339708559511,0.03189066884845294,0.02328044126952038,354.8708984375,369.3318347167969,0.9608456815254349,48.939702711052995,-2.3595470427945884,-2.0904266023328,-0.2691204404617884,0.7197030365954123,3.63,333.6208064516129,18.65,4.1,0
2026-07-21,346.927001953125,351.09433677099497,346.77710440528256,351.09433677099497,23369800,-0.013750369905294657,-0.03438018486082006,-0.007235205031825287,0.03018554120726922,0.020618761432778285,354.7444793701172,368.3204364013672,0.9631409075100682,43.56422887049307,-2.9377701761882804,-2.2598953171038962,-0.6778748590843842,0.7103646493748996,3.63,333.6633225806451,17.05,4.1,0
2026-07-22,341.8702392578125,349.7152025525983,341.51048515922605,347.93634723653764,39334100,-0.014575869467767011,-0.07772576462355407,-0.011671943382366656,0.021265863275332537,0.020754850312585383,354.5426086425781,367.1517724609375,0.9656568079902136,38.141898290190376,-3.760703613359965,-2.56005697635511,-1.200646637004855,1.1860254153256926,3.63,333.7058387096774,16.64,4.1,0
2026-07-23,317.4859313964844,324.2815511558238,314.69771503877246,320.92372412122546,69419700,-0.07132620819602653,-0.10373522806492774,-0.07993282153531445,0.031331034528098864,0.026133177371446277,353.1634948730469,365.7383209228516,0.9656179696508826,29.64713232449506,-6.307781963462446,-3.3096019737765774,-2.9981799896858687,2.0188505385442315,3.63,333.74835483870964,18.7,4.1,1
2026-07-24,319.5346069335937,323.97175736278774,317.11617848672984,318.2154780071113,31806600,0.006452807304242025,-0.077947913199233,-0.06973899053738752,0.033674251409428646,0.026232733412044903,351.96576538085935,364.39161071777346,0.9658997491395649,26.45637186060486,-8.0680455058706,-4.261290680195382,-3.8067548256752186,0.9423754755897624,3.63,333.7908709677419,18.58,4.1,1
2026-07-27,326.3502197265625,330.2077559724587,324.2415898017393,324.83120713377,28471600,0.021329811059824344,-0.07224637553540292,-0.032099397438238975,0.03518700651823919,0.026530248054200786,351.4246124267578,362.87619140625,0.9684421870304745,30.814451588544983,-8.811530217937957,-5.171338587743897,-3.6401916301940602,0.9671132053296594,3.63,333.9184193548387,18.67,4.1,1
2026-07-28,333.4956359863281,335.66425552638333,324.2316014627561,327.68937042492354,29511900,0.02189493319708058,-0.038715251021630315,-0.05638341349796683,0.03877314905237307,0.024524467568306396,350.4282531738281,361.53464172363283,0.9692798773117439,36.88028776700507,-8.723611470568528,-5.881793164308823,-2.8418183062597056,1.010519546867146,3.63,333.96093548387097,18.21,4.1,1
2026-07-29,336.49371337890625,342.2800028423013,331.40698648547414,334.455045685483,27501600,0.008989854945811171,-0.01572680292551487,-0.0578112308034896,0.039090229204966076,0.024483749427690098,349.3959167480469,360.33874755859375,0.9696318231533857,39.681797363597006,-8.316152016434444,-6.368664934733947,-1.9474870817004968,0.954323528084975,3.63,334.0034516129032,20.66,4.1,0
2026-07-30,333.4456787109375,336.29385412629074,330.12780397797883,333.98534038388266,30168000,-0.009058221734254301,0.05026914812966066,-0.07627137988283583,0.012714581116077966,0.024311988585269045,348.01930236816406,359.0786962890625,0.9692006403187018,39.19316945809822,-8.145294502903198,-6.723990848367798,-1.4213036545354,1.0406533680493752,3.63,334.04596774193544,17.09,4.1,1
2026-07-31,355.9012451171875,358.3496530632621,339.78160132747564,340.611054758666,46498000,0.06734400185679612,0.11381126611788739,-0.01050258549264782,0.028241660859309705,0.029039026613920375,347.8304244995117,358.4531268310547,0.9703651564558686,51.42947410054939,-6.127280674961014,-6.604648813686441,0.47736813872542694,1.5491257224566926,3.63,334.0884838709677,15.99,4.1,1
2026-08-03,373.2700805664063,376.4480305309448,363.1166033198653,365.2152604560987,38669700,0.048802401473756474,0.14377150068768563,0.019238200043715237,0.030626123949178803,0.0308078387326911,348.1826995849609,358.14996459960935,0.9721701354185773,55.109484739541195,-3.090841022647396,-5.901887255478632,2.8110462328312362,1.2635779727928345,3.637741935483871,334.131,15.86,4.106451612903226,1
2026-08-04,377.4074096679688,380.2755612380555,367.263935640354,367.9834743668337,35705700,0.011084009453113497,0.13167120928515197,0.02893499711667591,0.03149831712110185,0.030883869594002685,348.7133590698242,357.9545184326172,0.9741834258629911,52.59383719742335,-0.3465974804234975,-4.790829300467606,4.444231820044108,1.1449147286921133,3.6416129032258064,334.131,16.5,4.109677419354838,0
2026-08-05,362.1971740722656,384.2330278418686,356.54080629618977,383.0937455186354,46926300,-0.040301899766845284,0.07638615424715578,0.0014090713991665726,0.043397241543005935,0.032132403334919575,348.7388412475586,357.5485510253906,0.9753608013441328,53.101406840627384,0.5940485804129025,-3.7138537242915044,4.307902304704407,1.4470958123579638,3.645483870967742,334.131,15.81,4.112903225806451,0
2026-08-06,357.52020263671875,363.8961093831237,356.65076635274994,360.5382517887205,25235900,-0.012912777267041098,0.07219923802536776,-0.003176501039688917,0.04397459879037955,0.03221479151415183,348.68187713623047,356.9309912109375,0.9768887704406928,54.3752065544503,0.951160467059708,-2.780850886021262,3.73201135308097,0.7776076698623913,3.6493548387096775,334.131,15.15,4.116129032258065,0
2026-08-07,354.0723876953125,358.6694387836589,353.5527327193329,356.49084652154687,19859900,-0.0096436926248602,-0.0051386654218442684,-0.008063228184433058,0.03311626072048849,0.032273864899616936,348.53796844482423,356.24547424316404,0.9783646211514286,50.93362954734796,0.9450701781715907,-2.035666673182692,2.9807368513542825,0.6103424680794045,3.653225806451613,334.131,14.9,4.119354838709677,1
2026-08-10,357.29034423828125,357.38028276908574,352.4834362714388,354.951850943437,18991400,0.009088414275721046,-0.042810118356866766,0.014212342947988343,0.02076668180418707,0.03217835115026171,348.7883071899414,355.5983477783203,0.9808490657200009,54.24686774338457,1.186231639841651,-1.3912870105778232,2.5775186504194743,0.5808934700335817,3.664838709677419,334.131,15.46,4.129032258064516,0
2026-08-11,343.5791320800781,356.5807842683805,343.1694223006263,355.6613923515014,29081800,-0.03837554632895135,-0.08963331593741564,-0.04369848372404417,0.02086328642586114,0.033024718890680316,348.00330963134763,354.87255493164065,0.9806430640948939,50.65391617513281,0.2678855856257769,-1.0594524913371033,1.3273380769628802,0.8750472023842658,3.6687096774193546,334.131,15.28,4.132258064516129,0
2026-08-12,343.3193359375,346.25744987105145,340.661040926288,346.0875456512855,25012000,-0.0007561464545453589,-0.052120335237621496,-0.07381649034701354,0.017764061369816925,0.03207823861650811,346.635188293457,354.22086730957034,0.9785848894964061,62.12363078902585,-0.47539361449975104,-0.942640715969633,0.4672471014698819,0.7563140063838563,3.67258064516129,334.131,14.55,4.135483870967742,1
2026-08-13,346.13751220703125,347.7065110877775,343.5392066313974,345.5478948342235,17866100,0.008208615054656532,-0.031837894322446436,-0.02285163606514551,0.019481134308846477,0.030661169271545656,346.2304489135742,353.91558349609375,0.9782854021102906,62.39523280839776,-0.8275054949260721,-0.9196136717609209,0.09210817683484884,0.5599552439486872,3.6764516129032256,334.131,14.63,4.138709677419355,0
2026-08-14,345.67779541015625,350.22489088982945,344.27870083870846,346.5772111705174,17808600,-0.0013281334171028059,-0.023708689456970578,-0.002508881033775223,0.019478808069747763,0.03026306146379616,346.18697662353514,353.6582348632812,0.9788743552298892,59.57235849723918,-1.1306189292566273,-0.9618147232600622,-0.1688042059965651,0.5689873066876601,3.680322580645161,334.131,14.25,4.141935483870967,0
2026-08-17,343.7790222167969,347.0269344906474,341.7103446182459,346.04755304110785,18291300,-0.005492898932390022,-0.037816084983459564,-0.022699497050257422,0.017941906131705824,0.030084485373974446,345.78773345947263,353.0992370605469,0.9792933463636441,55.37224313941564,-1.5066855051482548,-1.0707888796377008,-0.4358966255105541,0.5904895646699918,3.691935483870968,334.131,15.19,4.151612903225806,1
2026-08-18,343.9789123535156,344.6484648943574,339.97147845233087,342.19005363605754,19248800,0.0005814494887728117,0.0011635755379471036,-0.008497723103166543,0.0049983212375750655,0.029927963845878473,345.6403289794922,352.61734680175783,0.9802136284968757,54.02818539096103,-1.7682087032150662,-1.2102728443531738,-0.5579358588618923,0.625561212136969,3.695806451612903,334.131,15.84,4.154838709677419,1
2026-08-19,344.4985656738281,346.5072842825429,340.44117610948047,342.2400076559886,19733800,0.00151071272583847,0.003434789750795808,0.0076880819509812515,0.004987881556264349,0.029731125694674204,345.771745300293,352.24578552246095,0.9816206737219993,56.11454483756438,-1.9115014430634005,-1.3505185640952193,-0.5609828789681812,0.6624206729441849,3.699677419354839,334.131,14.89,4.158064516129032,0
2026-08-20,340.451171875,343.6790774504127,338.3525147854226,342.83962071417653,18570400,-0.011748652105159185,-0.016427980590067226,0.07233467126401916,0.005437952095158344,0.02467911573514305,346.9200073242188,351.77428833007815,0.9862005804093775,39.266870078306155,-2.324853363442969,-1.5453855239647694,-0.7794678394781998,0.6815333399148634,3.7035483870967743,334.131,16.01,4.161290322580645,1
2026-08-21,344.5985107421875,345.97762917305914,340.1813365286692,342.359928876986,20849800,0.012181890414259655,-0.003122227352463147,0.07843877709872804,0.008908708465898132,0.024744891556838147,348.17320251464844,351.5432366943359,0.9904135997285088,25.59960191024902,-2.2913686807345925,-1.6945821553187341,-0.5967865254158584,0.7808875836934127,3.7074193548387098,334.131,15.13,4.164516129032258,1
2026-08-24,347.83642578125,351.3741604480826,342.2699962782288,343.39927531721605,26338200,0.00939619568316985,0.011802359371114957,0.06583787831578625,0.009339609452401415,0.02444890266797373,349.2475128173828,351.3491619873047,0.9940183458584774,24.44292992326932,-1.980726562325799,-1.7518110367201474,-0.22891552560565165,0.9904013994418176,3.719032258064516,334.131,15.85,4.174193548387096,0
2026-08-25,346.73712158203125,349.9350782600912,345.37800981753963,349.41542326154587,20649700,-0.003160405632474217,0.008018541629903675,0.03970512404619875,0.009664452358071137,0.024094643692682417,349.90958709716796,351.09492553710936,0.9966238804558964,32.32810194406751,-1.802467385022112,-1.7619423063805404,-0.04052507864157162,0.7896529109553027,3.7229032258064514,334.131,15.45,4.17741935483871,0
2026-08-26,341.7803039550781,346.65717399060424,339.96146577825954,346.3973312516375,20420300,-0.014295607012993039,-0.00789048776860124,0.015710815287116375,0.012014963346912011,0.024311931548009532,350.1739166259766,350.5482763671875,0.9989320736501959,32.122592296040565,-2.0376803487146162,-1.8170899148473558,-0.2205904338672604,0.791598480168753,3.726774193548387,334.131,15.21,4.180645161290323,0
2026-08-27,340.4311828613281,341.4705233735174,338.3025461528343,339.4518318672432,23391400,-0.003947334232365041,-5.8713305528645954e-05,0.020949451728976554,0.010800634608626044,0.024226734052543348,350.52319183349607,349.8966949462891,1.0017905195912273,33.730668578728796,-2.306364776764781,-1.914944887230841,-0.3914198895339398,0.9188428301257923,3.7306451612903215,334.131,14.51,4.183870967741935,1
2026-08-28,346.36737060546875,348.91575095848634,340.0514228221321,340.49114263603377,25347200,0.017437262045876256,0.0051331036209980585,-0.026787977402494167,0.012413534663577967,0.019093944921656277,350.04649810791017,349.55291564941405,1.0014120393119283,37.76584181361028,-2.0170471179920924,-1.9353653333830914,-0.081681784609001,1.038823290982776,3.734516129032258,334.131,14.43,4.187096774193549,0
2026-08-31,339.13201904296875,344.3686432833908,336.94342338566804,343.60912172254496,33493600,-0.020889241240744538,-0.02502442554350348,-0.09145673146809918,0.014549871576823708,0.015515460240834448,348.33959503173827,348.9796844482422,0.9981658261353639,44.17389983248108,-2.344566488691612,-2.0172055644447955,-0.3273609242468165,1.3874092781980614,3.746129032258065,334.131,14.92,4.196774193548388,0
2026-09-01,334.8047790527344,336.9834018439635,332.8360433203593,335.7841605001305,23342700,-0.012759750619967591,-0.03441322485130549,-0.1128823375585416,0.014880782061043185,0.01515321049503463,346.20946350097654,348.6866723632813,0.9928956021016948,39.91951655012295,-2.91964421152403,-2.1976932938606426,-0.7219509176633876,0.992336848763931,3.75,334.131,16.34,4.2,1
2026-09-02,336.9034423828125,339.78159726283246,332.6062167342666,333.84541044728496,22582300,0.006268319514482146,-0.014268995362900161,-0.06983414973968438,0.01516173195496925,0.01300854684220594,344.9447769165039,348.50658813476565,0.9897797879881558,38.87819688159317,-3.169516643691054,-2.392057963826725,-0.777458679864329,1.0123976945865103,3.75,334.131,15.2,4.2,1
2026-09-03,342.260009765625,344.4585782378343,339.841550898423,340.34122971001256,20726900,0.015899414220665653,0.0053720898565330355,-0.04268344210634678,0.01723527015099085,0.013501051777887641,344.18176727294923,348.45042419433594,0.987749600445296,46.31785214069189,-2.901861274894543,-2.4940186260402886,-0.40784264885425436,0.9387051178176393,3.75,334.131,14.32,4.2,0
2026-09-04,338.4599914550781,343.5299987792969,337.0899963378906,342.4700012207031,23189300,-0.01110272366657461,-0.022829457453131585,-0.044093797717062344,0.015103956962436408,0.013547869113500898,343.4011474609375,348.34984008789064,0.9857939001042615,44.49506338949004,-2.9622254947711326,-2.5876599997864576,-0.37456549498467506,1.0423665806916775,3.75,334.131,14.53,4.2,0
2026-09-08,338.3599853515625,339.67999267578125,333.2200012207031,335.4200134277344,22915800,-0.00029547392909179404,-0.002276498968115548,-0.052983124766713185,0.012015198967382321,0.01329783951196498,342.4546295166016,348.37357421875,0.9830097770319635,44.172637370497604,-2.9837395386041976,-2.6668759075500055,-0.31686363105419213,1.021066702312525,3.75,334.131,15.72,4.2,0
2026-09-09,330.6499938964844,331.8500061035156,327.8999938964844,331.6499938964844,33151600,-0.022786357101497345,-0.012409575418861007,-0.037630743477692796,0.015048075063819409,0.011416303617779813,341.80817260742185,347.9181176757813,0.9824385544817957,37.50172137423502,-3.5816345945639227,-2.849827644952789,-0.7318069496111339,1.4638736510602748,3.75,334.131,16.46,4.2,1
2026-09-10,332.6000061035156,333.2300109863281,327.739990234375,328.2300109863281,23557600,0.0058975116982513676,-0.01277350046903647,-0.031222621949658524,0.01499547594324575,0.011546186691933044,341.27220611572267,347.42730895996095,0.9822837678976248,42.63555550720995,-3.853698013976498,-3.0506017187575307,-0.8030962952189671,1.0435828840286758,3.75,334.131,17.84,4.2,1
2026-09-11,338.5,342.9800109863281,335.0299987792969,335.0299987792969,24708300,0.01773900718043908,-0.010985828488112914,-0.02206496533222646,0.0155706186106171,0.012149767436949377,340.8903305053711,346.9777496337891,0.9824558804279443,44.461658187897214,-3.5522815444066396,-3.1509376838873524,-0.40134386051928717,1.0782173758982854,3.75,334.131,15.84,4.2,1
2026-09-14,349.3900146484375,349.9100036621094,342.1400146484375,343.1199951171875,35905400,0.032171387439992705,0.03229339794747954,0.010738957744961919,0.020552112810123358,0.014238273276522936,341.07594146728513,346.7719738769531,0.9835741269803738,51.238723065048774,-2.4069280815417073,-3.0021357634182237,0.5952076818765164,1.5073179987842518,3.75,334.131,17.1,4.2,0
2026-09-15,344.9800109863281,348.07000732421875,342.70001220703125,346.79998779296875,21928600,-0.012622008292214049,0.0195650370060374,0.003493490562009649,0.022247225102743566,0.014486705465037936,341.13599090576173,346.3470825195312,0.9849541345177185,48.66925864275799,-1.8339371639492583,-2.768496043524431,0.9345588795751727,0.9135932650587426,3.75,334.131,17.2,4.2,0
2026-09-16,342.8699951171875,348.3999938964844,340.6400146484375,347.0799865722656,18928900,-0.006116342402297192,0.036957512312940866,-0.0032237942400040742,0.01807170119737596,0.014556467273281365,341.08054504394534,345.86859802246096,0.9861564391624686,50.862463340416866,-1.532433441277476,-2.52128352307504,0.9888500817975641,0.7891451014921254,3.75,334.131,17.71,4.2,1
2026-09-17,347.3299865722656,349.5,343.8900146484375,348.67999267578125,19238400,0.013007820802615866,0.0442873728155182,0.008218962807288621,0.018201830923146665,0.01484594787108835,341.2221160888672,345.58144714355467,0.9873855176812296,55.203969068083,-0.9229661528386259,-2.2016200490277575,1.2786538961891316,0.8028772438821425,3.75,334.131,15.44,4.2,1
2026-09-18,349.5400085449219,359.44000244140625,348.45001220703125,357.3099975585937,47631800,0.006362888486728613,0.032614500871261054,0.02669644701137619,0.017508537265210296,0.01460909211153916,341.67655792236326,345.3990576171875,0.9892226118956295,52.53576155289754,-0.2586471096295213,-1.8130254611481105,1.5543783515185892,1.8741690402752087,3.75,334.131,14.81,4.2,1
2026-09-21,354.9700012207031,357.6099853515625,349.1000061035156,350.6400146484375,30455400,0.015534681418546192,0.015970652675578956,0.030097316602378132,0.012201087859851512,0.014757574864837529,342.19513244628905,345.3594464111328,0.9908376215049962,63.03483279324914,0.6979401275297619,-1.3108323434125362,2.008772470942298,1.1761034972931246,3.75,334.131,14.87,4.2,0
2026-09-22,351.1600036621094,364.1700134277344,350.2200012207031,357.6499938964844,29788600,-0.010733294491060086,0.01791406017442032,0.009555002393422551,0.011602017977005113,0.01488283907774213,342.361311340332,345.33697509765625,0.9913833039265988,63.57611498690337,1.1355178998034035,-0.8215622947693484,1.9570801945727518,1.142740304184989,3.75,334.131,14.21,4.2,0
2026-09-23,337.8299865722656,350.0,337.45001220703125,349.8599853515625,35576200,-0.03795995258808027,-0.014699473901760629,-0.02568843788379427,0.022187590524669006,0.017197459899911373,341.91595458984375,344.9079931640625,0.99132511094692,50.6482354101662,0.40204592618641755,-0.5768406505781953,0.9788865767646129,1.3267763145504319,3.75,334.131,15.18,4.2,1
2026-09-24,342.3599853515625,343.0899963378906,336.0199890136719,336.2200012207031,23777200,0.013409108010984161,-0.014309162504945627,0.0016960643716923407,0.02225948347699875,0.017199462674040093,341.94493865966797,344.3415576171875,0.9930399950151125,50.070764070515224,0.18417410103222664,-0.4246377002561109,0.6088118012883376,0.881229092434695,3.75,334.131,15.67,4.2,1
2026-09-25,343.9200134277344,347.0299987792969,341.1099853515625,342.3500061035156,21880800,0.0045566892829778105,-0.016078259941065487,0.010248269671075949,0.022090108027351722,0.017195983860403687,342.11938018798827,344.13531188964845,0.9941420376462076,53.99123914597289,0.13582463610708828,-0.3125452329834711,0.44836986909055937,0.8132212754396456,3.75,334.131,14.87,4.2,0
2026-09-28,342.75,343.5899963378906,339.5599975585937,340.70001220703125,19318300,-0.0034019928531441312,-0.03442544772425804,-0.010443739544938602,0.019591700987952234,0.0167509113515446,341.93851165771486,344.0593670654297,0.9938357864638183,53.15964357695234,0.003061737601626646,-0.24942383886645156,0.25248557646807823,0.7261185304879161,3.75,334.131,16.07,4.2,0
2026-09-29,340.9200134277344,342.8399963378906,338.0199890136719,341.95001220703125,21066900,-0.005339129313685298,-0.029160468525988636,0.005272266504977363,0.01947088992836952,0.016097537998143552,342.0279113769531,343.8424896240234,0.9947226468460764,58.0751732478452,-0.24697150474258933,-0.24893337204167915,0.0019618672990898145,0.8107783578456369,3.75,334.131,16.04,4.2,1
2026-09-30,344.0799865722656,352.6000061035156,340.989990234375,344.1499938964844,37373700,0.00926895758556312,0.01850042994529466,0.027703330716406294,0.008033650113950458,0.01590315302232518,342.4916717529297,343.7855493164063,0.9962363817616843,58.85800294626274,-0.18797437533754646,-0.23674157270085264,0.048767197363306175,1.4005456228382132,3.75,334.131,16.34,4.2,0
2026-10-01,338.239990234375,353.2200012207031,335.510009765625,350.7900085449219,33269300,-0.016972787043119886,-0.012034102387744716,0.003967154037101794,0.01008174331225943,0.01637750950843021,342.5584991455078,343.7129443359375,0.9966412519241599,49.7991894039885,-0.6054780487654057,-0.3104888679137633,-0.2949891808516424,1.2222620221936886,3.75,334.131,16.39,4.2,1
2026-10-02,343.5,345.7699890136719,341.1600036621094,341.32000732421875,23738200,0.015551117305733664,-0.0012212532313785607,0.003622948048251695,0.012803772817357633,0.016360254062531904,342.62049865722656,344.2332257080078,0.995315016301915,45.017755010795504,-0.5060801130392178,-0.3496071169388542,-0.15647299610036364,0.8673067954109634,3.75,334.131,15.31,4.2,1
2026-10-05,346.4700012207031,348.0899963378906,342.4100036621094,342.69500732421875,24975488,0.008646291763327874,0.010853395246398723,0.023666046114310557,0.013173900665580296,0.016230743529288084,343.0209991455078,344.77193359375,0.9949214704631225,51.29182339083001,-0.18551376843373646,-0.3167884472378307,0.1312746788040942,0.9095448830489071,3.75,334.131,15.31,4.2,0
